{
"type": "FeatureCollection",
"name": "candidates_plateau_all",
"crs": { "type": "name", "properties": { "name": "urn:ogc:def:crs:OGC:1.3:CRS84" } },
"features": [
{ "type": "Feature", "properties": { "type": "lake-new", "rank": 1, "lake_id": 1360316, "lake_elevation_m": 231.0, "new_site_elevation_m": 994.2, "new_site_water_level_m": 1034.2, "head_m": 803.2, "distance_m": 2884.2, "direction": "higher", "volume_million_m3": 7.9, "basin_volume_million_m3": 11.452, "empirical_volume_million_m3": 5.597, "lake_volume_million_m3": 15.8, "limited_by_existing_lake": true, "surface_area_km2": 0.2863, "storage_mwh": 14698.2, "estimated_mw": 1130.6, "score": 1130.6284, "lh_ratio": 3.59, "lh_rank": 2, "implied_flow_m3_s": 168.8, "flow_limited": false, "basin_bounded": true, "wall_fraction": null, "unrealistic_dam_length_m": null, "flat_fraction": 1.0, "site_lake_id": null, "dam_start_lon": null, "dam_start_lat": null, "dam_end_lon": null, "dam_end_lat": null, "dam_height_m": 40.0, "dam_length_m": null, "concrete_volume_m3": null }, "geometry": { "type": "LineString", "coordinates": [ [ 22.459219129732748, 44.937792400784815 ], [ 22.495377774837532, 44.941807202956731 ] ] } },
{ "type": "Feature", "properties": { "type": "lake-new", "rank": 2, "lake_id": 169355, "lake_elevation_m": 515.0, "new_site_elevation_m": 1012.5, "new_site_water_level_m": 1052.5, "head_m": 537.5, "distance_m": 2998.9, "direction": "higher", "volume_million_m3": 11.59, "basin_volume_million_m3": 11.59, "empirical_volume_million_m3": 5.661, "lake_volume_million_m3": 74.0, "limited_by_existing_lake": false, "surface_area_km2": 0.2897, "storage_mwh": 14429.0, "estimated_mw": 1109.9, "score": 1109.9261, "lh_ratio": 5.58, "lh_rank": 13, "implied_flow_m3_s": 247.6, "flow_limited": false, "basin_bounded": true, "wall_fraction": null, "unrealistic_dam_length_m": null, "flat_fraction": 1.0, "site_lake_id": null, "dam_start_lon": null, "dam_start_lat": null, "dam_end_lon": null, "dam_end_lat": null, "dam_height_m": 40.0, "dam_length_m": null, "concrete_volume_m3": null }, "geometry": { "type": "LineString", "coordinates": [ [ 23.277492752515492, 46.72019978841189 ], [ 23.23863602304646, 46.724214590583806 ] ] } },
{ "type": "Feature", "properties": { "type": "lake-new", "rank": 3, "lake_id": 170555, "lake_elevation_m": 1247.5, "new_site_elevation_m": 1731.2, "new_site_water_level_m": 1771.2, "head_m": 523.7, "distance_m": 2584.2, "direction": "higher", "volume_million_m3": 11.834, "basin_volume_million_m3": 11.834, "empirical_volume_million_m3": 5.774, "lake_volume_million_m3": 136.0, "limited_by_existing_lake": false, "surface_area_km2": 0.2959, "storage_mwh": 14354.6, "estimated_mw": 1091.7, "score": 1091.6811, "lh_ratio": 4.93, "lh_rank": 8, "implied_flow_m3_s": 252.9, "flow_limited": true, "basin_bounded": true, "wall_fraction": null, "unrealistic_dam_length_m": null, "flat_fraction": 1.0, "site_lake_id": null, "dam_start_lon": null, "dam_start_lat": null, "dam_end_lon": null, "dam_end_lat": null, "dam_height_m": 40.0, "dam_length_m": null, "concrete_volume_m3": null }, "geometry": { "type": "LineString", "coordinates": [ [ 23.616631345069482, 45.570837402344097 ], [ 23.649528542721669, 45.56790776007157 ] ] } },
{ "type": "Feature", "properties": { "type": "lake-new", "rank": 4, "lake_id": 1357337, "lake_elevation_m": 649.5, "new_site_elevation_m": 1301.1, "new_site_water_level_m": 1341.1, "head_m": 691.6, "distance_m": 2967.9, "direction": "higher", "volume_million_m3": 8.75, "basin_volume_million_m3": 9.374, "empirical_volume_million_m3": 4.632, "lake_volume_million_m3": 17.5, "limited_by_existing_lake": true, "surface_area_km2": 0.2343, "storage_mwh": 14017.1, "estimated_mw": 1078.2, "score": 1078.2398, "lh_ratio": 4.29, "lh_rank": 6, "implied_flow_m3_s": 187.0, "flow_limited": false, "basin_bounded": true, "wall_fraction": null, "unrealistic_dam_length_m": null, "flat_fraction": 1.0, "site_lake_id": null, "dam_start_lon": null, "dam_start_lat": null, "dam_end_lon": null, "dam_end_lat": null, "dam_height_m": 40.0, "dam_length_m": null, "concrete_volume_m3": null }, "geometry": { "type": "LineString", "coordinates": [ [ 23.920447483056421, 45.712633056640925 ], [ 23.924067450799036, 45.68609230325729 ] ] } },
{ "type": "Feature", "properties": { "type": "lake-new", "rank": 5, "lake_id": 169296, "lake_elevation_m": 846.0, "new_site_elevation_m": 1277.3, "new_site_water_level_m": 1317.3, "head_m": 471.3, "distance_m": 2911.5, "direction": "higher", "volume_million_m3": 9.457, "basin_volume_million_m3": 9.457, "empirical_volume_million_m3": 4.67, "lake_volume_million_m3": 112.0, "limited_by_existing_lake": false, "surface_area_km2": 0.2364, "storage_mwh": 10323.3, "estimated_mw": 794.1, "score": 794.0968, "lh_ratio": 6.18, "lh_rank": 17, "implied_flow_m3_s": 202.1, "flow_limited": false, "basin_bounded": true, "wall_fraction": null, "unrealistic_dam_length_m": null, "flat_fraction": 1.0, "site_lake_id": null, "dam_start_lon": null, "dam_start_lat": null, "dam_end_lon": null, "dam_end_lat": null, "dam_height_m": 40.0, "dam_length_m": null, "concrete_volume_m3": null }, "geometry": { "type": "LineString", "coordinates": [ [ 22.715126314873245, 46.770064968533404 ], [ 22.679006133785766, 46.761579770705325 ] ] } },
{ "type": "Feature", "properties": { "type": "lake-new", "rank": 6, "lake_id": 1359260, "lake_elevation_m": 626.0, "new_site_elevation_m": 919.7, "new_site_water_level_m": 959.7, "head_m": 333.7, "distance_m": 2920.0, "direction": "higher", "volume_million_m3": 10.607, "basin_volume_million_m3": 10.607, "empirical_volume_million_m3": 5.206, "lake_volume_million_m3": 53.7, "limited_by_existing_lake": false, "surface_area_km2": 0.2652, "storage_mwh": 8197.7, "estimated_mw": 630.6, "score": 630.5956, "lh_ratio": 8.75, "lh_rank": 99, "implied_flow_m3_s": 226.6, "flow_limited": false, "basin_bounded": true, "wall_fraction": null, "unrealistic_dam_length_m": null, "flat_fraction": 1.0, "site_lake_id": null, "dam_start_lon": null, "dam_start_lat": null, "dam_end_lon": null, "dam_end_lat": null, "dam_height_m": 40.0, "dam_length_m": null, "concrete_volume_m3": null }, "geometry": { "type": "LineString", "coordinates": [ [ 25.730763090755566, 45.260977918836574 ], [ 25.762510152930517, 45.274714943230713 ] ] } },
{ "type": "Feature", "properties": { "type": "lake-new", "rank": 7, "lake_id": 169407, "lake_elevation_m": 987.5, "new_site_elevation_m": 1219.5, "new_site_water_level_m": 1259.5, "head_m": 272.0, "distance_m": 2747.9, "direction": "higher", "volume_million_m3": 11.998, "basin_volume_million_m3": 11.998, "empirical_volume_million_m3": 5.849, "lake_volume_million_m3": 225.0, "limited_by_existing_lake": false, "surface_area_km2": 0.2999, "storage_mwh": 7559.0, "estimated_mw": 567.0, "score": 567.0264, "lh_ratio": 10.1, "lh_rank": 148, "implied_flow_m3_s": 256.4, "flow_limited": true, "basin_bounded": true, "wall_fraction": null, "unrealistic_dam_length_m": null, "flat_fraction": 1.0, "site_lake_id": null, "dam_start_lon": null, "dam_start_lat": null, "dam_end_lon": null, "dam_end_lat": null, "dam_height_m": 40.0, "dam_length_m": null, "concrete_volume_m3": null }, "geometry": { "type": "LineString", "coordinates": [ [ 22.979874179336583, 46.652898084852836 ], [ 22.964684033076001, 46.630523998135864 ] ] } },
{ "type": "Feature", "properties": { "type": "lake-new", "rank": 8, "lake_id": 170205, "lake_elevation_m": 74.0, "new_site_elevation_m": 300.5, "new_site_water_level_m": 340.5, "head_m": 266.5, "distance_m": 1891.0, "direction": "higher", "volume_million_m3": 13.633, "basin_volume_million_m3": 13.633, "empirical_volume_million_m3": 6.6, "lake_volume_million_m3": 61.82, "limited_by_existing_lake": false, "surface_area_km2": 0.3408, "storage_mwh": 8416.3, "estimated_mw": 555.6, "score": 555.6286, "lh_ratio": 7.09, "lh_rank": 42, "implied_flow_m3_s": 291.3, "flow_limited": true, "basin_bounded": true, "wall_fraction": null, "unrealistic_dam_length_m": null, "flat_fraction": 1.0, "site_lake_id": null, "dam_start_lon": null, "dam_start_lat": null, "dam_end_lon": null, "dam_end_lat": null, "dam_height_m": 40.0, "dam_length_m": null, "concrete_volume_m3": null }, "geometry": { "type": "LineString", "coordinates": [ [ 27.232083824453497, 45.988755560980763 ], [ 27.250763875344415, 45.999714807597123 ] ] } },
{ "type": "Feature", "properties": { "type": "lake-new", "rank": 9, "lake_id": 1357845, "lake_elevation_m": 740.0, "new_site_elevation_m": 1034.7, "new_site_water_level_m": 1074.7, "head_m": 334.7, "distance_m": 2198.7, "direction": "higher", "volume_million_m3": 8.567, "basin_volume_million_m3": 8.567, "empirical_volume_million_m3": 4.253, "lake_volume_million_m3": 18.3, "limited_by_existing_lake": false, "surface_area_km2": 0.2142, "storage_mwh": 6641.4, "estimated_mw": 510.9, "score": 510.8755, "lh_ratio": 6.57, "lh_rank": 21, "implied_flow_m3_s": 183.1, "flow_limited": false, "basin_bounded": true, "wall_fraction": null, "unrealistic_dam_length_m": null, "flat_fraction": 1.0, "site_lake_id": null, "dam_start_lon": null, "dam_start_lat": null, "dam_end_lon": null, "dam_end_lat": null, "dam_height_m": 40.0, "dam_length_m": null, "concrete_volume_m3": null }, "geometry": { "type": "LineString", "coordinates": [ [ 25.770497975715777, 45.576668836805425 ], [ 25.788112864895147, 45.561239194532895 ] ] } },
{ "type": "Feature", "properties": { "type": "lake-new", "rank": 10, "lake_id": 1358492, "lake_elevation_m": 614.5, "new_site_elevation_m": 1380.3, "new_site_water_level_m": 1420.3, "head_m": 805.8, "distance_m": 2727.0, "direction": "higher", "volume_million_m3": 3.114, "basin_volume_million_m3": 3.114, "empirical_volume_million_m3": 1.633, "lake_volume_million_m3": 96.0, "limited_by_existing_lake": false, "surface_area_km2": 0.0778, "storage_mwh": 5811.7, "estimated_mw": 447.1, "score": 447.056, "lh_ratio": 3.38, "lh_rank": 1, "implied_flow_m3_s": 66.5, "flow_limited": false, "basin_bounded": true, "wall_fraction": null, "unrealistic_dam_length_m": null, "flat_fraction": 1.0, "site_lake_id": null, "dam_start_lon": null, "dam_start_lat": null, "dam_end_lon": null, "dam_end_lat": null, "dam_height_m": 40.0, "dam_length_m": null, "concrete_volume_m3": null }, "geometry": { "type": "LineString", "coordinates": [ [ 22.486689868068066, 45.423194444444704 ], [ 22.47247909117127, 45.400820357727731 ] ] } },
{ "type": "Feature", "properties": { "type": "lake-new", "rank": 11, "lake_id": 1354000, "lake_elevation_m": 616.3, "new_site_elevation_m": 785.3, "new_site_water_level_m": 825.3, "head_m": 209.0, "distance_m": 1096.4, "direction": "higher", "volume_million_m3": 20.757, "basin_volume_million_m3": 20.757, "empirical_volume_million_m3": 9.824, "lake_volume_million_m3": 44.0, "limited_by_existing_lake": false, "surface_area_km2": 0.5189, "storage_mwh": 10048.0, "estimated_mw": 435.7, "score": 435.6712, "lh_ratio": 5.25, "lh_rank": 11, "implied_flow_m3_s": 443.5, "flow_limited": true, "basin_bounded": true, "wall_fraction": null, "unrealistic_dam_length_m": null, "flat_fraction": 1.0, "site_lake_id": null, "dam_start_lon": null, "dam_start_lat": null, "dam_end_lon": null, "dam_end_lat": null, "dam_height_m": 40.0, "dam_length_m": null, "concrete_volume_m3": null }, "geometry": { "type": "LineString", "coordinates": [ [ 25.410773299384079, 46.472111545138858 ], [ 25.424897845721212, 46.470570791755222 ] ] } },
{ "type": "Feature", "properties": { "type": "lake-new", "rank": 12, "lake_id": 171167, "lake_elevation_m": 298.0, "new_site_elevation_m": 452.2, "new_site_water_level_m": 492.2, "head_m": 194.2, "distance_m": 2635.1, "direction": "higher", "volume_million_m3": 11.807, "basin_volume_million_m3": 11.807, "empirical_volume_million_m3": 5.761, "lake_volume_million_m3": 54.9, "limited_by_existing_lake": false, "surface_area_km2": 0.2952, "storage_mwh": 5311.5, "estimated_mw": 404.9, "score": 404.8927, "lh_ratio": 13.57, "lh_rank": 278, "implied_flow_m3_s": 252.3, "flow_limited": true, "basin_bounded": true, "wall_fraction": null, "unrealistic_dam_length_m": null, "flat_fraction": 1.0, "site_lake_id": null, "dam_start_lon": null, "dam_start_lat": null, "dam_end_lon": null, "dam_end_lat": null, "dam_height_m": 40.0, "dam_length_m": null, "concrete_volume_m3": null }, "geometry": { "type": "LineString", "coordinates": [ [ 24.806100556663807, 44.927262963189889 ], [ 24.839489333864954, 44.928499987584033 ] ] } },
{ "type": "Feature", "properties": { "type": "lake-new", "rank": 13, "lake_id": 1358935, "lake_elevation_m": 593.0, "new_site_elevation_m": 755.7, "new_site_water_level_m": 795.7, "head_m": 202.7, "distance_m": 1726.2, "direction": "higher", "volume_million_m3": 11.157, "basin_volume_million_m3": 11.157, "empirical_volume_million_m3": 5.461, "lake_volume_million_m3": 60.0, "limited_by_existing_lake": false, "surface_area_km2": 0.2789, "storage_mwh": 5238.1, "estimated_mw": 402.9, "score": 402.929, "lh_ratio": 8.52, "lh_rank": 91, "implied_flow_m3_s": 238.4, "flow_limited": false, "basin_bounded": true, "wall_fraction": null, "unrealistic_dam_length_m": null, "flat_fraction": 1.0, "site_lake_id": null, "dam_start_lon": null, "dam_start_lat": null, "dam_end_lon": null, "dam_end_lat": null, "dam_height_m": 40.0, "dam_length_m": null, "concrete_volume_m3": null }, "geometry": { "type": "LineString", "coordinates": [ [ 25.987001706307645, 45.337031521267193 ], [ 25.974246082956729, 45.324379656772443 ] ] } },
{ "type": "Feature", "properties": { "type": "lake-new", "rank": 14, "lake_id": 170453, "lake_elevation_m": 295.0, "new_site_elevation_m": 566.3, "new_site_water_level_m": 606.3, "head_m": 311.3, "distance_m": 2686.4, "direction": "higher", "volume_million_m3": 7.16, "basin_volume_million_m3": 7.16, "empirical_volume_million_m3": 3.59, "lake_volume_million_m3": 43.0, "limited_by_existing_lake": false, "surface_area_km2": 0.179, "storage_mwh": 5162.5, "estimated_mw": 397.1, "score": 397.1187, "lh_ratio": 8.63, "lh_rank": 94, "implied_flow_m3_s": 153.0, "flow_limited": false, "basin_bounded": true, "wall_fraction": null, "unrealistic_dam_length_m": null, "flat_fraction": 1.0, "site_lake_id": null, "dam_start_lon": null, "dam_start_lat": null, "dam_end_lon": null, "dam_end_lat": null, "dam_height_m": 40.0, "dam_length_m": null, "concrete_volume_m3": null }, "geometry": { "type": "LineString", "coordinates": [ [ 22.860359631779524, 45.690597195095847 ], [ 22.833441280476222, 45.705723108378876 ] ] } },
{ "type": "Feature", "properties": { "type": "lake-new", "rank": 15, "lake_id": 170408, "lake_elevation_m": 191.0, "new_site_elevation_m": 349.5, "new_site_water_level_m": 389.5, "head_m": 198.5, "distance_m": 2965.2, "direction": "higher", "volume_million_m3": 11.208, "basin_volume_million_m3": 11.208, "empirical_volume_million_m3": 5.484, "lake_volume_million_m3": 34.8, "limited_by_existing_lake": false, "surface_area_km2": 0.2802, "storage_mwh": 5153.5, "estimated_mw": 396.4, "score": 396.4251, "lh_ratio": 14.94, "lh_rank": 306, "implied_flow_m3_s": 239.5, "flow_limited": false, "basin_bounded": true, "wall_fraction": null, "unrealistic_dam_length_m": null, "flat_fraction": 1.0, "site_lake_id": null, "dam_start_lon": null, "dam_start_lat": null, "dam_end_lon": null, "dam_end_lat": null, "dam_height_m": 40.0, "dam_length_m": null, "concrete_volume_m3": null }, "geometry": { "type": "LineString", "coordinates": [ [ 22.148138730737536, 45.757704942491614 ], [ 22.13089004725769, 45.733941966885752 ] ] } },
{ "type": "Feature", "properties": { "type": "lake-new", "rank": 16, "lake_id": 14108, "lake_elevation_m": 107.0, "new_site_elevation_m": 251.7, "new_site_water_level_m": 291.7, "head_m": 184.7, "distance_m": 2158.9, "direction": "higher", "volume_million_m3": 19.179, "basin_volume_million_m3": 19.179, "empirical_volume_million_m3": 9.116, "lake_volume_million_m3": 120.0, "limited_by_existing_lake": false, "surface_area_km2": 0.4795, "storage_mwh": 8203.1, "estimated_mw": 384.9, "score": 384.9472, "lh_ratio": 11.69, "lh_rank": 209, "implied_flow_m3_s": 409.8, "flow_limited": true, "basin_bounded": true, "wall_fraction": null, "unrealistic_dam_length_m": null, "flat_fraction": 1.0, "site_lake_id": null, "dam_start_lon": null, "dam_start_lat": null, "dam_end_lon": null, "dam_end_lat": null, "dam_height_m": 40.0, "dam_length_m": null, "concrete_volume_m3": null }, "geometry": { "type": "LineString", "coordinates": [ [ 27.134820158112685, 46.240139295789817 ], [ 27.160243673791932, 46.248320764628403 ] ] } },
{ "type": "Feature", "properties": { "type": "lake-new", "rank": 17, "lake_id": 169796, "lake_elevation_m": 95.5, "new_site_elevation_m": 237.4, "new_site_water_level_m": 277.4, "head_m": 181.9, "distance_m": 1630.9, "direction": "higher", "volume_million_m3": 11.605, "basin_volume_million_m3": 25.181, "empirical_volume_million_m3": 11.794, "lake_volume_million_m3": 23.21, "limited_by_existing_lake": true, "surface_area_km2": 0.6295, "storage_mwh": 4890.8, "estimated_mw": 376.2, "score": 376.2177, "lh_ratio": 8.96, "lh_rank": 110, "implied_flow_m3_s": 248.0, "flow_limited": false, "basin_bounded": false, "wall_fraction": null, "unrealistic_dam_length_m": null, "flat_fraction": 1.0, "site_lake_id": null, "dam_start_lon": null, "dam_start_lat": null, "dam_end_lon": null, "dam_end_lat": null, "dam_height_m": 40.0, "dam_length_m": null, "concrete_volume_m3": null }, "geometry": { "type": "LineString", "coordinates": [ [ 27.562686845633472, 46.303690728081534 ], [ 27.583892459246339, 46.303538863586787 ] ] } },
{ "type": "Feature", "properties": { "type": "lake-new", "rank": 18, "lake_id": 168687, "lake_elevation_m": 269.0, "new_site_elevation_m": 407.8, "new_site_water_level_m": 447.8, "head_m": 178.8, "distance_m": 2976.9, "direction": "higher", "volume_million_m3": 12.5, "basin_volume_million_m3": 19.017, "empirical_volume_million_m3": 9.043, "lake_volume_million_m3": 25.0, "limited_by_existing_lake": true, "surface_area_km2": 0.4754, "storage_mwh": 5175.4, "estimated_mw": 372.6, "score": 372.6268, "lh_ratio": 16.65, "lh_rank": 342, "implied_flow_m3_s": 267.1, "flow_limited": true, "basin_bounded": true, "wall_fraction": null, "unrealistic_dam_length_m": null, "flat_fraction": 1.0, "site_lake_id": null, "dam_start_lon": null, "dam_start_lat": null, "dam_end_lon": null, "dam_end_lat": null, "dam_height_m": 40.0, "dam_length_m": null, "concrete_volume_m3": null }, "geometry": { "type": "LineString", "coordinates": [ [ 26.357965949147879, 47.7859356011285 ], [ 26.319592413606529, 47.778839292189311 ] ] } },
{ "type": "Feature", "properties": { "type": "lake-new", "rank": 19, "lake_id": 169243, "lake_elevation_m": 131.0, "new_site_elevation_m": 285.7, "new_site_water_level_m": 325.7, "head_m": 194.7, "distance_m": 2026.9, "direction": "higher", "volume_million_m3": 10.55, "basin_volume_million_m3": 13.179, "empirical_volume_million_m3": 6.392, "lake_volume_million_m3": 21.1, "limited_by_existing_lake": true, "surface_area_km2": 0.3295, "storage_mwh": 4757.6, "estimated_mw": 366.0, "score": 365.9704, "lh_ratio": 10.41, "lh_rank": 162, "implied_flow_m3_s": 225.4, "flow_limited": false, "basin_bounded": true, "wall_fraction": null, "unrealistic_dam_length_m": null, "flat_fraction": 1.0, "site_lake_id": null, "dam_start_lon": null, "dam_start_lat": null, "dam_end_lon": null, "dam_end_lat": null, "dam_height_m": 40.0, "dam_length_m": null, "concrete_volume_m3": null }, "geometry": { "type": "LineString", "coordinates": [ [ 27.484254516494932, 46.870215115017288 ], [ 27.463328973947139, 46.858952139411429 ] ] } },
{ "type": "Feature", "properties": { "type": "lake-new", "rank": 20, "lake_id": 1293, "lake_elevation_m": 67.0, "new_site_elevation_m": 623.6, "new_site_water_level_m": 663.6, "head_m": 596.6, "distance_m": 2547.7, "direction": "higher", "volume_million_m3": 3.432, "basin_volume_million_m3": 3.432, "empirical_volume_million_m3": 1.79, "lake_volume_million_m3": 2550.0, "limited_by_existing_lake": false, "surface_area_km2": 0.0858, "storage_mwh": 4742.4, "estimated_mw": 364.8, "score": 364.8019, "lh_ratio": 4.27, "lh_rank": 5, "implied_flow_m3_s": 73.3, "flow_limited": false, "basin_bounded": true, "wall_fraction": null, "unrealistic_dam_length_m": null, "flat_fraction": 1.0, "site_lake_id": null, "dam_start_lon": null, "dam_start_lat": null, "dam_end_lon": null, "dam_end_lat": null, "dam_height_m": 40.0, "dam_length_m": null, "concrete_volume_m3": null }, "geometry": { "type": "LineString", "coordinates": [ [ 22.026217294536458, 44.591320870058439 ], [ 21.994578387965976, 44.595335672230355 ] ] } },
{ "type": "Feature", "properties": { "type": "lake-new", "rank": 21, "lake_id": 169192, "lake_elevation_m": 156.5, "new_site_elevation_m": 377.3, "new_site_water_level_m": 417.3, "head_m": 260.8, "distance_m": 2990.4, "direction": "higher", "volume_million_m3": 7.65, "basin_volume_million_m3": 7.65, "empirical_volume_million_m3": 3.821, "lake_volume_million_m3": 25.0, "limited_by_existing_lake": false, "surface_area_km2": 0.1912, "storage_mwh": 4621.5, "estimated_mw": 355.5, "score": 355.501, "lh_ratio": 11.46, "lh_rank": 193, "implied_flow_m3_s": 163.5, "flow_limited": false, "basin_bounded": true, "wall_fraction": null, "unrealistic_dam_length_m": null, "flat_fraction": 1.0, "site_lake_id": null, "dam_start_lon": null, "dam_start_lat": null, "dam_end_lon": null, "dam_end_lat": null, "dam_height_m": 40.0, "dam_length_m": null, "concrete_volume_m3": null }, "geometry": { "type": "LineString", "coordinates": [ [ 27.338642590277182, 46.952480197482657 ], [ 27.375981754333786, 46.943994999654578 ] ] } },
{ "type": "Feature", "properties": { "type": "lake-new", "rank": 22, "lake_id": 171124, "lake_elevation_m": 334.0, "new_site_elevation_m": 492.0, "new_site_water_level_m": 532.0, "head_m": 198.0, "distance_m": 2985.1, "direction": "higher", "volume_million_m3": 10.035, "basin_volume_million_m3": 10.035, "empirical_volume_million_m3": 4.94, "lake_volume_million_m3": 54.8, "limited_by_existing_lake": false, "surface_area_km2": 0.2509, "storage_mwh": 4601.3, "estimated_mw": 353.9, "score": 353.9495, "lh_ratio": 15.08, "lh_rank": 309, "implied_flow_m3_s": 214.4, "flow_limited": false, "basin_bounded": true, "wall_fraction": null, "unrealistic_dam_length_m": null, "flat_fraction": 1.0, "site_lake_id": null, "dam_start_lon": null, "dam_start_lat": null, "dam_end_lon": null, "dam_end_lat": null, "dam_height_m": 40.0, "dam_length_m": null, "concrete_volume_m3": null }, "geometry": { "type": "LineString", "coordinates": [ [ 24.727774213189385, 44.993719337252401 ], [ 24.704168549770493, 44.972734139424318 ] ] } },
{ "type": "Feature", "properties": { "type": "lake-new", "rank": 23, "lake_id": 168728, "lake_elevation_m": 310.0, "new_site_elevation_m": 443.7, "new_site_water_level_m": 483.7, "head_m": 173.7, "distance_m": 1535.4, "direction": "higher", "volume_million_m3": 11.4, "basin_volume_million_m3": 16.679, "empirical_volume_million_m3": 7.988, "lake_volume_million_m3": 22.8, "limited_by_existing_lake": true, "surface_area_km2": 0.417, "storage_mwh": 4586.5, "estimated_mw": 352.8, "score": 352.8104, "lh_ratio": 8.84, "lh_rank": 103, "implied_flow_m3_s": 243.6, "flow_limited": false, "basin_bounded": true, "wall_fraction": null, "unrealistic_dam_length_m": null, "flat_fraction": 1.0, "site_lake_id": null, "dam_start_lon": null, "dam_start_lat": null, "dam_end_lon": null, "dam_end_lat": null, "dam_height_m": 40.0, "dam_length_m": null, "concrete_volume_m3": null }, "geometry": { "type": "LineString", "coordinates": [ [ 26.230915444020958, 47.703992513020921 ], [ 26.212057855936141, 47.709396204081727 ] ] } },
{ "type": "Feature", "properties": { "type": "lake-new", "rank": 24, "lake_id": 169444, "lake_elevation_m": 177.5, "new_site_elevation_m": 361.1, "new_site_water_level_m": 401.1, "head_m": 223.6, "distance_m": 2963.9, "direction": "higher", "volume_million_m3": 8.585, "basin_volume_million_m3": 11.684, "empirical_volume_million_m3": 5.705, "lake_volume_million_m3": 17.17, "limited_by_existing_lake": true, "surface_area_km2": 0.2921, "storage_mwh": 4446.7, "estimated_mw": 342.1, "score": 342.0536, "lh_ratio": 13.25, "lh_rank": 266, "implied_flow_m3_s": 183.4, "flow_limited": false, "basin_bounded": true, "wall_fraction": null, "unrealistic_dam_length_m": null, "flat_fraction": 1.0, "site_lake_id": null, "dam_start_lon": null, "dam_start_lat": null, "dam_end_lon": null, "dam_end_lat": null, "dam_height_m": 40.0, "dam_length_m": null, "concrete_volume_m3": null }, "geometry": { "type": "LineString", "coordinates": [ [ 26.868752401706189, 46.645428331163117 ], [ 26.832735066610518, 46.635554244446148 ] ] } },
{ "type": "Feature", "properties": { "type": "lake-new", "rank": 25, "lake_id": 14305, "lake_elevation_m": 8.5, "new_site_elevation_m": 129.8, "new_site_water_level_m": 169.8, "head_m": 161.3, "distance_m": 2987.9, "direction": "higher", "volume_million_m3": 14.9, "basin_volume_million_m3": 14.9, "empirical_volume_million_m3": 7.18, "lake_volume_million_m3": 265.25, "limited_by_existing_lake": false, "surface_area_km2": 0.3725, "storage_mwh": 5568.7, "estimated_mw": 336.4, "score": 336.3515, "lh_ratio": 18.52, "lh_rank": 370, "implied_flow_m3_s": 318.4, "flow_limited": true, "basin_bounded": true, "wall_fraction": null, "unrealistic_dam_length_m": null, "flat_fraction": 1.0, "site_lake_id": null, "dam_start_lon": null, "dam_start_lat": null, "dam_end_lon": null, "dam_end_lat": null, "dam_height_m": 40.0, "dam_length_m": null, "concrete_volume_m3": null }, "geometry": { "type": "LineString", "coordinates": [ [ 27.636339721271234, 44.15479471842437 ], [ 27.670297095885491, 44.14353174281851 ] ] } },
{ "type": "Feature", "properties": { "type": "lake-new", "rank": 26, "lake_id": 168631, "lake_elevation_m": 142.5, "new_site_elevation_m": 259.7, "new_site_water_level_m": 299.7, "head_m": 157.2, "distance_m": 2622.4, "direction": "higher", "volume_million_m3": 12.54, "basin_volume_million_m3": 12.54, "empirical_volume_million_m3": 6.099, "lake_volume_million_m3": 29.0, "limited_by_existing_lake": false, "surface_area_km2": 0.3135, "storage_mwh": 4565.7, "estimated_mw": 327.7, "score": 327.6715, "lh_ratio": 16.68, "lh_rank": 344, "implied_flow_m3_s": 268.0, "flow_limited": true, "basin_bounded": true, "wall_fraction": null, "unrealistic_dam_length_m": null, "flat_fraction": 1.0, "site_lake_id": null, "dam_start_lon": null, "dam_start_lat": null, "dam_end_lon": null, "dam_end_lat": null, "dam_height_m": 40.0, "dam_length_m": null, "concrete_volume_m3": null }, "geometry": { "type": "LineString", "coordinates": [ [ 23.296886892385466, 47.894373033312121 ], [ 23.300084911130195, 47.917832279928483 ] ] } },
{ "type": "Feature", "properties": { "type": "lake-new", "rank": 27, "lake_id": 170943, "lake_elevation_m": 259.5, "new_site_elevation_m": 547.3, "new_site_water_level_m": 587.3, "head_m": 327.8, "distance_m": 2759.0, "direction": "higher", "volume_million_m3": 5.6, "basin_volume_million_m3": 7.626, "empirical_volume_million_m3": 3.81, "lake_volume_million_m3": 11.2, "limited_by_existing_lake": true, "surface_area_km2": 0.1906, "storage_mwh": 4251.3, "estimated_mw": 327.0, "score": 327.0205, "lh_ratio": 8.42, "lh_rank": 87, "implied_flow_m3_s": 119.7, "flow_limited": false, "basin_bounded": true, "wall_fraction": null, "unrealistic_dam_length_m": null, "flat_fraction": 1.0, "site_lake_id": null, "dam_start_lon": null, "dam_start_lat": null, "dam_end_lon": null, "dam_end_lat": null, "dam_height_m": 40.0, "dam_length_m": null, "concrete_volume_m3": null }, "geometry": { "type": "LineString", "coordinates": [ [ 24.371037140330849, 45.209230143229405 ], [ 24.397268142074125, 45.225744945401324 ] ] } },
{ "type": "Feature", "properties": { "type": "lake-new", "rank": 28, "lake_id": 168774, "lake_elevation_m": 77.0, "new_site_elevation_m": 192.8, "new_site_water_level_m": 232.8, "head_m": 155.8, "distance_m": 1666.9, "direction": "higher", "volume_million_m3": 24.707, "basin_volume_million_m3": 24.707, "empirical_volume_million_m3": 11.584, "lake_volume_million_m3": 51.76, "limited_by_existing_lake": false, "surface_area_km2": 0.6177, "storage_mwh": 8916.9, "estimated_mw": 324.8, "score": 324.8151, "lh_ratio": 10.7, "lh_rank": 171, "implied_flow_m3_s": 527.9, "flow_limited": true, "basin_bounded": false, "wall_fraction": null, "unrealistic_dam_length_m": null, "flat_fraction": 1.0, "site_lake_id": null, "dam_start_lon": null, "dam_start_lat": null, "dam_end_lon": null, "dam_end_lat": null, "dam_height_m": 40.0, "dam_length_m": null, "concrete_volume_m3": null }, "geometry": { "type": "LineString", "coordinates": [ [ 26.889180658073496, 47.654802110460054 ], [ 26.874532507441668, 47.643539134854194 ] ] } },
{ "type": "Feature", "properties": { "type": "lake-new", "rank": 29, "lake_id": 169050, "lake_elevation_m": 239.0, "new_site_elevation_m": 351.0, "new_site_water_level_m": 391.0, "head_m": 152.0, "distance_m": 2914.4, "direction": "higher", "volume_million_m3": 12.244, "basin_volume_million_m3": 12.244, "empirical_volume_million_m3": 5.963, "lake_volume_million_m3": 50.2, "limited_by_existing_lake": false, "surface_area_km2": 0.3061, "storage_mwh": 4311.7, "estimated_mw": 316.9, "score": 316.9305, "lh_ratio": 19.17, "lh_rank": 374, "implied_flow_m3_s": 261.6, "flow_limited": true, "basin_bounded": true, "wall_fraction": null, "unrealistic_dam_length_m": null, "flat_fraction": 1.0, "site_lake_id": null, "dam_start_lon": null, "dam_start_lat": null, "dam_end_lon": null, "dam_end_lat": null, "dam_height_m": 40.0, "dam_length_m": null, "concrete_volume_m3": null }, "geometry": { "type": "LineString", "coordinates": [ [ 22.925831299928017, 47.18089355468797 ], [ 22.896311654118598, 47.164075023526557 ] ] } },
{ "type": "Feature", "properties": { "type": "lake-new", "rank": 30, "lake_id": 14090, "lake_elevation_m": 127.0, "new_site_elevation_m": 237.4, "new_site_water_level_m": 277.4, "head_m": 150.4, "distance_m": 2758.1, "direction": "higher", "volume_million_m3": 11.638, "basin_volume_million_m3": 11.638, "empirical_volume_million_m3": 5.683, "lake_volume_million_m3": 103.7, "limited_by_existing_lake": false, "surface_area_km2": 0.291, "storage_mwh": 4055.1, "estimated_mw": 311.9, "score": 311.9298, "lh_ratio": 18.34, "lh_rank": 367, "implied_flow_m3_s": 248.7, "flow_limited": false, "basin_bounded": true, "wall_fraction": null, "unrealistic_dam_length_m": null, "flat_fraction": 1.0, "site_lake_id": null, "dam_start_lon": null, "dam_start_lat": null, "dam_end_lon": null, "dam_end_lat": null, "dam_height_m": 40.0, "dam_length_m": null, "concrete_volume_m3": null }, "geometry": { "type": "LineString", "coordinates": [ [ 27.003762185681317, 46.370270046657851 ], [ 26.969358381087424, 46.363173737718661 ] ] } },
{ "type": "Feature", "properties": { "type": "lake-new", "rank": 31, "lake_id": 14260, "lake_elevation_m": 0.0, "new_site_elevation_m": 108.9, "new_site_water_level_m": 148.9, "head_m": 148.9, "distance_m": 2983.8, "direction": "higher", "volume_million_m3": 18.797, "basin_volume_million_m3": 18.797, "empirical_volume_million_m3": 8.944, "lake_volume_million_m3": 160.43, "limited_by_existing_lake": false, "surface_area_km2": 0.4699, "storage_mwh": 6484.2, "estimated_mw": 310.5, "score": 310.4669, "lh_ratio": 20.03, "lh_rank": 380, "implied_flow_m3_s": 401.6, "flow_limited": true, "basin_bounded": true, "wall_fraction": null, "unrealistic_dam_length_m": null, "flat_fraction": 1.0, "site_lake_id": null, "dam_start_lon": null, "dam_start_lat": null, "dam_end_lon": null, "dam_end_lat": null, "dam_height_m": 40.0, "dam_length_m": null, "concrete_volume_m3": null }, "geometry": { "type": "LineString", "coordinates": [ [ 28.765698316126134, 44.915548256768091 ], [ 28.742151444030029, 44.894563058940008 ] ] } },
{ "type": "Feature", "properties": { "type": "lake-new", "rank": 32, "lake_id": 14309, "lake_elevation_m": 10.0, "new_site_elevation_m": 118.7, "new_site_water_level_m": 158.7, "head_m": 148.7, "distance_m": 2979.8, "direction": "higher", "volume_million_m3": 23.352, "basin_volume_million_m3": 23.352, "empirical_volume_million_m3": 10.982, "lake_volume_million_m3": 144.42, "limited_by_existing_lake": false, "surface_area_km2": 0.5838, "storage_mwh": 8045.8, "estimated_mw": 310.1, "score": 310.0858, "lh_ratio": 20.03, "lh_rank": 381, "implied_flow_m3_s": 499.0, "flow_limited": true, "basin_bounded": false, "wall_fraction": null, "unrealistic_dam_length_m": null, "flat_fraction": 1.0, "site_lake_id": null, "dam_start_lon": null, "dam_start_lat": null, "dam_end_lon": null, "dam_end_lat": null, "dam_height_m": 40.0, "dam_length_m": null, "concrete_volume_m3": null }, "geometry": { "type": "LineString", "coordinates": [ [ 27.442571271580483, 44.085212097167897 ], [ 27.447412085292715, 44.058671343784262 ] ] } },
{ "type": "Feature", "properties": { "type": "lake-new", "rank": 33, "lake_id": 169512, "lake_elevation_m": 97.5, "new_site_elevation_m": 206.2, "new_site_water_level_m": 246.2, "head_m": 148.7, "distance_m": 1713.8, "direction": "higher", "volume_million_m3": 15.745, "basin_volume_million_m3": 15.745, "empirical_volume_million_m3": 7.564, "lake_volume_million_m3": 40.9, "limited_by_existing_lake": false, "surface_area_km2": 0.3936, "storage_mwh": 5422.3, "estimated_mw": 309.9, "score": 309.9383, "lh_ratio": 11.53, "lh_rank": 200, "implied_flow_m3_s": 336.4, "flow_limited": true, "basin_bounded": true, "wall_fraction": null, "unrealistic_dam_length_m": null, "flat_fraction": 1.0, "site_lake_id": null, "dam_start_lon": null, "dam_start_lat": null, "dam_end_lon": null, "dam_end_lat": null, "dam_height_m": 40.0, "dam_length_m": null, "concrete_volume_m3": null }, "geometry": { "type": "LineString", "coordinates": [ [ 27.843115378280402, 46.586696234809011 ], [ 27.864090714337959, 46.592099925869817 ] ] } },
{ "type": "Feature", "properties": { "type": "lake-new", "rank": 34, "lake_id": 171099, "lake_elevation_m": 211.5, "new_site_elevation_m": 355.9, "new_site_water_level_m": 395.9, "head_m": 184.4, "distance_m": 2900.6, "direction": "higher", "volume_million_m3": 9.25, "basin_volume_million_m3": 9.57, "empirical_volume_million_m3": 4.723, "lake_volume_million_m3": 18.5, "limited_by_existing_lake": true, "surface_area_km2": 0.2392, "storage_mwh": 3950.6, "estimated_mw": 303.9, "score": 303.8933, "lh_ratio": 15.73, "lh_rank": 320, "implied_flow_m3_s": 197.6, "flow_limited": false, "basin_bounded": true, "wall_fraction": null, "unrealistic_dam_length_m": null, "flat_fraction": 1.0, "site_lake_id": null, "dam_start_lon": null, "dam_start_lat": null, "dam_end_lon": null, "dam_end_lat": null, "dam_height_m": 40.0, "dam_length_m": null, "concrete_volume_m3": null }, "geometry": { "type": "LineString", "coordinates": [ [ 24.313389419245411, 45.024254557291925 ], [ 24.339760725315976, 45.006047137241623 ] ] } },
{ "type": "Feature", "properties": { "type": "lake-new", "rank": 35, "lake_id": 169119, "lake_elevation_m": 208.0, "new_site_elevation_m": 313.5, "new_site_water_level_m": 353.5, "head_m": 145.5, "distance_m": 2992.3, "direction": "higher", "volume_million_m3": 12.325, "basin_volume_million_m3": 12.325, "empirical_volume_million_m3": 6.0, "lake_volume_million_m3": 65.4, "limited_by_existing_lake": false, "surface_area_km2": 0.3081, "storage_mwh": 4152.7, "estimated_mw": 303.2, "score": 303.2349, "lh_ratio": 20.57, "lh_rank": 386, "implied_flow_m3_s": 263.4, "flow_limited": true, "basin_bounded": true, "wall_fraction": null, "unrealistic_dam_length_m": null, "flat_fraction": 1.0, "site_lake_id": null, "dam_start_lon": null, "dam_start_lat": null, "dam_end_lon": null, "dam_end_lat": null, "dam_height_m": 40.0, "dam_length_m": null, "concrete_volume_m3": null }, "geometry": { "type": "LineString", "coordinates": [ [ 22.335303099672025, 47.055957845052603 ], [ 22.326722176386554, 47.082194869446745 ] ] } },
{ "type": "Feature", "properties": { "type": "lake-new", "rank": 36, "lake_id": 169290, "lake_elevation_m": 117.5, "new_site_elevation_m": 222.2, "new_site_water_level_m": 262.2, "head_m": 144.7, "distance_m": 1499.3, "direction": "higher", "volume_million_m3": 23.5, "basin_volume_million_m3": 25.104, "empirical_volume_million_m3": 11.759, "lake_volume_million_m3": 47.0, "limited_by_existing_lake": true, "surface_area_km2": 0.6276, "storage_mwh": 7878.8, "estimated_mw": 301.7, "score": 301.7397, "lh_ratio": 10.36, "lh_rank": 161, "implied_flow_m3_s": 502.1, "flow_limited": true, "basin_bounded": false, "wall_fraction": null, "unrealistic_dam_length_m": null, "flat_fraction": 1.0, "site_lake_id": null, "dam_start_lon": null, "dam_start_lat": null, "dam_end_lon": null, "dam_end_lat": null, "dam_height_m": 40.0, "dam_length_m": null, "concrete_volume_m3": null }, "geometry": { "type": "LineString", "coordinates": [ [ 27.794272040689332, 46.81097317165802 ], [ 27.808117953705182, 46.820543529385496 ] ] } },
{ "type": "Feature", "properties": { "type": "lake-new", "rank": 37, "lake_id": 168909, "lake_elevation_m": 52.0, "new_site_elevation_m": 152.8, "new_site_water_level_m": 192.8, "head_m": 140.8, "distance_m": 2349.6, "direction": "higher", "volume_million_m3": 19.122, "basin_volume_million_m3": 19.122, "empirical_volume_million_m3": 9.09, "lake_volume_million_m3": 41.1, "limited_by_existing_lake": false, "surface_area_km2": 0.4781, "storage_mwh": 6236.6, "estimated_mw": 293.5, "score": 293.5294, "lh_ratio": 16.69, "lh_rank": 345, "implied_flow_m3_s": 408.6, "flow_limited": true, "basin_bounded": true, "wall_fraction": null, "unrealistic_dam_length_m": null, "flat_fraction": 1.0, "site_lake_id": null, "dam_start_lon": null, "dam_start_lat": null, "dam_end_lon": null, "dam_end_lat": null, "dam_height_m": 40.0, "dam_length_m": null, "concrete_volume_m3": null }, "geometry": { "type": "LineString", "coordinates": [ [ 27.277134506497092, 47.426075303819431 ], [ 27.273794853736863, 47.405090105991349 ] ] } },
{ "type": "Feature", "properties": { "type": "lake-new", "rank": 38, "lake_id": 13974, "lake_elevation_m": 86.5, "new_site_elevation_m": 186.3, "new_site_water_level_m": 226.3, "head_m": 139.8, "distance_m": 2414.4, "direction": "higher", "volume_million_m3": 23.891, "basin_volume_million_m3": 23.891, "empirical_volume_million_m3": 11.221, "lake_volume_million_m3": 1290.0, "limited_by_existing_lake": false, "surface_area_km2": 0.5973, "storage_mwh": 7734.6, "estimated_mw": 291.4, "score": 291.374, "lh_ratio": 17.27, "lh_rank": 353, "implied_flow_m3_s": 510.5, "flow_limited": true, "basin_bounded": false, "wall_fraction": null, "unrealistic_dam_length_m": null, "flat_fraction": 1.0, "site_lake_id": null, "dam_start_lon": null, "dam_start_lat": null, "dam_end_lon": null, "dam_end_lat": null, "dam_height_m": 40.0, "dam_length_m": null, "concrete_volume_m3": null }, "geometry": { "type": "LineString", "coordinates": [ [ 27.16047442792896, 47.91680372450088 ], [ 27.140041591110652, 47.899985193339468 ] ] } },
{ "type": "Feature", "properties": { "type": "lake-new", "rank": 39, "lake_id": 169740, "lake_elevation_m": 499.0, "new_site_elevation_m": 689.0, "new_site_water_level_m": 729.0, "head_m": 230.0, "distance_m": 1783.8, "direction": "higher", "volume_million_m3": 7.104, "basin_volume_million_m3": 7.104, "empirical_volume_million_m3": 3.563, "lake_volume_million_m3": 90.0, "limited_by_existing_lake": false, "surface_area_km2": 0.1776, "storage_mwh": 3785.1, "estimated_mw": 291.2, "score": 291.1583, "lh_ratio": 7.75, "lh_rank": 65, "implied_flow_m3_s": 151.8, "flow_limited": false, "basin_bounded": true, "wall_fraction": null, "unrealistic_dam_length_m": null, "flat_fraction": 1.0, "site_lake_id": null, "dam_start_lon": null, "dam_start_lat": null, "dam_end_lon": null, "dam_end_lat": null, "dam_height_m": 40.0, "dam_length_m": null, "concrete_volume_m3": null }, "geometry": { "type": "LineString", "coordinates": [ [ 26.373273407658445, 46.329615071614569 ], [ 26.38751362673019, 46.316963207119819 ] ] } },
{ "type": "Feature", "properties": { "type": "lake-new", "rank": 40, "lake_id": 169039, "lake_elevation_m": 60.5, "new_site_elevation_m": 159.7, "new_site_water_level_m": 199.7, "head_m": 139.2, "distance_m": 1525.4, "direction": "higher", "volume_million_m3": 16.265, "basin_volume_million_m3": 16.265, "empirical_volume_million_m3": 7.8, "lake_volume_million_m3": 33.0, "limited_by_existing_lake": false, "surface_area_km2": 0.4066, "storage_mwh": 5244.8, "estimated_mw": 290.2, "score": 290.2127, "lh_ratio": 10.96, "lh_rank": 182, "implied_flow_m3_s": 347.5, "flow_limited": true, "basin_bounded": true, "wall_fraction": null, "unrealistic_dam_length_m": null, "flat_fraction": 1.0, "site_lake_id": null, "dam_start_lon": null, "dam_start_lat": null, "dam_end_lon": null, "dam_end_lat": null, "dam_height_m": 40.0, "dam_length_m": null, "concrete_volume_m3": null }, "geometry": { "type": "LineString", "coordinates": [ [ 27.238464863127398, 47.209034830729223 ], [ 27.226976936430511, 47.197771855123364 ] ] } },
{ "type": "Feature", "properties": { "type": "lake-new", "rank": 41, "lake_id": 14297, "lake_elevation_m": 38.0, "new_site_elevation_m": 137.2, "new_site_water_level_m": 177.2, "head_m": 139.2, "distance_m": 1601.5, "direction": "higher", "volume_million_m3": 14.08, "basin_volume_million_m3": 14.08, "empirical_volume_million_m3": 6.805, "lake_volume_million_m3": 868.0, "limited_by_existing_lake": false, "surface_area_km2": 0.352, "storage_mwh": 4539.9, "estimated_mw": 290.2, "score": 290.1987, "lh_ratio": 11.5, "lh_rank": 195, "implied_flow_m3_s": 300.9, "flow_limited": true, "basin_bounded": true, "wall_fraction": null, "unrealistic_dam_length_m": null, "flat_fraction": 1.0, "site_lake_id": null, "dam_start_lon": null, "dam_start_lat": null, "dam_end_lon": null, "dam_end_lat": null, "dam_height_m": 40.0, "dam_length_m": null, "concrete_volume_m3": null }, "geometry": { "type": "LineString", "coordinates": [ [ 22.548776276220373, 44.486204322498935 ], [ 22.568603617239535, 44.488830235781961 ] ] } },
{ "type": "Feature", "properties": { "type": "lake-new", "rank": 42, "lake_id": 1352457, "lake_elevation_m": 553.5, "new_site_elevation_m": 887.6, "new_site_water_level_m": 927.6, "head_m": 374.1, "distance_m": 2613.5, "direction": "higher", "volume_million_m3": 4.34, "basin_volume_million_m3": 5.21, "empirical_volume_million_m3": 2.657, "lake_volume_million_m3": 8.68, "limited_by_existing_lake": true, "surface_area_km2": 0.1303, "storage_mwh": 3760.7, "estimated_mw": 289.3, "score": 289.2834, "lh_ratio": 6.99, "lh_rank": 37, "implied_flow_m3_s": 92.7, "flow_limited": false, "basin_bounded": true, "wall_fraction": null, "unrealistic_dam_length_m": null, "flat_fraction": 1.0, "site_lake_id": null, "dam_start_lon": null, "dam_start_lat": null, "dam_end_lon": null, "dam_end_lat": null, "dam_height_m": 40.0, "dam_length_m": null, "concrete_volume_m3": null }, "geometry": { "type": "LineString", "coordinates": [ [ 22.571578063977327, 46.801467827691397 ], [ 22.543765195255649, 46.815204852085536 ] ] } },
{ "type": "Feature", "properties": { "type": "lake-new", "rank": 43, "lake_id": 168613, "lake_elevation_m": 296.0, "new_site_elevation_m": 386.5, "new_site_water_level_m": 426.5, "head_m": 130.5, "distance_m": 2309.6, "direction": "higher", "volume_million_m3": 25.159, "basin_volume_million_m3": 25.159, "empirical_volume_million_m3": 11.784, "lake_volume_million_m3": 55.8, "limited_by_existing_lake": false, "surface_area_km2": 0.629, "storage_mwh": 7603.0, "estimated_mw": 272.0, "score": 271.9756, "lh_ratio": 17.7, "lh_rank": 362, "implied_flow_m3_s": 537.6, "flow_limited": true, "basin_bounded": false, "wall_fraction": null, "unrealistic_dam_length_m": null, "flat_fraction": 1.0, "site_lake_id": null, "dam_start_lon": null, "dam_start_lat": null, "dam_end_lon": null, "dam_end_lat": null, "dam_height_m": 40.0, "dam_length_m": null, "concrete_volume_m3": null }, "geometry": { "type": "LineString", "coordinates": [ [ 26.131826013515166, 47.94390407986117 ], [ 26.105813734080929, 47.93264110425531 ] ] } },
{ "type": "Feature", "properties": { "type": "lake-new", "rank": 44, "lake_id": 171006, "lake_elevation_m": 245.5, "new_site_elevation_m": 426.5, "new_site_water_level_m": 466.5, "head_m": 221.0, "distance_m": 2716.2, "direction": "higher", "volume_million_m3": 6.852, "basin_volume_million_m3": 6.852, "empirical_volume_million_m3": 3.443, "lake_volume_million_m3": 19.0, "limited_by_existing_lake": false, "surface_area_km2": 0.1713, "storage_mwh": 3507.0, "estimated_mw": 269.8, "score": 269.7691, "lh_ratio": 12.29, "lh_rank": 234, "implied_flow_m3_s": 146.4, "flow_limited": false, "basin_bounded": true, "wall_fraction": null, "unrealistic_dam_length_m": null, "flat_fraction": 1.0, "site_lake_id": null, "dam_start_lon": null, "dam_start_lat": null, "dam_end_lon": null, "dam_end_lat": null, "dam_height_m": 40.0, "dam_length_m": null, "concrete_volume_m3": null }, "geometry": { "type": "LineString", "coordinates": [ [ 24.389620737511429, 45.14405327691 ], [ 24.413123553604006, 45.161956967970809 ] ] } },
{ "type": "Feature", "properties": { "type": "lake-new", "rank": 45, "lake_id": 169061, "lake_elevation_m": 795.5, "new_site_elevation_m": 994.2, "new_site_water_level_m": 1034.2, "head_m": 238.7, "distance_m": 2874.6, "direction": "higher", "volume_million_m3": 6.292, "basin_volume_million_m3": 6.292, "empirical_volume_million_m3": 3.177, "lake_volume_million_m3": 90.0, "limited_by_existing_lake": false, "surface_area_km2": 0.1573, "storage_mwh": 3478.3, "estimated_mw": 267.6, "score": 267.5627, "lh_ratio": 12.04, "lh_rank": 224, "implied_flow_m3_s": 134.5, "flow_limited": false, "basin_bounded": true, "wall_fraction": null, "unrealistic_dam_length_m": null, "flat_fraction": 1.0, "site_lake_id": null, "dam_start_lon": null, "dam_start_lat": null, "dam_end_lon": null, "dam_end_lat": null, "dam_height_m": 40.0, "dam_length_m": null, "concrete_volume_m3": null }, "geometry": { "type": "LineString", "coordinates": [ [ 24.900796014882737, 47.169932050889003 ], [ 24.92961897733457, 47.15311351972759 ] ] } },
{ "type": "Feature", "properties": { "type": "lake-new", "rank": 46, "lake_id": 169809, "lake_elevation_m": 77.5, "new_site_elevation_m": 221.0, "new_site_water_level_m": 261.0, "head_m": 183.5, "distance_m": 2111.6, "direction": "higher", "volume_million_m3": 8.16, "basin_volume_million_m3": 16.335, "empirical_volume_million_m3": 7.832, "lake_volume_million_m3": 16.32, "limited_by_existing_lake": true, "surface_area_km2": 0.4084, "storage_mwh": 3468.5, "estimated_mw": 266.8, "score": 266.8082, "lh_ratio": 11.51, "lh_rank": 196, "implied_flow_m3_s": 174.4, "flow_limited": false, "basin_bounded": true, "wall_fraction": null, "unrealistic_dam_length_m": null, "flat_fraction": 1.0, "site_lake_id": null, "dam_start_lon": null, "dam_start_lat": null, "dam_end_lon": null, "dam_end_lat": null, "dam_height_m": 40.0, "dam_length_m": null, "concrete_volume_m3": null }, "geometry": { "type": "LineString", "coordinates": [ [ 27.680849796985306, 46.283949924045004 ], [ 27.653460233143516, 46.285186948439147 ] ] } },
{ "type": "Feature", "properties": { "type": "lake-new", "rank": 47, "lake_id": 1352799, "lake_elevation_m": 440.5, "new_site_elevation_m": 810.4, "new_site_water_level_m": 850.4, "head_m": 409.9, "distance_m": 2981.8, "direction": "higher", "volume_million_m3": 3.65, "basin_volume_million_m3": 5.636, "empirical_volume_million_m3": 2.862, "lake_volume_million_m3": 7.3, "limited_by_existing_lake": true, "surface_area_km2": 0.1409, "storage_mwh": 3465.7, "estimated_mw": 266.6, "score": 266.5937, "lh_ratio": 7.27, "lh_rank": 48, "implied_flow_m3_s": 78.0, "flow_limited": false, "basin_bounded": true, "wall_fraction": null, "unrealistic_dam_length_m": null, "flat_fraction": 1.0, "site_lake_id": null, "dam_start_lon": null, "dam_start_lat": null, "dam_end_lon": null, "dam_end_lat": null, "dam_height_m": 40.0, "dam_length_m": null, "concrete_volume_m3": null }, "geometry": { "type": "LineString", "coordinates": [ [ 23.330492073159768, 46.732716878255587 ], [ 23.312458338017933, 46.708953902649725 ] ] } },
{ "type": "Feature", "properties": { "type": "lake-new", "rank": 48, "lake_id": 14276, "lake_elevation_m": 138.0, "new_site_elevation_m": 224.6, "new_site_water_level_m": 264.6, "head_m": 126.6, "distance_m": 2519.2, "direction": "higher", "volume_million_m3": 18.954, "basin_volume_million_m3": 18.954, "empirical_volume_million_m3": 9.015, "lake_volume_million_m3": 225.0, "limited_by_existing_lake": false, "surface_area_km2": 0.4738, "storage_mwh": 5559.7, "estimated_mw": 264.0, "score": 263.9964, "lh_ratio": 19.89, "lh_rank": 378, "implied_flow_m3_s": 405.0, "flow_limited": true, "basin_bounded": true, "wall_fraction": null, "unrealistic_dam_length_m": null, "flat_fraction": 1.0, "site_lake_id": null, "dam_start_lon": null, "dam_start_lat": null, "dam_end_lon": null, "dam_end_lat": null, "dam_height_m": 40.0, "dam_length_m": null, "concrete_volume_m3": null }, "geometry": { "type": "LineString", "coordinates": [ [ 24.320938424046826, 44.60114666704763 ], [ 24.350403375788208, 44.59266146921955 ] ] } },
{ "type": "Feature", "properties": { "type": "lake-new", "rank": 49, "lake_id": 171162, "lake_elevation_m": 196.0, "new_site_elevation_m": 277.5, "new_site_water_level_m": 317.5, "head_m": 121.5, "distance_m": 2112.1, "direction": "higher", "volume_million_m3": 21.355, "basin_volume_million_m3": 21.355, "empirical_volume_million_m3": 10.091, "lake_volume_million_m3": 59.7, "limited_by_existing_lake": false, "surface_area_km2": 0.5339, "storage_mwh": 6010.5, "estimated_mw": 253.3, "score": 253.3102, "lh_ratio": 17.38, "lh_rank": 356, "implied_flow_m3_s": 456.3, "flow_limited": true, "basin_bounded": true, "wall_fraction": null, "unrealistic_dam_length_m": null, "flat_fraction": 1.0, "site_lake_id": null, "dam_start_lon": null, "dam_start_lat": null, "dam_end_lon": null, "dam_end_lat": null, "dam_height_m": 40.0, "dam_length_m": null, "concrete_volume_m3": null }, "geometry": { "type": "LineString", "coordinates": [ [ 24.268221332690331, 44.9557336815638 ], [ 24.29325537887728, 44.962526261513496 ] ] } },
{ "type": "Feature", "properties": { "type": "lake-new", "rank": 50, "lake_id": 170318, "lake_elevation_m": 422.0, "new_site_elevation_m": 602.5, "new_site_water_level_m": 642.5, "head_m": 220.5, "distance_m": 1530.0, "direction": "higher", "volume_million_m3": 6.15, "basin_volume_million_m3": 8.446, "empirical_volume_million_m3": 4.197, "lake_volume_million_m3": 12.3, "limited_by_existing_lake": true, "surface_area_km2": 0.2112, "storage_mwh": 3141.7, "estimated_mw": 241.7, "score": 241.6661, "lh_ratio": 6.94, "lh_rank": 33, "implied_flow_m3_s": 131.4, "flow_limited": false, "basin_bounded": true, "wall_fraction": null, "unrealistic_dam_length_m": null, "flat_fraction": 1.0, "site_lake_id": null, "dam_start_lon": null, "dam_start_lat": null, "dam_end_lon": null, "dam_end_lat": null, "dam_height_m": 40.0, "dam_length_m": null, "concrete_volume_m3": null }, "geometry": { "type": "LineString", "coordinates": [ [ 24.893759952791036, 45.841210801866595 ], [ 24.893112278869495, 45.854947826260734 ] ] } },
{ "type": "Feature", "properties": { "type": "lake-new", "rank": 51, "lake_id": 171042, "lake_elevation_m": 387.5, "new_site_elevation_m": 550.9, "new_site_water_level_m": 590.9, "head_m": 203.4, "distance_m": 2471.5, "direction": "higher", "volume_million_m3": 6.65, "basin_volume_million_m3": 10.558, "empirical_volume_million_m3": 5.183, "lake_volume_million_m3": 13.3, "limited_by_existing_lake": true, "surface_area_km2": 0.2639, "storage_mwh": 3133.4, "estimated_mw": 241.0, "score": 241.0333, "lh_ratio": 12.15, "lh_rank": 228, "implied_flow_m3_s": 142.1, "flow_limited": false, "basin_bounded": true, "wall_fraction": null, "unrealistic_dam_length_m": null, "flat_fraction": 1.0, "site_lake_id": null, "dam_start_lon": null, "dam_start_lat": null, "dam_end_lon": null, "dam_end_lat": null, "dam_height_m": 40.0, "dam_length_m": null, "concrete_volume_m3": null }, "geometry": { "type": "LineString", "coordinates": [ [ 24.661392660331543, 45.091333007812779 ], [ 24.632157688886121, 45.099514476651365 ] ] } },
{ "type": "Feature", "properties": { "type": "lake-new", "rank": 52, "lake_id": 168621, "lake_elevation_m": 81.0, "new_site_elevation_m": 244.2, "new_site_water_level_m": 284.2, "head_m": 203.2, "distance_m": 2877.6, "direction": "higher", "volume_million_m3": 6.58, "basin_volume_million_m3": 24.349, "empirical_volume_million_m3": 11.425, "lake_volume_million_m3": 13.16, "limited_by_existing_lake": true, "surface_area_km2": 0.6087, "storage_mwh": 3097.4, "estimated_mw": 238.3, "score": 238.2626, "lh_ratio": 14.16, "lh_rank": 294, "implied_flow_m3_s": 140.6, "flow_limited": false, "basin_bounded": false, "wall_fraction": null, "unrealistic_dam_length_m": null, "flat_fraction": 1.0, "site_lake_id": null, "dam_start_lon": null, "dam_start_lat": null, "dam_end_lon": null, "dam_end_lat": null, "dam_height_m": 40.0, "dam_length_m": null, "concrete_volume_m3": null }, "geometry": { "type": "LineString", "coordinates": [ [ 26.971812835719966, 47.923222859700616 ], [ 26.944429899624087, 47.905015439650313 ] ] } },
{ "type": "Feature", "properties": { "type": "lake-new", "rank": 53, "lake_id": 14204, "lake_elevation_m": 1.0, "new_site_elevation_m": 75.0, "new_site_water_level_m": 115.0, "head_m": 114.0, "distance_m": 2989.2, "direction": "higher", "volume_million_m3": 20.973, "basin_volume_million_m3": 20.973, "empirical_volume_million_m3": 9.921, "lake_volume_million_m3": 100.81, "limited_by_existing_lake": false, "surface_area_km2": 0.5243, "storage_mwh": 5536.1, "estimated_mw": 237.6, "score": 237.5641, "lh_ratio": 26.23, "lh_rank": 425, "implied_flow_m3_s": 448.1, "flow_limited": true, "basin_bounded": true, "wall_fraction": null, "unrealistic_dam_length_m": null, "flat_fraction": 1.0, "site_lake_id": null, "dam_start_lon": null, "dam_start_lat": null, "dam_end_lon": null, "dam_end_lat": null, "dam_height_m": 40.0, "dam_length_m": null, "concrete_volume_m3": null }, "geometry": { "type": "LineString", "coordinates": [ [ 28.072478050682445, 45.474231906466883 ], [ 28.036005658665495, 45.48241337530547 ] ] } },
{ "type": "Feature", "properties": { "type": "lake-new", "rank": 54, "lake_id": 14213, "lake_elevation_m": 8.9, "new_site_elevation_m": 81.0, "new_site_water_level_m": 121.0, "head_m": 112.1, "distance_m": 2266.1, "direction": "higher", "volume_million_m3": 19.945, "basin_volume_million_m3": 21.346, "empirical_volume_million_m3": 10.087, "lake_volume_million_m3": 39.89, "limited_by_existing_lake": true, "surface_area_km2": 0.5336, "storage_mwh": 5180.4, "estimated_mw": 233.8, "score": 233.7622, "lh_ratio": 20.21, "lh_rank": 382, "implied_flow_m3_s": 426.2, "flow_limited": true, "basin_bounded": true, "wall_fraction": null, "unrealistic_dam_length_m": null, "flat_fraction": 1.0, "site_lake_id": null, "dam_start_lon": null, "dam_start_lat": null, "dam_end_lon": null, "dam_end_lat": null, "dam_height_m": 40.0, "dam_length_m": null, "concrete_volume_m3": null }, "geometry": { "type": "LineString", "coordinates": [ [ 28.123801344061533, 45.340549587673507 ], [ 28.152709687640357, 45.341786612067651 ] ] } },
{ "type": "Feature", "properties": { "type": "lake-new", "rank": 55, "lake_id": 14030, "lake_elevation_m": 499.0, "new_site_elevation_m": 722.3, "new_site_water_level_m": 762.3, "head_m": 263.3, "distance_m": 2207.6, "direction": "higher", "volume_million_m3": 4.904, "basin_volume_million_m3": 4.904, "empirical_volume_million_m3": 2.509, "lake_volume_million_m3": 1230.0, "limited_by_existing_lake": false, "surface_area_km2": 0.1226, "storage_mwh": 2991.3, "estimated_mw": 230.1, "score": 230.0977, "lh_ratio": 8.38, "lh_rank": 84, "implied_flow_m3_s": 104.8, "flow_limited": false, "basin_bounded": true, "wall_fraction": null, "unrealistic_dam_length_m": null, "flat_fraction": 1.0, "site_lake_id": null, "dam_start_lon": null, "dam_start_lat": null, "dam_end_lon": null, "dam_end_lat": null, "dam_height_m": 40.0, "dam_length_m": null, "concrete_volume_m3": null }, "geometry": { "type": "LineString", "coordinates": [ [ 26.078995328292727, 46.99891370985236 ], [ 26.051017845086257, 47.004317400913166 ] ] } },
{ "type": "Feature", "properties": { "type": "lake-new", "rank": 56, "lake_id": 171690, "lake_elevation_m": 18.5, "new_site_elevation_m": 86.7, "new_site_water_level_m": 126.7, "head_m": 108.2, "distance_m": 1773.6, "direction": "higher", "volume_million_m3": 14.7, "basin_volume_million_m3": 14.7, "empirical_volume_million_m3": 7.088, "lake_volume_million_m3": 56.48, "limited_by_existing_lake": false, "surface_area_km2": 0.3675, "storage_mwh": 3683.0, "estimated_mw": 225.5, "score": 225.4825, "lh_ratio": 16.4, "lh_rank": 333, "implied_flow_m3_s": 314.1, "flow_limited": true, "basin_bounded": true, "wall_fraction": null, "unrealistic_dam_length_m": null, "flat_fraction": 1.0, "site_lake_id": null, "dam_start_lon": null, "dam_start_lat": null, "dam_end_lon": null, "dam_end_lat": null, "dam_height_m": 40.0, "dam_length_m": null, "concrete_volume_m3": null }, "geometry": { "type": "LineString", "coordinates": [ [ 25.205944124944537, 43.742172037760355 ], [ 25.227696003404169, 43.744797951043381 ] ] } },
{ "type": "Feature", "properties": { "type": "lake-new", "rank": 57, "lake_id": 169110, "lake_elevation_m": 191.0, "new_site_elevation_m": 258.7, "new_site_water_level_m": 298.7, "head_m": 107.7, "distance_m": 2303.9, "direction": "higher", "volume_million_m3": 13.13, "basin_volume_million_m3": 13.13, "empirical_volume_million_m3": 6.37, "lake_volume_million_m3": 52.9, "limited_by_existing_lake": false, "surface_area_km2": 0.3282, "storage_mwh": 3274.4, "estimated_mw": 224.5, "score": 224.4512, "lh_ratio": 21.4, "lh_rank": 394, "implied_flow_m3_s": 280.5, "flow_limited": true, "basin_bounded": true, "wall_fraction": null, "unrealistic_dam_length_m": null, "flat_fraction": 1.0, "site_lake_id": null, "dam_start_lon": null, "dam_start_lat": null, "dam_end_lon": null, "dam_end_lat": null, "dam_height_m": 40.0, "dam_length_m": null, "concrete_volume_m3": null }, "geometry": { "type": "LineString", "coordinates": [ [ 22.242151515655205, 47.069173312717425 ], [ 22.243281700181758, 47.089854781556006 ] ] } },
{ "type": "Feature", "properties": { "type": "lake-new", "rank": 58, "lake_id": 171433, "lake_elevation_m": 121.0, "new_site_elevation_m": 186.4, "new_site_water_level_m": 226.4, "head_m": 105.4, "distance_m": 2620.4, "direction": "higher", "volume_million_m3": 18.5, "basin_volume_million_m3": 18.5, "empirical_volume_million_m3": 8.81, "lake_volume_million_m3": 43.4, "limited_by_existing_lake": false, "surface_area_km2": 0.4625, "storage_mwh": 4517.6, "estimated_mw": 219.8, "score": 219.776, "lh_ratio": 24.85, "lh_rank": 418, "implied_flow_m3_s": 395.3, "flow_limited": true, "basin_bounded": true, "wall_fraction": null, "unrealistic_dam_length_m": null, "flat_fraction": 1.0, "site_lake_id": null, "dam_start_lon": null, "dam_start_lat": null, "dam_end_lon": null, "dam_end_lat": null, "dam_height_m": 40.0, "dam_length_m": null, "concrete_volume_m3": null }, "geometry": { "type": "LineString", "coordinates": [ [ 24.310215797096774, 44.486758324958146 ], [ 24.341153842627563, 44.494939793796732 ] ] } },
{ "type": "Feature", "properties": { "type": "lake-new", "rank": 59, "lake_id": 14299, "lake_elevation_m": 96.0, "new_site_elevation_m": 159.8, "new_site_water_level_m": 199.8, "head_m": 103.8, "distance_m": 2109.7, "direction": "higher", "volume_million_m3": 20.191, "basin_volume_million_m3": 20.191, "empirical_volume_million_m3": 9.57, "lake_volume_million_m3": 110.0, "limited_by_existing_lake": false, "surface_area_km2": 0.5048, "storage_mwh": 4855.0, "estimated_mw": 216.4, "score": 216.4087, "lh_ratio": 20.32, "lh_rank": 384, "implied_flow_m3_s": 431.4, "flow_limited": true, "basin_bounded": true, "wall_fraction": null, "unrealistic_dam_length_m": null, "flat_fraction": 1.0, "site_lake_id": null, "dam_start_lon": null, "dam_start_lat": null, "dam_end_lon": null, "dam_end_lat": null, "dam_height_m": 40.0, "dam_length_m": null, "concrete_volume_m3": null }, "geometry": { "type": "LineString", "coordinates": [ [ 24.377575674940339, 44.330310723807571 ], [ 24.390572522265035, 44.34682552597949 ] ] } },
{ "type": "Feature", "properties": { "type": "lake-new", "rank": 60, "lake_id": 14293, "lake_elevation_m": 1.0, "new_site_elevation_m": 64.0, "new_site_water_level_m": 104.0, "head_m": 103.0, "distance_m": 2952.9, "direction": "higher", "volume_million_m3": 25.404, "basin_volume_million_m3": 25.404, "empirical_volume_million_m3": 11.892, "lake_volume_million_m3": 133.59, "limited_by_existing_lake": false, "surface_area_km2": 0.6351, "storage_mwh": 6058.8, "estimated_mw": 214.7, "score": 214.6526, "lh_ratio": 28.68, "lh_rank": 438, "implied_flow_m3_s": 542.8, "flow_limited": true, "basin_bounded": false, "wall_fraction": null, "unrealistic_dam_length_m": null, "flat_fraction": 1.0, "site_lake_id": null, "dam_start_lon": null, "dam_start_lat": null, "dam_end_lon": null, "dam_end_lat": null, "dam_height_m": 40.0, "dam_length_m": null, "concrete_volume_m3": null }, "geometry": { "type": "LineString", "coordinates": [ [ 28.606184243241323, 44.360584648979938 ], [ 28.577492367328162, 44.343766117818525 ] ] } },
{ "type": "Feature", "properties": { "type": "lake-new", "rank": 61, "lake_id": 1356659, "lake_elevation_m": 292.5, "new_site_elevation_m": 421.9, "new_site_water_level_m": 461.9, "head_m": 169.4, "distance_m": 1748.6, "direction": "higher", "volume_million_m3": 6.5, "basin_volume_million_m3": 6.681, "empirical_volume_million_m3": 3.362, "lake_volume_million_m3": 13.0, "limited_by_existing_lake": true, "surface_area_km2": 0.167, "storage_mwh": 2550.3, "estimated_mw": 196.2, "score": 196.1758, "lh_ratio": 10.32, "lh_rank": 160, "implied_flow_m3_s": 138.9, "flow_limited": false, "basin_bounded": true, "wall_fraction": null, "unrealistic_dam_length_m": null, "flat_fraction": 1.0, "site_lake_id": null, "dam_start_lon": null, "dam_start_lat": null, "dam_end_lon": null, "dam_end_lat": null, "dam_height_m": 40.0, "dam_length_m": null, "concrete_volume_m3": null }, "geometry": { "type": "LineString", "coordinates": [ [ 23.560889866467445, 45.901835937500294 ], [ 23.581027676898209, 45.894739628561105 ] ] } },
{ "type": "Feature", "properties": { "type": "lake-new", "rank": 62, "lake_id": 171450, "lake_elevation_m": 107.0, "new_site_elevation_m": 178.4, "new_site_water_level_m": 218.4, "head_m": 111.4, "distance_m": 1386.3, "direction": "higher", "volume_million_m3": 9.6, "basin_volume_million_m3": 17.811, "empirical_volume_million_m3": 8.5, "lake_volume_million_m3": 19.2, "limited_by_existing_lake": true, "surface_area_km2": 0.4453, "storage_mwh": 2476.5, "estimated_mw": 190.5, "score": 190.4998, "lh_ratio": 12.45, "lh_rank": 240, "implied_flow_m3_s": 205.1, "flow_limited": false, "basin_bounded": true, "wall_fraction": null, "unrealistic_dam_length_m": null, "flat_fraction": 1.0, "site_lake_id": null, "dam_start_lon": null, "dam_start_lat": null, "dam_end_lon": null, "dam_end_lat": null, "dam_height_m": 40.0, "dam_length_m": null, "concrete_volume_m3": null }, "geometry": { "type": "LineString", "coordinates": [ [ 24.344222986696366, 44.41956713985175 ], [ 24.359932482722026, 44.424970830912557 ] ] } },
{ "type": "Feature", "properties": { "type": "lake-new", "rank": 63, "lake_id": 169805, "lake_elevation_m": 157.5, "new_site_elevation_m": 262.8, "new_site_water_level_m": 302.8, "head_m": 145.3, "distance_m": 1852.9, "direction": "higher", "volume_million_m3": 7.14, "basin_volume_million_m3": 19.405, "empirical_volume_million_m3": 9.218, "lake_volume_million_m3": 14.28, "limited_by_existing_lake": true, "surface_area_km2": 0.4851, "storage_mwh": 2403.8, "estimated_mw": 184.9, "score": 184.9044, "lh_ratio": 12.75, "lh_rank": 247, "implied_flow_m3_s": 152.6, "flow_limited": false, "basin_bounded": true, "wall_fraction": null, "unrealistic_dam_length_m": null, "flat_fraction": 1.0, "site_lake_id": null, "dam_start_lon": null, "dam_start_lat": null, "dam_end_lon": null, "dam_end_lat": null, "dam_height_m": 40.0, "dam_length_m": null, "concrete_volume_m3": null }, "geometry": { "type": "LineString", "coordinates": [ [ 21.951597668316694, 46.272205810547206 ], [ 21.974217575721344, 46.266498390496899 ] ] } },
{ "type": "Feature", "properties": { "type": "lake-new", "rank": 64, "lake_id": 169446, "lake_elevation_m": 111.0, "new_site_elevation_m": 247.9, "new_site_water_level_m": 287.9, "head_m": 176.9, "distance_m": 1637.7, "direction": "higher", "volume_million_m3": 5.857, "basin_volume_million_m3": 5.857, "empirical_volume_million_m3": 2.968, "lake_volume_million_m3": 11.81, "limited_by_existing_lake": false, "surface_area_km2": 0.1464, "storage_mwh": 2399.5, "estimated_mw": 184.6, "score": 184.5764, "lh_ratio": 9.26, "lh_rank": 119, "implied_flow_m3_s": 125.2, "flow_limited": false, "basin_bounded": true, "wall_fraction": null, "unrealistic_dam_length_m": null, "flat_fraction": 1.0, "site_lake_id": null, "dam_start_lon": null, "dam_start_lat": null, "dam_end_lon": null, "dam_end_lat": null, "dam_height_m": 40.0, "dam_length_m": null, "concrete_volume_m3": null }, "geometry": { "type": "LineString", "coordinates": [ [ 27.624969023660181, 46.629898817274238 ], [ 27.611186677264183, 46.618635841668379 ] ] } },
{ "type": "Feature", "properties": { "type": "lake-new", "rank": 65, "lake_id": 1348664, "lake_elevation_m": 114.5, "new_site_elevation_m": 190.5, "new_site_water_level_m": 230.5, "head_m": 116.0, "distance_m": 1093.4, "direction": "higher", "volume_million_m3": 8.75, "basin_volume_million_m3": 22.202, "empirical_volume_million_m3": 10.469, "lake_volume_million_m3": 17.5, "limited_by_existing_lake": true, "surface_area_km2": 0.555, "storage_mwh": 2350.6, "estimated_mw": 180.8, "score": 180.8137, "lh_ratio": 9.43, "lh_rank": 124, "implied_flow_m3_s": 187.0, "flow_limited": false, "basin_bounded": false, "wall_fraction": null, "unrealistic_dam_length_m": null, "flat_fraction": 1.0, "site_lake_id": null, "dam_start_lon": null, "dam_start_lat": null, "dam_end_lon": null, "dam_end_lat": null, "dam_height_m": 40.0, "dam_length_m": null, "concrete_volume_m3": null }, "geometry": { "type": "LineString", "coordinates": [ [ 26.624502826643059, 47.79028537326397 ], [ 26.627792153286919, 47.799855730991446 ] ] } },
{ "type": "Feature", "properties": { "type": "lake-new", "rank": 66, "lake_id": 169456, "lake_elevation_m": 299.5, "new_site_elevation_m": 475.9, "new_site_water_level_m": 515.9, "head_m": 216.4, "distance_m": 1508.3, "direction": "higher", "volume_million_m3": 4.595, "basin_volume_million_m3": 5.752, "empirical_volume_million_m3": 2.918, "lake_volume_million_m3": 9.19, "limited_by_existing_lake": true, "surface_area_km2": 0.1438, "storage_mwh": 2302.9, "estimated_mw": 177.1, "score": 177.1426, "lh_ratio": 6.97, "lh_rank": 35, "implied_flow_m3_s": 98.2, "flow_limited": false, "basin_bounded": true, "wall_fraction": null, "unrealistic_dam_length_m": null, "flat_fraction": 1.0, "site_lake_id": null, "dam_start_lon": null, "dam_start_lat": null, "dam_end_lon": null, "dam_end_lat": null, "dam_height_m": 40.0, "dam_length_m": null, "concrete_volume_m3": null }, "geometry": { "type": "LineString", "coordinates": [ [ 24.14040552865287, 46.63217434353345 ], [ 24.155787978925083, 46.62368914570537 ] ] } },
{ "type": "Feature", "properties": { "type": "lake-new", "rank": 67, "lake_id": 168592, "lake_elevation_m": 100.0, "new_site_elevation_m": 188.6, "new_site_water_level_m": 228.6, "head_m": 128.6, "distance_m": 1565.3, "direction": "higher", "volume_million_m3": 7.375, "basin_volume_million_m3": 23.49, "empirical_volume_million_m3": 11.043, "lake_volume_million_m3": 14.75, "limited_by_existing_lake": true, "surface_area_km2": 0.5872, "storage_mwh": 2196.2, "estimated_mw": 168.9, "score": 168.9379, "lh_ratio": 12.17, "lh_rank": 231, "implied_flow_m3_s": 157.6, "flow_limited": false, "basin_bounded": false, "wall_fraction": null, "unrealistic_dam_length_m": null, "flat_fraction": 1.0, "site_lake_id": null, "dam_start_lon": null, "dam_start_lat": null, "dam_end_lon": null, "dam_end_lat": null, "dam_height_m": 40.0, "dam_length_m": null, "concrete_volume_m3": null }, "geometry": { "type": "LineString", "coordinates": [ [ 26.732574921498387, 48.008834771050431 ], [ 26.737060822179455, 48.02257179544457 ] ] } },
{ "type": "Feature", "properties": { "type": "lake-new", "rank": 68, "lake_id": 169950, "lake_elevation_m": 10.0, "new_site_elevation_m": 123.6, "new_site_water_level_m": 163.6, "head_m": 153.6, "distance_m": 2293.1, "direction": "higher", "volume_million_m3": 6.04, "basin_volume_million_m3": 25.401, "empirical_volume_million_m3": 11.891, "lake_volume_million_m3": 12.08, "limited_by_existing_lake": true, "surface_area_km2": 0.635, "storage_mwh": 2149.2, "estimated_mw": 165.3, "score": 165.3244, "lh_ratio": 14.93, "lh_rank": 305, "implied_flow_m3_s": 129.1, "flow_limited": false, "basin_bounded": false, "wall_fraction": null, "unrealistic_dam_length_m": null, "flat_fraction": 1.0, "site_lake_id": null, "dam_start_lon": null, "dam_start_lat": null, "dam_end_lon": null, "dam_end_lat": null, "dam_height_m": 40.0, "dam_length_m": null, "concrete_volume_m3": null }, "geometry": { "type": "LineString", "coordinates": [ [ 28.106055638376652, 46.169669731987824 ], [ 28.078757987071175, 46.17785120082641 ] ] } },
{ "type": "Feature", "properties": { "type": "lake-new", "rank": 69, "lake_id": 1350050, "lake_elevation_m": 169.5, "new_site_elevation_m": 319.3, "new_site_water_level_m": 359.3, "head_m": 189.8, "distance_m": 1214.4, "direction": "higher", "volume_million_m3": 4.7, "basin_volume_million_m3": 17.611, "empirical_volume_million_m3": 8.409, "lake_volume_million_m3": 9.4, "limited_by_existing_lake": true, "surface_area_km2": 0.4403, "storage_mwh": 2066.7, "estimated_mw": 159.0, "score": 158.9767, "lh_ratio": 6.4, "lh_rank": 19, "implied_flow_m3_s": 100.4, "flow_limited": false, "basin_bounded": true, "wall_fraction": null, "unrealistic_dam_length_m": null, "flat_fraction": 1.0, "site_lake_id": null, "dam_start_lon": null, "dam_start_lat": null, "dam_end_lon": null, "dam_end_lat": null, "dam_height_m": 40.0, "dam_length_m": null, "concrete_volume_m3": null }, "geometry": { "type": "LineString", "coordinates": [ [ 26.807100370550252, 47.456802435980904 ], [ 26.814845453785786, 47.466372793708381 ] ] } },
{ "type": "Feature", "properties": { "type": "lake-new", "rank": 70, "lake_id": 1357428, "lake_elevation_m": 774.3, "new_site_elevation_m": 1453.5, "new_site_water_level_m": 1493.5, "head_m": 719.2, "distance_m": 2891.3, "direction": "higher", "volume_million_m3": 1.202, "basin_volume_million_m3": 1.202, "empirical_volume_million_m3": 0.664, "lake_volume_million_m3": 3.21, "limited_by_existing_lake": false, "surface_area_km2": 0.0301, "storage_mwh": 2003.0, "estimated_mw": 154.1, "score": 154.074, "lh_ratio": 4.02, "lh_rank": 3, "implied_flow_m3_s": 25.7, "flow_limited": false, "basin_bounded": true, "wall_fraction": null, "unrealistic_dam_length_m": null, "flat_fraction": 1.0, "site_lake_id": null, "dam_start_lon": null, "dam_start_lat": null, "dam_end_lon": null, "dam_end_lat": null, "dam_height_m": 40.0, "dam_length_m": null, "concrete_volume_m3": null }, "geometry": { "type": "LineString", "coordinates": [ [ 23.600039901688358, 45.683636610243354 ], [ 23.56757143525104, 45.670984745748605 ] ] } },
{ "type": "Feature", "properties": { "type": "lake-new", "rank": 71, "lake_id": 170417, "lake_elevation_m": 382.0, "new_site_elevation_m": 512.4, "new_site_water_level_m": 552.4, "head_m": 170.4, "distance_m": 2783.8, "direction": "higher", "volume_million_m3": 4.883, "basin_volume_million_m3": 4.883, "empirical_volume_million_m3": 2.499, "lake_volume_million_m3": 10.8, "limited_by_existing_lake": false, "surface_area_km2": 0.1221, "storage_mwh": 1927.7, "estimated_mw": 148.3, "score": 148.2877, "lh_ratio": 16.33, "lh_rank": 331, "implied_flow_m3_s": 104.3, "flow_limited": false, "basin_bounded": true, "wall_fraction": null, "unrealistic_dam_length_m": null, "flat_fraction": 1.0, "site_lake_id": null, "dam_start_lon": null, "dam_start_lat": null, "dam_end_lon": null, "dam_end_lat": null, "dam_height_m": 40.0, "dam_length_m": null, "concrete_volume_m3": null }, "geometry": { "type": "LineString", "coordinates": [ [ 24.427868832269613, 45.760337999132247 ], [ 24.40506252739565, 45.779630579081946 ] ] } },
{ "type": "Feature", "properties": { "type": "lake-new", "rank": 72, "lake_id": 168890, "lake_elevation_m": 264.5, "new_site_elevation_m": 393.4, "new_site_water_level_m": 433.4, "head_m": 168.9, "distance_m": 1645.5, "direction": "higher", "volume_million_m3": 4.795, "basin_volume_million_m3": 20.967, "empirical_volume_million_m3": 9.918, "lake_volume_million_m3": 9.59, "limited_by_existing_lake": true, "surface_area_km2": 0.5242, "storage_mwh": 1876.4, "estimated_mw": 144.3, "score": 144.3358, "lh_ratio": 9.74, "lh_rank": 134, "implied_flow_m3_s": 102.5, "flow_limited": false, "basin_bounded": true, "wall_fraction": null, "unrealistic_dam_length_m": null, "flat_fraction": 1.0, "site_lake_id": null, "dam_start_lon": null, "dam_start_lat": null, "dam_end_lon": null, "dam_end_lat": null, "dam_height_m": 40.0, "dam_length_m": null, "concrete_volume_m3": null }, "geometry": { "type": "LineString", "coordinates": [ [ 26.307451851086554, 47.471524793836807 ], [ 26.286017614958759, 47.46859515156428 ] ] } },
{ "type": "Feature", "properties": { "type": "lake-new", "rank": 73, "lake_id": 171532, "lake_elevation_m": 92.0, "new_site_elevation_m": 163.1, "new_site_water_level_m": 203.1, "head_m": 111.1, "distance_m": 1474.5, "direction": "higher", "volume_million_m3": 6.87, "basin_volume_million_m3": 10.693, "empirical_volume_million_m3": 5.246, "lake_volume_million_m3": 13.74, "limited_by_existing_lake": true, "surface_area_km2": 0.2673, "storage_mwh": 1768.1, "estimated_mw": 136.0, "score": 136.0087, "lh_ratio": 13.27, "lh_rank": 267, "implied_flow_m3_s": 146.8, "flow_limited": false, "basin_bounded": true, "wall_fraction": null, "unrealistic_dam_length_m": null, "flat_fraction": 1.0, "site_lake_id": null, "dam_start_lon": null, "dam_start_lat": null, "dam_end_lon": null, "dam_end_lat": null, "dam_height_m": 40.0, "dam_length_m": null, "concrete_volume_m3": null }, "geometry": { "type": "LineString", "coordinates": [ [ 23.590511700613789, 44.205925055610578 ], [ 23.573043252458028, 44.201606524449161 ] ] } },
{ "type": "Feature", "properties": { "type": "lake-new", "rank": 74, "lake_id": 169386, "lake_elevation_m": 204.6, "new_site_elevation_m": 335.8, "new_site_water_level_m": 375.8, "head_m": 171.2, "distance_m": 2966.8, "direction": "higher", "volume_million_m3": 4.35, "basin_volume_million_m3": 9.706, "empirical_volume_million_m3": 4.786, "lake_volume_million_m3": 8.7, "limited_by_existing_lake": true, "surface_area_km2": 0.2426, "storage_mwh": 1724.7, "estimated_mw": 132.7, "score": 132.6724, "lh_ratio": 17.33, "lh_rank": 354, "implied_flow_m3_s": 92.9, "flow_limited": false, "basin_bounded": true, "wall_fraction": null, "unrealistic_dam_length_m": null, "flat_fraction": 1.0, "site_lake_id": null, "dam_start_lon": null, "dam_start_lat": null, "dam_end_lon": null, "dam_end_lat": null, "dam_height_m": 40.0, "dam_length_m": null, "concrete_volume_m3": null }, "geometry": { "type": "LineString", "coordinates": [ [ 26.709076686215461, 46.699089084201432 ], [ 26.7410707116574, 46.714214997484461 ] ] } },
{ "type": "Feature", "properties": { "type": "lake-new", "rank": 75, "lake_id": 168484, "lake_elevation_m": 122.5, "new_site_elevation_m": 239.0, "new_site_water_level_m": 279.0, "head_m": 156.5, "distance_m": 2161.3, "direction": "higher", "volume_million_m3": 4.71, "basin_volume_million_m3": 19.124, "empirical_volume_million_m3": 9.091, "lake_volume_million_m3": 9.42, "limited_by_existing_lake": true, "surface_area_km2": 0.4781, "storage_mwh": 1707.1, "estimated_mw": 131.3, "score": 131.3144, "lh_ratio": 13.81, "lh_rank": 285, "implied_flow_m3_s": 100.6, "flow_limited": false, "basin_bounded": true, "wall_fraction": null, "unrealistic_dam_length_m": null, "flat_fraction": 1.0, "site_lake_id": null, "dam_start_lon": null, "dam_start_lat": null, "dam_end_lon": null, "dam_end_lat": null, "dam_height_m": 40.0, "dam_length_m": null, "concrete_volume_m3": null }, "geometry": { "type": "LineString", "coordinates": [ [ 26.565517221045681, 48.119165106879422 ], [ 26.587960718001678, 48.131513242384671 ] ] } },
{ "type": "Feature", "properties": { "type": "lake-new", "rank": 76, "lake_id": 171202, "lake_elevation_m": 182.0, "new_site_elevation_m": 244.2, "new_site_water_level_m": 284.2, "head_m": 102.2, "distance_m": 2998.3, "direction": "higher", "volume_million_m3": 7.019, "basin_volume_million_m3": 7.019, "empirical_volume_million_m3": 3.523, "lake_volume_million_m3": 24.9, "limited_by_existing_lake": false, "surface_area_km2": 0.1755, "storage_mwh": 1661.6, "estimated_mw": 127.8, "score": 127.8129, "lh_ratio": 29.34, "lh_rank": 442, "implied_flow_m3_s": 150.0, "flow_limited": false, "basin_bounded": true, "wall_fraction": null, "unrealistic_dam_length_m": null, "flat_fraction": 1.0, "site_lake_id": null, "dam_start_lon": null, "dam_start_lat": null, "dam_end_lon": null, "dam_end_lat": null, "dam_height_m": 40.0, "dam_length_m": null, "concrete_volume_m3": null }, "geometry": { "type": "LineString", "coordinates": [ [ 24.255376878572477, 44.883457553511505 ], [ 24.292965183007656, 44.887472355683421 ] ] } },
{ "type": "Feature", "properties": { "type": "lake-new", "rank": 77, "lake_id": 1359061, "lake_elevation_m": 297.0, "new_site_elevation_m": 570.6, "new_site_water_level_m": 610.6, "head_m": 313.6, "distance_m": 2095.4, "direction": "higher", "volume_million_m3": 2.27, "basin_volume_million_m3": 5.595, "empirical_volume_million_m3": 2.843, "lake_volume_million_m3": 4.54, "limited_by_existing_lake": true, "surface_area_km2": 0.1399, "storage_mwh": 1648.6, "estimated_mw": 126.8, "score": 126.8173, "lh_ratio": 6.68, "lh_rank": 26, "implied_flow_m3_s": 48.5, "flow_limited": false, "basin_bounded": true, "wall_fraction": null, "unrealistic_dam_length_m": null, "flat_fraction": 1.0, "site_lake_id": null, "dam_start_lon": null, "dam_start_lat": null, "dam_end_lon": null, "dam_end_lat": null, "dam_height_m": 40.0, "dam_length_m": null, "concrete_volume_m3": null }, "geometry": { "type": "LineString", "coordinates": [ [ 21.986967618039763, 45.305274793837214 ], [ 22.004791897531806, 45.291234040453574 ] ] } },
{ "type": "Feature", "properties": { "type": "lake-new", "rank": 78, "lake_id": 168852, "lake_elevation_m": 279.0, "new_site_elevation_m": 379.6, "new_site_water_level_m": 419.6, "head_m": 140.6, "distance_m": 2094.0, "direction": "higher", "volume_million_m3": 5.05, "basin_volume_million_m3": 20.708, "empirical_volume_million_m3": 9.802, "lake_volume_million_m3": 10.1, "limited_by_existing_lake": true, "surface_area_km2": 0.5177, "storage_mwh": 1644.1, "estimated_mw": 126.5, "score": 126.4667, "lh_ratio": 14.9, "lh_rank": 304, "implied_flow_m3_s": 107.9, "flow_limited": false, "basin_bounded": true, "wall_fraction": null, "unrealistic_dam_length_m": null, "flat_fraction": 1.0, "site_lake_id": null, "dam_start_lon": null, "dam_start_lat": null, "dam_end_lon": null, "dam_end_lat": null, "dam_height_m": 40.0, "dam_length_m": null, "concrete_volume_m3": null }, "geometry": { "type": "LineString", "coordinates": [ [ 26.238323741859233, 47.538381754557292 ], [ 26.265443031684505, 47.534063223395876 ] ] } },
{ "type": "Feature", "properties": { "type": "lake-new", "rank": 79, "lake_id": 171528, "lake_elevation_m": 8.0, "new_site_elevation_m": 131.7, "new_site_water_level_m": 171.7, "head_m": 163.7, "distance_m": 1497.0, "direction": "higher", "volume_million_m3": 4.275, "basin_volume_million_m3": 12.447, "empirical_volume_million_m3": 6.056, "lake_volume_million_m3": 8.55, "limited_by_existing_lake": true, "surface_area_km2": 0.3112, "storage_mwh": 1620.6, "estimated_mw": 124.7, "score": 124.6653, "lh_ratio": 9.15, "lh_rank": 113, "implied_flow_m3_s": 91.3, "flow_limited": false, "basin_bounded": true, "wall_fraction": null, "unrealistic_dam_length_m": null, "flat_fraction": 1.0, "site_lake_id": null, "dam_start_lon": null, "dam_start_lat": null, "dam_end_lon": null, "dam_end_lat": null, "dam_height_m": 40.0, "dam_length_m": null, "concrete_volume_m3": null }, "geometry": { "type": "LineString", "coordinates": [ [ 27.906147486221897, 44.208415323893121 ], [ 27.899788347834104, 44.195763459398371 ] ] } },
{ "type": "Feature", "properties": { "type": "lake-new", "rank": 80, "lake_id": 1357809, "lake_elevation_m": 327.0, "new_site_elevation_m": 397.6, "new_site_water_level_m": 437.6, "head_m": 110.6, "distance_m": 2953.0, "direction": "higher", "volume_million_m3": 6.25, "basin_volume_million_m3": 15.979, "empirical_volume_million_m3": 7.67, "lake_volume_million_m3": 12.5, "limited_by_existing_lake": true, "surface_area_km2": 0.3995, "storage_mwh": 1601.8, "estimated_mw": 123.2, "score": 123.2155, "lh_ratio": 26.69, "lh_rank": 430, "implied_flow_m3_s": 133.5, "flow_limited": false, "basin_bounded": true, "wall_fraction": null, "unrealistic_dam_length_m": null, "flat_fraction": 1.0, "site_lake_id": null, "dam_start_lon": null, "dam_start_lat": null, "dam_end_lon": null, "dam_end_lat": null, "dam_height_m": 40.0, "dam_length_m": null, "concrete_volume_m3": null }, "geometry": { "type": "LineString", "coordinates": [ [ 22.951391478365018, 45.590714789496786 ], [ 22.963439893357211, 45.565562925002041 ] ] } },
{ "type": "Feature", "properties": { "type": "lake-new", "rank": 81, "lake_id": 1359383, "lake_elevation_m": 590.0, "new_site_elevation_m": 974.9, "new_site_water_level_m": 1014.9, "head_m": 424.9, "distance_m": 2883.2, "direction": "higher", "volume_million_m3": 1.615, "basin_volume_million_m3": 6.521, "empirical_volume_million_m3": 3.286, "lake_volume_million_m3": 3.23, "limited_by_existing_lake": true, "surface_area_km2": 0.163, "storage_mwh": 1589.5, "estimated_mw": 122.3, "score": 122.2693, "lh_ratio": 6.79, "lh_rank": 30, "implied_flow_m3_s": 34.5, "flow_limited": false, "basin_bounded": true, "wall_fraction": null, "unrealistic_dam_length_m": null, "flat_fraction": 1.0, "site_lake_id": null, "dam_start_lon": null, "dam_start_lat": null, "dam_end_lon": null, "dam_end_lat": null, "dam_height_m": 40.0, "dam_length_m": null, "concrete_volume_m3": null }, "geometry": { "type": "LineString", "coordinates": [ [ 22.023068534371536, 45.210727539062759 ], [ 21.988187283662704, 45.218909007901345 ] ] } },
{ "type": "Feature", "properties": { "type": "lake-new", "rank": 82, "lake_id": 170733, "lake_elevation_m": 798.0, "new_site_elevation_m": 1176.0, "new_site_water_level_m": 1216.0, "head_m": 418.0, "distance_m": 2151.6, "direction": "higher", "volume_million_m3": 1.638, "basin_volume_million_m3": 1.638, "empirical_volume_million_m3": 0.89, "lake_volume_million_m3": 469.0, "limited_by_existing_lake": false, "surface_area_km2": 0.041, "storage_mwh": 1585.9, "estimated_mw": 122.0, "score": 121.9902, "lh_ratio": 5.15, "lh_rank": 10, "implied_flow_m3_s": 35.0, "flow_limited": false, "basin_bounded": true, "wall_fraction": null, "unrealistic_dam_length_m": null, "flat_fraction": 1.0, "site_lake_id": null, "dam_start_lon": null, "dam_start_lat": null, "dam_end_lon": null, "dam_end_lat": null, "dam_height_m": 40.0, "dam_length_m": null, "concrete_volume_m3": null }, "geometry": { "type": "LineString", "coordinates": [ [ 24.622125181671457, 45.401974555121825 ], [ 24.598208529854251, 45.411544912849301 ] ] } },
{ "type": "Feature", "properties": { "type": "lake-new", "rank": 83, "lake_id": 1352003, "lake_elevation_m": 349.5, "new_site_elevation_m": 632.5, "new_site_water_level_m": 672.5, "head_m": 323.0, "distance_m": 2537.5, "direction": "higher", "volume_million_m3": 2.115, "basin_volume_million_m3": 2.115, "empirical_volume_million_m3": 1.133, "lake_volume_million_m3": 6.78, "limited_by_existing_lake": false, "surface_area_km2": 0.0529, "storage_mwh": 1582.4, "estimated_mw": 121.7, "score": 121.7253, "lh_ratio": 7.86, "lh_rank": 67, "implied_flow_m3_s": 45.2, "flow_limited": false, "basin_bounded": true, "wall_fraction": null, "unrealistic_dam_length_m": null, "flat_fraction": 1.0, "site_lake_id": null, "dam_start_lon": null, "dam_start_lat": null, "dam_end_lon": null, "dam_end_lat": null, "dam_height_m": 40.0, "dam_length_m": null, "concrete_volume_m3": null }, "geometry": { "type": "LineString", "coordinates": [ [ 26.243882459067372, 46.937073296440929 ], [ 26.229845609957245, 46.95775476527951 ] ] } },
{ "type": "Feature", "properties": { "type": "lake-new", "rank": 84, "lake_id": 168984, "lake_elevation_m": 85.0, "new_site_elevation_m": 174.7, "new_site_water_level_m": 214.7, "head_m": 129.7, "distance_m": 1645.5, "direction": "higher", "volume_million_m3": 5.165, "basin_volume_million_m3": 17.718, "empirical_volume_million_m3": 8.458, "lake_volume_million_m3": 10.33, "limited_by_existing_lake": true, "surface_area_km2": 0.4429, "storage_mwh": 1551.7, "estimated_mw": 119.4, "score": 119.364, "lh_ratio": 12.69, "lh_rank": 246, "implied_flow_m3_s": 110.4, "flow_limited": false, "basin_bounded": true, "wall_fraction": null, "unrealistic_dam_length_m": null, "flat_fraction": 1.0, "site_lake_id": null, "dam_start_lon": null, "dam_start_lat": null, "dam_end_lon": null, "dam_end_lat": null, "dam_height_m": 40.0, "dam_length_m": null, "concrete_volume_m3": null }, "geometry": { "type": "LineString", "coordinates": [ [ 27.079671162289365, 47.292730034722183 ], [ 27.095889907247564, 47.282855948005214 ] ] } },
{ "type": "Feature", "properties": { "type": "lake-new", "rank": 85, "lake_id": 1352751, "lake_elevation_m": 419.0, "new_site_elevation_m": 693.5, "new_site_water_level_m": 733.5, "head_m": 314.5, "distance_m": 2323.6, "direction": "higher", "volume_million_m3": 2.04, "basin_volume_million_m3": 3.014, "empirical_volume_million_m3": 1.584, "lake_volume_million_m3": 4.08, "limited_by_existing_lake": true, "surface_area_km2": 0.0754, "storage_mwh": 1486.2, "estimated_mw": 114.3, "score": 114.322, "lh_ratio": 7.39, "lh_rank": 52, "implied_flow_m3_s": 43.6, "flow_limited": false, "basin_bounded": true, "wall_fraction": null, "unrealistic_dam_length_m": null, "flat_fraction": 1.0, "site_lake_id": null, "dam_start_lon": null, "dam_start_lat": null, "dam_end_lon": null, "dam_end_lat": null, "dam_height_m": 40.0, "dam_length_m": null, "concrete_volume_m3": null }, "geometry": { "type": "LineString", "coordinates": [ [ 23.36430745748314, 46.740344645182716 ], [ 23.346267418476167, 46.723526114021304 ] ] } },
{ "type": "Feature", "properties": { "type": "lake-new", "rank": 86, "lake_id": 1359290, "lake_elevation_m": 274.5, "new_site_elevation_m": 638.4, "new_site_water_level_m": 678.4, "head_m": 403.9, "distance_m": 2323.3, "direction": "higher", "volume_million_m3": 1.58, "basin_volume_million_m3": 2.827, "empirical_volume_million_m3": 1.491, "lake_volume_million_m3": 3.16, "limited_by_existing_lake": true, "surface_area_km2": 0.0707, "storage_mwh": 1478.3, "estimated_mw": 113.7, "score": 113.7149, "lh_ratio": 5.75, "lh_rank": 14, "implied_flow_m3_s": 33.8, "flow_limited": false, "basin_bounded": true, "wall_fraction": null, "unrealistic_dam_length_m": null, "flat_fraction": 1.0, "site_lake_id": null, "dam_start_lon": null, "dam_start_lat": null, "dam_end_lon": null, "dam_end_lat": null, "dam_height_m": 40.0, "dam_length_m": null, "concrete_volume_m3": null }, "geometry": { "type": "LineString", "coordinates": [ [ 24.338745655290673, 45.250725640191291 ], [ 24.342722772995764, 45.271407109029873 ] ] } },
{ "type": "Feature", "properties": { "type": "lake-new", "rank": 87, "lake_id": 170369, "lake_elevation_m": 402.0, "new_site_elevation_m": 532.5, "new_site_water_level_m": 572.5, "head_m": 170.5, "distance_m": 1455.5, "direction": "higher", "volume_million_m3": 3.65, "basin_volume_million_m3": 7.52, "empirical_volume_million_m3": 3.76, "lake_volume_million_m3": 7.3, "limited_by_existing_lake": true, "surface_area_km2": 0.188, "storage_mwh": 1441.2, "estimated_mw": 110.9, "score": 110.8649, "lh_ratio": 8.54, "lh_rank": 92, "implied_flow_m3_s": 78.0, "flow_limited": false, "basin_bounded": true, "wall_fraction": null, "unrealistic_dam_length_m": null, "flat_fraction": 1.0, "site_lake_id": null, "dam_start_lon": null, "dam_start_lat": null, "dam_end_lon": null, "dam_end_lat": null, "dam_height_m": 40.0, "dam_length_m": null, "concrete_volume_m3": null }, "geometry": { "type": "LineString", "coordinates": [ [ 24.641725586837559, 45.795069173177382 ], [ 24.635558672390818, 45.807417308682631 ] ] } },
{ "type": "Feature", "properties": { "type": "lake-new", "rank": 88, "lake_id": 170343, "lake_elevation_m": 410.5, "new_site_elevation_m": 657.2, "new_site_water_level_m": 697.2, "head_m": 286.7, "distance_m": 2933.6, "direction": "higher", "volume_million_m3": 2.15, "basin_volume_million_m3": 5.812, "empirical_volume_million_m3": 2.947, "lake_volume_million_m3": 4.3, "limited_by_existing_lake": true, "surface_area_km2": 0.1453, "storage_mwh": 1427.6, "estimated_mw": 109.8, "score": 109.8179, "lh_ratio": 10.23, "lh_rank": 155, "implied_flow_m3_s": 45.9, "flow_limited": false, "basin_bounded": true, "wall_fraction": null, "unrealistic_dam_length_m": null, "flat_fraction": 1.0, "site_lake_id": null, "dam_start_lon": null, "dam_start_lat": null, "dam_end_lon": null, "dam_end_lat": null, "dam_height_m": 40.0, "dam_length_m": null, "concrete_volume_m3": null }, "geometry": { "type": "LineString", "coordinates": [ [ 24.76629395591452, 45.812053222656573 ], [ 24.769835906969281, 45.838290247050715 ] ] } },
{ "type": "Feature", "properties": { "type": "lake-new", "rank": 89, "lake_id": 1352015, "lake_elevation_m": 281.5, "new_site_elevation_m": 446.9, "new_site_water_level_m": 486.9, "head_m": 205.4, "distance_m": 1464.4, "direction": "higher", "volume_million_m3": 2.99, "basin_volume_million_m3": 11.833, "empirical_volume_million_m3": 5.773, "lake_volume_million_m3": 5.98, "limited_by_existing_lake": true, "surface_area_km2": 0.2958, "storage_mwh": 1422.4, "estimated_mw": 109.4, "score": 109.4133, "lh_ratio": 7.13, "lh_rank": 43, "implied_flow_m3_s": 63.9, "flow_limited": false, "basin_bounded": true, "wall_fraction": null, "unrealistic_dam_length_m": null, "flat_fraction": 1.0, "site_lake_id": null, "dam_start_lon": null, "dam_start_lat": null, "dam_end_lon": null, "dam_end_lat": null, "dam_height_m": 40.0, "dam_length_m": null, "concrete_volume_m3": null }, "geometry": { "type": "LineString", "coordinates": [ [ 24.082440896041089, 46.925394015842443 ], [ 24.064247133680642, 46.921075484681026 ] ] } },
{ "type": "Feature", "properties": { "type": "lake-new", "rank": 90, "lake_id": 170385, "lake_elevation_m": 390.5, "new_site_elevation_m": 582.4, "new_site_water_level_m": 622.4, "head_m": 231.9, "distance_m": 1727.1, "direction": "higher", "volume_million_m3": 2.6, "basin_volume_million_m3": 4.988, "empirical_volume_million_m3": 2.55, "lake_volume_million_m3": 5.2, "limited_by_existing_lake": true, "surface_area_km2": 0.1247, "storage_mwh": 1396.7, "estimated_mw": 107.4, "score": 107.4376, "lh_ratio": 7.45, "lh_rank": 55, "implied_flow_m3_s": 55.6, "flow_limited": false, "basin_bounded": true, "wall_fraction": null, "unrealistic_dam_length_m": null, "flat_fraction": 1.0, "site_lake_id": null, "dam_start_lon": null, "dam_start_lat": null, "dam_end_lon": null, "dam_end_lat": null, "dam_height_m": 40.0, "dam_length_m": null, "concrete_volume_m3": null }, "geometry": { "type": "LineString", "coordinates": [ [ 24.530120428125919, 45.785705159505568 ], [ 24.535071983779371, 45.800831072788597 ] ] } },
{ "type": "Feature", "properties": { "type": "lake-new", "rank": 91, "lake_id": 171049, "lake_elevation_m": 229.0, "new_site_elevation_m": 445.0, "new_site_water_level_m": 485.0, "head_m": 256.0, "distance_m": 2768.4, "direction": "higher", "volume_million_m3": 2.3, "basin_volume_million_m3": 7.912, "empirical_volume_million_m3": 3.945, "lake_volume_million_m3": 4.6, "limited_by_existing_lake": true, "surface_area_km2": 0.1978, "storage_mwh": 1363.9, "estimated_mw": 104.9, "score": 104.913, "lh_ratio": 10.81, "lh_rank": 176, "implied_flow_m3_s": 49.1, "flow_limited": false, "basin_bounded": true, "wall_fraction": null, "unrealistic_dam_length_m": null, "flat_fraction": 1.0, "site_lake_id": null, "dam_start_lon": null, "dam_start_lat": null, "dam_end_lon": null, "dam_end_lat": null, "dam_height_m": 40.0, "dam_length_m": null, "concrete_volume_m3": null }, "geometry": { "type": "LineString", "coordinates": [ [ 24.380821268997586, 45.091388089566948 ], [ 24.414086255828305, 45.099569558405534 ] ] } },
{ "type": "Feature", "properties": { "type": "lake-new", "rank": 92, "lake_id": 14266, "lake_elevation_m": 169.0, "new_site_elevation_m": 233.2, "new_site_water_level_m": 273.2, "head_m": 104.2, "distance_m": 2767.2, "direction": "higher", "volume_million_m3": 5.563, "basin_volume_million_m3": 5.563, "empirical_volume_million_m3": 2.827, "lake_volume_million_m3": 50.0, "limited_by_existing_lake": false, "surface_area_km2": 0.1391, "storage_mwh": 1342.7, "estimated_mw": 103.3, "score": 103.284, "lh_ratio": 26.55, "lh_rank": 427, "implied_flow_m3_s": 118.9, "flow_limited": false, "basin_bounded": true, "wall_fraction": null, "unrealistic_dam_length_m": null, "flat_fraction": 1.0, "site_lake_id": null, "dam_start_lon": null, "dam_start_lat": null, "dam_end_lon": null, "dam_end_lat": null, "dam_height_m": 40.0, "dam_length_m": null, "concrete_volume_m3": null }, "geometry": { "type": "LineString", "coordinates": [ [ 24.272740606475583, 44.810289127582251 ], [ 24.238161408320195, 44.814303929754168 ] ] } },
{ "type": "Feature", "properties": { "type": "lake-new", "rank": 93, "lake_id": 169198, "lake_elevation_m": 324.0, "new_site_elevation_m": 397.9, "new_site_water_level_m": 437.9, "head_m": 113.9, "distance_m": 2985.7, "direction": "higher", "volume_million_m3": 5.0, "basin_volume_million_m3": 7.652, "empirical_volume_million_m3": 3.823, "lake_volume_million_m3": 10.0, "limited_by_existing_lake": true, "surface_area_km2": 0.1913, "storage_mwh": 1319.5, "estimated_mw": 101.5, "score": 101.4981, "lh_ratio": 26.21, "lh_rank": 424, "implied_flow_m3_s": 106.8, "flow_limited": false, "basin_bounded": true, "wall_fraction": null, "unrealistic_dam_length_m": null, "flat_fraction": 1.0, "site_lake_id": null, "dam_start_lon": null, "dam_start_lat": null, "dam_end_lon": null, "dam_end_lat": null, "dam_height_m": 40.0, "dam_length_m": null, "concrete_volume_m3": null }, "geometry": { "type": "LineString", "coordinates": [ [ 26.324267898261468, 46.934796278211849 ], [ 26.289399617845209, 46.947144413717098 ] ] } },
{ "type": "Feature", "properties": { "type": "lake-new", "rank": 94, "lake_id": 170601, "lake_elevation_m": 119.9, "new_site_elevation_m": 182.9, "new_site_water_level_m": 222.9, "head_m": 102.9, "distance_m": 2988.4, "direction": "higher", "volume_million_m3": 5.475, "basin_volume_million_m3": 15.888, "empirical_volume_million_m3": 7.629, "lake_volume_million_m3": 10.95, "limited_by_existing_lake": true, "surface_area_km2": 0.3972, "storage_mwh": 1305.5, "estimated_mw": 100.4, "score": 100.4231, "lh_ratio": 29.03, "lh_rank": 439, "implied_flow_m3_s": 117.0, "flow_limited": false, "basin_bounded": true, "wall_fraction": null, "unrealistic_dam_length_m": null, "flat_fraction": 1.0, "site_lake_id": null, "dam_start_lon": null, "dam_start_lat": null, "dam_end_lon": null, "dam_end_lat": null, "dam_height_m": 40.0, "dam_length_m": null, "concrete_volume_m3": null }, "geometry": { "type": "LineString", "coordinates": [ [ 21.567494456192684, 45.530870768229477 ], [ 21.589311557097844, 45.552941125956949 ] ] } },
{ "type": "Feature", "properties": { "type": "lake-new", "rank": 95, "lake_id": 1358899, "lake_elevation_m": 1414.8, "new_site_elevation_m": 1830.9, "new_site_water_level_m": 1870.9, "head_m": 456.1, "distance_m": 2999.5, "direction": "higher", "volume_million_m3": 1.235, "basin_volume_million_m3": 11.962, "empirical_volume_million_m3": 5.833, "lake_volume_million_m3": 2.47, "limited_by_existing_lake": true, "surface_area_km2": 0.2991, "storage_mwh": 1304.6, "estimated_mw": 100.4, "score": 100.3539, "lh_ratio": 6.58, "lh_rank": 22, "implied_flow_m3_s": 26.4, "flow_limited": false, "basin_bounded": true, "wall_fraction": null, "unrealistic_dam_length_m": null, "flat_fraction": 1.0, "site_lake_id": null, "dam_start_lon": null, "dam_start_lat": null, "dam_end_lon": null, "dam_end_lat": null, "dam_height_m": 40.0, "dam_length_m": null, "concrete_volume_m3": null }, "geometry": { "type": "LineString", "coordinates": [ [ 25.427663395452747, 45.346201171874839 ], [ 25.457956289893012, 45.362715974046758 ] ] } },
{ "type": "Feature", "properties": { "type": "lake-new", "rank": 96, "lake_id": 168975, "lake_elevation_m": 75.0, "new_site_elevation_m": 171.7, "new_site_water_level_m": 211.7, "head_m": 136.7, "distance_m": 1682.4, "direction": "higher", "volume_million_m3": 4.03, "basin_volume_million_m3": 21.754, "empirical_volume_million_m3": 10.27, "lake_volume_million_m3": 8.06, "limited_by_existing_lake": true, "surface_area_km2": 0.5439, "storage_mwh": 1275.7, "estimated_mw": 98.1, "score": 98.1291, "lh_ratio": 12.31, "lh_rank": 236, "implied_flow_m3_s": 86.1, "flow_limited": false, "basin_bounded": false, "wall_fraction": null, "unrealistic_dam_length_m": null, "flat_fraction": 1.0, "site_lake_id": null, "dam_start_lon": null, "dam_start_lat": null, "dam_end_lon": null, "dam_end_lat": null, "dam_height_m": 40.0, "dam_length_m": null, "concrete_volume_m3": null }, "geometry": { "type": "LineString", "coordinates": [ [ 27.117432328104712, 47.318490397135463 ], [ 27.097518011701968, 47.325282977085159 ] ] } },
{ "type": "Feature", "properties": { "type": "lake-new", "rank": 97, "lake_id": 171296, "lake_elevation_m": 84.0, "new_site_elevation_m": 369.5, "new_site_water_level_m": 409.5, "head_m": 325.5, "distance_m": 2910.6, "direction": "higher", "volume_million_m3": 1.685, "basin_volume_million_m3": 1.685, "empirical_volume_million_m3": 0.914, "lake_volume_million_m3": 3.78, "limited_by_existing_lake": false, "surface_area_km2": 0.0421, "storage_mwh": 1270.6, "estimated_mw": 97.7, "score": 97.7415, "lh_ratio": 8.94, "lh_rank": 107, "implied_flow_m3_s": 36.0, "flow_limited": false, "basin_bounded": true, "wall_fraction": null, "unrealistic_dam_length_m": null, "flat_fraction": 1.0, "site_lake_id": null, "dam_start_lon": null, "dam_start_lat": null, "dam_end_lon": null, "dam_end_lat": null, "dam_height_m": 40.0, "dam_length_m": null, "concrete_volume_m3": null }, "geometry": { "type": "LineString", "coordinates": [ [ 21.655564760279617, 44.707935757108032 ], [ 21.690506202325427, 44.716117225946618 ] ] } },
{ "type": "Feature", "properties": { "type": "lake-new", "rank": 98, "lake_id": 1352318, "lake_elevation_m": 293.0, "new_site_elevation_m": 449.6, "new_site_water_level_m": 489.6, "head_m": 196.6, "distance_m": 1511.0, "direction": "higher", "volume_million_m3": 2.625, "basin_volume_million_m3": 3.218, "empirical_volume_million_m3": 1.685, "lake_volume_million_m3": 5.25, "limited_by_existing_lake": true, "surface_area_km2": 0.0804, "storage_mwh": 1195.4, "estimated_mw": 92.0, "score": 91.9525, "lh_ratio": 7.69, "lh_rank": 64, "implied_flow_m3_s": 56.1, "flow_limited": false, "basin_bounded": true, "wall_fraction": null, "unrealistic_dam_length_m": null, "flat_fraction": 1.0, "site_lake_id": null, "dam_start_lon": null, "dam_start_lat": null, "dam_end_lon": null, "dam_end_lat": null, "dam_height_m": 40.0, "dam_length_m": null, "concrete_volume_m3": null }, "geometry": { "type": "LineString", "coordinates": [ [ 24.130688620335107, 46.84121432834246 ], [ 24.150064976357843, 46.838284686069933 ] ] } },
{ "type": "Feature", "properties": { "type": "lake-new", "rank": 99, "lake_id": 1348998, "lake_elevation_m": 367.5, "new_site_elevation_m": 504.6, "new_site_water_level_m": 544.6, "head_m": 177.1, "distance_m": 2215.0, "direction": "higher", "volume_million_m3": 2.905, "basin_volume_million_m3": 3.473, "empirical_volume_million_m3": 1.811, "lake_volume_million_m3": 5.81, "limited_by_existing_lake": true, "surface_area_km2": 0.0868, "storage_mwh": 1191.7, "estimated_mw": 91.7, "score": 91.6661, "lh_ratio": 12.51, "lh_rank": 241, "implied_flow_m3_s": 62.1, "flow_limited": false, "basin_bounded": true, "wall_fraction": null, "unrealistic_dam_length_m": null, "flat_fraction": 1.0, "site_lake_id": null, "dam_start_lon": null, "dam_start_lat": null, "dam_end_lon": null, "dam_end_lat": null, "dam_height_m": 40.0, "dam_length_m": null, "concrete_volume_m3": null }, "geometry": { "type": "LineString", "coordinates": [ [ 23.604767902298978, 47.731783989800789 ], [ 23.633108321401245, 47.726076569750482 ] ] } },
{ "type": "Feature", "properties": { "type": "lake-new", "rank": 100, "lake_id": 170207, "lake_elevation_m": 10.0, "new_site_elevation_m": 81.9, "new_site_water_level_m": 121.9, "head_m": 111.9, "distance_m": 1573.6, "direction": "higher", "volume_million_m3": 4.355, "basin_volume_million_m3": 25.449, "empirical_volume_million_m3": 11.912, "lake_volume_million_m3": 8.71, "limited_by_existing_lake": true, "surface_area_km2": 0.6362, "storage_mwh": 1128.3, "estimated_mw": 86.8, "score": 86.7941, "lh_ratio": 14.07, "lh_rank": 290, "implied_flow_m3_s": 93.1, "flow_limited": false, "basin_bounded": false, "wall_fraction": null, "unrealistic_dam_length_m": null, "flat_fraction": 1.0, "site_lake_id": null, "dam_start_lon": null, "dam_start_lat": null, "dam_end_lon": null, "dam_end_lat": null, "dam_height_m": 40.0, "dam_length_m": null, "concrete_volume_m3": null }, "geometry": { "type": "LineString", "coordinates": [ [ 28.10650040486869, 45.950974121093623 ], [ 28.097432653017083, 45.938322256598873 ] ] } },
{ "type": "Feature", "properties": { "type": "lake-new", "rank": 101, "lake_id": 168587, "lake_elevation_m": 113.1, "new_site_elevation_m": 197.3, "new_site_water_level_m": 237.3, "head_m": 124.2, "distance_m": 1435.8, "direction": "higher", "volume_million_m3": 3.815, "basin_volume_million_m3": 16.815, "empirical_volume_million_m3": 8.049, "lake_volume_million_m3": 7.63, "limited_by_existing_lake": true, "surface_area_km2": 0.4204, "storage_mwh": 1097.8, "estimated_mw": 84.4, "score": 84.4497, "lh_ratio": 11.56, "lh_rank": 202, "implied_flow_m3_s": 81.5, "flow_limited": false, "basin_bounded": true, "wall_fraction": null, "unrealistic_dam_length_m": null, "flat_fraction": 1.0, "site_lake_id": null, "dam_start_lon": null, "dam_start_lat": null, "dam_end_lon": null, "dam_end_lat": null, "dam_height_m": 40.0, "dam_length_m": null, "concrete_volume_m3": null }, "geometry": { "type": "LineString", "coordinates": [ [ 26.67150932778755, 47.998194444444465 ], [ 26.662115755719242, 47.986931468838605 ] ] } },
{ "type": "Feature", "properties": { "type": "lake-new", "rank": 102, "lake_id": 170761, "lake_elevation_m": 309.5, "new_site_elevation_m": 461.7, "new_site_water_level_m": 501.7, "head_m": 192.2, "distance_m": 792.8, "direction": "higher", "volume_million_m3": 2.338, "basin_volume_million_m3": 2.338, "empirical_volume_million_m3": 1.246, "lake_volume_million_m3": 14.2, "limited_by_existing_lake": false, "surface_area_km2": 0.0585, "storage_mwh": 1041.0, "estimated_mw": 80.1, "score": 80.0744, "lh_ratio": 4.12, "lh_rank": 4, "implied_flow_m3_s": 50.0, "flow_limited": false, "basin_bounded": true, "wall_fraction": null, "unrealistic_dam_length_m": null, "flat_fraction": 1.0, "site_lake_id": null, "dam_start_lon": null, "dam_start_lat": null, "dam_end_lon": null, "dam_end_lat": null, "dam_height_m": 40.0, "dam_length_m": null, "concrete_volume_m3": null }, "geometry": { "type": "LineString", "coordinates": [ [ 24.294220866184421, 45.350523274739885 ], [ 24.291177108873622, 45.357315854689581 ] ] } },
{ "type": "Feature", "properties": { "type": "lake-new", "rank": 103, "lake_id": 170933, "lake_elevation_m": 1.5, "new_site_elevation_m": 180.9, "new_site_water_level_m": 220.9, "head_m": 219.4, "distance_m": 2817.7, "direction": "higher", "volume_million_m3": 2.045, "basin_volume_million_m3": 12.724, "empirical_volume_million_m3": 6.184, "lake_volume_million_m3": 4.09, "limited_by_existing_lake": true, "surface_area_km2": 0.3181, "storage_mwh": 1039.3, "estimated_mw": 79.9, "score": 79.9453, "lh_ratio": 12.84, "lh_rank": 255, "implied_flow_m3_s": 43.7, "flow_limited": false, "basin_bounded": true, "wall_fraction": null, "unrealistic_dam_length_m": null, "flat_fraction": 1.0, "site_lake_id": null, "dam_start_lon": null, "dam_start_lat": null, "dam_end_lon": null, "dam_end_lat": null, "dam_height_m": 40.0, "dam_length_m": null, "concrete_volume_m3": null }, "geometry": { "type": "LineString", "coordinates": [ [ 28.681096104918545, 45.182529025607437 ], [ 28.685125221440295, 45.157377161112692 ] ] } },
{ "type": "Feature", "properties": { "type": "lake-new", "rank": 104, "lake_id": 170072, "lake_elevation_m": 474.0, "new_site_elevation_m": 642.5, "new_site_water_level_m": 682.5, "head_m": 208.5, "distance_m": 2123.7, "direction": "higher", "volume_million_m3": 2.13, "basin_volume_million_m3": 3.343, "empirical_volume_million_m3": 1.747, "lake_volume_million_m3": 4.26, "limited_by_existing_lake": true, "surface_area_km2": 0.0836, "storage_mwh": 1028.8, "estimated_mw": 79.1, "score": 79.1389, "lh_ratio": 10.18, "lh_rank": 153, "implied_flow_m3_s": 45.5, "flow_limited": false, "basin_bounded": true, "wall_fraction": null, "unrealistic_dam_length_m": null, "flat_fraction": 1.0, "site_lake_id": null, "dam_start_lon": null, "dam_start_lat": null, "dam_end_lon": null, "dam_end_lat": null, "dam_height_m": 40.0, "dam_length_m": null, "concrete_volume_m3": null }, "geometry": { "type": "LineString", "coordinates": [ [ 24.810250295820801, 46.069194335937908 ], [ 24.828866327907225, 46.055153582554269 ] ] } },
{ "type": "Feature", "properties": { "type": "lake-new", "rank": 105, "lake_id": 168542, "lake_elevation_m": 104.0, "new_site_elevation_m": 196.1, "new_site_water_level_m": 236.1, "head_m": 132.1, "distance_m": 1534.2, "direction": "higher", "volume_million_m3": 3.36, "basin_volume_million_m3": 25.438, "empirical_volume_million_m3": 11.908, "lake_volume_million_m3": 6.72, "limited_by_existing_lake": true, "surface_area_km2": 0.636, "storage_mwh": 1028.5, "estimated_mw": 79.1, "score": 79.1123, "lh_ratio": 11.61, "lh_rank": 207, "implied_flow_m3_s": 71.8, "flow_limited": false, "basin_bounded": false, "wall_fraction": null, "unrealistic_dam_length_m": null, "flat_fraction": 1.0, "site_lake_id": null, "dam_start_lon": null, "dam_start_lat": null, "dam_end_lon": null, "dam_end_lat": null, "dam_height_m": 40.0, "dam_length_m": null, "concrete_volume_m3": null }, "geometry": { "type": "LineString", "coordinates": [ [ 26.695764676698595, 48.053173828125125 ], [ 26.697433502988797, 48.066910852519264 ] ] } },
{ "type": "Feature", "properties": { "type": "lake-new", "rank": 106, "lake_id": 170296, "lake_elevation_m": 7.5, "new_site_elevation_m": 124.8, "new_site_water_level_m": 164.8, "head_m": 157.3, "distance_m": 2103.9, "direction": "higher", "volume_million_m3": 2.735, "basin_volume_million_m3": 17.263, "empirical_volume_million_m3": 8.252, "lake_volume_million_m3": 5.47, "limited_by_existing_lake": true, "surface_area_km2": 0.4316, "storage_mwh": 996.3, "estimated_mw": 76.6, "score": 76.6358, "lh_ratio": 13.38, "lh_rank": 270, "implied_flow_m3_s": 58.4, "flow_limited": false, "basin_bounded": true, "wall_fraction": null, "unrealistic_dam_length_m": null, "flat_fraction": 1.0, "site_lake_id": null, "dam_start_lon": null, "dam_start_lat": null, "dam_end_lon": null, "dam_end_lat": null, "dam_height_m": 40.0, "dam_length_m": null, "concrete_volume_m3": null }, "geometry": { "type": "LineString", "coordinates": [ [ 28.103426666431545, 45.851153835720339 ], [ 28.076382266502872, 45.849613082336703 ] ] } },
{ "type": "Feature", "properties": { "type": "lake-new", "rank": 107, "lake_id": 1356750, "lake_elevation_m": 551.5, "new_site_elevation_m": 734.5, "new_site_water_level_m": 774.5, "head_m": 223.0, "distance_m": 1850.4, "direction": "higher", "volume_million_m3": 1.835, "basin_volume_million_m3": 11.156, "empirical_volume_million_m3": 5.46, "lake_volume_million_m3": 3.67, "limited_by_existing_lake": true, "surface_area_km2": 0.2789, "storage_mwh": 947.8, "estimated_mw": 72.9, "score": 72.9048, "lh_ratio": 8.3, "lh_rank": 81, "implied_flow_m3_s": 39.2, "flow_limited": false, "basin_bounded": true, "wall_fraction": null, "unrealistic_dam_length_m": null, "flat_fraction": 1.0, "site_lake_id": null, "dam_start_lon": null, "dam_start_lat": null, "dam_end_lon": null, "dam_end_lat": null, "dam_height_m": 40.0, "dam_length_m": null, "concrete_volume_m3": null }, "geometry": { "type": "LineString", "coordinates": [ [ 25.937107850158782, 45.884234754774155 ], [ 25.953092901646134, 45.896582890279404 ] ] } },
{ "type": "Feature", "properties": { "type": "lake-new", "rank": 108, "lake_id": 168879, "lake_elevation_m": 267.0, "new_site_elevation_m": 398.1, "new_site_water_level_m": 438.1, "head_m": 171.1, "distance_m": 2187.5, "direction": "higher", "volume_million_m3": 2.39, "basin_volume_million_m3": 15.145, "empirical_volume_million_m3": 7.291, "lake_volume_million_m3": 4.78, "limited_by_existing_lake": true, "surface_area_km2": 0.3786, "storage_mwh": 947.1, "estimated_mw": 72.9, "score": 72.852, "lh_ratio": 12.79, "lh_rank": 250, "implied_flow_m3_s": 51.1, "flow_limited": false, "basin_bounded": true, "wall_fraction": null, "unrealistic_dam_length_m": null, "flat_fraction": 1.0, "site_lake_id": null, "dam_start_lon": null, "dam_start_lat": null, "dam_end_lon": null, "dam_end_lat": null, "dam_height_m": 40.0, "dam_length_m": null, "concrete_volume_m3": null }, "geometry": { "type": "LineString", "coordinates": [ [ 26.280977937651269, 47.490145534939302 ], [ 26.283138795156027, 47.470549226000109 ] ] } },
{ "type": "Feature", "properties": { "type": "lake-new", "rank": 109, "lake_id": 169106, "lake_elevation_m": 62.5, "new_site_elevation_m": 155.7, "new_site_water_level_m": 195.7, "head_m": 133.2, "distance_m": 1316.3, "direction": "higher", "volume_million_m3": 3.0, "basin_volume_million_m3": 23.466, "empirical_volume_million_m3": 11.032, "lake_volume_million_m3": 6.0, "limited_by_existing_lake": true, "surface_area_km2": 0.5866, "storage_mwh": 925.7, "estimated_mw": 71.2, "score": 71.2047, "lh_ratio": 9.88, "lh_rank": 139, "implied_flow_m3_s": 64.1, "flow_limited": false, "basin_bounded": false, "wall_fraction": null, "unrealistic_dam_length_m": null, "flat_fraction": 1.0, "site_lake_id": null, "dam_start_lon": null, "dam_start_lat": null, "dam_end_lon": null, "dam_end_lat": null, "dam_height_m": 40.0, "dam_length_m": null, "concrete_volume_m3": null }, "geometry": { "type": "LineString", "coordinates": [ [ 27.531332818207435, 47.08241577148442 ], [ 27.536618524367178, 47.071152795878561 ] ] } },
{ "type": "Feature", "properties": { "type": "lake-new", "rank": 110, "lake_id": 168499, "lake_elevation_m": 119.9, "new_site_elevation_m": 198.9, "new_site_water_level_m": 238.9, "head_m": 119.0, "distance_m": 1921.0, "direction": "higher", "volume_million_m3": 3.355, "basin_volume_million_m3": 24.44, "empirical_volume_million_m3": 11.465, "lake_volume_million_m3": 6.71, "limited_by_existing_lake": true, "surface_area_km2": 0.611, "storage_mwh": 924.5, "estimated_mw": 71.1, "score": 71.1184, "lh_ratio": 16.15, "lh_rank": 330, "implied_flow_m3_s": 71.7, "flow_limited": false, "basin_bounded": false, "wall_fraction": null, "unrealistic_dam_length_m": null, "flat_fraction": 1.0, "site_lake_id": null, "dam_start_lon": null, "dam_start_lat": null, "dam_end_lon": null, "dam_end_lat": null, "dam_height_m": 40.0, "dam_length_m": null, "concrete_volume_m3": null }, "geometry": { "type": "LineString", "coordinates": [ [ 26.666478410421576, 48.110146755642404 ], [ 26.672263270001189, 48.093328224480992 ] ] } },
{ "type": "Feature", "properties": { "type": "lake-new", "rank": 111, "lake_id": 1359971, "lake_elevation_m": 220.5, "new_site_elevation_m": 344.9, "new_site_water_level_m": 384.9, "head_m": 164.4, "distance_m": 1386.7, "direction": "higher", "volume_million_m3": 2.4, "basin_volume_million_m3": 16.856, "empirical_volume_million_m3": 8.068, "lake_volume_million_m3": 4.8, "limited_by_existing_lake": true, "surface_area_km2": 0.4214, "storage_mwh": 913.8, "estimated_mw": 70.3, "score": 70.2922, "lh_ratio": 8.44, "lh_rank": 89, "implied_flow_m3_s": 51.3, "flow_limited": false, "basin_bounded": true, "wall_fraction": null, "unrealistic_dam_length_m": null, "flat_fraction": 1.0, "site_lake_id": null, "dam_start_lon": null, "dam_start_lat": null, "dam_end_lon": null, "dam_end_lat": null, "dam_height_m": 40.0, "dam_length_m": null, "concrete_volume_m3": null }, "geometry": { "type": "LineString", "coordinates": [ [ 23.27716110007858, 45.067579096870276 ], [ 23.268777444086012, 45.078538343486635 ] ] } },
{ "type": "Feature", "properties": { "type": "lake-new", "rank": 112, "lake_id": 1348914, "lake_elevation_m": 88.5, "new_site_elevation_m": 186.9, "new_site_water_level_m": 226.9, "head_m": 138.4, "distance_m": 1771.6, "direction": "higher", "volume_million_m3": 2.84, "basin_volume_million_m3": 25.464, "empirical_volume_million_m3": 11.919, "lake_volume_million_m3": 5.68, "limited_by_existing_lake": true, "surface_area_km2": 0.6366, "storage_mwh": 910.5, "estimated_mw": 70.0, "score": 70.0393, "lh_ratio": 12.8, "lh_rank": 251, "implied_flow_m3_s": 60.7, "flow_limited": false, "basin_bounded": false, "wall_fraction": null, "unrealistic_dam_length_m": null, "flat_fraction": 1.0, "site_lake_id": null, "dam_start_lon": null, "dam_start_lat": null, "dam_end_lon": null, "dam_end_lat": null, "dam_height_m": 40.0, "dam_length_m": null, "concrete_volume_m3": null }, "geometry": { "type": "LineString", "coordinates": [ [ 26.757058824928126, 47.740638902452361 ], [ 26.779835965412655, 47.736320371290944 ] ] } },
{ "type": "Feature", "properties": { "type": "lake-new", "rank": 113, "lake_id": 1361519, "lake_elevation_m": 12.0, "new_site_elevation_m": 110.5, "new_site_water_level_m": 150.5, "head_m": 138.5, "distance_m": 1512.5, "direction": "higher", "volume_million_m3": 2.835, "basin_volume_million_m3": 23.495, "empirical_volume_million_m3": 11.046, "lake_volume_million_m3": 5.67, "limited_by_existing_lake": true, "surface_area_km2": 0.5874, "storage_mwh": 909.7, "estimated_mw": 70.0, "score": 69.9784, "lh_ratio": 10.92, "lh_rank": 180, "implied_flow_m3_s": 60.6, "flow_limited": false, "basin_bounded": false, "wall_fraction": null, "unrealistic_dam_length_m": null, "flat_fraction": 1.0, "site_lake_id": null, "dam_start_lon": null, "dam_start_lat": null, "dam_end_lon": null, "dam_end_lat": null, "dam_height_m": 40.0, "dam_length_m": null, "concrete_volume_m3": null }, "geometry": { "type": "LineString", "coordinates": [ [ 28.116258757040576, 44.345905015733479 ], [ 28.105633136107947, 44.334642040127619 ] ] } },
{ "type": "Feature", "properties": { "type": "lake-new", "rank": 114, "lake_id": 1361871, "lake_elevation_m": 10.5, "new_site_elevation_m": 138.3, "new_site_water_level_m": 178.3, "head_m": 167.8, "distance_m": 1633.4, "direction": "higher", "volume_million_m3": 2.255, "basin_volume_million_m3": 16.039, "empirical_volume_million_m3": 7.698, "lake_volume_million_m3": 4.51, "limited_by_existing_lake": true, "surface_area_km2": 0.401, "storage_mwh": 876.3, "estimated_mw": 67.4, "score": 67.4087, "lh_ratio": 9.74, "lh_rank": 135, "implied_flow_m3_s": 48.2, "flow_limited": false, "basin_bounded": true, "wall_fraction": null, "unrealistic_dam_length_m": null, "flat_fraction": 1.0, "site_lake_id": null, "dam_start_lon": null, "dam_start_lat": null, "dam_end_lon": null, "dam_end_lat": null, "dam_height_m": 40.0, "dam_length_m": null, "concrete_volume_m3": null }, "geometry": { "type": "LineString", "coordinates": [ [ 27.645148338343493, 44.105022820366742 ], [ 27.665252682726543, 44.107648733649768 ] ] } },
{ "type": "Feature", "properties": { "type": "lake-new", "rank": 115, "lake_id": 1354086, "lake_elevation_m": 853.0, "new_site_elevation_m": 1051.4, "new_site_water_level_m": 1091.4, "head_m": 238.4, "distance_m": 2518.5, "direction": "higher", "volume_million_m3": 1.58, "basin_volume_million_m3": 1.66, "empirical_volume_million_m3": 0.901, "lake_volume_million_m3": 3.16, "limited_by_existing_lake": true, "surface_area_km2": 0.0415, "storage_mwh": 872.6, "estimated_mw": 67.1, "score": 67.1237, "lh_ratio": 10.56, "lh_rank": 167, "implied_flow_m3_s": 33.8, "flow_limited": false, "basin_bounded": true, "wall_fraction": null, "unrealistic_dam_length_m": null, "flat_fraction": 1.0, "site_lake_id": null, "dam_start_lon": null, "dam_start_lat": null, "dam_end_lon": null, "dam_end_lat": null, "dam_height_m": 40.0, "dam_length_m": null, "concrete_volume_m3": null }, "geometry": { "type": "LineString", "coordinates": [ [ 25.886117225719296, 46.44596923828118 ], [ 25.869707503583275, 46.426372929341987 ] ] } },
{ "type": "Feature", "properties": { "type": "lake-new", "rank": 116, "lake_id": 1353496, "lake_elevation_m": 291.0, "new_site_elevation_m": 443.5, "new_site_water_level_m": 483.5, "head_m": 192.6, "distance_m": 1982.6, "direction": "higher", "volume_million_m3": 1.945, "basin_volume_million_m3": 13.3, "empirical_volume_million_m3": 6.448, "lake_volume_million_m3": 3.89, "limited_by_existing_lake": true, "surface_area_km2": 0.3325, "storage_mwh": 867.5, "estimated_mw": 66.7, "score": 66.7292, "lh_ratio": 10.3, "lh_rank": 158, "implied_flow_m3_s": 41.6, "flow_limited": false, "basin_bounded": true, "wall_fraction": null, "unrealistic_dam_length_m": null, "flat_fraction": 1.0, "site_lake_id": null, "dam_start_lon": null, "dam_start_lat": null, "dam_end_lon": null, "dam_end_lat": null, "dam_height_m": 40.0, "dam_length_m": null, "concrete_volume_m3": null }, "geometry": { "type": "LineString", "coordinates": [ [ 24.092667885882122, 46.587642957899646 ], [ 24.117809112422542, 46.58332442673823 ] ] } },
{ "type": "Feature", "properties": { "type": "lake-new", "rank": 117, "lake_id": 1361045, "lake_elevation_m": 65.0, "new_site_elevation_m": 431.6, "new_site_water_level_m": 471.6, "head_m": 406.6, "distance_m": 2778.2, "direction": "higher", "volume_million_m3": 0.915, "basin_volume_million_m3": 2.014, "empirical_volume_million_m3": 1.081, "lake_volume_million_m3": 1.83, "limited_by_existing_lake": true, "surface_area_km2": 0.0503, "storage_mwh": 861.7, "estimated_mw": 66.3, "score": 66.2851, "lh_ratio": 6.83, "lh_rank": 31, "implied_flow_m3_s": 19.6, "flow_limited": false, "basin_bounded": true, "wall_fraction": null, "unrealistic_dam_length_m": null, "flat_fraction": 1.0, "site_lake_id": null, "dam_start_lon": null, "dam_start_lat": null, "dam_end_lon": null, "dam_end_lat": null, "dam_height_m": 40.0, "dam_length_m": null, "concrete_volume_m3": null }, "geometry": { "type": "LineString", "coordinates": [ [ 22.284202891549125, 44.647349310981809 ], [ 22.299744800602284, 44.624975224264837 ] ] } },
{ "type": "Feature", "properties": { "type": "lake-new", "rank": 118, "lake_id": 1351165, "lake_elevation_m": 57.0, "new_site_elevation_m": 147.9, "new_site_water_level_m": 187.9, "head_m": 130.9, "distance_m": 1143.9, "direction": "higher", "volume_million_m3": 2.71, "basin_volume_million_m3": 23.093, "empirical_volume_million_m3": 10.867, "lake_volume_million_m3": 5.42, "limited_by_existing_lake": true, "surface_area_km2": 0.5773, "storage_mwh": 821.9, "estimated_mw": 63.2, "score": 63.2229, "lh_ratio": 8.74, "lh_rank": 96, "implied_flow_m3_s": 57.9, "flow_limited": false, "basin_bounded": false, "wall_fraction": null, "unrealistic_dam_length_m": null, "flat_fraction": 1.0, "site_lake_id": null, "dam_start_lon": null, "dam_start_lat": null, "dam_end_lon": null, "dam_end_lat": null, "dam_height_m": 40.0, "dam_length_m": null, "concrete_volume_m3": null }, "geometry": { "type": "LineString", "coordinates": [ [ 27.41006009727413, 47.160746256510436 ], [ 27.425001939058497, 47.159205503126799 ] ] } },
{ "type": "Feature", "properties": { "type": "lake-new", "rank": 119, "lake_id": 171530, "lake_elevation_m": 8.5, "new_site_elevation_m": 105.6, "new_site_water_level_m": 145.6, "head_m": 137.1, "distance_m": 2113.7, "direction": "higher", "volume_million_m3": 2.54, "basin_volume_million_m3": 13.245, "empirical_volume_million_m3": 6.423, "lake_volume_million_m3": 5.08, "limited_by_existing_lake": true, "surface_area_km2": 0.3311, "storage_mwh": 806.6, "estimated_mw": 62.0, "score": 62.0491, "lh_ratio": 15.42, "lh_rank": 316, "implied_flow_m3_s": 54.3, "flow_limited": false, "basin_bounded": true, "wall_fraction": null, "unrealistic_dam_length_m": null, "flat_fraction": 1.0, "site_lake_id": null, "dam_start_lon": null, "dam_start_lat": null, "dam_end_lon": null, "dam_end_lat": null, "dam_height_m": 40.0, "dam_length_m": null, "concrete_volume_m3": null }, "geometry": { "type": "LineString", "coordinates": [ [ 27.769369293604445, 44.192633904351084 ], [ 27.747743789040904, 44.203593150967443 ] ] } },
{ "type": "Feature", "properties": { "type": "lake-new", "rank": 120, "lake_id": 1357922, "lake_elevation_m": 385.0, "new_site_elevation_m": 538.1, "new_site_water_level_m": 578.1, "head_m": 193.1, "distance_m": 2518.6, "direction": "higher", "volume_million_m3": 1.77, "basin_volume_million_m3": 3.99, "empirical_volume_million_m3": 2.065, "lake_volume_million_m3": 3.54, "limited_by_existing_lake": true, "surface_area_km2": 0.0998, "storage_mwh": 791.7, "estimated_mw": 60.9, "score": 60.9003, "lh_ratio": 13.04, "lh_rank": 262, "implied_flow_m3_s": 37.8, "flow_limited": false, "basin_bounded": true, "wall_fraction": null, "unrealistic_dam_length_m": null, "flat_fraction": 1.0, "site_lake_id": null, "dam_start_lon": null, "dam_start_lat": null, "dam_end_lon": null, "dam_end_lat": null, "dam_height_m": 40.0, "dam_length_m": null, "concrete_volume_m3": null }, "geometry": { "type": "LineString", "coordinates": [ [ 22.889962304165962, 45.555818956163506 ], [ 22.902037830558267, 45.534833758335424 ] ] } },
{ "type": "Feature", "properties": { "type": "lake-new", "rank": 121, "lake_id": 1361624, "lake_elevation_m": 6.0, "new_site_elevation_m": 100.9, "new_site_water_level_m": 140.9, "head_m": 134.9, "distance_m": 2027.5, "direction": "higher", "volume_million_m3": 2.43, "basin_volume_million_m3": 20.788, "empirical_volume_million_m3": 9.838, "lake_volume_million_m3": 4.86, "limited_by_existing_lake": true, "surface_area_km2": 0.5197, "storage_mwh": 759.4, "estimated_mw": 58.4, "score": 58.4155, "lh_ratio": 15.03, "lh_rank": 308, "implied_flow_m3_s": 51.9, "flow_limited": false, "basin_bounded": true, "wall_fraction": null, "unrealistic_dam_length_m": null, "flat_fraction": 1.0, "site_lake_id": null, "dam_start_lon": null, "dam_start_lat": null, "dam_end_lon": null, "dam_end_lat": null, "dam_height_m": 40.0, "dam_length_m": null, "concrete_volume_m3": null }, "geometry": { "type": "LineString", "coordinates": [ [ 28.092525045810572, 44.267285122341519 ], [ 28.116678811443663, 44.261577702291213 ] ] } },
{ "type": "Feature", "properties": { "type": "lake-new", "rank": 122, "lake_id": 170394, "lake_elevation_m": 519.5, "new_site_elevation_m": 648.8, "new_site_water_level_m": 688.8, "head_m": 169.3, "distance_m": 2917.4, "direction": "higher", "volume_million_m3": 1.925, "basin_volume_million_m3": 4.029, "empirical_volume_million_m3": 2.084, "lake_volume_million_m3": 3.85, "limited_by_existing_lake": true, "surface_area_km2": 0.1007, "storage_mwh": 755.0, "estimated_mw": 58.1, "score": 58.0763, "lh_ratio": 17.23, "lh_rank": 351, "implied_flow_m3_s": 41.1, "flow_limited": false, "basin_bounded": true, "wall_fraction": null, "unrealistic_dam_length_m": null, "flat_fraction": 1.0, "site_lake_id": null, "dam_start_lon": null, "dam_start_lat": null, "dam_end_lon": null, "dam_end_lat": null, "dam_height_m": 40.0, "dam_length_m": null, "concrete_volume_m3": null }, "geometry": { "type": "LineString", "coordinates": [ [ 25.460614416287825, 45.763689100477393 ], [ 25.426694370686306, 45.752426124871533 ] ] } },
{ "type": "Feature", "properties": { "type": "lake-new", "rank": 123, "lake_id": 1360036, "lake_elevation_m": 63.5, "new_site_elevation_m": 229.1, "new_site_water_level_m": 269.1, "head_m": 205.6, "distance_m": 2645.1, "direction": "higher", "volume_million_m3": 1.545, "basin_volume_million_m3": 11.864, "empirical_volume_million_m3": 5.788, "lake_volume_million_m3": 3.09, "limited_by_existing_lake": true, "surface_area_km2": 0.2966, "storage_mwh": 735.6, "estimated_mw": 56.6, "score": 56.5877, "lh_ratio": 12.87, "lh_rank": 257, "implied_flow_m3_s": 33.0, "flow_limited": false, "basin_bounded": true, "wall_fraction": null, "unrealistic_dam_length_m": null, "flat_fraction": 1.0, "site_lake_id": null, "dam_start_lon": null, "dam_start_lat": null, "dam_end_lon": null, "dam_end_lat": null, "dam_height_m": 40.0, "dam_length_m": null, "concrete_volume_m3": null }, "geometry": { "type": "LineString", "coordinates": [ [ 28.426119432965262, 45.042691514756797 ], [ 28.395532371083302, 45.032817428039827 ] ] } },
{ "type": "Feature", "properties": { "type": "lake-new", "rank": 124, "lake_id": 1349264, "lake_elevation_m": 83.0, "new_site_elevation_m": 167.5, "new_site_water_level_m": 207.5, "head_m": 124.5, "distance_m": 1021.4, "direction": "higher", "volume_million_m3": 2.51, "basin_volume_million_m3": 21.71, "empirical_volume_million_m3": 10.25, "lake_volume_million_m3": 5.02, "limited_by_existing_lake": true, "surface_area_km2": 0.5428, "storage_mwh": 723.6, "estimated_mw": 55.7, "score": 55.6592, "lh_ratio": 8.21, "lh_rank": 77, "implied_flow_m3_s": 53.6, "flow_limited": false, "basin_bounded": false, "wall_fraction": null, "unrealistic_dam_length_m": null, "flat_fraction": 1.0, "site_lake_id": null, "dam_start_lon": null, "dam_start_lat": null, "dam_end_lon": null, "dam_end_lat": null, "dam_height_m": 40.0, "dam_length_m": null, "concrete_volume_m3": null }, "geometry": { "type": "LineString", "coordinates": [ [ 26.907241469177976, 47.674166395399396 ], [ 26.913409828353878, 47.682347864237983 ] ] } },
{ "type": "Feature", "properties": { "type": "lake-new", "rank": 125, "lake_id": 170888, "lake_elevation_m": 1.0, "new_site_elevation_m": 124.8, "new_site_water_level_m": 164.8, "head_m": 163.8, "distance_m": 2999.4, "direction": "higher", "volume_million_m3": 1.9, "basin_volume_million_m3": 8.512, "empirical_volume_million_m3": 4.228, "lake_volume_million_m3": 3.8, "limited_by_existing_lake": true, "surface_area_km2": 0.2128, "storage_mwh": 720.7, "estimated_mw": 55.4, "score": 55.4404, "lh_ratio": 18.31, "lh_rank": 366, "implied_flow_m3_s": 40.6, "flow_limited": false, "basin_bounded": true, "wall_fraction": null, "unrealistic_dam_length_m": null, "flat_fraction": 1.0, "site_lake_id": null, "dam_start_lon": null, "dam_start_lat": null, "dam_end_lon": null, "dam_end_lat": null, "dam_height_m": 40.0, "dam_length_m": null, "concrete_volume_m3": null }, "geometry": { "type": "LineString", "coordinates": [ [ 28.589200023435474, 45.225648328992946 ], [ 28.602918506051573, 45.200496464498201 ] ] } },
{ "type": "Feature", "properties": { "type": "lake-new", "rank": 126, "lake_id": 170828, "lake_elevation_m": 1.0, "new_site_elevation_m": 140.5, "new_site_water_level_m": 180.5, "head_m": 179.5, "distance_m": 2963.8, "direction": "higher", "volume_million_m3": 1.72, "basin_volume_million_m3": 4.575, "empirical_volume_million_m3": 2.35, "lake_volume_million_m3": 3.44, "limited_by_existing_lake": true, "surface_area_km2": 0.1144, "storage_mwh": 715.1, "estimated_mw": 55.0, "score": 55.0059, "lh_ratio": 16.51, "lh_rank": 339, "implied_flow_m3_s": 36.8, "flow_limited": false, "basin_bounded": true, "wall_fraction": null, "unrealistic_dam_length_m": null, "flat_fraction": 1.0, "site_lake_id": null, "dam_start_lon": null, "dam_start_lat": null, "dam_end_lon": null, "dam_end_lat": null, "dam_height_m": 40.0, "dam_length_m": null, "concrete_volume_m3": null }, "geometry": { "type": "LineString", "coordinates": [ [ 28.368649526200485, 45.287649739583173 ], [ 28.365653967634518, 45.261108986199538 ] ] } },
{ "type": "Feature", "properties": { "type": "lake-new", "rank": 127, "lake_id": 1350192, "lake_elevation_m": 45.3, "new_site_elevation_m": 166.1, "new_site_water_level_m": 206.1, "head_m": 160.8, "distance_m": 2208.6, "direction": "higher", "volume_million_m3": 1.855, "basin_volume_million_m3": 16.666, "empirical_volume_million_m3": 7.982, "lake_volume_million_m3": 3.71, "limited_by_existing_lake": true, "surface_area_km2": 0.4166, "storage_mwh": 690.9, "estimated_mw": 53.1, "score": 53.1462, "lh_ratio": 13.73, "lh_rank": 283, "implied_flow_m3_s": 39.6, "flow_limited": false, "basin_bounded": true, "wall_fraction": null, "unrealistic_dam_length_m": null, "flat_fraction": 1.0, "site_lake_id": null, "dam_start_lon": null, "dam_start_lat": null, "dam_end_lon": null, "dam_end_lat": null, "dam_height_m": 40.0, "dam_length_m": null, "concrete_volume_m3": null }, "geometry": { "type": "LineString", "coordinates": [ [ 27.35292045621059, 47.420798882378534 ], [ 27.377363105923116, 47.431758128994893 ] ] } },
{ "type": "Feature", "properties": { "type": "lake-new", "rank": 128, "lake_id": 14269, "lake_elevation_m": 155.0, "new_site_elevation_m": 223.5, "new_site_water_level_m": 263.5, "head_m": 108.5, "distance_m": 2670.3, "direction": "higher", "volume_million_m3": 2.636, "basin_volume_million_m3": 2.636, "empirical_volume_million_m3": 1.395, "lake_volume_million_m3": 40.0, "limited_by_existing_lake": false, "surface_area_km2": 0.0659, "storage_mwh": 662.7, "estimated_mw": 51.0, "score": 50.978, "lh_ratio": 24.6, "lh_rank": 414, "implied_flow_m3_s": 56.3, "flow_limited": false, "basin_bounded": true, "wall_fraction": null, "unrealistic_dam_length_m": null, "flat_fraction": 1.0, "site_lake_id": null, "dam_start_lon": null, "dam_start_lat": null, "dam_end_lon": null, "dam_end_lat": null, "dam_height_m": 40.0, "dam_length_m": null, "concrete_volume_m3": null }, "geometry": { "type": "LineString", "coordinates": [ [ 24.276599654274875, 44.720542599463613 ], [ 24.244865066610899, 44.728724068302199 ] ] } },
{ "type": "Feature", "properties": { "type": "lake-new", "rank": 129, "lake_id": 1354314, "lake_elevation_m": 105.5, "new_site_elevation_m": 331.3, "new_site_water_level_m": 371.3, "head_m": 265.8, "distance_m": 2214.5, "direction": "higher", "volume_million_m3": 1.065, "basin_volume_million_m3": 12.663, "empirical_volume_million_m3": 6.156, "lake_volume_million_m3": 2.13, "limited_by_existing_lake": true, "surface_area_km2": 0.3166, "storage_mwh": 655.8, "estimated_mw": 50.4, "score": 50.4454, "lh_ratio": 8.33, "lh_rank": 83, "implied_flow_m3_s": 22.8, "flow_limited": false, "basin_bounded": true, "wall_fraction": null, "unrealistic_dam_length_m": null, "flat_fraction": 1.0, "site_lake_id": null, "dam_start_lon": null, "dam_start_lat": null, "dam_end_lon": null, "dam_end_lat": null, "dam_height_m": 40.0, "dam_length_m": null, "concrete_volume_m3": null }, "geometry": { "type": "LineString", "coordinates": [ [ 27.543040310089395, 46.388337673611034 ], [ 27.516955189155016, 46.379852475782954 ] ] } },
{ "type": "Feature", "properties": { "type": "lake-new", "rank": 130, "lake_id": 1353368, "lake_elevation_m": 846.9, "new_site_elevation_m": 1063.7, "new_site_water_level_m": 1103.7, "head_m": 256.7, "distance_m": 2695.3, "direction": "higher", "volume_million_m3": 1.095, "basin_volume_million_m3": 8.933, "empirical_volume_million_m3": 4.425, "lake_volume_million_m3": 2.19, "limited_by_existing_lake": true, "surface_area_km2": 0.2233, "storage_mwh": 651.2, "estimated_mw": 50.1, "score": 50.0918, "lh_ratio": 10.5, "lh_rank": 166, "implied_flow_m3_s": 23.4, "flow_limited": false, "basin_bounded": true, "wall_fraction": null, "unrealistic_dam_length_m": null, "flat_fraction": 1.0, "site_lake_id": null, "dam_start_lon": null, "dam_start_lat": null, "dam_end_lon": null, "dam_end_lat": null, "dam_height_m": 40.0, "dam_length_m": null, "concrete_volume_m3": null }, "geometry": { "type": "LineString", "coordinates": [ [ 25.785989419852527, 46.614586724175325 ], [ 25.809719650828132, 46.632490415236134 ] ] } },
{ "type": "Feature", "properties": { "type": "lake-new", "rank": 131, "lake_id": 1352046, "lake_elevation_m": 364.0, "new_site_elevation_m": 435.0, "new_site_water_level_m": 475.0, "head_m": 111.0, "distance_m": 798.4, "direction": "higher", "volume_million_m3": 2.49, "basin_volume_million_m3": 6.008, "empirical_volume_million_m3": 3.041, "lake_volume_million_m3": 4.98, "limited_by_existing_lake": true, "surface_area_km2": 0.1502, "storage_mwh": 640.3, "estimated_mw": 49.3, "score": 49.2525, "lh_ratio": 7.19, "lh_rank": 46, "implied_flow_m3_s": 53.2, "flow_limited": false, "basin_bounded": true, "wall_fraction": null, "unrealistic_dam_length_m": null, "flat_fraction": 1.0, "site_lake_id": null, "dam_start_lon": null, "dam_start_lat": null, "dam_end_lon": null, "dam_end_lat": null, "dam_height_m": 40.0, "dam_length_m": null, "concrete_volume_m3": null }, "geometry": { "type": "LineString", "coordinates": [ [ 26.20144300995927, 46.923143174913179 ], [ 26.199917793249856, 46.916046865973989 ] ] } },
{ "type": "Feature", "properties": { "type": "lake-new", "rank": 132, "lake_id": 170936, "lake_elevation_m": 1.5, "new_site_elevation_m": 66.2, "new_site_water_level_m": 106.2, "head_m": 104.7, "distance_m": 2865.4, "direction": "higher", "volume_million_m3": 2.605, "basin_volume_million_m3": 20.652, "empirical_volume_million_m3": 9.777, "lake_volume_million_m3": 5.21, "limited_by_existing_lake": true, "surface_area_km2": 0.5163, "storage_mwh": 631.5, "estimated_mw": 48.6, "score": 48.579, "lh_ratio": 27.38, "lh_rank": 432, "implied_flow_m3_s": 55.7, "flow_limited": false, "basin_bounded": true, "wall_fraction": null, "unrealistic_dam_length_m": null, "flat_fraction": 1.0, "site_lake_id": null, "dam_start_lon": null, "dam_start_lat": null, "dam_end_lon": null, "dam_end_lat": null, "dam_height_m": 40.0, "dam_length_m": null, "concrete_volume_m3": null }, "geometry": { "type": "LineString", "coordinates": [ [ 28.744468124461143, 45.178838161892202 ], [ 28.772111161012351, 45.162019630730789 ] ] } },
{ "type": "Feature", "properties": { "type": "lake-new", "rank": 133, "lake_id": 1360569, "lake_elevation_m": 263.0, "new_site_elevation_m": 343.1, "new_site_water_level_m": 383.1, "head_m": 120.1, "distance_m": 2953.8, "direction": "higher", "volume_million_m3": 2.25, "basin_volume_million_m3": 12.174, "empirical_volume_million_m3": 5.93, "lake_volume_million_m3": 4.5, "limited_by_existing_lake": true, "surface_area_km2": 0.3043, "storage_mwh": 625.7, "estimated_mw": 48.1, "score": 48.1275, "lh_ratio": 24.6, "lh_rank": 415, "implied_flow_m3_s": 48.1, "flow_limited": false, "basin_bounded": true, "wall_fraction": null, "unrealistic_dam_length_m": null, "flat_fraction": 1.0, "site_lake_id": null, "dam_start_lon": null, "dam_start_lat": null, "dam_end_lon": null, "dam_end_lat": null, "dam_height_m": 40.0, "dam_length_m": null, "concrete_volume_m3": null }, "geometry": { "type": "LineString", "coordinates": [ [ 24.890996693971225, 44.854783223470974 ], [ 24.853606467688333, 44.856020247865118 ] ] } },
{ "type": "Feature", "properties": { "type": "lake-new", "rank": 134, "lake_id": 1361485, "lake_elevation_m": 8.0, "new_site_elevation_m": 87.4, "new_site_water_level_m": 127.4, "head_m": 119.4, "distance_m": 1222.2, "direction": "higher", "volume_million_m3": 2.255, "basin_volume_million_m3": 16.648, "empirical_volume_million_m3": 7.974, "lake_volume_million_m3": 4.51, "limited_by_existing_lake": true, "surface_area_km2": 0.4162, "storage_mwh": 623.9, "estimated_mw": 48.0, "score": 47.9894, "lh_ratio": 10.23, "lh_rank": 156, "implied_flow_m3_s": 48.2, "flow_limited": false, "basin_bounded": true, "wall_fraction": null, "unrealistic_dam_length_m": null, "flat_fraction": 1.0, "site_lake_id": null, "dam_start_lon": null, "dam_start_lat": null, "dam_end_lon": null, "dam_end_lat": null, "dam_height_m": 40.0, "dam_length_m": null, "concrete_volume_m3": null }, "geometry": { "type": "LineString", "coordinates": [ [ 28.074078930082372, 44.379598592122392 ], [ 28.073150961266407, 44.390557838738751 ] ] } },
{ "type": "Feature", "properties": { "type": "lake-new", "rank": 135, "lake_id": 170228, "lake_elevation_m": 114.0, "new_site_elevation_m": 179.0, "new_site_water_level_m": 219.0, "head_m": 105.0, "distance_m": 2960.9, "direction": "higher", "volume_million_m3": 2.56, "basin_volume_million_m3": 23.062, "empirical_volume_million_m3": 10.853, "lake_volume_million_m3": 5.12, "limited_by_existing_lake": true, "surface_area_km2": 0.5766, "storage_mwh": 622.7, "estimated_mw": 47.9, "score": 47.8997, "lh_ratio": 28.19, "lh_rank": 436, "implied_flow_m3_s": 54.7, "flow_limited": false, "basin_bounded": false, "wall_fraction": null, "unrealistic_dam_length_m": null, "flat_fraction": 1.0, "site_lake_id": null, "dam_start_lon": null, "dam_start_lat": null, "dam_end_lon": null, "dam_end_lat": null, "dam_height_m": 40.0, "dam_length_m": null, "concrete_volume_m3": null }, "geometry": { "type": "LineString", "coordinates": [ [ 21.341706479023706, 45.935322129991675 ], [ 21.33542890536102, 45.961559154385817 ] ] } },
{ "type": "Feature", "properties": { "type": "lake-new", "rank": 136, "lake_id": 1358443, "lake_elevation_m": 6.6, "new_site_elevation_m": 73.6, "new_site_water_level_m": 113.6, "head_m": 107.0, "distance_m": 2341.6, "direction": "higher", "volume_million_m3": 2.51, "basin_volume_million_m3": 13.926, "empirical_volume_million_m3": 6.735, "lake_volume_million_m3": 5.02, "limited_by_existing_lake": true, "surface_area_km2": 0.3481, "storage_mwh": 621.9, "estimated_mw": 47.8, "score": 47.835, "lh_ratio": 21.89, "lh_rank": 396, "implied_flow_m3_s": 53.6, "flow_limited": false, "basin_bounded": true, "wall_fraction": null, "unrealistic_dam_length_m": null, "flat_fraction": 1.0, "site_lake_id": null, "dam_start_lon": null, "dam_start_lat": null, "dam_end_lon": null, "dam_end_lat": null, "dam_height_m": 40.0, "dam_length_m": null, "concrete_volume_m3": null }, "geometry": { "type": "LineString", "coordinates": [ [ 27.940820434025163, 45.448902723524213 ], [ 27.968256494273181, 45.440417525696134 ] ] } },
{ "type": "Feature", "properties": { "type": "lake-new", "rank": 137, "lake_id": 1354178, "lake_elevation_m": 26.5, "new_site_elevation_m": 125.5, "new_site_water_level_m": 165.5, "head_m": 139.0, "distance_m": 1099.6, "direction": "higher", "volume_million_m3": 1.925, "basin_volume_million_m3": 18.558, "empirical_volume_million_m3": 8.836, "lake_volume_million_m3": 3.85, "limited_by_existing_lake": true, "surface_area_km2": 0.4639, "storage_mwh": 619.8, "estimated_mw": 47.7, "score": 47.6739, "lh_ratio": 7.91, "lh_rank": 68, "implied_flow_m3_s": 41.1, "flow_limited": false, "basin_bounded": true, "wall_fraction": null, "unrealistic_dam_length_m": null, "flat_fraction": 1.0, "site_lake_id": null, "dam_start_lon": null, "dam_start_lat": null, "dam_end_lon": null, "dam_end_lat": null, "dam_height_m": 40.0, "dam_length_m": null, "concrete_volume_m3": null }, "geometry": { "type": "LineString", "coordinates": [ [ 28.149166683765319, 46.43307128906244 ], [ 28.163323008765477, 46.431530535678803 ] ] } },
{ "type": "Feature", "properties": { "type": "lake-new", "rank": 138, "lake_id": 1354603, "lake_elevation_m": 140.0, "new_site_elevation_m": 329.6, "new_site_water_level_m": 369.6, "head_m": 229.6, "distance_m": 2182.1, "direction": "higher", "volume_million_m3": 1.155, "basin_volume_million_m3": 20.231, "empirical_volume_million_m3": 9.588, "lake_volume_million_m3": 2.31, "limited_by_existing_lake": true, "surface_area_km2": 0.5058, "storage_mwh": 614.2, "estimated_mw": 47.2, "score": 47.2471, "lh_ratio": 9.5, "lh_rank": 127, "implied_flow_m3_s": 24.7, "flow_limited": false, "basin_bounded": true, "wall_fraction": null, "unrealistic_dam_length_m": null, "flat_fraction": 1.0, "site_lake_id": null, "dam_start_lon": null, "dam_start_lat": null, "dam_end_lon": null, "dam_end_lat": null, "dam_height_m": 40.0, "dam_length_m": null, "concrete_volume_m3": null }, "geometry": { "type": "LineString", "coordinates": [ [ 27.394224529010032, 46.327847493489514 ], [ 27.422355066312221, 46.330473406772541 ] ] } },
{ "type": "Feature", "properties": { "type": "lake-new", "rank": 139, "lake_id": 1350989, "lake_elevation_m": 58.0, "new_site_elevation_m": 201.3, "new_site_water_level_m": 241.3, "head_m": 183.3, "distance_m": 1509.1, "direction": "higher", "volume_million_m3": 1.44, "basin_volume_million_m3": 8.572, "empirical_volume_million_m3": 4.256, "lake_volume_million_m3": 2.88, "limited_by_existing_lake": true, "surface_area_km2": 0.2143, "storage_mwh": 611.5, "estimated_mw": 47.0, "score": 47.0393, "lh_ratio": 8.23, "lh_rank": 79, "implied_flow_m3_s": 30.8, "flow_limited": false, "basin_bounded": true, "wall_fraction": null, "unrealistic_dam_length_m": null, "flat_fraction": 1.0, "site_lake_id": null, "dam_start_lon": null, "dam_start_lat": null, "dam_end_lon": null, "dam_end_lat": null, "dam_height_m": 40.0, "dam_length_m": null, "concrete_volume_m3": null }, "geometry": { "type": "LineString", "coordinates": [ [ 27.588832301696655, 47.221134168836784 ], [ 27.569000782079382, 47.219593415453147 ] ] } },
{ "type": "Feature", "properties": { "type": "lake-new", "rank": 140, "lake_id": 1354102, "lake_elevation_m": 162.5, "new_site_elevation_m": 288.8, "new_site_water_level_m": 328.8, "head_m": 166.3, "distance_m": 1173.0, "direction": "higher", "volume_million_m3": 1.565, "basin_volume_million_m3": 17.049, "empirical_volume_million_m3": 8.155, "lake_volume_million_m3": 3.13, "limited_by_existing_lake": true, "surface_area_km2": 0.4262, "storage_mwh": 603.0, "estimated_mw": 46.4, "score": 46.3838, "lh_ratio": 7.05, "lh_rank": 41, "implied_flow_m3_s": 33.4, "flow_limited": false, "basin_bounded": true, "wall_fraction": null, "unrealistic_dam_length_m": null, "flat_fraction": 1.0, "site_lake_id": null, "dam_start_lon": null, "dam_start_lat": null, "dam_end_lon": null, "dam_end_lat": null, "dam_height_m": 40.0, "dam_length_m": null, "concrete_volume_m3": null }, "geometry": { "type": "LineString", "coordinates": [ [ 27.08082105628656, 46.45203735351555 ], [ 27.09496195122253, 46.456052155687466 ] ] } },
{ "type": "Feature", "properties": { "type": "lake-new", "rank": 141, "lake_id": 1359893, "lake_elevation_m": 416.0, "new_site_elevation_m": 585.3, "new_site_water_level_m": 625.3, "head_m": 209.3, "distance_m": 2483.6, "direction": "higher", "volume_million_m3": 1.24, "basin_volume_million_m3": 1.242, "empirical_volume_million_m3": 0.685, "lake_volume_million_m3": 2.48, "limited_by_existing_lake": true, "surface_area_km2": 0.0311, "storage_mwh": 601.1, "estimated_mw": 46.2, "score": 46.2349, "lh_ratio": 11.87, "lh_rank": 217, "implied_flow_m3_s": 26.5, "flow_limited": false, "basin_bounded": true, "wall_fraction": null, "unrealistic_dam_length_m": null, "flat_fraction": 1.0, "site_lake_id": null, "dam_start_lon": null, "dam_start_lat": null, "dam_end_lon": null, "dam_end_lat": null, "dam_height_m": 40.0, "dam_length_m": null, "concrete_volume_m3": null }, "geometry": { "type": "LineString", "coordinates": [ [ 25.426759302460137, 45.090964898003278 ], [ 25.453080165406547, 45.103313033508527 ] ] } },
{ "type": "Feature", "properties": { "type": "lake-new", "rank": 142, "lake_id": 1350868, "lake_elevation_m": 72.5, "new_site_elevation_m": 167.4, "new_site_water_level_m": 207.4, "head_m": 134.9, "distance_m": 1371.4, "direction": "higher", "volume_million_m3": 1.845, "basin_volume_million_m3": 11.71, "empirical_volume_million_m3": 5.717, "lake_volume_million_m3": 3.69, "limited_by_existing_lake": true, "surface_area_km2": 0.2928, "storage_mwh": 576.3, "estimated_mw": 44.3, "score": 44.3319, "lh_ratio": 10.17, "lh_rank": 152, "implied_flow_m3_s": 39.4, "flow_limited": false, "basin_bounded": true, "wall_fraction": null, "unrealistic_dam_length_m": null, "flat_fraction": 1.0, "site_lake_id": null, "dam_start_lon": null, "dam_start_lat": null, "dam_end_lon": null, "dam_end_lat": null, "dam_height_m": 40.0, "dam_length_m": null, "concrete_volume_m3": null }, "geometry": { "type": "LineString", "coordinates": [ [ 27.132469046197155, 47.24417521158864 ], [ 27.125117970512335, 47.232912235982781 ] ] } },
{ "type": "Feature", "properties": { "type": "lake-new", "rank": 143, "lake_id": 1356514, "lake_elevation_m": 251.5, "new_site_elevation_m": 400.8, "new_site_water_level_m": 440.8, "head_m": 189.3, "distance_m": 2988.6, "direction": "higher", "volume_million_m3": 1.31, "basin_volume_million_m3": 2.261, "empirical_volume_million_m3": 1.206, "lake_volume_million_m3": 2.62, "limited_by_existing_lake": true, "surface_area_km2": 0.0565, "storage_mwh": 574.5, "estimated_mw": 44.2, "score": 44.1888, "lh_ratio": 15.79, "lh_rank": 322, "implied_flow_m3_s": 28.0, "flow_limited": false, "basin_bounded": true, "wall_fraction": null, "unrealistic_dam_length_m": null, "flat_fraction": 1.0, "site_lake_id": null, "dam_start_lon": null, "dam_start_lat": null, "dam_end_lon": null, "dam_end_lat": null, "dam_height_m": 40.0, "dam_length_m": null, "concrete_volume_m3": null }, "geometry": { "type": "LineString", "coordinates": [ [ 22.817772130227194, 45.942152370877039 ], [ 22.803155813184073, 45.967000506382291 ] ] } },
{ "type": "Feature", "properties": { "type": "lake-new", "rank": 144, "lake_id": 1353163, "lake_elevation_m": 309.5, "new_site_elevation_m": 435.3, "new_site_water_level_m": 475.3, "head_m": 165.8, "distance_m": 1919.8, "direction": "higher", "volume_million_m3": 1.46, "basin_volume_million_m3": 11.184, "empirical_volume_million_m3": 5.474, "lake_volume_million_m3": 2.92, "limited_by_existing_lake": true, "surface_area_km2": 0.2796, "storage_mwh": 560.8, "estimated_mw": 43.1, "score": 43.1389, "lh_ratio": 11.58, "lh_rank": 204, "implied_flow_m3_s": 31.2, "flow_limited": false, "basin_bounded": true, "wall_fraction": null, "unrealistic_dam_length_m": null, "flat_fraction": 1.0, "site_lake_id": null, "dam_start_lon": null, "dam_start_lat": null, "dam_end_lon": null, "dam_end_lat": null, "dam_height_m": 40.0, "dam_length_m": null, "concrete_volume_m3": null }, "geometry": { "type": "LineString", "coordinates": [ [ 24.234746048904228, 46.650681966146237 ], [ 24.219557725842922, 46.664418990540376 ] ] } },
{ "type": "Feature", "properties": { "type": "lake-new", "rank": 145, "lake_id": 1355494, "lake_elevation_m": 319.0, "new_site_elevation_m": 479.5, "new_site_water_level_m": 519.5, "head_m": 200.5, "distance_m": 2971.5, "direction": "higher", "volume_million_m3": 1.195, "basin_volume_million_m3": 4.532, "empirical_volume_million_m3": 2.329, "lake_volume_million_m3": 2.39, "limited_by_existing_lake": true, "surface_area_km2": 0.1133, "storage_mwh": 555.1, "estimated_mw": 42.7, "score": 42.6962, "lh_ratio": 14.82, "lh_rank": 303, "implied_flow_m3_s": 25.5, "flow_limited": false, "basin_bounded": true, "wall_fraction": null, "unrealistic_dam_length_m": null, "flat_fraction": 1.0, "site_lake_id": null, "dam_start_lon": null, "dam_start_lat": null, "dam_end_lon": null, "dam_end_lat": null, "dam_height_m": 40.0, "dam_length_m": null, "concrete_volume_m3": null }, "geometry": { "type": "LineString", "coordinates": [ [ 24.338603722392953, 46.134699164496936 ], [ 24.321056307869313, 46.110936188891074 ] ] } },
{ "type": "Feature", "properties": { "type": "lake-new", "rank": 146, "lake_id": 169978, "lake_elevation_m": 10.5, "new_site_elevation_m": 112.2, "new_site_water_level_m": 152.2, "head_m": 141.7, "distance_m": 1911.6, "direction": "higher", "volume_million_m3": 1.685, "basin_volume_million_m3": 25.368, "empirical_volume_million_m3": 11.877, "lake_volume_million_m3": 3.37, "limited_by_existing_lake": true, "surface_area_km2": 0.6342, "storage_mwh": 553.2, "estimated_mw": 42.6, "score": 42.5548, "lh_ratio": 13.49, "lh_rank": 275, "implied_flow_m3_s": 36.0, "flow_limited": false, "basin_bounded": false, "wall_fraction": null, "unrealistic_dam_length_m": null, "flat_fraction": 1.0, "site_lake_id": null, "dam_start_lon": null, "dam_start_lat": null, "dam_end_lon": null, "dam_end_lat": null, "dam_height_m": 40.0, "dam_length_m": null, "concrete_volume_m3": null }, "geometry": { "type": "LineString", "coordinates": [ [ 28.113069672326318, 46.126784396701396 ], [ 28.088584146580935, 46.129410309984422 ] ] } },
{ "type": "Feature", "properties": { "type": "lake-new", "rank": 147, "lake_id": 170291, "lake_elevation_m": 7.5, "new_site_elevation_m": 114.9, "new_site_water_level_m": 154.9, "head_m": 147.4, "distance_m": 2424.2, "direction": "higher", "volume_million_m3": 1.615, "basin_volume_million_m3": 25.247, "empirical_volume_million_m3": 11.823, "lake_volume_million_m3": 3.23, "limited_by_existing_lake": true, "surface_area_km2": 0.6312, "storage_mwh": 551.4, "estimated_mw": 42.4, "score": 42.4151, "lh_ratio": 16.45, "lh_rank": 335, "implied_flow_m3_s": 34.5, "flow_limited": false, "basin_bounded": false, "wall_fraction": null, "unrealistic_dam_length_m": null, "flat_fraction": 1.0, "site_lake_id": null, "dam_start_lon": null, "dam_start_lat": null, "dam_end_lon": null, "dam_end_lat": null, "dam_height_m": 40.0, "dam_length_m": null, "concrete_volume_m3": null }, "geometry": { "type": "LineString", "coordinates": [ [ 28.113342374057481, 45.868735894097028 ], [ 28.082117439156224, 45.869972918491172 ] ] } },
{ "type": "Feature", "properties": { "type": "lake-new", "rank": 148, "lake_id": 1353550, "lake_elevation_m": 288.5, "new_site_elevation_m": 452.2, "new_site_water_level_m": 492.2, "head_m": 203.7, "distance_m": 2029.0, "direction": "higher", "volume_million_m3": 1.165, "basin_volume_million_m3": 12.095, "empirical_volume_million_m3": 5.894, "lake_volume_million_m3": 2.33, "limited_by_existing_lake": true, "surface_area_km2": 0.3024, "storage_mwh": 549.7, "estimated_mw": 42.3, "score": 42.2884, "lh_ratio": 9.96, "lh_rank": 142, "implied_flow_m3_s": 24.9, "flow_limited": false, "basin_bounded": true, "wall_fraction": null, "unrealistic_dam_length_m": null, "flat_fraction": 1.0, "site_lake_id": null, "dam_start_lon": null, "dam_start_lat": null, "dam_end_lon": null, "dam_end_lat": null, "dam_height_m": 40.0, "dam_length_m": null, "concrete_volume_m3": null }, "geometry": { "type": "LineString", "coordinates": [ [ 24.086701146873715, 46.569938557943118 ], [ 24.085467993225315, 46.551731137892816 ] ] } },
{ "type": "Feature", "properties": { "type": "lake-new", "rank": 149, "lake_id": 1358838, "lake_elevation_m": 479.0, "new_site_elevation_m": 687.5, "new_site_water_level_m": 727.5, "head_m": 248.5, "distance_m": 2488.9, "direction": "higher", "volume_million_m3": 0.94, "basin_volume_million_m3": 6.154, "empirical_volume_million_m3": 3.111, "lake_volume_million_m3": 1.88, "limited_by_existing_lake": true, "surface_area_km2": 0.1539, "storage_mwh": 541.1, "estimated_mw": 41.6, "score": 41.6208, "lh_ratio": 10.02, "lh_rank": 144, "implied_flow_m3_s": 20.1, "flow_limited": false, "basin_bounded": true, "wall_fraction": null, "unrealistic_dam_length_m": null, "flat_fraction": 1.0, "site_lake_id": null, "dam_start_lon": null, "dam_start_lat": null, "dam_end_lon": null, "dam_end_lat": null, "dam_height_m": 40.0, "dam_length_m": null, "concrete_volume_m3": null }, "geometry": { "type": "LineString", "coordinates": [ [ 24.017760762746885, 45.35900363498294 ], [ 23.98832160331699, 45.350518437154861 ] ] } },
{ "type": "Feature", "properties": { "type": "lake-new", "rank": 150, "lake_id": 1351981, "lake_elevation_m": 331.0, "new_site_elevation_m": 484.2, "new_site_water_level_m": 524.2, "head_m": 193.2, "distance_m": 2689.6, "direction": "higher", "volume_million_m3": 1.205, "basin_volume_million_m3": 11.177, "empirical_volume_million_m3": 5.47, "lake_volume_million_m3": 2.41, "limited_by_existing_lake": true, "surface_area_km2": 0.2794, "storage_mwh": 539.1, "estimated_mw": 41.5, "score": 41.4696, "lh_ratio": 13.92, "lh_rank": 286, "implied_flow_m3_s": 25.7, "flow_limited": false, "basin_bounded": true, "wall_fraction": null, "unrealistic_dam_length_m": null, "flat_fraction": 1.0, "site_lake_id": null, "dam_start_lon": null, "dam_start_lat": null, "dam_end_lon": null, "dam_end_lat": null, "dam_height_m": 40.0, "dam_length_m": null, "concrete_volume_m3": null }, "geometry": { "type": "LineString", "coordinates": [ [ 24.438494457038818, 46.939027777778165 ], [ 24.414733752913758, 46.956931468838974 ] ] } },
{ "type": "Feature", "properties": { "type": "lake-new", "rank": 151, "lake_id": 1348636, "lake_elevation_m": 102.5, "new_site_elevation_m": 189.9, "new_site_water_level_m": 229.9, "head_m": 127.5, "distance_m": 1376.1, "direction": "higher", "volume_million_m3": 1.805, "basin_volume_million_m3": 21.942, "empirical_volume_million_m3": 10.354, "lake_volume_million_m3": 3.61, "limited_by_existing_lake": true, "surface_area_km2": 0.5486, "storage_mwh": 532.9, "estimated_mw": 41.0, "score": 40.9885, "lh_ratio": 10.8, "lh_rank": 175, "implied_flow_m3_s": 38.6, "flow_limited": false, "basin_bounded": false, "wall_fraction": null, "unrealistic_dam_length_m": null, "flat_fraction": 1.0, "site_lake_id": null, "dam_start_lon": null, "dam_start_lat": null, "dam_end_lon": null, "dam_end_lat": null, "dam_height_m": 40.0, "dam_length_m": null, "concrete_volume_m3": null }, "geometry": { "type": "LineString", "coordinates": [ [ 26.675179863917226, 47.795922648112025 ], [ 26.66179759197508, 47.787437450283946 ] ] } },
{ "type": "Feature", "properties": { "type": "lake-new", "rank": 152, "lake_id": 1352441, "lake_elevation_m": 23.6, "new_site_elevation_m": 177.1, "new_site_water_level_m": 217.1, "head_m": 193.5, "distance_m": 2306.9, "direction": "higher", "volume_million_m3": 1.18, "basin_volume_million_m3": 25.308, "empirical_volume_million_m3": 11.85, "lake_volume_million_m3": 2.36, "limited_by_existing_lake": true, "surface_area_km2": 0.6327, "storage_mwh": 529.0, "estimated_mw": 40.7, "score": 40.6908, "lh_ratio": 11.92, "lh_rank": 220, "implied_flow_m3_s": 25.2, "flow_limited": false, "basin_bounded": false, "wall_fraction": null, "unrealistic_dam_length_m": null, "flat_fraction": 1.0, "site_lake_id": null, "dam_start_lon": null, "dam_start_lat": null, "dam_end_lon": null, "dam_end_lat": null, "dam_height_m": 40.0, "dam_length_m": null, "concrete_volume_m3": null }, "geometry": { "type": "LineString", "coordinates": [ [ 28.111456897306901, 46.822078179253396 ], [ 28.089182482233237, 46.808037425869756 ] ] } },
{ "type": "Feature", "properties": { "type": "lake-new", "rank": 153, "lake_id": 1350469, "lake_elevation_m": 53.5, "new_site_elevation_m": 149.2, "new_site_water_level_m": 189.2, "head_m": 135.7, "distance_m": 1739.8, "direction": "higher", "volume_million_m3": 1.68, "basin_volume_million_m3": 17.853, "empirical_volume_million_m3": 8.519, "lake_volume_million_m3": 3.36, "limited_by_existing_lake": true, "surface_area_km2": 0.4463, "storage_mwh": 528.0, "estimated_mw": 40.6, "score": 40.6136, "lh_ratio": 12.82, "lh_rank": 252, "implied_flow_m3_s": 35.9, "flow_limited": false, "basin_bounded": true, "wall_fraction": null, "unrealistic_dam_length_m": null, "flat_fraction": 1.0, "site_lake_id": null, "dam_start_lon": null, "dam_start_lat": null, "dam_end_lon": null, "dam_end_lat": null, "dam_height_m": 40.0, "dam_length_m": null, "concrete_volume_m3": null }, "geometry": { "type": "LineString", "coordinates": [ [ 27.275559411002146, 47.352222222222252 ], [ 27.279227416860763, 47.336792579949723 ] ] } },
{ "type": "Feature", "properties": { "type": "lake-new", "rank": 154, "lake_id": 1355358, "lake_elevation_m": 87.2, "new_site_elevation_m": 231.6, "new_site_water_level_m": 271.6, "head_m": 184.4, "distance_m": 1847.1, "direction": "higher", "volume_million_m3": 1.22, "basin_volume_million_m3": 17.56, "empirical_volume_million_m3": 8.386, "lake_volume_million_m3": 2.44, "limited_by_existing_lake": true, "surface_area_km2": 0.439, "storage_mwh": 521.2, "estimated_mw": 40.1, "score": 40.0888, "lh_ratio": 10.02, "lh_rank": 145, "implied_flow_m3_s": 26.1, "flow_limited": false, "basin_bounded": true, "wall_fraction": null, "unrealistic_dam_length_m": null, "flat_fraction": 1.0, "site_lake_id": null, "dam_start_lon": null, "dam_start_lat": null, "dam_end_lon": null, "dam_end_lat": null, "dam_height_m": 40.0, "dam_length_m": null, "concrete_volume_m3": null }, "geometry": { "type": "LineString", "coordinates": [ [ 27.486123638317238, 46.17191975911453 ], [ 27.49493529386729, 46.156490116842001 ] ] } },
{ "type": "Feature", "properties": { "type": "lake-new", "rank": 155, "lake_id": 1360278, "lake_elevation_m": -0.5, "new_site_elevation_m": 135.6, "new_site_water_level_m": 175.6, "head_m": 176.1, "distance_m": 2832.6, "direction": "higher", "volume_million_m3": 1.275, "basin_volume_million_m3": 15.673, "empirical_volume_million_m3": 7.531, "lake_volume_million_m3": 2.55, "limited_by_existing_lake": true, "surface_area_km2": 0.3918, "storage_mwh": 520.1, "estimated_mw": 40.0, "score": 40.007, "lh_ratio": 16.08, "lh_rank": 329, "implied_flow_m3_s": 27.2, "flow_limited": false, "basin_bounded": true, "wall_fraction": null, "unrealistic_dam_length_m": null, "flat_fraction": 1.0, "site_lake_id": null, "dam_start_lon": null, "dam_start_lat": null, "dam_end_lon": null, "dam_end_lat": null, "dam_height_m": 40.0, "dam_length_m": null, "concrete_volume_m3": null }, "geometry": { "type": "LineString", "coordinates": [ [ 28.730108696331968, 44.95003902223371 ], [ 28.744035913882279, 44.973498268850072 ] ] } },
{ "type": "Feature", "properties": { "type": "lake-new", "rank": 156, "lake_id": 1351182, "lake_elevation_m": 50.0, "new_site_elevation_m": 126.5, "new_site_water_level_m": 166.5, "head_m": 116.5, "distance_m": 2054.7, "direction": "higher", "volume_million_m3": 1.92, "basin_volume_million_m3": 17.551, "empirical_volume_million_m3": 8.382, "lake_volume_million_m3": 3.84, "limited_by_existing_lake": true, "surface_area_km2": 0.4388, "storage_mwh": 518.0, "estimated_mw": 39.8, "score": 39.8482, "lh_ratio": 17.64, "lh_rank": 360, "implied_flow_m3_s": 41.0, "flow_limited": false, "basin_bounded": true, "wall_fraction": null, "unrealistic_dam_length_m": null, "flat_fraction": 1.0, "site_lake_id": null, "dam_start_lon": null, "dam_start_lat": null, "dam_end_lon": null, "dam_end_lat": null, "dam_height_m": 40.0, "dam_length_m": null, "concrete_volume_m3": null }, "geometry": { "type": "LineString", "coordinates": [ [ 27.65134220616595, 47.171037462022554 ], [ 27.657942011315047, 47.188941153083363 ] ] } },
{ "type": "Feature", "properties": { "type": "lake-new", "rank": 157, "lake_id": 1359751, "lake_elevation_m": 5.9, "new_site_elevation_m": 140.9, "new_site_water_level_m": 180.9, "head_m": 175.0, "distance_m": 2917.7, "direction": "higher", "volume_million_m3": 1.275, "basin_volume_million_m3": 1.997, "empirical_volume_million_m3": 1.073, "lake_volume_million_m3": 2.55, "limited_by_existing_lake": true, "surface_area_km2": 0.0499, "storage_mwh": 516.9, "estimated_mw": 39.8, "score": 39.763, "lh_ratio": 16.67, "lh_rank": 343, "implied_flow_m3_s": 27.2, "flow_limited": false, "basin_bounded": true, "wall_fraction": null, "unrealistic_dam_length_m": null, "flat_fraction": 1.0, "site_lake_id": null, "dam_start_lon": null, "dam_start_lat": null, "dam_end_lon": null, "dam_end_lat": null, "dam_height_m": 40.0, "dam_length_m": null, "concrete_volume_m3": null }, "geometry": { "type": "LineString", "coordinates": [ [ 28.193974644950416, 45.127647840711631 ], [ 28.2133232503455, 45.105273753994659 ] ] } },
{ "type": "Feature", "properties": { "type": "lake-new", "rank": 158, "lake_id": 1353776, "lake_elevation_m": 188.0, "new_site_elevation_m": 288.0, "new_site_water_level_m": 328.0, "head_m": 140.0, "distance_m": 1329.0, "direction": "higher", "volume_million_m3": 1.58, "basin_volume_million_m3": 25.343, "empirical_volume_million_m3": 11.865, "lake_volume_million_m3": 3.16, "limited_by_existing_lake": true, "surface_area_km2": 0.6336, "storage_mwh": 512.5, "estimated_mw": 39.4, "score": 39.4209, "lh_ratio": 9.49, "lh_rank": 126, "implied_flow_m3_s": 33.8, "flow_limited": false, "basin_bounded": false, "wall_fraction": null, "unrealistic_dam_length_m": null, "flat_fraction": 1.0, "site_lake_id": null, "dam_start_lon": null, "dam_start_lat": null, "dam_end_lon": null, "dam_end_lat": null, "dam_height_m": 40.0, "dam_length_m": null, "concrete_volume_m3": null }, "geometry": { "type": "LineString", "coordinates": [ [ 27.087244254588722, 46.523578830295065 ], [ 27.102715694349673, 46.528982521355871 ] ] } },
{ "type": "Feature", "properties": { "type": "lake-new", "rank": 159, "lake_id": 1352132, "lake_elevation_m": 283.5, "new_site_elevation_m": 436.7, "new_site_water_level_m": 476.7, "head_m": 193.2, "distance_m": 1292.4, "direction": "higher", "volume_million_m3": 1.13, "basin_volume_million_m3": 4.574, "empirical_volume_million_m3": 2.349, "lake_volume_million_m3": 2.26, "limited_by_existing_lake": true, "surface_area_km2": 0.1143, "storage_mwh": 505.6, "estimated_mw": 38.9, "score": 38.8896, "lh_ratio": 6.69, "lh_rank": 27, "implied_flow_m3_s": 24.1, "flow_limited": false, "basin_bounded": true, "wall_fraction": null, "unrealistic_dam_length_m": null, "flat_fraction": 1.0, "site_lake_id": null, "dam_start_lon": null, "dam_start_lat": null, "dam_end_lon": null, "dam_end_lat": null, "dam_height_m": 40.0, "dam_length_m": null, "concrete_volume_m3": null }, "geometry": { "type": "LineString", "coordinates": [ [ 24.069612062461879, 46.898200547960499 ], [ 24.086163208036865, 46.900826461243526 ] ] } },
{ "type": "Feature", "properties": { "type": "lake-new", "rank": 160, "lake_id": 1350450, "lake_elevation_m": 56.5, "new_site_elevation_m": 139.3, "new_site_water_level_m": 179.3, "head_m": 122.8, "distance_m": 1645.5, "direction": "higher", "volume_million_m3": 1.755, "basin_volume_million_m3": 25.079, "empirical_volume_million_m3": 11.749, "lake_volume_million_m3": 3.51, "limited_by_existing_lake": true, "surface_area_km2": 0.627, "storage_mwh": 499.3, "estimated_mw": 38.4, "score": 38.4065, "lh_ratio": 13.4, "lh_rank": 272, "implied_flow_m3_s": 37.5, "flow_limited": false, "basin_bounded": false, "wall_fraction": null, "unrealistic_dam_length_m": null, "flat_fraction": 1.0, "site_lake_id": null, "dam_start_lon": null, "dam_start_lat": null, "dam_end_lon": null, "dam_end_lat": null, "dam_height_m": 40.0, "dam_length_m": null, "concrete_volume_m3": null }, "geometry": { "type": "LineString", "coordinates": [ [ 27.230215959233085, 47.360501708984401 ], [ 27.242210224179139, 47.37284984448965 ] ] } },
{ "type": "Feature", "properties": { "type": "lake-new", "rank": 161, "lake_id": 1354036, "lake_elevation_m": 278.0, "new_site_elevation_m": 338.8, "new_site_water_level_m": 378.8, "head_m": 100.8, "distance_m": 2971.0, "direction": "higher", "volume_million_m3": 2.085, "basin_volume_million_m3": 16.336, "empirical_volume_million_m3": 7.832, "lake_volume_million_m3": 4.17, "limited_by_existing_lake": true, "surface_area_km2": 0.4084, "storage_mwh": 486.8, "estimated_mw": 37.4, "score": 37.4484, "lh_ratio": 29.47, "lh_rank": 444, "implied_flow_m3_s": 44.6, "flow_limited": false, "basin_bounded": true, "wall_fraction": null, "unrealistic_dam_length_m": null, "flat_fraction": 1.0, "site_lake_id": null, "dam_start_lon": null, "dam_start_lat": null, "dam_end_lon": null, "dam_end_lat": null, "dam_height_m": 40.0, "dam_length_m": null, "concrete_volume_m3": null }, "geometry": { "type": "LineString", "coordinates": [ [ 24.204360141449676, 46.456835123698312 ], [ 24.218497130630411, 46.481683259203564 ] ] } },
{ "type": "Feature", "properties": { "type": "lake-new", "rank": 162, "lake_id": 1359804, "lake_elevation_m": 4.2, "new_site_elevation_m": 139.7, "new_site_water_level_m": 179.7, "head_m": 175.4, "distance_m": 2220.2, "direction": "higher", "volume_million_m3": 1.195, "basin_volume_million_m3": 10.04, "empirical_volume_million_m3": 4.942, "lake_volume_million_m3": 2.39, "limited_by_existing_lake": true, "surface_area_km2": 0.251, "storage_mwh": 485.6, "estimated_mw": 37.4, "score": 37.355, "lh_ratio": 12.65, "lh_rank": 245, "implied_flow_m3_s": 25.5, "flow_limited": false, "basin_bounded": true, "wall_fraction": null, "unrealistic_dam_length_m": null, "flat_fraction": 1.0, "site_lake_id": null, "dam_start_lon": null, "dam_start_lat": null, "dam_end_lon": null, "dam_end_lat": null, "dam_height_m": 40.0, "dam_length_m": null, "concrete_volume_m3": null }, "geometry": { "type": "LineString", "coordinates": [ [ 28.183793855470874, 45.115653211805437 ], [ 28.198984894445886, 45.098834680644025 ] ] } },
{ "type": "Feature", "properties": { "type": "lake-new", "rank": 163, "lake_id": 1355556, "lake_elevation_m": 943.0, "new_site_elevation_m": 596.9, "new_site_water_level_m": 636.9, "head_m": 306.1, "distance_m": 2921.9, "direction": "lower", "volume_million_m3": 0.665, "basin_volume_million_m3": 5.858, "empirical_volume_million_m3": 2.969, "lake_volume_million_m3": 1.33, "limited_by_existing_lake": true, "surface_area_km2": 0.1465, "storage_mwh": 471.5, "estimated_mw": 36.3, "score": 36.2706, "lh_ratio": 9.54, "lh_rank": 128, "implied_flow_m3_s": 14.2, "flow_limited": false, "basin_bounded": true, "wall_fraction": null, "unrealistic_dam_length_m": null, "flat_fraction": 1.0, "site_lake_id": null, "dam_start_lon": null, "dam_start_lat": null, "dam_end_lon": null, "dam_end_lat": null, "dam_height_m": 40.0, "dam_length_m": null, "concrete_volume_m3": null }, "geometry": { "type": "LineString", "coordinates": [ [ 25.887181075178347, 46.126424289279413 ], [ 25.852973615297472, 46.115161313673553 ] ] } },
{ "type": "Feature", "properties": { "type": "lake-new", "rank": 164, "lake_id": 1352734, "lake_elevation_m": 147.5, "new_site_elevation_m": 357.9, "new_site_water_level_m": 397.9, "head_m": 250.4, "distance_m": 1870.7, "direction": "higher", "volume_million_m3": 0.81, "basin_volume_million_m3": 5.136, "empirical_volume_million_m3": 2.622, "lake_volume_million_m3": 1.62, "limited_by_existing_lake": true, "surface_area_km2": 0.1284, "storage_mwh": 469.9, "estimated_mw": 36.1, "score": 36.1432, "lh_ratio": 7.47, "lh_rank": 56, "implied_flow_m3_s": 17.3, "flow_limited": false, "basin_bounded": true, "wall_fraction": null, "unrealistic_dam_length_m": null, "flat_fraction": 1.0, "site_lake_id": null, "dam_start_lon": null, "dam_start_lat": null, "dam_end_lon": null, "dam_end_lat": null, "dam_height_m": 40.0, "dam_length_m": null, "concrete_volume_m3": null }, "geometry": { "type": "LineString", "coordinates": [ [ 27.909649149553694, 46.750925157335018 ], [ 27.89993369549682, 46.735495515062489 ] ] } },
{ "type": "Feature", "properties": { "type": "lake-new", "rank": 165, "lake_id": 1347931, "lake_elevation_m": 101.0, "new_site_elevation_m": 210.5, "new_site_water_level_m": 250.5, "head_m": 149.5, "distance_m": 1306.7, "direction": "higher", "volume_million_m3": 1.335, "basin_volume_million_m3": 16.139, "empirical_volume_million_m3": 7.743, "lake_volume_million_m3": 2.67, "limited_by_existing_lake": true, "surface_area_km2": 0.4035, "storage_mwh": 462.2, "estimated_mw": 35.6, "score": 35.5539, "lh_ratio": 8.74, "lh_rank": 97, "implied_flow_m3_s": 28.5, "flow_limited": false, "basin_bounded": true, "wall_fraction": null, "unrealistic_dam_length_m": null, "flat_fraction": 1.0, "site_lake_id": null, "dam_start_lon": null, "dam_start_lat": null, "dam_end_lon": null, "dam_end_lat": null, "dam_height_m": 40.0, "dam_length_m": null, "concrete_volume_m3": null }, "geometry": { "type": "LineString", "coordinates": [ [ 26.741330314121019, 47.951150851779602 ], [ 26.725033863415131, 47.946832320618185 ] ] } },
{ "type": "Feature", "properties": { "type": "lake-new", "rank": 166, "lake_id": 170671, "lake_elevation_m": 1263.5, "new_site_elevation_m": 1353.9, "new_site_water_level_m": 1393.9, "head_m": 130.4, "distance_m": 2861.9, "direction": "higher", "volume_million_m3": 1.503, "basin_volume_million_m3": 1.503, "empirical_volume_million_m3": 0.82, "lake_volume_million_m3": 340.0, "limited_by_existing_lake": false, "surface_area_km2": 0.0376, "storage_mwh": 453.9, "estimated_mw": 34.9, "score": 34.913, "lh_ratio": 21.95, "lh_rank": 397, "implied_flow_m3_s": 32.1, "flow_limited": false, "basin_bounded": true, "wall_fraction": null, "unrealistic_dam_length_m": null, "flat_fraction": 1.0, "site_lake_id": null, "dam_start_lon": null, "dam_start_lat": null, "dam_end_lon": null, "dam_end_lat": null, "dam_height_m": 40.0, "dam_length_m": null, "concrete_volume_m3": null }, "geometry": { "type": "LineString", "coordinates": [ [ 23.750070161238146, 45.433780924479464 ], [ 23.728906777495109, 45.412795726651382 ] ] } },
{ "type": "Feature", "properties": { "type": "lake-new", "rank": 167, "lake_id": 1350825, "lake_elevation_m": 114.9, "new_site_elevation_m": 196.7, "new_site_water_level_m": 236.7, "head_m": 121.8, "distance_m": 2152.6, "direction": "higher", "volume_million_m3": 1.605, "basin_volume_million_m3": 17.158, "empirical_volume_million_m3": 8.205, "lake_volume_million_m3": 3.21, "limited_by_existing_lake": true, "surface_area_km2": 0.4289, "storage_mwh": 452.9, "estimated_mw": 34.8, "score": 34.8378, "lh_ratio": 17.67, "lh_rank": 361, "implied_flow_m3_s": 34.3, "flow_limited": false, "basin_bounded": true, "wall_fraction": null, "unrealistic_dam_length_m": null, "flat_fraction": 1.0, "site_lake_id": null, "dam_start_lon": null, "dam_start_lat": null, "dam_end_lon": null, "dam_end_lat": null, "dam_height_m": 40.0, "dam_length_m": null, "concrete_volume_m3": null }, "geometry": { "type": "LineString", "coordinates": [ [ 22.037684431926621, 47.260203043620237 ], [ 22.065041960526209, 47.265606734681043 ] ] } },
{ "type": "Feature", "properties": { "type": "lake-new", "rank": 168, "lake_id": 1352906, "lake_elevation_m": 350.5, "new_site_elevation_m": 509.7, "new_site_water_level_m": 549.7, "head_m": 199.2, "distance_m": 2127.9, "direction": "higher", "volume_million_m3": 0.98, "basin_volume_million_m3": 2.99, "empirical_volume_million_m3": 1.571, "lake_volume_million_m3": 1.96, "limited_by_existing_lake": true, "surface_area_km2": 0.0747, "storage_mwh": 452.1, "estimated_mw": 34.8, "score": 34.7783, "lh_ratio": 10.68, "lh_rank": 170, "implied_flow_m3_s": 20.9, "flow_limited": false, "basin_bounded": true, "wall_fraction": null, "unrealistic_dam_length_m": null, "flat_fraction": 1.0, "site_lake_id": null, "dam_start_lon": null, "dam_start_lat": null, "dam_end_lon": null, "dam_end_lat": null, "dam_height_m": 40.0, "dam_length_m": null, "concrete_volume_m3": null }, "geometry": { "type": "LineString", "coordinates": [ [ 24.560075749665369, 46.707938910590627 ], [ 24.569840251973922, 46.725842601651436 ] ] } },
{ "type": "Feature", "properties": { "type": "lake-new", "rank": 169, "lake_id": 1355268, "lake_elevation_m": 484.5, "new_site_elevation_m": 647.5, "new_site_water_level_m": 687.5, "head_m": 203.0, "distance_m": 2173.7, "direction": "higher", "volume_million_m3": 0.955, "basin_volume_million_m3": 12.366, "empirical_volume_million_m3": 6.019, "lake_volume_million_m3": 1.91, "limited_by_existing_lake": true, "surface_area_km2": 0.3092, "storage_mwh": 449.1, "estimated_mw": 34.5, "score": 34.5442, "lh_ratio": 10.71, "lh_rank": 172, "implied_flow_m3_s": 20.4, "flow_limited": false, "basin_bounded": true, "wall_fraction": null, "unrealistic_dam_length_m": null, "flat_fraction": 1.0, "site_lake_id": null, "dam_start_lon": null, "dam_start_lat": null, "dam_end_lon": null, "dam_end_lat": null, "dam_height_m": 40.0, "dam_length_m": null, "concrete_volume_m3": null }, "geometry": { "type": "LineString", "coordinates": [ [ 25.397920339436041, 46.184027777777658 ], [ 25.408111170972862, 46.165820357727355 ] ] } },
{ "type": "Feature", "properties": { "type": "lake-new", "rank": 170, "lake_id": 1356686, "lake_elevation_m": 329.5, "new_site_elevation_m": 528.6, "new_site_water_level_m": 568.6, "head_m": 239.0, "distance_m": 2495.9, "direction": "higher", "volume_million_m3": 0.795, "basin_volume_million_m3": 6.122, "empirical_volume_million_m3": 3.095, "lake_volume_million_m3": 1.59, "limited_by_existing_lake": true, "surface_area_km2": 0.1531, "storage_mwh": 440.2, "estimated_mw": 33.9, "score": 33.8591, "lh_ratio": 10.44, "lh_rank": 163, "implied_flow_m3_s": 17.0, "flow_limited": false, "basin_bounded": true, "wall_fraction": null, "unrealistic_dam_length_m": null, "flat_fraction": 1.0, "site_lake_id": null, "dam_start_lon": null, "dam_start_lat": null, "dam_end_lon": null, "dam_end_lat": null, "dam_height_m": 40.0, "dam_length_m": null, "concrete_volume_m3": null }, "geometry": { "type": "LineString", "coordinates": [ [ 22.856062525140157, 45.898563232422191 ], [ 22.853980700284982, 45.876189145705219 ] ] } },
{ "type": "Feature", "properties": { "type": "lake-new", "rank": 171, "lake_id": 1353171, "lake_elevation_m": 523.0, "new_site_elevation_m": 666.9, "new_site_water_level_m": 706.9, "head_m": 183.9, "distance_m": 1492.5, "direction": "higher", "volume_million_m3": 0.98, "basin_volume_million_m3": 16.434, "empirical_volume_million_m3": 7.877, "lake_volume_million_m3": 1.96, "limited_by_existing_lake": true, "surface_area_km2": 0.4109, "storage_mwh": 417.4, "estimated_mw": 32.1, "score": 32.1111, "lh_ratio": 8.12, "lh_rank": 75, "implied_flow_m3_s": 20.9, "flow_limited": false, "basin_bounded": true, "wall_fraction": null, "unrealistic_dam_length_m": null, "flat_fraction": 1.0, "site_lake_id": null, "dam_start_lon": null, "dam_start_lat": null, "dam_end_lon": null, "dam_end_lat": null, "dam_height_m": 40.0, "dam_length_m": null, "concrete_volume_m3": null }, "geometry": { "type": "LineString", "coordinates": [ [ 23.675640816794605, 46.653809136285105 ], [ 23.695172143172233, 46.653657271790358 ] ] } },
{ "type": "Feature", "properties": { "type": "lake-new", "rank": 172, "lake_id": 1347990, "lake_elevation_m": 81.5, "new_site_elevation_m": 241.3, "new_site_water_level_m": 281.3, "head_m": 199.8, "distance_m": 2548.6, "direction": "higher", "volume_million_m3": 0.9, "basin_volume_million_m3": 25.166, "empirical_volume_million_m3": 11.787, "lake_volume_million_m3": 1.8, "limited_by_existing_lake": true, "surface_area_km2": 0.6291, "storage_mwh": 416.4, "estimated_mw": 32.0, "score": 32.0325, "lh_ratio": 12.76, "lh_rank": 248, "implied_flow_m3_s": 19.2, "flow_limited": false, "basin_bounded": false, "wall_fraction": null, "unrealistic_dam_length_m": null, "flat_fraction": 1.0, "site_lake_id": null, "dam_start_lon": null, "dam_start_lat": null, "dam_end_lon": null, "dam_end_lat": null, "dam_height_m": 40.0, "dam_length_m": null, "concrete_volume_m3": null }, "geometry": { "type": "LineString", "coordinates": [ [ 26.954339584110851, 47.930173746744828 ], [ 26.936672744737816, 47.910577437805635 ] ] } },
{ "type": "Feature", "properties": { "type": "lake-new", "rank": 173, "lake_id": 1352720, "lake_elevation_m": 373.5, "new_site_elevation_m": 614.0, "new_site_water_level_m": 654.0, "head_m": 280.5, "distance_m": 2150.3, "direction": "higher", "volume_million_m3": 0.635, "basin_volume_million_m3": 18.58, "empirical_volume_million_m3": 8.846, "lake_volume_million_m3": 1.27, "limited_by_existing_lake": true, "surface_area_km2": 0.4645, "storage_mwh": 412.6, "estimated_mw": 31.7, "score": 31.7355, "lh_ratio": 7.67, "lh_rank": 63, "implied_flow_m3_s": 13.6, "flow_limited": false, "basin_bounded": true, "wall_fraction": null, "unrealistic_dam_length_m": null, "flat_fraction": 1.0, "site_lake_id": null, "dam_start_lon": null, "dam_start_lat": null, "dam_end_lon": null, "dam_end_lat": null, "dam_height_m": 40.0, "dam_length_m": null, "concrete_volume_m3": null }, "geometry": { "type": "LineString", "coordinates": [ [ 23.470574702081201, 46.751033121745195 ], [ 23.471970269840682, 46.770325701694894 ] ] } },
{ "type": "Feature", "properties": { "type": "lake-new", "rank": 174, "lake_id": 1359395, "lake_elevation_m": 831.0, "new_site_elevation_m": 1190.9, "new_site_water_level_m": 1230.9, "head_m": 399.9, "distance_m": 2816.7, "direction": "higher", "volume_million_m3": 0.445, "basin_volume_million_m3": 4.257, "empirical_volume_million_m3": 2.195, "lake_volume_million_m3": 0.89, "limited_by_existing_lake": true, "surface_area_km2": 0.1064, "storage_mwh": 412.2, "estimated_mw": 31.7, "score": 31.7085, "lh_ratio": 7.04, "lh_rank": 40, "implied_flow_m3_s": 9.5, "flow_limited": false, "basin_bounded": true, "wall_fraction": null, "unrealistic_dam_length_m": null, "flat_fraction": 1.0, "site_lake_id": null, "dam_start_lon": null, "dam_start_lat": null, "dam_end_lon": null, "dam_end_lat": null, "dam_height_m": 40.0, "dam_length_m": null, "concrete_volume_m3": null }, "geometry": { "type": "LineString", "coordinates": [ [ 22.141864943791273, 45.214003363715563 ], [ 22.154203418101652, 45.1902403881097 ] ] } },
{ "type": "Feature", "properties": { "type": "lake-new", "rank": 175, "lake_id": 1360903, "lake_elevation_m": -0.5, "new_site_elevation_m": 99.5, "new_site_water_level_m": 139.5, "head_m": 140.0, "distance_m": 2782.7, "direction": "higher", "volume_million_m3": 1.25, "basin_volume_million_m3": 25.583, "empirical_volume_million_m3": 11.972, "lake_volume_million_m3": 2.5, "limited_by_existing_lake": true, "surface_area_km2": 0.6396, "storage_mwh": 405.3, "estimated_mw": 31.2, "score": 31.1781, "lh_ratio": 19.88, "lh_rank": 377, "implied_flow_m3_s": 26.7, "flow_limited": false, "basin_bounded": false, "wall_fraction": null, "unrealistic_dam_length_m": null, "flat_fraction": 1.0, "site_lake_id": null, "dam_start_lon": null, "dam_start_lat": null, "dam_end_lon": null, "dam_end_lat": null, "dam_height_m": 40.0, "dam_length_m": null, "concrete_volume_m3": null }, "geometry": { "type": "LineString", "coordinates": [ [ 28.716204570757668, 44.698770904541021 ], [ 28.685875037853311, 44.686119040046272 ] ] } },
{ "type": "Feature", "properties": { "type": "lake-new", "rank": 176, "lake_id": 1361848, "lake_elevation_m": 14.5, "new_site_elevation_m": 76.7, "new_site_water_level_m": 116.7, "head_m": 102.2, "distance_m": 2143.3, "direction": "higher", "volume_million_m3": 1.7, "basin_volume_million_m3": 19.685, "empirical_volume_million_m3": 9.343, "lake_volume_million_m3": 3.4, "limited_by_existing_lake": true, "surface_area_km2": 0.4921, "storage_mwh": 402.5, "estimated_mw": 31.0, "score": 30.9641, "lh_ratio": 20.97, "lh_rank": 390, "implied_flow_m3_s": 36.3, "flow_limited": false, "basin_bounded": true, "wall_fraction": null, "unrealistic_dam_length_m": null, "flat_fraction": 1.0, "site_lake_id": null, "dam_start_lon": null, "dam_start_lat": null, "dam_end_lon": null, "dam_end_lat": null, "dam_height_m": 40.0, "dam_length_m": null, "concrete_volume_m3": null }, "geometry": { "type": "LineString", "coordinates": [ [ 26.478480416116867, 44.125638122558598 ], [ 26.452736585894222, 44.131041813619404 ] ] } },
{ "type": "Feature", "properties": { "type": "lake-new", "rank": 177, "lake_id": 171511, "lake_elevation_m": 32.8, "new_site_elevation_m": 104.8, "new_site_water_level_m": 144.8, "head_m": 112.0, "distance_m": 773.2, "direction": "higher", "volume_million_m3": 1.51, "basin_volume_million_m3": 15.282, "empirical_volume_million_m3": 7.353, "lake_volume_million_m3": 3.02, "limited_by_existing_lake": true, "surface_area_km2": 0.382, "storage_mwh": 391.7, "estimated_mw": 30.1, "score": 30.1329, "lh_ratio": 6.9, "lh_rank": 32, "implied_flow_m3_s": 32.3, "flow_limited": false, "basin_bounded": true, "wall_fraction": null, "unrealistic_dam_length_m": null, "flat_fraction": 1.0, "site_lake_id": null, "dam_start_lon": null, "dam_start_lat": null, "dam_end_lon": null, "dam_end_lat": null, "dam_height_m": 40.0, "dam_length_m": null, "concrete_volume_m3": null }, "geometry": { "type": "LineString", "coordinates": [ [ 22.695277340597467, 44.272148098416608 ], [ 22.701372021585886, 44.277551789477414 ] ] } },
{ "type": "Feature", "properties": { "type": "lake-new", "rank": 178, "lake_id": 1361776, "lake_elevation_m": 94.5, "new_site_elevation_m": 161.4, "new_site_water_level_m": 201.4, "head_m": 106.9, "distance_m": 1230.4, "direction": "higher", "volume_million_m3": 1.555, "basin_volume_million_m3": 12.483, "empirical_volume_million_m3": 6.073, "lake_volume_million_m3": 3.11, "limited_by_existing_lake": true, "surface_area_km2": 0.3121, "storage_mwh": 385.1, "estimated_mw": 29.6, "score": 29.6235, "lh_ratio": 11.51, "lh_rank": 197, "implied_flow_m3_s": 33.2, "flow_limited": false, "basin_bounded": true, "wall_fraction": null, "unrealistic_dam_length_m": null, "flat_fraction": 1.0, "site_lake_id": null, "dam_start_lon": null, "dam_start_lat": null, "dam_end_lon": null, "dam_end_lat": null, "dam_height_m": 40.0, "dam_length_m": null, "concrete_volume_m3": null }, "geometry": { "type": "LineString", "coordinates": [ [ 23.248848288310938, 44.167587110732143 ], [ 23.250851987113155, 44.178546357348502 ] ] } },
{ "type": "Feature", "properties": { "type": "lake-new", "rank": 179, "lake_id": 1351965, "lake_elevation_m": 282.0, "new_site_elevation_m": 532.5, "new_site_water_level_m": 572.5, "head_m": 290.5, "distance_m": 2204.8, "direction": "higher", "volume_million_m3": 0.57, "basin_volume_million_m3": 5.353, "empirical_volume_million_m3": 2.726, "lake_volume_million_m3": 1.14, "limited_by_existing_lake": true, "surface_area_km2": 0.1338, "storage_mwh": 383.6, "estimated_mw": 29.5, "score": 29.5044, "lh_ratio": 7.59, "lh_rank": 59, "implied_flow_m3_s": 12.2, "flow_limited": false, "basin_bounded": true, "wall_fraction": null, "unrealistic_dam_length_m": null, "flat_fraction": 1.0, "site_lake_id": null, "dam_start_lon": null, "dam_start_lat": null, "dam_end_lon": null, "dam_end_lat": null, "dam_height_m": 40.0, "dam_length_m": null, "concrete_volume_m3": null }, "geometry": { "type": "LineString", "coordinates": [ [ 23.969257751274423, 46.946413438585466 ], [ 23.998268653327756, 46.94626157409072 ] ] } },
{ "type": "Feature", "properties": { "type": "lake-new", "rank": 180, "lake_id": 1356842, "lake_elevation_m": 116.0, "new_site_elevation_m": 197.4, "new_site_water_level_m": 237.4, "head_m": 121.4, "distance_m": 870.7, "direction": "higher", "volume_million_m3": 1.36, "basin_volume_million_m3": 10.683, "empirical_volume_million_m3": 5.241, "lake_volume_million_m3": 2.72, "limited_by_existing_lake": true, "surface_area_km2": 0.2671, "storage_mwh": 382.6, "estimated_mw": 29.4, "score": 29.4276, "lh_ratio": 7.17, "lh_rank": 44, "implied_flow_m3_s": 29.1, "flow_limited": false, "basin_bounded": true, "wall_fraction": null, "unrealistic_dam_length_m": null, "flat_fraction": 1.0, "site_lake_id": null, "dam_start_lon": null, "dam_start_lat": null, "dam_end_lon": null, "dam_end_lat": null, "dam_height_m": 40.0, "dam_length_m": null, "concrete_volume_m3": null }, "geometry": { "type": "LineString", "coordinates": [ [ 21.474347337166403, 45.851165907118343 ], [ 21.482025149942746, 45.845458487068036 ] ] } },
{ "type": "Feature", "properties": { "type": "lake-new", "rank": 181, "lake_id": 1353148, "lake_elevation_m": 304.5, "new_site_elevation_m": 432.1, "new_site_water_level_m": 472.1, "head_m": 167.6, "distance_m": 1237.8, "direction": "higher", "volume_million_m3": 0.975, "basin_volume_million_m3": 5.802, "empirical_volume_million_m3": 2.942, "lake_volume_million_m3": 1.95, "limited_by_existing_lake": true, "surface_area_km2": 0.145, "storage_mwh": 378.5, "estimated_mw": 29.1, "score": 29.1128, "lh_ratio": 7.39, "lh_rank": 53, "implied_flow_m3_s": 20.8, "flow_limited": false, "basin_bounded": true, "wall_fraction": null, "unrealistic_dam_length_m": null, "flat_fraction": 1.0, "site_lake_id": null, "dam_start_lon": null, "dam_start_lat": null, "dam_end_lon": null, "dam_end_lat": null, "dam_height_m": 40.0, "dam_length_m": null, "concrete_volume_m3": null }, "geometry": { "type": "LineString", "coordinates": [ [ 24.193848717019488, 46.654568684896219 ], [ 24.185601640659101, 46.664139042623695 ] ] } },
{ "type": "Feature", "properties": { "type": "lake-new", "rank": 182, "lake_id": 1360317, "lake_elevation_m": 1.0, "new_site_elevation_m": 164.0, "new_site_water_level_m": 204.0, "head_m": 203.0, "distance_m": 2866.6, "direction": "higher", "volume_million_m3": 0.805, "basin_volume_million_m3": 10.559, "empirical_volume_million_m3": 5.183, "lake_volume_million_m3": 1.61, "limited_by_existing_lake": true, "surface_area_km2": 0.264, "storage_mwh": 378.4, "estimated_mw": 29.1, "score": 29.1098, "lh_ratio": 14.12, "lh_rank": 292, "implied_flow_m3_s": 17.2, "flow_limited": false, "basin_bounded": true, "wall_fraction": null, "unrealistic_dam_length_m": null, "flat_fraction": 1.0, "site_lake_id": null, "dam_start_lon": null, "dam_start_lat": null, "dam_end_lon": null, "dam_end_lat": null, "dam_height_m": 40.0, "dam_length_m": null, "concrete_volume_m3": null }, "geometry": { "type": "LineString", "coordinates": [ [ 28.709761167456243, 44.938493402269188 ], [ 28.691752619136626, 44.916119315552216 ] ] } },
{ "type": "Feature", "properties": { "type": "lake-new", "rank": 183, "lake_id": 1353185, "lake_elevation_m": 303.5, "new_site_elevation_m": 456.2, "new_site_water_level_m": 496.2, "head_m": 192.7, "distance_m": 2155.5, "direction": "higher", "volume_million_m3": 0.845, "basin_volume_million_m3": 13.442, "empirical_volume_million_m3": 6.513, "lake_volume_million_m3": 1.69, "limited_by_existing_lake": true, "surface_area_km2": 0.3361, "storage_mwh": 377.2, "estimated_mw": 29.0, "score": 29.0159, "lh_ratio": 11.18, "lh_rank": 185, "implied_flow_m3_s": 18.1, "flow_limited": false, "basin_bounded": true, "wall_fraction": null, "unrealistic_dam_length_m": null, "flat_fraction": 1.0, "site_lake_id": null, "dam_start_lon": null, "dam_start_lat": null, "dam_end_lon": null, "dam_end_lat": null, "dam_height_m": 40.0, "dam_length_m": null, "concrete_volume_m3": null }, "geometry": { "type": "LineString", "coordinates": [ [ 24.171619078127833, 46.65141642252641 ], [ 24.185596817520381, 46.634597891364997 ] ] } },
{ "type": "Feature", "properties": { "type": "lake-new", "rank": 184, "lake_id": 1350522, "lake_elevation_m": 78.0, "new_site_elevation_m": 198.2, "new_site_water_level_m": 238.2, "head_m": 160.2, "distance_m": 1818.1, "direction": "higher", "volume_million_m3": 1.015, "basin_volume_million_m3": 17.65, "empirical_volume_million_m3": 8.427, "lake_volume_million_m3": 2.03, "limited_by_existing_lake": true, "surface_area_km2": 0.4412, "storage_mwh": 376.7, "estimated_mw": 29.0, "score": 28.9767, "lh_ratio": 11.35, "lh_rank": 187, "implied_flow_m3_s": 21.7, "flow_limited": false, "basin_bounded": true, "wall_fraction": null, "unrealistic_dam_length_m": null, "flat_fraction": 1.0, "site_lake_id": null, "dam_start_lon": null, "dam_start_lat": null, "dam_end_lon": null, "dam_end_lat": null, "dam_height_m": 40.0, "dam_length_m": null, "concrete_volume_m3": null }, "geometry": { "type": "LineString", "coordinates": [ [ 27.102904958636977, 47.341598036024351 ], [ 27.078804259716769, 47.341446171529604 ] ] } },
{ "type": "Feature", "properties": { "type": "lake-new", "rank": 185, "lake_id": 1353180, "lake_elevation_m": 301.0, "new_site_elevation_m": 454.0, "new_site_water_level_m": 494.0, "head_m": 193.0, "distance_m": 1782.1, "direction": "higher", "volume_million_m3": 0.835, "basin_volume_million_m3": 6.485, "empirical_volume_million_m3": 3.269, "lake_volume_million_m3": 1.67, "limited_by_existing_lake": true, "surface_area_km2": 0.1621, "storage_mwh": 373.3, "estimated_mw": 28.7, "score": 28.7146, "lh_ratio": 9.23, "lh_rank": 117, "implied_flow_m3_s": 17.8, "flow_limited": false, "basin_bounded": true, "wall_fraction": null, "unrealistic_dam_length_m": null, "flat_fraction": 1.0, "site_lake_id": null, "dam_start_lon": null, "dam_start_lat": null, "dam_end_lon": null, "dam_end_lat": null, "dam_height_m": 40.0, "dam_length_m": null, "concrete_volume_m3": null }, "geometry": { "type": "LineString", "coordinates": [ [ 24.154581476922274, 46.648325059679308 ], [ 24.165783981538144, 46.634284306295669 ] ] } },
{ "type": "Feature", "properties": { "type": "lake-new", "rank": 186, "lake_id": 1353135, "lake_elevation_m": 311.5, "new_site_elevation_m": 430.1, "new_site_water_level_m": 470.1, "head_m": 158.6, "distance_m": 2163.8, "direction": "higher", "volume_million_m3": 1.015, "basin_volume_million_m3": 1.785, "empirical_volume_million_m3": 0.965, "lake_volume_million_m3": 2.03, "limited_by_existing_lake": true, "surface_area_km2": 0.0446, "storage_mwh": 372.8, "estimated_mw": 28.7, "score": 28.6777, "lh_ratio": 13.65, "lh_rank": 280, "implied_flow_m3_s": 21.7, "flow_limited": false, "basin_bounded": true, "wall_fraction": null, "unrealistic_dam_length_m": null, "flat_fraction": 1.0, "site_lake_id": null, "dam_start_lon": null, "dam_start_lat": null, "dam_end_lon": null, "dam_end_lat": null, "dam_height_m": 40.0, "dam_length_m": null, "concrete_volume_m3": null }, "geometry": { "type": "LineString", "coordinates": [ [ 24.254813338688479, 46.655861409505576 ], [ 24.243787420831971, 46.673765100566385 ] ] } },
{ "type": "Feature", "properties": { "type": "lake-new", "rank": 187, "lake_id": 1351868, "lake_elevation_m": 326.0, "new_site_elevation_m": 545.5, "new_site_water_level_m": 585.5, "head_m": 259.5, "distance_m": 2142.0, "direction": "higher", "volume_million_m3": 0.6, "basin_volume_million_m3": 2.819, "empirical_volume_million_m3": 1.486, "lake_volume_million_m3": 1.2, "limited_by_existing_lake": true, "surface_area_km2": 0.0705, "storage_mwh": 360.6, "estimated_mw": 27.7, "score": 27.7364, "lh_ratio": 8.26, "lh_rank": 80, "implied_flow_m3_s": 12.8, "flow_limited": false, "basin_bounded": true, "wall_fraction": null, "unrealistic_dam_length_m": null, "flat_fraction": 1.0, "site_lake_id": null, "dam_start_lon": null, "dam_start_lat": null, "dam_end_lon": null, "dam_end_lat": null, "dam_height_m": 40.0, "dam_length_m": null, "concrete_volume_m3": null }, "geometry": { "type": "LineString", "coordinates": [ [ 24.193881277935773, 46.972011990017762 ], [ 24.220092992627766, 46.964915681078573 ] ] } },
{ "type": "Feature", "properties": { "type": "lake-new", "rank": 188, "lake_id": 170420, "lake_elevation_m": 6.5, "new_site_elevation_m": 97.5, "new_site_water_level_m": 137.5, "head_m": 131.0, "distance_m": 1574.0, "direction": "higher", "volume_million_m3": 1.175, "basin_volume_million_m3": 25.436, "empirical_volume_million_m3": 11.907, "lake_volume_million_m3": 2.35, "limited_by_existing_lake": true, "surface_area_km2": 0.6359, "storage_mwh": 356.7, "estimated_mw": 27.4, "score": 27.435, "lh_ratio": 12.01, "lh_rank": 222, "implied_flow_m3_s": 25.1, "flow_limited": false, "basin_bounded": false, "wall_fraction": null, "unrealistic_dam_length_m": null, "flat_fraction": 1.0, "site_lake_id": null, "dam_start_lon": null, "dam_start_lat": null, "dam_end_lon": null, "dam_end_lat": null, "dam_height_m": 40.0, "dam_length_m": null, "concrete_volume_m3": null }, "geometry": { "type": "LineString", "coordinates": [ [ 28.163150416589097, 45.746517333984229 ], [ 28.183410507457602, 45.746365469489483 ] ] } },
{ "type": "Feature", "properties": { "type": "lake-new", "rank": 189, "lake_id": 1352852, "lake_elevation_m": 182.5, "new_site_elevation_m": 364.9, "new_site_water_level_m": 404.9, "head_m": 222.4, "distance_m": 1803.9, "direction": "higher", "volume_million_m3": 0.68, "basin_volume_million_m3": 3.199, "empirical_volume_million_m3": 1.675, "lake_volume_million_m3": 1.36, "limited_by_existing_lake": true, "surface_area_km2": 0.08, "storage_mwh": 350.3, "estimated_mw": 26.9, "score": 26.9441, "lh_ratio": 8.11, "lh_rank": 74, "implied_flow_m3_s": 14.5, "flow_limited": false, "basin_bounded": true, "wall_fraction": null, "unrealistic_dam_length_m": null, "flat_fraction": 1.0, "site_lake_id": null, "dam_start_lon": null, "dam_start_lat": null, "dam_end_lon": null, "dam_end_lat": null, "dam_height_m": 40.0, "dam_length_m": null, "concrete_volume_m3": null }, "geometry": { "type": "LineString", "coordinates": [ [ 27.341245306454816, 46.723987494574629 ], [ 27.356552115771109, 46.736335630079878 ] ] } },
{ "type": "Feature", "properties": { "type": "lake-new", "rank": 190, "lake_id": 1360090, "lake_elevation_m": 9.0, "new_site_elevation_m": 127.7, "new_site_water_level_m": 167.7, "head_m": 158.7, "distance_m": 1885.0, "direction": "higher", "volume_million_m3": 0.95, "basin_volume_million_m3": 21.659, "empirical_volume_million_m3": 10.227, "lake_volume_million_m3": 1.9, "limited_by_existing_lake": true, "surface_area_km2": 0.5415, "storage_mwh": 349.1, "estimated_mw": 26.9, "score": 26.8544, "lh_ratio": 11.88, "lh_rank": 218, "implied_flow_m3_s": 20.3, "flow_limited": false, "basin_bounded": false, "wall_fraction": null, "unrealistic_dam_length_m": null, "flat_fraction": 1.0, "site_lake_id": null, "dam_start_lon": null, "dam_start_lat": null, "dam_end_lon": null, "dam_end_lat": null, "dam_height_m": 40.0, "dam_length_m": null, "concrete_volume_m3": null }, "geometry": { "type": "LineString", "coordinates": [ [ 28.159757417377818, 45.011094835069315 ], [ 28.156971986725146, 44.994276303907903 ] ] } },
{ "type": "Feature", "properties": { "type": "lake-new", "rank": 191, "lake_id": 1351549, "lake_elevation_m": 69.3, "new_site_elevation_m": 166.9, "new_site_water_level_m": 206.9, "head_m": 137.6, "distance_m": 1228.5, "direction": "higher", "volume_million_m3": 1.095, "basin_volume_million_m3": 12.997, "empirical_volume_million_m3": 6.309, "lake_volume_million_m3": 2.19, "limited_by_existing_lake": true, "surface_area_km2": 0.3249, "storage_mwh": 348.9, "estimated_mw": 26.8, "score": 26.8378, "lh_ratio": 8.93, "lh_rank": 105, "implied_flow_m3_s": 23.4, "flow_limited": false, "basin_bounded": true, "wall_fraction": null, "unrealistic_dam_length_m": null, "flat_fraction": 1.0, "site_lake_id": null, "dam_start_lon": null, "dam_start_lat": null, "dam_end_lon": null, "dam_end_lat": null, "dam_height_m": 40.0, "dam_length_m": null, "concrete_volume_m3": null }, "geometry": { "type": "LineString", "coordinates": [ [ 27.500043229807641, 47.077101372612844 ], [ 27.508111187368822, 47.086671730340321 ] ] } },
{ "type": "Feature", "properties": { "type": "lake-new", "rank": 192, "lake_id": 1350419, "lake_elevation_m": 128.0, "new_site_elevation_m": 200.6, "new_site_water_level_m": 240.6, "head_m": 112.6, "distance_m": 2962.0, "direction": "higher", "volume_million_m3": 1.335, "basin_volume_million_m3": 16.319, "empirical_volume_million_m3": 7.825, "lake_volume_million_m3": 2.67, "limited_by_existing_lake": true, "surface_area_km2": 0.408, "storage_mwh": 348.2, "estimated_mw": 26.8, "score": 26.7816, "lh_ratio": 26.31, "lh_rank": 426, "implied_flow_m3_s": 28.5, "flow_limited": false, "basin_bounded": true, "wall_fraction": null, "unrealistic_dam_length_m": null, "flat_fraction": 1.0, "site_lake_id": null, "dam_start_lon": null, "dam_start_lat": null, "dam_end_lon": null, "dam_end_lat": null, "dam_height_m": 40.0, "dam_length_m": null, "concrete_volume_m3": null }, "geometry": { "type": "LineString", "coordinates": [ [ 22.228265792372248, 47.371285807292139 ], [ 22.266639727202566, 47.365578387241833 ] ] } },
{ "type": "Feature", "properties": { "type": "lake-new", "rank": 193, "lake_id": 1347499, "lake_elevation_m": 113.2, "new_site_elevation_m": 206.7, "new_site_water_level_m": 246.7, "head_m": 133.5, "distance_m": 1348.3, "direction": "higher", "volume_million_m3": 1.125, "basin_volume_million_m3": 24.159, "empirical_volume_million_m3": 11.341, "lake_volume_million_m3": 2.25, "limited_by_existing_lake": true, "surface_area_km2": 0.604, "storage_mwh": 348.0, "estimated_mw": 26.8, "score": 26.7671, "lh_ratio": 10.1, "lh_rank": 149, "implied_flow_m3_s": 24.0, "flow_limited": false, "basin_bounded": false, "wall_fraction": null, "unrealistic_dam_length_m": null, "flat_fraction": 1.0, "site_lake_id": null, "dam_start_lon": null, "dam_start_lat": null, "dam_end_lon": null, "dam_end_lat": null, "dam_height_m": 40.0, "dam_length_m": null, "concrete_volume_m3": null }, "geometry": { "type": "LineString", "coordinates": [ [ 26.848942052237348, 48.0544547526043 ], [ 26.842276408530182, 48.043191776998441 ] ] } },
{ "type": "Feature", "properties": { "type": "lake-new", "rank": 194, "lake_id": 1357313, "lake_elevation_m": 5.5, "new_site_elevation_m": 135.1, "new_site_water_level_m": 175.1, "head_m": 169.6, "distance_m": 2989.5, "direction": "higher", "volume_million_m3": 0.88, "basin_volume_million_m3": 19.468, "empirical_volume_million_m3": 9.246, "lake_volume_million_m3": 1.76, "limited_by_existing_lake": true, "surface_area_km2": 0.4867, "storage_mwh": 345.7, "estimated_mw": 26.6, "score": 26.595, "lh_ratio": 17.62, "lh_rank": 359, "implied_flow_m3_s": 18.8, "flow_limited": false, "basin_bounded": true, "wall_fraction": null, "unrealistic_dam_length_m": null, "flat_fraction": 1.0, "site_lake_id": null, "dam_start_lon": null, "dam_start_lat": null, "dam_end_lon": null, "dam_end_lat": null, "dam_height_m": 40.0, "dam_length_m": null, "concrete_volume_m3": null }, "geometry": { "type": "LineString", "coordinates": [ [ 28.160910958937713, 45.714630262586695 ], [ 28.193696030135651, 45.700589509203056 ] ] } },
{ "type": "Feature", "properties": { "type": "lake-new", "rank": 195, "lake_id": 1350095, "lake_elevation_m": 111.5, "new_site_elevation_m": 193.4, "new_site_water_level_m": 233.4, "head_m": 121.9, "distance_m": 1635.0, "direction": "higher", "volume_million_m3": 1.205, "basin_volume_million_m3": 21.989, "empirical_volume_million_m3": 10.375, "lake_volume_million_m3": 2.41, "limited_by_existing_lake": true, "surface_area_km2": 0.5497, "storage_mwh": 340.3, "estimated_mw": 26.2, "score": 26.1742, "lh_ratio": 13.41, "lh_rank": 274, "implied_flow_m3_s": 25.7, "flow_limited": false, "basin_bounded": false, "wall_fraction": null, "unrealistic_dam_length_m": null, "flat_fraction": 1.0, "site_lake_id": null, "dam_start_lon": null, "dam_start_lat": null, "dam_end_lon": null, "dam_end_lat": null, "dam_height_m": 40.0, "dam_length_m": null, "concrete_volume_m3": null }, "geometry": { "type": "LineString", "coordinates": [ [ 26.963625752669621, 47.438931884765623 ], [ 26.969997291812465, 47.424891131381983 ] ] } },
{ "type": "Feature", "properties": { "type": "lake-new", "rank": 196, "lake_id": 1353609, "lake_elevation_m": 211.6, "new_site_elevation_m": 512.8, "new_site_water_level_m": 552.8, "head_m": 341.2, "distance_m": 2980.9, "direction": "higher", "volume_million_m3": 0.43, "basin_volume_million_m3": 9.337, "empirical_volume_million_m3": 4.614, "lake_volume_million_m3": 0.86, "limited_by_existing_lake": true, "surface_area_km2": 0.2334, "storage_mwh": 339.9, "estimated_mw": 26.1, "score": 26.1431, "lh_ratio": 8.74, "lh_rank": 98, "implied_flow_m3_s": 9.2, "flow_limited": false, "basin_bounded": true, "wall_fraction": null, "unrealistic_dam_length_m": null, "flat_fraction": 1.0, "site_lake_id": null, "dam_start_lon": null, "dam_start_lat": null, "dam_end_lon": null, "dam_end_lat": null, "dam_height_m": 40.0, "dam_length_m": null, "concrete_volume_m3": null }, "geometry": { "type": "LineString", "coordinates": [ [ 27.238237573922298, 46.555291341145789 ], [ 27.275905302147493, 46.562083921095486 ] ] } },
{ "type": "Feature", "properties": { "type": "lake-new", "rank": 197, "lake_id": 1359446, "lake_elevation_m": 1.0, "new_site_elevation_m": 144.2, "new_site_water_level_m": 184.2, "head_m": 183.2, "distance_m": 2910.4, "direction": "higher", "volume_million_m3": 0.795, "basin_volume_million_m3": 8.543, "empirical_volume_million_m3": 4.242, "lake_volume_million_m3": 1.59, "limited_by_existing_lake": true, "surface_area_km2": 0.2136, "storage_mwh": 337.3, "estimated_mw": 25.9, "score": 25.9433, "lh_ratio": 15.89, "lh_rank": 324, "implied_flow_m3_s": 17.0, "flow_limited": false, "basin_bounded": true, "wall_fraction": null, "unrealistic_dam_length_m": null, "flat_fraction": 1.0, "site_lake_id": null, "dam_start_lon": null, "dam_start_lat": null, "dam_end_lon": null, "dam_end_lat": null, "dam_height_m": 40.0, "dam_length_m": null, "concrete_volume_m3": null }, "geometry": { "type": "LineString", "coordinates": [ [ 28.654305499062623, 45.201249999999874 ], [ 28.620820359674163, 45.189987024394014 ] ] } },
{ "type": "Feature", "properties": { "type": "lake-new", "rank": 198, "lake_id": 1360785, "lake_elevation_m": 0.0, "new_site_elevation_m": 71.3, "new_site_water_level_m": 111.3, "head_m": 111.3, "distance_m": 2969.1, "direction": "higher", "volume_million_m3": 1.305, "basin_volume_million_m3": 25.558, "empirical_volume_million_m3": 11.961, "lake_volume_million_m3": 2.61, "limited_by_existing_lake": true, "surface_area_km2": 0.6389, "storage_mwh": 336.4, "estimated_mw": 25.9, "score": 25.8753, "lh_ratio": 26.68, "lh_rank": 429, "implied_flow_m3_s": 27.9, "flow_limited": false, "basin_bounded": false, "wall_fraction": null, "unrealistic_dam_length_m": null, "flat_fraction": 1.0, "site_lake_id": null, "dam_start_lon": null, "dam_start_lat": null, "dam_end_lon": null, "dam_end_lat": null, "dam_height_m": 40.0, "dam_length_m": null, "concrete_volume_m3": null }, "geometry": { "type": "LineString", "coordinates": [ [ 28.893066164089859, 44.754917017618794 ], [ 28.875194904269623, 44.778376264235156 ] ] } },
{ "type": "Feature", "properties": { "type": "lake-new", "rank": 199, "lake_id": 1348394, "lake_elevation_m": 127.0, "new_site_elevation_m": 220.2, "new_site_water_level_m": 260.2, "head_m": 133.2, "distance_m": 977.3, "direction": "higher", "volume_million_m3": 1.08, "basin_volume_million_m3": 14.166, "empirical_volume_million_m3": 6.845, "lake_volume_million_m3": 2.16, "limited_by_existing_lake": true, "surface_area_km2": 0.3542, "storage_mwh": 333.3, "estimated_mw": 25.6, "score": 25.6382, "lh_ratio": 7.34, "lh_rank": 49, "implied_flow_m3_s": 23.1, "flow_limited": false, "basin_bounded": true, "wall_fraction": null, "unrealistic_dam_length_m": null, "flat_fraction": 1.0, "site_lake_id": null, "dam_start_lon": null, "dam_start_lat": null, "dam_end_lon": null, "dam_end_lat": null, "dam_height_m": 40.0, "dam_length_m": null, "concrete_volume_m3": null }, "geometry": { "type": "LineString", "coordinates": [ [ 26.563360564238454, 47.856743367513047 ], [ 26.57631387438639, 47.857980391907191 ] ] } },
{ "type": "Feature", "properties": { "type": "lake-new", "rank": 200, "lake_id": 1350449, "lake_elevation_m": 80.0, "new_site_elevation_m": 204.5, "new_site_water_level_m": 244.5, "head_m": 164.5, "distance_m": 1179.5, "direction": "higher", "volume_million_m3": 0.87, "basin_volume_million_m3": 15.131, "empirical_volume_million_m3": 7.285, "lake_volume_million_m3": 1.74, "limited_by_existing_lake": true, "surface_area_km2": 0.3783, "storage_mwh": 331.5, "estimated_mw": 25.5, "score": 25.5018, "lh_ratio": 7.17, "lh_rank": 45, "implied_flow_m3_s": 18.6, "flow_limited": false, "basin_bounded": true, "wall_fraction": null, "unrealistic_dam_length_m": null, "flat_fraction": 1.0, "site_lake_id": null, "dam_start_lon": null, "dam_start_lat": null, "dam_end_lon": null, "dam_end_lat": null, "dam_height_m": 40.0, "dam_length_m": null, "concrete_volume_m3": null }, "geometry": { "type": "LineString", "coordinates": [ [ 27.077207627692538, 47.359270019531266 ], [ 27.065591834120681, 47.352173710592076 ] ] } },
{ "type": "Feature", "properties": { "type": "lake-new", "rank": 201, "lake_id": 1360411, "lake_elevation_m": 282.0, "new_site_elevation_m": 458.2, "new_site_water_level_m": 498.2, "head_m": 216.2, "distance_m": 2938.5, "direction": "higher", "volume_million_m3": 0.66, "basin_volume_million_m3": 10.457, "empirical_volume_million_m3": 5.136, "lake_volume_million_m3": 1.32, "limited_by_existing_lake": true, "surface_area_km2": 0.2614, "storage_mwh": 330.4, "estimated_mw": 25.4, "score": 25.4188, "lh_ratio": 13.59, "lh_rank": 279, "implied_flow_m3_s": 14.1, "flow_limited": false, "basin_bounded": true, "wall_fraction": null, "unrealistic_dam_length_m": null, "flat_fraction": 1.0, "site_lake_id": null, "dam_start_lon": null, "dam_start_lat": null, "dam_end_lon": null, "dam_end_lat": null, "dam_height_m": 40.0, "dam_length_m": null, "concrete_volume_m3": null }, "geometry": { "type": "LineString", "coordinates": [ [ 24.842547950044665, 44.904309052362237 ], [ 24.838453955479316, 44.930546076756379 ] ] } },
{ "type": "Feature", "properties": { "type": "lake-new", "rank": 202, "lake_id": 1355293, "lake_elevation_m": 481.0, "new_site_elevation_m": 649.1, "new_site_water_level_m": 689.1, "head_m": 208.1, "distance_m": 2529.0, "direction": "higher", "volume_million_m3": 0.685, "basin_volume_million_m3": 11.52, "empirical_volume_million_m3": 5.629, "lake_volume_million_m3": 1.37, "limited_by_existing_lake": true, "surface_area_km2": 0.288, "storage_mwh": 330.1, "estimated_mw": 25.4, "score": 25.3956, "lh_ratio": 12.15, "lh_rank": 229, "implied_flow_m3_s": 14.6, "flow_limited": false, "basin_bounded": true, "wall_fraction": null, "unrealistic_dam_length_m": null, "flat_fraction": 1.0, "site_lake_id": null, "dam_start_lon": null, "dam_start_lat": null, "dam_end_lon": null, "dam_end_lat": null, "dam_height_m": 40.0, "dam_length_m": null, "concrete_volume_m3": null }, "geometry": { "type": "LineString", "coordinates": [ [ 25.384017691083894, 46.180598008897476 ], [ 25.40810016346181, 46.165168366624947 ] ] } },
{ "type": "Feature", "properties": { "type": "lake-new", "rank": 203, "lake_id": 1347200, "lake_elevation_m": 117.5, "new_site_elevation_m": 206.8, "new_site_water_level_m": 246.8, "head_m": 129.3, "distance_m": 1596.8, "direction": "higher", "volume_million_m3": 1.1, "basin_volume_million_m3": 12.744, "empirical_volume_million_m3": 6.193, "lake_volume_million_m3": 2.2, "limited_by_existing_lake": true, "surface_area_km2": 0.3186, "storage_mwh": 329.3, "estimated_mw": 25.3, "score": 25.3343, "lh_ratio": 12.35, "lh_rank": 238, "implied_flow_m3_s": 23.5, "flow_limited": false, "basin_bounded": true, "wall_fraction": null, "unrealistic_dam_length_m": null, "flat_fraction": 1.0, "site_lake_id": null, "dam_start_lon": null, "dam_start_lat": null, "dam_end_lon": null, "dam_end_lat": null, "dam_height_m": 40.0, "dam_length_m": null, "concrete_volume_m3": null }, "geometry": { "type": "LineString", "coordinates": [ [ 26.59251815823113, 48.108289048936683 ], [ 26.596915782399275, 48.094248295553044 ] ] } },
{ "type": "Feature", "properties": { "type": "lake-new", "rank": 204, "lake_id": 1355593, "lake_elevation_m": 10.0, "new_site_elevation_m": 105.9, "new_site_water_level_m": 145.9, "head_m": 135.9, "distance_m": 2220.6, "direction": "higher", "volume_million_m3": 1.02, "basin_volume_million_m3": 25.375, "empirical_volume_million_m3": 11.88, "lake_volume_million_m3": 2.04, "limited_by_existing_lake": true, "surface_area_km2": 0.6344, "storage_mwh": 321.1, "estimated_mw": 24.7, "score": 24.7029, "lh_ratio": 16.34, "lh_rank": 332, "implied_flow_m3_s": 21.8, "flow_limited": false, "basin_bounded": false, "wall_fraction": null, "unrealistic_dam_length_m": null, "flat_fraction": 1.0, "site_lake_id": null, "dam_start_lon": null, "dam_start_lat": null, "dam_end_lon": null, "dam_end_lat": null, "dam_height_m": 40.0, "dam_length_m": null, "concrete_volume_m3": null }, "geometry": { "type": "LineString", "coordinates": [ [ 28.105670653398597, 46.111254340277696 ], [ 28.089530880064906, 46.127769142449615 ] ] } },
{ "type": "Feature", "properties": { "type": "lake-new", "rank": 205, "lake_id": 1350046, "lake_elevation_m": 123.0, "new_site_elevation_m": 290.4, "new_site_water_level_m": 330.4, "head_m": 207.4, "distance_m": 2985.7, "direction": "higher", "volume_million_m3": 0.665, "basin_volume_million_m3": 17.821, "empirical_volume_million_m3": 8.504, "lake_volume_million_m3": 1.33, "limited_by_existing_lake": true, "surface_area_km2": 0.4455, "storage_mwh": 319.5, "estimated_mw": 24.6, "score": 24.5754, "lh_ratio": 14.39, "lh_rank": 301, "implied_flow_m3_s": 14.2, "flow_limited": false, "basin_bounded": true, "wall_fraction": null, "unrealistic_dam_length_m": null, "flat_fraction": 1.0, "site_lake_id": null, "dam_start_lon": null, "dam_start_lat": null, "dam_end_lon": null, "dam_end_lat": null, "dam_height_m": 40.0, "dam_length_m": null, "concrete_volume_m3": null }, "geometry": { "type": "LineString", "coordinates": [ [ 26.921836054980247, 47.448439127604161 ], [ 26.882366099109088, 47.451065040887187 ] ] } },
{ "type": "Feature", "properties": { "type": "lake-new", "rank": 206, "lake_id": 1353052, "lake_elevation_m": 343.5, "new_site_elevation_m": 510.7, "new_site_water_level_m": 550.7, "head_m": 207.2, "distance_m": 1262.2, "direction": "higher", "volume_million_m3": 0.66, "basin_volume_million_m3": 3.176, "empirical_volume_million_m3": 1.664, "lake_volume_million_m3": 1.32, "limited_by_existing_lake": true, "surface_area_km2": 0.0794, "storage_mwh": 316.8, "estimated_mw": 24.4, "score": 24.3657, "lh_ratio": 6.09, "lh_rank": 16, "implied_flow_m3_s": 14.1, "flow_limited": false, "basin_bounded": true, "wall_fraction": null, "unrealistic_dam_length_m": null, "flat_fraction": 1.0, "site_lake_id": null, "dam_start_lon": null, "dam_start_lat": null, "dam_end_lon": null, "dam_end_lat": null, "dam_height_m": 40.0, "dam_length_m": null, "concrete_volume_m3": null }, "geometry": { "type": "LineString", "coordinates": [ [ 24.585092015363074, 46.672441270616673 ], [ 24.589330226027148, 46.683400517233032 ] ] } },
{ "type": "Feature", "properties": { "type": "lake-new", "rank": 207, "lake_id": 1356426, "lake_elevation_m": 329.0, "new_site_elevation_m": 594.3, "new_site_water_level_m": 634.3, "head_m": 305.3, "distance_m": 2855.9, "direction": "higher", "volume_million_m3": 0.44, "basin_volume_million_m3": 5.53, "empirical_volume_million_m3": 2.811, "lake_volume_million_m3": 0.88, "limited_by_existing_lake": true, "surface_area_km2": 0.1382, "storage_mwh": 311.1, "estimated_mw": 23.9, "score": 23.9319, "lh_ratio": 9.36, "lh_rank": 122, "implied_flow_m3_s": 9.4, "flow_limited": false, "basin_bounded": true, "wall_fraction": null, "unrealistic_dam_length_m": null, "flat_fraction": 1.0, "site_lake_id": null, "dam_start_lon": null, "dam_start_lat": null, "dam_end_lon": null, "dam_end_lat": null, "dam_height_m": 40.0, "dam_length_m": null, "concrete_volume_m3": null }, "geometry": { "type": "LineString", "coordinates": [ [ 22.983988899323272, 45.964036593967364 ], [ 23.013799679642382, 45.979162507250393 ] ] } },
{ "type": "Feature", "properties": { "type": "lake-new", "rank": 208, "lake_id": 1352966, "lake_elevation_m": 348.0, "new_site_elevation_m": 510.2, "new_site_water_level_m": 550.2, "head_m": 202.2, "distance_m": 1763.3, "direction": "higher", "volume_million_m3": 0.66, "basin_volume_million_m3": 3.174, "empirical_volume_million_m3": 1.663, "lake_volume_million_m3": 1.32, "limited_by_existing_lake": true, "surface_area_km2": 0.0794, "storage_mwh": 309.1, "estimated_mw": 23.8, "score": 23.7754, "lh_ratio": 8.72, "lh_rank": 95, "implied_flow_m3_s": 14.1, "flow_limited": false, "basin_bounded": true, "wall_fraction": null, "unrealistic_dam_length_m": null, "flat_fraction": 1.0, "site_lake_id": null, "dam_start_lon": null, "dam_start_lat": null, "dam_end_lon": null, "dam_end_lat": null, "dam_height_m": 40.0, "dam_length_m": null, "concrete_volume_m3": null }, "geometry": { "type": "LineString", "coordinates": [ [ 24.569144583876646, 46.692082248264285 ], [ 24.588644387352492, 46.683597050436205 ] ] } },
{ "type": "Feature", "properties": { "type": "lake-new", "rank": 209, "lake_id": 1348079, "lake_elevation_m": 101.8, "new_site_elevation_m": 220.9, "new_site_water_level_m": 260.9, "head_m": 159.1, "distance_m": 1957.7, "direction": "higher", "volume_million_m3": 0.835, "basin_volume_million_m3": 25.505, "empirical_volume_million_m3": 11.937, "lake_volume_million_m3": 1.67, "limited_by_existing_lake": true, "surface_area_km2": 0.6376, "storage_mwh": 307.7, "estimated_mw": 23.7, "score": 23.6714, "lh_ratio": 12.3, "lh_rank": 235, "implied_flow_m3_s": 17.8, "flow_limited": false, "basin_bounded": false, "wall_fraction": null, "unrealistic_dam_length_m": null, "flat_fraction": 1.0, "site_lake_id": null, "dam_start_lon": null, "dam_start_lat": null, "dam_end_lon": null, "dam_end_lat": null, "dam_height_m": 40.0, "dam_length_m": null, "concrete_volume_m3": null }, "geometry": { "type": "LineString", "coordinates": [ [ 27.081233653323078, 47.918834838867241 ], [ 27.105243471885554, 47.911738529928051 ] ] } },
{ "type": "Feature", "properties": { "type": "lake-new", "rank": 210, "lake_id": 1358579, "lake_elevation_m": 7.5, "new_site_elevation_m": 67.8, "new_site_water_level_m": 107.8, "head_m": 100.3, "distance_m": 2395.3, "direction": "higher", "volume_million_m3": 1.32, "basin_volume_million_m3": 24.298, "empirical_volume_million_m3": 11.402, "lake_volume_million_m3": 2.64, "limited_by_existing_lake": true, "surface_area_km2": 0.6075, "storage_mwh": 306.6, "estimated_mw": 23.6, "score": 23.5818, "lh_ratio": 23.89, "lh_rank": 407, "implied_flow_m3_s": 28.2, "flow_limited": false, "basin_bounded": false, "wall_fraction": null, "unrealistic_dam_length_m": null, "flat_fraction": 1.0, "site_lake_id": null, "dam_start_lon": null, "dam_start_lat": null, "dam_end_lon": null, "dam_end_lat": null, "dam_height_m": 40.0, "dam_length_m": null, "concrete_volume_m3": null }, "geometry": { "type": "LineString", "coordinates": [ [ 27.949211968583349, 45.413590494791492 ], [ 27.96278637038148, 45.432883074741191 ] ] } },
{ "type": "Feature", "properties": { "type": "lake-new", "rank": 211, "lake_id": 1353154, "lake_elevation_m": 307.3, "new_site_elevation_m": 439.5, "new_site_water_level_m": 479.5, "head_m": 172.2, "distance_m": 1851.4, "direction": "higher", "volume_million_m3": 0.76, "basin_volume_million_m3": 9.688, "empirical_volume_million_m3": 4.778, "lake_volume_million_m3": 1.52, "limited_by_existing_lake": true, "surface_area_km2": 0.2422, "storage_mwh": 303.2, "estimated_mw": 23.3, "score": 23.3217, "lh_ratio": 10.75, "lh_rank": 174, "implied_flow_m3_s": 16.2, "flow_limited": false, "basin_bounded": true, "wall_fraction": null, "unrealistic_dam_length_m": null, "flat_fraction": 1.0, "site_lake_id": null, "dam_start_lon": null, "dam_start_lat": null, "dam_end_lon": null, "dam_end_lat": null, "dam_height_m": 40.0, "dam_length_m": null, "concrete_volume_m3": null }, "geometry": { "type": "LineString", "coordinates": [ [ 24.212833167086, 46.652361111111475 ], [ 24.215699018168714, 46.668875913283394 ] ] } },
{ "type": "Feature", "properties": { "type": "lake-new", "rank": 212, "lake_id": 168929, "lake_elevation_m": 43.0, "new_site_elevation_m": 163.4, "new_site_water_level_m": 203.4, "head_m": 160.4, "distance_m": 2757.8, "direction": "higher", "volume_million_m3": 0.81, "basin_volume_million_m3": 24.997, "empirical_volume_million_m3": 11.712, "lake_volume_million_m3": 1.62, "limited_by_existing_lake": true, "surface_area_km2": 0.6249, "storage_mwh": 301.0, "estimated_mw": 23.2, "score": 23.1515, "lh_ratio": 17.19, "lh_rank": 350, "implied_flow_m3_s": 17.3, "flow_limited": false, "basin_bounded": false, "wall_fraction": null, "unrealistic_dam_length_m": null, "flat_fraction": 1.0, "site_lake_id": null, "dam_start_lon": null, "dam_start_lat": null, "dam_end_lon": null, "dam_end_lat": null, "dam_height_m": 40.0, "dam_length_m": null, "concrete_volume_m3": null }, "geometry": { "type": "LineString", "coordinates": [ [ 27.343949408675577, 47.368727077907948 ], [ 27.371214420262032, 47.385241880079867 ] ] } },
{ "type": "Feature", "properties": { "type": "lake-new", "rank": 213, "lake_id": 1352316, "lake_elevation_m": 133.5, "new_site_elevation_m": 297.9, "new_site_water_level_m": 337.9, "head_m": 204.4, "distance_m": 1424.4, "direction": "higher", "volume_million_m3": 0.635, "basin_volume_million_m3": 4.786, "empirical_volume_million_m3": 2.453, "lake_volume_million_m3": 1.27, "limited_by_existing_lake": true, "surface_area_km2": 0.1197, "storage_mwh": 300.7, "estimated_mw": 23.1, "score": 23.1296, "lh_ratio": 6.97, "lh_rank": 36, "implied_flow_m3_s": 13.6, "flow_limited": false, "basin_bounded": true, "wall_fraction": null, "unrealistic_dam_length_m": null, "flat_fraction": 1.0, "site_lake_id": null, "dam_start_lon": null, "dam_start_lat": null, "dam_end_lon": null, "dam_end_lat": null, "dam_height_m": 40.0, "dam_length_m": null, "concrete_volume_m3": null }, "geometry": { "type": "LineString", "coordinates": [ [ 27.447338159607291, 46.854893527560762 ], [ 27.459758698471958, 46.864463885288238 ] ] } },
{ "type": "Feature", "properties": { "type": "lake-new", "rank": 214, "lake_id": 1359427, "lake_elevation_m": 16.5, "new_site_elevation_m": 198.9, "new_site_water_level_m": 238.9, "head_m": 222.4, "distance_m": 2389.9, "direction": "higher", "volume_million_m3": 0.58, "basin_volume_million_m3": 10.213, "empirical_volume_million_m3": 5.023, "lake_volume_million_m3": 1.16, "limited_by_existing_lake": true, "surface_area_km2": 0.2553, "storage_mwh": 298.8, "estimated_mw": 23.0, "score": 22.986, "lh_ratio": 10.74, "lh_rank": 173, "implied_flow_m3_s": 12.4, "flow_limited": false, "basin_bounded": true, "wall_fraction": null, "unrealistic_dam_length_m": null, "flat_fraction": 1.0, "site_lake_id": null, "dam_start_lon": null, "dam_start_lat": null, "dam_end_lon": null, "dam_end_lat": null, "dam_height_m": 40.0, "dam_length_m": null, "concrete_volume_m3": null }, "geometry": { "type": "LineString", "coordinates": [ [ 28.196672528977146, 45.206281195746357 ], [ 28.204850222641355, 45.226962664584939 ] ] } },
{ "type": "Feature", "properties": { "type": "lake-new", "rank": 215, "lake_id": 1351410, "lake_elevation_m": 56.5, "new_site_elevation_m": 179.6, "new_site_water_level_m": 219.6, "head_m": 163.1, "distance_m": 1785.1, "direction": "higher", "volume_million_m3": 0.79, "basin_volume_million_m3": 14.654, "empirical_volume_million_m3": 7.067, "lake_volume_million_m3": 1.58, "limited_by_existing_lake": true, "surface_area_km2": 0.3664, "storage_mwh": 298.5, "estimated_mw": 23.0, "score": 22.9603, "lh_ratio": 10.94, "lh_rank": 181, "implied_flow_m3_s": 16.9, "flow_limited": false, "basin_bounded": true, "wall_fraction": null, "unrealistic_dam_length_m": null, "flat_fraction": 1.0, "site_lake_id": null, "dam_start_lon": null, "dam_start_lat": null, "dam_end_lon": null, "dam_end_lat": null, "dam_height_m": 40.0, "dam_length_m": null, "concrete_volume_m3": null }, "geometry": { "type": "LineString", "coordinates": [ [ 27.551300879915139, 47.11491292317703 ], [ 27.530170313482127, 47.107816614237841 ] ] } },
{ "type": "Feature", "properties": { "type": "lake-new", "rank": 216, "lake_id": 1351939, "lake_elevation_m": 328.0, "new_site_elevation_m": 542.6, "new_site_water_level_m": 582.6, "head_m": 254.6, "distance_m": 2580.8, "direction": "higher", "volume_million_m3": 0.505, "basin_volume_million_m3": 3.002, "empirical_volume_million_m3": 1.578, "lake_volume_million_m3": 1.01, "limited_by_existing_lake": true, "surface_area_km2": 0.0751, "storage_mwh": 297.8, "estimated_mw": 22.9, "score": 22.9061, "lh_ratio": 10.14, "lh_rank": 150, "implied_flow_m3_s": 10.8, "flow_limited": false, "basin_bounded": true, "wall_fraction": null, "unrealistic_dam_length_m": null, "flat_fraction": 1.0, "site_lake_id": null, "dam_start_lon": null, "dam_start_lat": null, "dam_end_lon": null, "dam_end_lat": null, "dam_height_m": 40.0, "dam_length_m": null, "concrete_volume_m3": null }, "geometry": { "type": "LineString", "coordinates": [ [ 24.188175642347467, 46.956092800564647 ], [ 24.219956230213871, 46.964274269403234 ] ] } },
{ "type": "Feature", "properties": { "type": "lake-new", "rank": 217, "lake_id": 1352819, "lake_elevation_m": 113.0, "new_site_elevation_m": 231.5, "new_site_water_level_m": 271.5, "head_m": 158.5, "distance_m": 1237.1, "direction": "higher", "volume_million_m3": 0.81, "basin_volume_million_m3": 18.456, "empirical_volume_million_m3": 8.79, "lake_volume_million_m3": 1.62, "limited_by_existing_lake": true, "surface_area_km2": 0.4614, "storage_mwh": 297.3, "estimated_mw": 22.9, "score": 22.8729, "lh_ratio": 7.81, "lh_rank": 66, "implied_flow_m3_s": 17.3, "flow_limited": false, "basin_bounded": true, "wall_fraction": null, "unrealistic_dam_length_m": null, "flat_fraction": 1.0, "site_lake_id": null, "dam_start_lon": null, "dam_start_lat": null, "dam_end_lon": null, "dam_end_lat": null, "dam_height_m": 40.0, "dam_length_m": null, "concrete_volume_m3": null }, "geometry": { "type": "LineString", "coordinates": [ [ 27.742819768158999, 46.731032986111018 ], [ 27.730342979855987, 46.723936677171828 ] ] } },
{ "type": "Feature", "properties": { "type": "lake-new", "rank": 218, "lake_id": 1354108, "lake_elevation_m": 279.5, "new_site_elevation_m": 422.4, "new_site_water_level_m": 462.4, "head_m": 182.9, "distance_m": 2936.0, "direction": "higher", "volume_million_m3": 0.695, "basin_volume_million_m3": 5.957, "empirical_volume_million_m3": 3.016, "lake_volume_million_m3": 1.39, "limited_by_existing_lake": true, "surface_area_km2": 0.1489, "storage_mwh": 294.5, "estimated_mw": 22.7, "score": 22.651, "lh_ratio": 16.05, "lh_rank": 328, "implied_flow_m3_s": 14.9, "flow_limited": false, "basin_bounded": true, "wall_fraction": null, "unrealistic_dam_length_m": null, "flat_fraction": 1.0, "site_lake_id": null, "dam_start_lon": null, "dam_start_lat": null, "dam_end_lon": null, "dam_end_lat": null, "dam_height_m": 40.0, "dam_length_m": null, "concrete_volume_m3": null }, "geometry": { "type": "LineString", "coordinates": [ [ 24.258887827634624, 46.439539659288585 ], [ 24.254983336413559, 46.465776683682726 ] ] } },
{ "type": "Feature", "properties": { "type": "lake-new", "rank": 219, "lake_id": 1354562, "lake_elevation_m": 157.0, "new_site_elevation_m": 376.4, "new_site_water_level_m": 416.4, "head_m": 259.4, "distance_m": 1972.4, "direction": "higher", "volume_million_m3": 0.49, "basin_volume_million_m3": 0.898, "empirical_volume_million_m3": 0.504, "lake_volume_million_m3": 0.98, "limited_by_existing_lake": true, "surface_area_km2": 0.0224, "storage_mwh": 294.4, "estimated_mw": 22.6, "score": 22.6453, "lh_ratio": 7.6, "lh_rank": 60, "implied_flow_m3_s": 10.5, "flow_limited": false, "basin_bounded": true, "wall_fraction": null, "unrealistic_dam_length_m": null, "flat_fraction": 1.0, "site_lake_id": null, "dam_start_lon": null, "dam_start_lat": null, "dam_end_lon": null, "dam_end_lat": null, "dam_height_m": 40.0, "dam_length_m": null, "concrete_volume_m3": null }, "geometry": { "type": "LineString", "coordinates": [ [ 27.243802949560713, 46.334094373914866 ], [ 27.262206212535666, 46.346442509420115 ] ] } },
{ "type": "Feature", "properties": { "type": "lake-new", "rank": 220, "lake_id": 1350994, "lake_elevation_m": 130.0, "new_site_elevation_m": 267.6, "new_site_water_level_m": 307.6, "head_m": 177.6, "distance_m": 2771.9, "direction": "higher", "volume_million_m3": 0.715, "basin_volume_million_m3": 5.924, "empirical_volume_million_m3": 3.001, "lake_volume_million_m3": 1.43, "limited_by_existing_lake": true, "surface_area_km2": 0.1481, "storage_mwh": 294.1, "estimated_mw": 22.6, "score": 22.6259, "lh_ratio": 15.61, "lh_rank": 318, "implied_flow_m3_s": 15.3, "flow_limited": false, "basin_bounded": true, "wall_fraction": null, "unrealistic_dam_length_m": null, "flat_fraction": 1.0, "site_lake_id": null, "dam_start_lon": null, "dam_start_lat": null, "dam_end_lon": null, "dam_end_lat": null, "dam_height_m": 40.0, "dam_length_m": null, "concrete_volume_m3": null }, "geometry": { "type": "LineString", "coordinates": [ [ 22.137524195779491, 47.207503255208735 ], [ 22.169093122854989, 47.194851390713985 ] ] } },
{ "type": "Feature", "properties": { "type": "lake-new", "rank": 221, "lake_id": 1352754, "lake_elevation_m": 368.5, "new_site_elevation_m": 493.3, "new_site_water_level_m": 533.3, "head_m": 164.8, "distance_m": 1348.1, "direction": "higher", "volume_million_m3": 0.76, "basin_volume_million_m3": 11.636, "empirical_volume_million_m3": 5.682, "lake_volume_million_m3": 1.52, "limited_by_existing_lake": true, "surface_area_km2": 0.2909, "storage_mwh": 290.1, "estimated_mw": 22.3, "score": 22.3136, "lh_ratio": 8.18, "lh_rank": 76, "implied_flow_m3_s": 16.2, "flow_limited": false, "basin_bounded": true, "wall_fraction": null, "unrealistic_dam_length_m": null, "flat_fraction": 1.0, "site_lake_id": null, "dam_start_lon": null, "dam_start_lat": null, "dam_end_lon": null, "dam_end_lat": null, "dam_height_m": 40.0, "dam_length_m": null, "concrete_volume_m3": null }, "geometry": { "type": "LineString", "coordinates": [ [ 24.527310640425707, 46.749094373915312 ], [ 24.543985589375875, 46.753109176087229 ] ] } },
{ "type": "Feature", "properties": { "type": "lake-new", "rank": 222, "lake_id": 169397, "lake_elevation_m": 193.0, "new_site_elevation_m": 312.4, "new_site_water_level_m": 352.4, "head_m": 159.4, "distance_m": 2630.2, "direction": "higher", "volume_million_m3": 0.775, "basin_volume_million_m3": 24.928, "empirical_volume_million_m3": 11.682, "lake_volume_million_m3": 1.55, "limited_by_existing_lake": true, "surface_area_km2": 0.6232, "storage_mwh": 286.2, "estimated_mw": 22.0, "score": 22.0154, "lh_ratio": 16.5, "lh_rank": 338, "implied_flow_m3_s": 16.6, "flow_limited": false, "basin_bounded": false, "wall_fraction": null, "unrealistic_dam_length_m": null, "flat_fraction": 1.0, "site_lake_id": null, "dam_start_lon": null, "dam_start_lat": null, "dam_end_lon": null, "dam_end_lat": null, "dam_height_m": 40.0, "dam_length_m": null, "concrete_volume_m3": null }, "geometry": { "type": "LineString", "coordinates": [ [ 26.777290781785908, 46.679907904730868 ], [ 26.773189508308608, 46.70336715134723 ] ] } },
{ "type": "Feature", "properties": { "type": "lake-new", "rank": 223, "lake_id": 1359605, "lake_elevation_m": 38.5, "new_site_elevation_m": 162.1, "new_site_water_level_m": 202.1, "head_m": 163.6, "distance_m": 2873.2, "direction": "higher", "volume_million_m3": 0.755, "basin_volume_million_m3": 16.424, "empirical_volume_million_m3": 7.872, "lake_volume_million_m3": 1.51, "limited_by_existing_lake": true, "surface_area_km2": 0.4106, "storage_mwh": 286.0, "estimated_mw": 22.0, "score": 22.0031, "lh_ratio": 17.57, "lh_rank": 358, "implied_flow_m3_s": 16.1, "flow_limited": false, "basin_bounded": true, "wall_fraction": null, "unrealistic_dam_length_m": null, "flat_fraction": 1.0, "site_lake_id": null, "dam_start_lon": null, "dam_start_lat": null, "dam_end_lon": null, "dam_end_lat": null, "dam_height_m": 40.0, "dam_length_m": null, "concrete_volume_m3": null }, "geometry": { "type": "LineString", "coordinates": [ [ 28.732484654991858, 45.160498860676938 ], [ 28.740697196093507, 45.135346996182193 ] ] } },
{ "type": "Feature", "properties": { "type": "lake-new", "rank": 224, "lake_id": 1351958, "lake_elevation_m": 290.5, "new_site_elevation_m": 485.1, "new_site_water_level_m": 525.1, "head_m": 234.6, "distance_m": 2780.5, "direction": "higher", "volume_million_m3": 0.525, "basin_volume_million_m3": 3.42, "empirical_volume_million_m3": 1.785, "lake_volume_million_m3": 1.05, "limited_by_existing_lake": true, "surface_area_km2": 0.0855, "storage_mwh": 285.3, "estimated_mw": 21.9, "score": 21.9467, "lh_ratio": 11.85, "lh_rank": 216, "implied_flow_m3_s": 11.2, "flow_limited": false, "basin_bounded": true, "wall_fraction": null, "unrealistic_dam_length_m": null, "flat_fraction": 1.0, "site_lake_id": null, "dam_start_lon": null, "dam_start_lat": null, "dam_end_lon": null, "dam_end_lat": null, "dam_height_m": 40.0, "dam_length_m": null, "concrete_volume_m3": null }, "geometry": { "type": "LineString", "coordinates": [ [ 26.660766988183276, 46.952259521484365 ], [ 26.649495225625373, 46.928496545878502 ] ] } },
{ "type": "Feature", "properties": { "type": "lake-new", "rank": 225, "lake_id": 1355338, "lake_elevation_m": 93.7, "new_site_elevation_m": 258.8, "new_site_water_level_m": 298.8, "head_m": 205.1, "distance_m": 1433.5, "direction": "higher", "volume_million_m3": 0.6, "basin_volume_million_m3": 10.805, "empirical_volume_million_m3": 5.298, "lake_volume_million_m3": 1.2, "limited_by_existing_lake": true, "surface_area_km2": 0.2701, "storage_mwh": 285.1, "estimated_mw": 21.9, "score": 21.929, "lh_ratio": 6.99, "lh_rank": 38, "implied_flow_m3_s": 12.8, "flow_limited": false, "basin_bounded": true, "wall_fraction": null, "unrealistic_dam_length_m": null, "flat_fraction": 1.0, "site_lake_id": null, "dam_start_lon": null, "dam_start_lat": null, "dam_end_lon": null, "dam_end_lat": null, "dam_height_m": 40.0, "dam_length_m": null, "concrete_volume_m3": null }, "geometry": { "type": "LineString", "coordinates": [ [ 27.196781047723359, 46.17932996961801 ], [ 27.211142315191935, 46.187511438456596 ] ] } },
{ "type": "Feature", "properties": { "type": "lake-new", "rank": 226, "lake_id": 1354652, "lake_elevation_m": 136.5, "new_site_elevation_m": 310.6, "new_site_water_level_m": 350.6, "head_m": 214.1, "distance_m": 1699.1, "direction": "higher", "volume_million_m3": 0.57, "basin_volume_million_m3": 19.548, "empirical_volume_million_m3": 9.282, "lake_volume_million_m3": 1.14, "limited_by_existing_lake": true, "surface_area_km2": 0.4887, "storage_mwh": 282.6, "estimated_mw": 21.7, "score": 21.7415, "lh_ratio": 7.94, "lh_rank": 69, "implied_flow_m3_s": 12.2, "flow_limited": false, "basin_bounded": true, "wall_fraction": null, "unrealistic_dam_length_m": null, "flat_fraction": 1.0, "site_lake_id": null, "dam_start_lon": null, "dam_start_lat": null, "dam_end_lon": null, "dam_end_lat": null, "dam_height_m": 40.0, "dam_length_m": null, "concrete_volume_m3": null }, "geometry": { "type": "LineString", "coordinates": [ [ 27.394062257338526, 46.31565985785582 ], [ 27.415258201996267, 46.311341326694404 ] ] } },
{ "type": "Feature", "properties": { "type": "lake-new", "rank": 227, "lake_id": 1360914, "lake_elevation_m": 87.7, "new_site_elevation_m": 250.5, "new_site_water_level_m": 290.5, "head_m": 202.8, "distance_m": 2718.1, "direction": "higher", "volume_million_m3": 0.59, "basin_volume_million_m3": 2.039, "empirical_volume_million_m3": 1.094, "lake_volume_million_m3": 1.18, "limited_by_existing_lake": true, "surface_area_km2": 0.051, "storage_mwh": 277.1, "estimated_mw": 21.3, "score": 21.3176, "lh_ratio": 13.4, "lh_rank": 273, "implied_flow_m3_s": 12.6, "flow_limited": false, "basin_bounded": true, "wall_fraction": null, "unrealistic_dam_length_m": null, "flat_fraction": 1.0, "site_lake_id": null, "dam_start_lon": null, "dam_start_lat": null, "dam_end_lon": null, "dam_end_lat": null, "dam_height_m": 40.0, "dam_length_m": null, "concrete_volume_m3": null }, "geometry": { "type": "LineString", "coordinates": [ [ 21.654176818986343, 44.702053205702953 ], [ 21.675233738979479, 44.721345785652652 ] ] } },
{ "type": "Feature", "properties": { "type": "lake-new", "rank": 228, "lake_id": 1352143, "lake_elevation_m": 148.0, "new_site_elevation_m": 315.1, "new_site_water_level_m": 355.1, "head_m": 207.1, "distance_m": 1771.0, "direction": "higher", "volume_million_m3": 0.575, "basin_volume_million_m3": 8.676, "empirical_volume_million_m3": 4.305, "lake_volume_million_m3": 1.15, "limited_by_existing_lake": true, "surface_area_km2": 0.2169, "storage_mwh": 275.9, "estimated_mw": 21.2, "score": 21.221, "lh_ratio": 8.55, "lh_rank": 93, "implied_flow_m3_s": 12.3, "flow_limited": false, "basin_bounded": true, "wall_fraction": null, "unrealistic_dam_length_m": null, "flat_fraction": 1.0, "site_lake_id": null, "dam_start_lon": null, "dam_start_lat": null, "dam_end_lon": null, "dam_end_lat": null, "dam_height_m": 40.0, "dam_length_m": null, "concrete_volume_m3": null }, "geometry": { "type": "LineString", "coordinates": [ [ 27.696464696668304, 46.902154541015591 ], [ 27.690790323521565, 46.886724898743061 ] ] } },
{ "type": "Feature", "properties": { "type": "lake-new", "rank": 229, "lake_id": 1361708, "lake_elevation_m": 142.0, "new_site_elevation_m": 205.2, "new_site_water_level_m": 245.2, "head_m": 103.2, "distance_m": 2491.0, "direction": "higher", "volume_million_m3": 1.15, "basin_volume_million_m3": 25.466, "empirical_volume_million_m3": 11.92, "lake_volume_million_m3": 2.3, "limited_by_existing_lake": true, "surface_area_km2": 0.6366, "storage_mwh": 274.9, "estimated_mw": 21.1, "score": 21.1472, "lh_ratio": 24.14, "lh_rank": 410, "implied_flow_m3_s": 24.6, "flow_limited": false, "basin_bounded": false, "wall_fraction": null, "unrealistic_dam_length_m": null, "flat_fraction": 1.0, "site_lake_id": null, "dam_start_lon": null, "dam_start_lat": null, "dam_end_lon": null, "dam_end_lat": null, "dam_height_m": 40.0, "dam_length_m": null, "concrete_volume_m3": null }, "geometry": { "type": "LineString", "coordinates": [ [ 23.294746644356668, 44.217029588488231 ], [ 23.282825717462956, 44.237711057326813 ] ] } },
{ "type": "Feature", "properties": { "type": "lake-new", "rank": 230, "lake_id": 168945, "lake_elevation_m": 42.0, "new_site_elevation_m": 154.9, "new_site_water_level_m": 194.9, "head_m": 152.9, "distance_m": 2933.8, "direction": "higher", "volume_million_m3": 0.775, "basin_volume_million_m3": 8.914, "empirical_volume_million_m3": 4.416, "lake_volume_million_m3": 1.55, "limited_by_existing_lake": true, "surface_area_km2": 0.2229, "storage_mwh": 274.5, "estimated_mw": 21.1, "score": 21.1161, "lh_ratio": 19.18, "lh_rank": 375, "implied_flow_m3_s": 16.6, "flow_limited": false, "basin_bounded": true, "wall_fraction": null, "unrealistic_dam_length_m": null, "flat_fraction": 1.0, "site_lake_id": null, "dam_start_lon": null, "dam_start_lat": null, "dam_end_lon": null, "dam_end_lat": null, "dam_height_m": 40.0, "dam_length_m": null, "concrete_volume_m3": null }, "geometry": { "type": "LineString", "coordinates": [ [ 27.382746363528732, 47.349086507161388 ], [ 27.386417047812618, 47.37532353155553 ] ] } },
{ "type": "Feature", "properties": { "type": "lake-new", "rank": 231, "lake_id": 1353321, "lake_elevation_m": 514.5, "new_site_elevation_m": 769.4, "new_site_water_level_m": 809.4, "head_m": 294.9, "distance_m": 2793.8, "direction": "higher", "volume_million_m3": 0.4, "basin_volume_million_m3": 3.362, "empirical_volume_million_m3": 1.756, "lake_volume_million_m3": 0.8, "limited_by_existing_lake": true, "surface_area_km2": 0.0841, "storage_mwh": 273.2, "estimated_mw": 21.0, "score": 21.0187, "lh_ratio": 9.47, "lh_rank": 125, "implied_flow_m3_s": 8.5, "flow_limited": false, "basin_bounded": true, "wall_fraction": null, "unrealistic_dam_length_m": null, "flat_fraction": 1.0, "site_lake_id": null, "dam_start_lon": null, "dam_start_lat": null, "dam_end_lon": null, "dam_end_lat": null, "dam_height_m": 40.0, "dam_length_m": null, "concrete_volume_m3": null }, "geometry": { "type": "LineString", "coordinates": [ [ 23.56202134875187, 46.623086615668853 ], [ 23.545466821399359, 46.600712528951881 ] ] } },
{ "type": "Feature", "properties": { "type": "lake-new", "rank": 232, "lake_id": 168961, "lake_elevation_m": 40.0, "new_site_elevation_m": 177.2, "new_site_water_level_m": 217.2, "head_m": 177.2, "distance_m": 2034.3, "direction": "higher", "volume_million_m3": 0.645, "basin_volume_million_m3": 14.855, "empirical_volume_million_m3": 7.159, "lake_volume_million_m3": 1.29, "limited_by_existing_lake": true, "surface_area_km2": 0.3714, "storage_mwh": 264.8, "estimated_mw": 20.4, "score": 20.3694, "lh_ratio": 11.48, "lh_rank": 194, "implied_flow_m3_s": 13.8, "flow_limited": false, "basin_bounded": true, "wall_fraction": null, "unrealistic_dam_length_m": null, "flat_fraction": 1.0, "site_lake_id": null, "dam_start_lon": null, "dam_start_lat": null, "dam_end_lon": null, "dam_end_lat": null, "dam_height_m": 40.0, "dam_length_m": null, "concrete_volume_m3": null }, "geometry": { "type": "LineString", "coordinates": [ [ 27.529493577372747, 47.324434678819472 ], [ 27.531796413772881, 47.306227258769169 ] ] } },
{ "type": "Feature", "properties": { "type": "lake-new", "rank": 233, "lake_id": 1355458, "lake_elevation_m": 11.5, "new_site_elevation_m": 99.9, "new_site_water_level_m": 139.9, "head_m": 128.4, "distance_m": 2112.5, "direction": "higher", "volume_million_m3": 0.89, "basin_volume_million_m3": 25.361, "empirical_volume_million_m3": 11.873, "lake_volume_million_m3": 1.78, "limited_by_existing_lake": true, "surface_area_km2": 0.634, "storage_mwh": 264.6, "estimated_mw": 20.4, "score": 20.3548, "lh_ratio": 16.46, "lh_rank": 336, "implied_flow_m3_s": 19.0, "flow_limited": false, "basin_bounded": false, "wall_fraction": null, "unrealistic_dam_length_m": null, "flat_fraction": 1.0, "site_lake_id": null, "dam_start_lon": null, "dam_start_lat": null, "dam_end_lon": null, "dam_end_lat": null, "dam_height_m": 40.0, "dam_length_m": null, "concrete_volume_m3": null }, "geometry": { "type": "LineString", "coordinates": [ [ 28.114781511369337, 46.142804497612815 ], [ 28.090283163933588, 46.134319299784735 ] ] } },
{ "type": "Feature", "properties": { "type": "lake-new", "rank": 234, "lake_id": 169670, "lake_elevation_m": 109.0, "new_site_elevation_m": 362.1, "new_site_water_level_m": 402.1, "head_m": 293.1, "distance_m": 2606.5, "direction": "higher", "volume_million_m3": 0.385, "basin_volume_million_m3": 2.584, "empirical_volume_million_m3": 1.369, "lake_volume_million_m3": 0.77, "limited_by_existing_lake": true, "surface_area_km2": 0.0646, "storage_mwh": 261.4, "estimated_mw": 20.1, "score": 20.1074, "lh_ratio": 8.89, "lh_rank": 104, "implied_flow_m3_s": 8.2, "flow_limited": false, "basin_bounded": true, "wall_fraction": null, "unrealistic_dam_length_m": null, "flat_fraction": 1.0, "site_lake_id": null, "dam_start_lon": null, "dam_start_lat": null, "dam_end_lon": null, "dam_end_lat": null, "dam_height_m": 40.0, "dam_length_m": null, "concrete_volume_m3": null }, "geometry": { "type": "LineString", "coordinates": [ [ 21.836789719099968, 46.40856268988756 ], [ 21.846799293604985, 46.386188603170588 ] ] } },
{ "type": "Feature", "properties": { "type": "lake-new", "rank": 235, "lake_id": 1354925, "lake_elevation_m": 85.4, "new_site_elevation_m": 206.1, "new_site_water_level_m": 246.1, "head_m": 160.7, "distance_m": 1472.0, "direction": "higher", "volume_million_m3": 0.695, "basin_volume_million_m3": 13.381, "empirical_volume_million_m3": 6.485, "lake_volume_million_m3": 1.39, "limited_by_existing_lake": true, "surface_area_km2": 0.3345, "storage_mwh": 258.8, "estimated_mw": 19.9, "score": 19.9047, "lh_ratio": 9.16, "lh_rank": 115, "implied_flow_m3_s": 14.9, "flow_limited": false, "basin_bounded": true, "wall_fraction": null, "unrealistic_dam_length_m": null, "flat_fraction": 1.0, "site_lake_id": null, "dam_start_lon": null, "dam_start_lat": null, "dam_end_lon": null, "dam_end_lat": null, "dam_height_m": 40.0, "dam_length_m": null, "concrete_volume_m3": null }, "geometry": { "type": "LineString", "coordinates": [ [ 27.553919250856811, 46.257241617838417 ], [ 27.543217884495629, 46.268200864454776 ] ] } },
{ "type": "Feature", "properties": { "type": "lake-new", "rank": 236, "lake_id": 1360198, "lake_elevation_m": 0.0, "new_site_elevation_m": 68.5, "new_site_water_level_m": 108.5, "head_m": 108.5, "distance_m": 2043.4, "direction": "higher", "volume_million_m3": 1.03, "basin_volume_million_m3": 25.16, "empirical_volume_million_m3": 11.784, "lake_volume_million_m3": 2.06, "limited_by_existing_lake": true, "surface_area_km2": 0.629, "storage_mwh": 258.8, "estimated_mw": 19.9, "score": 19.9046, "lh_ratio": 18.84, "lh_rank": 372, "implied_flow_m3_s": 22.0, "flow_limited": false, "basin_bounded": false, "wall_fraction": null, "unrealistic_dam_length_m": null, "flat_fraction": 1.0, "site_lake_id": null, "dam_start_lon": null, "dam_start_lat": null, "dam_end_lon": null, "dam_end_lat": null, "dam_height_m": 40.0, "dam_length_m": null, "concrete_volume_m3": null }, "geometry": { "type": "LineString", "coordinates": [ [ 29.175767630756219, 44.981721733940958 ], [ 29.154948783969314, 44.992680980557317 ] ] } },
{ "type": "Feature", "properties": { "type": "lake-new", "rank": 237, "lake_id": 1352328, "lake_elevation_m": 314.0, "new_site_elevation_m": 479.7, "new_site_water_level_m": 519.7, "head_m": 205.7, "distance_m": 1837.1, "direction": "higher", "volume_million_m3": 0.54, "basin_volume_million_m3": 11.745, "empirical_volume_million_m3": 5.733, "lake_volume_million_m3": 1.08, "limited_by_existing_lake": true, "surface_area_km2": 0.2936, "storage_mwh": 257.3, "estimated_mw": 19.8, "score": 19.7926, "lh_ratio": 8.93, "lh_rank": 106, "implied_flow_m3_s": 11.5, "flow_limited": false, "basin_bounded": true, "wall_fraction": null, "unrealistic_dam_length_m": null, "flat_fraction": 1.0, "site_lake_id": null, "dam_start_lon": null, "dam_start_lat": null, "dam_end_lon": null, "dam_end_lat": null, "dam_height_m": 40.0, "dam_length_m": null, "concrete_volume_m3": null }, "geometry": { "type": "LineString", "coordinates": [ [ 23.702313322529825, 46.84853814019138 ], [ 23.711961368442616, 46.863664053474409 ] ] } },
{ "type": "Feature", "properties": { "type": "lake-new", "rank": 238, "lake_id": 1355453, "lake_elevation_m": 111.0, "new_site_elevation_m": 244.6, "new_site_water_level_m": 284.6, "head_m": 173.6, "distance_m": 2487.7, "direction": "higher", "volume_million_m3": 0.64, "basin_volume_million_m3": 3.683, "empirical_volume_million_m3": 1.914, "lake_volume_million_m3": 1.28, "limited_by_existing_lake": true, "surface_area_km2": 0.0921, "storage_mwh": 257.3, "estimated_mw": 19.8, "score": 19.7914, "lh_ratio": 14.33, "lh_rank": 299, "implied_flow_m3_s": 13.7, "flow_limited": false, "basin_bounded": true, "wall_fraction": null, "unrealistic_dam_length_m": null, "flat_fraction": 1.0, "site_lake_id": null, "dam_start_lon": null, "dam_start_lat": null, "dam_end_lon": null, "dam_end_lat": null, "dam_height_m": 40.0, "dam_length_m": null, "concrete_volume_m3": null }, "geometry": { "type": "LineString", "coordinates": [ [ 21.576121959522354, 46.149099527995133 ], [ 21.603007459761393, 46.161447663500383 ] ] } },
{ "type": "Feature", "properties": { "type": "lake-new", "rank": 239, "lake_id": 1358102, "lake_elevation_m": 462.0, "new_site_elevation_m": 612.4, "new_site_water_level_m": 652.4, "head_m": 190.4, "distance_m": 2681.7, "direction": "higher", "volume_million_m3": 0.58, "basin_volume_million_m3": 1.421, "empirical_volume_million_m3": 0.777, "lake_volume_million_m3": 1.16, "limited_by_existing_lake": true, "surface_area_km2": 0.0355, "storage_mwh": 255.8, "estimated_mw": 19.7, "score": 19.6779, "lh_ratio": 14.08, "lh_rank": 291, "implied_flow_m3_s": 12.4, "flow_limited": false, "basin_bounded": true, "wall_fraction": null, "unrealistic_dam_length_m": null, "flat_fraction": 1.0, "site_lake_id": null, "dam_start_lon": null, "dam_start_lat": null, "dam_end_lon": null, "dam_end_lat": null, "dam_height_m": 40.0, "dam_length_m": null, "concrete_volume_m3": null }, "geometry": { "type": "LineString", "coordinates": [ [ 22.848719763510168, 45.509797905816328 ], [ 22.87333096858859, 45.492979374654915 ] ] } },
{ "type": "Feature", "properties": { "type": "lake-new", "rank": 240, "lake_id": 1356636, "lake_elevation_m": 366.0, "new_site_elevation_m": 445.3, "new_site_water_level_m": 485.3, "head_m": 119.3, "distance_m": 1811.1, "direction": "higher", "volume_million_m3": 0.925, "basin_volume_million_m3": 14.877, "empirical_volume_million_m3": 7.169, "lake_volume_million_m3": 1.85, "limited_by_existing_lake": true, "surface_area_km2": 0.3719, "storage_mwh": 255.7, "estimated_mw": 19.7, "score": 19.6676, "lh_ratio": 15.18, "lh_rank": 310, "implied_flow_m3_s": 19.8, "flow_limited": false, "basin_bounded": true, "wall_fraction": null, "unrealistic_dam_length_m": null, "flat_fraction": 1.0, "site_lake_id": null, "dam_start_lon": null, "dam_start_lat": null, "dam_end_lon": null, "dam_end_lat": null, "dam_height_m": 40.0, "dam_length_m": null, "concrete_volume_m3": null }, "geometry": { "type": "LineString", "coordinates": [ [ 24.070677477991996, 45.908481580946443 ], [ 24.058865589496286, 45.894440827562804 ] ] } },
{ "type": "Feature", "properties": { "type": "lake-new", "rank": 241, "lake_id": 1350286, "lake_elevation_m": 75.5, "new_site_elevation_m": 166.6, "new_site_water_level_m": 206.6, "head_m": 131.1, "distance_m": 1227.1, "direction": "higher", "volume_million_m3": 0.835, "basin_volume_million_m3": 20.736, "empirical_volume_million_m3": 9.815, "lake_volume_million_m3": 1.67, "limited_by_existing_lake": true, "surface_area_km2": 0.5184, "storage_mwh": 253.5, "estimated_mw": 19.5, "score": 19.4992, "lh_ratio": 9.36, "lh_rank": 123, "implied_flow_m3_s": 17.8, "flow_limited": false, "basin_bounded": true, "wall_fraction": null, "unrealistic_dam_length_m": null, "flat_fraction": 1.0, "site_lake_id": null, "dam_start_lon": null, "dam_start_lat": null, "dam_end_lon": null, "dam_end_lat": null, "dam_height_m": 40.0, "dam_length_m": null, "concrete_volume_m3": null }, "geometry": { "type": "LineString", "coordinates": [ [ 27.395388501387291, 47.40184353298622 ], [ 27.411514061931211, 47.400302779602583 ] ] } },
{ "type": "Feature", "properties": { "type": "lake-new", "rank": 242, "lake_id": 1352017, "lake_elevation_m": 179.0, "new_site_elevation_m": 345.9, "new_site_water_level_m": 385.9, "head_m": 206.9, "distance_m": 2039.0, "direction": "higher", "volume_million_m3": 0.515, "basin_volume_million_m3": 15.382, "empirical_volume_million_m3": 7.399, "lake_volume_million_m3": 1.03, "limited_by_existing_lake": true, "surface_area_km2": 0.3845, "storage_mwh": 246.8, "estimated_mw": 19.0, "score": 18.9852, "lh_ratio": 9.85, "lh_rank": 138, "implied_flow_m3_s": 11.0, "flow_limited": false, "basin_bounded": true, "wall_fraction": null, "unrealistic_dam_length_m": null, "flat_fraction": 1.0, "site_lake_id": null, "dam_start_lon": null, "dam_start_lat": null, "dam_end_lon": null, "dam_end_lat": null, "dam_height_m": 40.0, "dam_length_m": null, "concrete_volume_m3": null }, "geometry": { "type": "LineString", "coordinates": [ [ 27.660147574256158, 46.937862955729173 ], [ 27.675276732144265, 46.952988869012202 ] ] } },
{ "type": "Feature", "properties": { "type": "lake-new", "rank": 243, "lake_id": 1351969, "lake_elevation_m": 276.0, "new_site_elevation_m": 404.9, "new_site_water_level_m": 444.9, "head_m": 168.9, "distance_m": 2859.7, "direction": "higher", "volume_million_m3": 0.62, "basin_volume_million_m3": 15.875, "empirical_volume_million_m3": 7.623, "lake_volume_million_m3": 1.24, "limited_by_existing_lake": true, "surface_area_km2": 0.3969, "storage_mwh": 242.5, "estimated_mw": 18.7, "score": 18.6538, "lh_ratio": 16.93, "lh_rank": 348, "implied_flow_m3_s": 13.2, "flow_limited": false, "basin_bounded": true, "wall_fraction": null, "unrealistic_dam_length_m": null, "flat_fraction": 1.0, "site_lake_id": null, "dam_start_lon": null, "dam_start_lat": null, "dam_end_lon": null, "dam_end_lat": null, "dam_height_m": 40.0, "dam_length_m": null, "concrete_volume_m3": null }, "geometry": { "type": "LineString", "coordinates": [ [ 26.696562489623851, 46.948352728949573 ], [ 26.67001621520799, 46.93014530889927 ] ] } },
{ "type": "Feature", "properties": { "type": "lake-new", "rank": 244, "lake_id": 171312, "lake_elevation_m": -1.0, "new_site_elevation_m": 78.2, "new_site_water_level_m": 118.2, "head_m": 119.2, "distance_m": 2261.2, "direction": "higher", "volume_million_m3": 0.87, "basin_volume_million_m3": 18.112, "empirical_volume_million_m3": 8.636, "lake_volume_million_m3": 1.74, "limited_by_existing_lake": true, "surface_area_km2": 0.4528, "storage_mwh": 240.1, "estimated_mw": 18.5, "score": 18.4699, "lh_ratio": 18.98, "lh_rank": 373, "implied_flow_m3_s": 18.6, "flow_limited": false, "basin_bounded": true, "wall_fraction": null, "unrealistic_dam_length_m": null, "flat_fraction": 1.0, "site_lake_id": null, "dam_start_lon": null, "dam_start_lat": null, "dam_end_lon": null, "dam_end_lat": null, "dam_height_m": 40.0, "dam_length_m": null, "concrete_volume_m3": null }, "geometry": { "type": "LineString", "coordinates": [ [ 28.76356217920948, 44.680676506890165 ], [ 28.736023845527793, 44.686080197950972 ] ] } },
{ "type": "Feature", "properties": { "type": "lake-new", "rank": 245, "lake_id": 1349368, "lake_elevation_m": 74.5, "new_site_elevation_m": 180.0, "new_site_water_level_m": 220.0, "head_m": 145.5, "distance_m": 1878.2, "direction": "higher", "volume_million_m3": 0.71, "basin_volume_million_m3": 25.439, "empirical_volume_million_m3": 11.908, "lake_volume_million_m3": 1.42, "limited_by_existing_lake": true, "surface_area_km2": 0.636, "storage_mwh": 239.4, "estimated_mw": 18.4, "score": 18.4124, "lh_ratio": 12.9, "lh_rank": 258, "implied_flow_m3_s": 15.2, "flow_limited": false, "basin_bounded": false, "wall_fraction": null, "unrealistic_dam_length_m": null, "flat_fraction": 1.0, "site_lake_id": null, "dam_start_lon": null, "dam_start_lat": null, "dam_end_lon": null, "dam_end_lat": null, "dam_height_m": 40.0, "dam_length_m": null, "concrete_volume_m3": null }, "geometry": { "type": "LineString", "coordinates": [ [ 26.942583404546788, 47.633202446831604 ], [ 26.957120665362133, 47.646939471225743 ] ] } },
{ "type": "Feature", "properties": { "type": "lake-new", "rank": 246, "lake_id": 1352295, "lake_elevation_m": 318.0, "new_site_elevation_m": 487.9, "new_site_water_level_m": 527.9, "head_m": 209.9, "distance_m": 1390.7, "direction": "higher", "volume_million_m3": 0.49, "basin_volume_million_m3": 2.746, "empirical_volume_million_m3": 1.45, "lake_volume_million_m3": 0.98, "limited_by_existing_lake": true, "surface_area_km2": 0.0687, "storage_mwh": 238.2, "estimated_mw": 18.3, "score": 18.3215, "lh_ratio": 6.63, "lh_rank": 23, "implied_flow_m3_s": 10.5, "flow_limited": false, "basin_bounded": true, "wall_fraction": null, "unrealistic_dam_length_m": null, "flat_fraction": 1.0, "site_lake_id": null, "dam_start_lon": null, "dam_start_lat": null, "dam_end_lon": null, "dam_end_lat": null, "dam_height_m": 40.0, "dam_length_m": null, "concrete_volume_m3": null }, "geometry": { "type": "LineString", "coordinates": [ [ 23.695716233766255, 46.857934570312892 ], [ 23.709523132102131, 46.866116039151478 ] ] } },
{ "type": "Feature", "properties": { "type": "lake-new", "rank": 247, "lake_id": 1351902, "lake_elevation_m": 279.0, "new_site_elevation_m": 515.0, "new_site_water_level_m": 555.0, "head_m": 276.0, "distance_m": 2644.8, "direction": "higher", "volume_million_m3": 0.37, "basin_volume_million_m3": 5.716, "empirical_volume_million_m3": 2.901, "lake_volume_million_m3": 0.74, "limited_by_existing_lake": true, "surface_area_km2": 0.1429, "storage_mwh": 236.5, "estimated_mw": 18.2, "score": 18.194, "lh_ratio": 9.58, "lh_rank": 130, "implied_flow_m3_s": 7.9, "flow_limited": false, "basin_bounded": true, "wall_fraction": null, "unrealistic_dam_length_m": null, "flat_fraction": 1.0, "site_lake_id": null, "dam_start_lon": null, "dam_start_lat": null, "dam_end_lon": null, "dam_end_lat": null, "dam_height_m": 40.0, "dam_length_m": null, "concrete_volume_m3": null }, "geometry": { "type": "LineString", "coordinates": [ [ 23.900826801318289, 46.967137586805961 ], [ 23.93537592836346, 46.964207944533435 ] ] } },
{ "type": "Feature", "properties": { "type": "lake-new", "rank": 248, "lake_id": 1347220, "lake_elevation_m": 115.0, "new_site_elevation_m": 213.0, "new_site_water_level_m": 253.0, "head_m": 138.0, "distance_m": 1590.1, "direction": "higher", "volume_million_m3": 0.735, "basin_volume_million_m3": 12.259, "empirical_volume_million_m3": 5.97, "lake_volume_million_m3": 1.47, "limited_by_existing_lake": true, "surface_area_km2": 0.3065, "storage_mwh": 234.9, "estimated_mw": 18.1, "score": 18.0719, "lh_ratio": 11.52, "lh_rank": 198, "implied_flow_m3_s": 15.7, "flow_limited": false, "basin_bounded": true, "wall_fraction": null, "unrealistic_dam_length_m": null, "flat_fraction": 1.0, "site_lake_id": null, "dam_start_lon": null, "dam_start_lat": null, "dam_end_lon": null, "dam_end_lat": null, "dam_height_m": 40.0, "dam_length_m": null, "concrete_volume_m3": null }, "geometry": { "type": "LineString", "coordinates": [ [ 26.601975129749235, 48.106555989583342 ], [ 26.598040962966259, 48.092515236199702 ] ] } },
{ "type": "Feature", "properties": { "type": "lake-new", "rank": 249, "lake_id": 1351949, "lake_elevation_m": 304.5, "new_site_elevation_m": 454.7, "new_site_water_level_m": 494.7, "head_m": 190.2, "distance_m": 2202.6, "direction": "higher", "volume_million_m3": 0.53, "basin_volume_million_m3": 15.168, "empirical_volume_million_m3": 7.302, "lake_volume_million_m3": 1.06, "limited_by_existing_lake": true, "surface_area_km2": 0.3792, "storage_mwh": 233.4, "estimated_mw": 18.0, "score": 17.9569, "lh_ratio": 11.58, "lh_rank": 205, "implied_flow_m3_s": 11.3, "flow_limited": false, "basin_bounded": true, "wall_fraction": null, "unrealistic_dam_length_m": null, "flat_fraction": 1.0, "site_lake_id": null, "dam_start_lon": null, "dam_start_lat": null, "dam_end_lon": null, "dam_end_lat": null, "dam_height_m": 40.0, "dam_length_m": null, "concrete_volume_m3": null }, "geometry": { "type": "LineString", "coordinates": [ [ 26.632377381003607, 46.954259982638916 ], [ 26.636381723654111, 46.934663673699724 ] ] } },
{ "type": "Feature", "properties": { "type": "lake-new", "rank": 250, "lake_id": 1362005, "lake_elevation_m": 59.0, "new_site_elevation_m": 128.6, "new_site_water_level_m": 168.6, "head_m": 109.6, "distance_m": 2182.1, "direction": "higher", "volume_million_m3": 0.915, "basin_volume_million_m3": 25.449, "empirical_volume_million_m3": 11.912, "lake_volume_million_m3": 1.83, "limited_by_existing_lake": true, "surface_area_km2": 0.6362, "storage_mwh": 232.3, "estimated_mw": 17.9, "score": 17.8699, "lh_ratio": 19.91, "lh_rank": 379, "implied_flow_m3_s": 19.6, "flow_limited": false, "basin_bounded": false, "wall_fraction": null, "unrealistic_dam_length_m": null, "flat_fraction": 1.0, "site_lake_id": null, "dam_start_lon": null, "dam_start_lat": null, "dam_end_lon": null, "dam_end_lat": null, "dam_height_m": 40.0, "dam_length_m": null, "concrete_volume_m3": null }, "geometry": { "type": "LineString", "coordinates": [ [ 28.141811660321864, 44.002007649739539 ], [ 28.136989929787706, 44.021300229689238 ] ] } },
{ "type": "Feature", "properties": { "type": "lake-new", "rank": 251, "lake_id": 1352670, "lake_elevation_m": 341.0, "new_site_elevation_m": 491.5, "new_site_water_level_m": 531.5, "head_m": 190.5, "distance_m": 1899.0, "direction": "higher", "volume_million_m3": 0.525, "basin_volume_million_m3": 11.083, "empirical_volume_million_m3": 5.426, "lake_volume_million_m3": 1.05, "limited_by_existing_lake": true, "surface_area_km2": 0.2771, "storage_mwh": 231.7, "estimated_mw": 17.8, "score": 17.8197, "lh_ratio": 9.97, "lh_rank": 143, "implied_flow_m3_s": 11.2, "flow_limited": false, "basin_bounded": true, "wall_fraction": null, "unrealistic_dam_length_m": null, "flat_fraction": 1.0, "site_lake_id": null, "dam_start_lon": null, "dam_start_lat": null, "dam_end_lon": null, "dam_end_lat": null, "dam_height_m": 40.0, "dam_length_m": null, "concrete_volume_m3": null }, "geometry": { "type": "LineString", "coordinates": [ [ 23.982738622706613, 46.763595648872013 ], [ 23.986901574557013, 46.7467771177106 ] ] } },
{ "type": "Feature", "properties": { "type": "lake-new", "rank": 252, "lake_id": 1353082, "lake_elevation_m": 340.0, "new_site_elevation_m": 505.4, "new_site_water_level_m": 545.4, "head_m": 205.4, "distance_m": 2188.0, "direction": "higher", "volume_million_m3": 0.485, "basin_volume_million_m3": 3.229, "empirical_volume_million_m3": 1.69, "lake_volume_million_m3": 0.97, "limited_by_existing_lake": true, "surface_area_km2": 0.0807, "storage_mwh": 230.7, "estimated_mw": 17.7, "score": 17.7491, "lh_ratio": 10.65, "lh_rank": 169, "implied_flow_m3_s": 10.4, "flow_limited": false, "basin_bounded": true, "wall_fraction": null, "unrealistic_dam_length_m": null, "flat_fraction": 1.0, "site_lake_id": null, "dam_start_lon": null, "dam_start_lat": null, "dam_end_lon": null, "dam_end_lat": null, "dam_height_m": 40.0, "dam_length_m": null, "concrete_volume_m3": null }, "geometry": { "type": "LineString", "coordinates": [ [ 24.593974485824631, 46.664492458767796 ], [ 24.588497019581254, 46.683785038717495 ] ] } },
{ "type": "Feature", "properties": { "type": "lake-new", "rank": 253, "lake_id": 1353130, "lake_elevation_m": 29.8, "new_site_elevation_m": 153.5, "new_site_water_level_m": 193.5, "head_m": 163.7, "distance_m": 2069.5, "direction": "higher", "volume_million_m3": 0.605, "basin_volume_million_m3": 16.643, "empirical_volume_million_m3": 7.972, "lake_volume_million_m3": 1.21, "limited_by_existing_lake": true, "surface_area_km2": 0.4161, "storage_mwh": 229.4, "estimated_mw": 17.6, "score": 17.6459, "lh_ratio": 12.64, "lh_rank": 244, "implied_flow_m3_s": 12.9, "flow_limited": false, "basin_bounded": true, "wall_fraction": null, "unrealistic_dam_length_m": null, "flat_fraction": 1.0, "site_lake_id": null, "dam_start_lon": null, "dam_start_lat": null, "dam_end_lon": null, "dam_end_lat": null, "dam_height_m": 40.0, "dam_length_m": null, "concrete_volume_m3": null }, "geometry": { "type": "LineString", "coordinates": [ [ 28.151925396314745, 46.657480333116354 ], [ 28.146453701778945, 46.639272913066051 ] ] } },
{ "type": "Feature", "properties": { "type": "lake-new", "rank": 254, "lake_id": 1347496, "lake_elevation_m": 152.0, "new_site_elevation_m": 232.7, "new_site_water_level_m": 272.7, "head_m": 120.7, "distance_m": 2214.1, "direction": "higher", "volume_million_m3": 0.805, "basin_volume_million_m3": 25.417, "empirical_volume_million_m3": 11.898, "lake_volume_million_m3": 1.61, "limited_by_existing_lake": true, "surface_area_km2": 0.6354, "storage_mwh": 225.0, "estimated_mw": 17.3, "score": 17.3068, "lh_ratio": 18.35, "lh_rank": 368, "implied_flow_m3_s": 17.2, "flow_limited": false, "basin_bounded": false, "wall_fraction": null, "unrealistic_dam_length_m": null, "flat_fraction": 1.0, "site_lake_id": null, "dam_start_lon": null, "dam_start_lat": null, "dam_end_lon": null, "dam_end_lat": null, "dam_height_m": 40.0, "dam_length_m": null, "concrete_volume_m3": null }, "geometry": { "type": "LineString", "coordinates": [ [ 26.43642911935239, 48.045149468316026 ], [ 26.443660620031373, 48.064442048265725 ] ] } },
{ "type": "Feature", "properties": { "type": "lake-new", "rank": 255, "lake_id": 1348600, "lake_elevation_m": 105.0, "new_site_elevation_m": 186.9, "new_site_water_level_m": 226.9, "head_m": 121.9, "distance_m": 1563.5, "direction": "higher", "volume_million_m3": 0.79, "basin_volume_million_m3": 24.815, "empirical_volume_million_m3": 11.632, "lake_volume_million_m3": 1.58, "limited_by_existing_lake": true, "surface_area_km2": 0.6204, "storage_mwh": 223.1, "estimated_mw": 17.2, "score": 17.1619, "lh_ratio": 12.82, "lh_rank": 253, "implied_flow_m3_s": 16.9, "flow_limited": false, "basin_bounded": false, "wall_fraction": null, "unrealistic_dam_length_m": null, "flat_fraction": 1.0, "site_lake_id": null, "dam_start_lon": null, "dam_start_lat": null, "dam_end_lon": null, "dam_end_lat": null, "dam_height_m": 40.0, "dam_length_m": null, "concrete_volume_m3": null }, "geometry": { "type": "LineString", "coordinates": [ [ 26.658306444899068, 47.805491875542543 ], [ 26.658804686495078, 47.791451122158904 ] ] } },
{ "type": "Feature", "properties": { "type": "lake-new", "rank": 256, "lake_id": 1352236, "lake_elevation_m": 24.7, "new_site_elevation_m": 159.3, "new_site_water_level_m": 199.3, "head_m": 174.5, "distance_m": 1948.7, "direction": "higher", "volume_million_m3": 0.55, "basin_volume_million_m3": 19.583, "empirical_volume_million_m3": 9.297, "lake_volume_million_m3": 1.1, "limited_by_existing_lake": true, "surface_area_km2": 0.4896, "storage_mwh": 222.4, "estimated_mw": 17.1, "score": 17.1042, "lh_ratio": 11.16, "lh_rank": 184, "implied_flow_m3_s": 11.8, "flow_limited": false, "basin_bounded": true, "wall_fraction": null, "unrealistic_dam_length_m": null, "flat_fraction": 1.0, "site_lake_id": null, "dam_start_lon": null, "dam_start_lat": null, "dam_end_lon": null, "dam_end_lat": null, "dam_height_m": 40.0, "dam_length_m": null, "concrete_volume_m3": null }, "geometry": { "type": "LineString", "coordinates": [ [ 28.088223558312329, 46.874994574652703 ], [ 28.070071814727051, 46.887342710157952 ] ] } },
{ "type": "Feature", "properties": { "type": "lake-new", "rank": 257, "lake_id": 1354121, "lake_elevation_m": 139.5, "new_site_elevation_m": 336.1, "new_site_water_level_m": 376.1, "head_m": 236.6, "distance_m": 1538.0, "direction": "higher", "volume_million_m3": 0.405, "basin_volume_million_m3": 15.655, "empirical_volume_million_m3": 7.523, "lake_volume_million_m3": 0.81, "limited_by_existing_lake": true, "surface_area_km2": 0.3914, "storage_mwh": 222.0, "estimated_mw": 17.1, "score": 17.0743, "lh_ratio": 6.5, "lh_rank": 20, "implied_flow_m3_s": 8.7, "flow_limited": false, "basin_bounded": true, "wall_fraction": null, "unrealistic_dam_length_m": null, "flat_fraction": 1.0, "site_lake_id": null, "dam_start_lon": null, "dam_start_lat": null, "dam_end_lon": null, "dam_end_lat": null, "dam_height_m": 40.0, "dam_length_m": null, "concrete_volume_m3": null }, "geometry": { "type": "LineString", "coordinates": [ [ 27.627314389020896, 46.441831597222233 ], [ 27.608130255574892, 46.445846399394149 ] ] } },
{ "type": "Feature", "properties": { "type": "lake-new", "rank": 258, "lake_id": 1356331, "lake_elevation_m": 270.0, "new_site_elevation_m": 413.6, "new_site_water_level_m": 453.6, "head_m": 183.6, "distance_m": 1221.7, "direction": "higher", "volume_million_m3": 0.52, "basin_volume_million_m3": 13.608, "empirical_volume_million_m3": 6.589, "lake_volume_million_m3": 1.04, "limited_by_existing_lake": true, "surface_area_km2": 0.3402, "storage_mwh": 221.2, "estimated_mw": 17.0, "score": 17.0118, "lh_ratio": 6.65, "lh_rank": 24, "implied_flow_m3_s": 11.1, "flow_limited": false, "basin_bounded": true, "wall_fraction": null, "unrealistic_dam_length_m": null, "flat_fraction": 1.0, "site_lake_id": null, "dam_start_lon": null, "dam_start_lat": null, "dam_end_lon": null, "dam_end_lat": null, "dam_height_m": 40.0, "dam_length_m": null, "concrete_volume_m3": null }, "geometry": { "type": "LineString", "coordinates": [ [ 23.651478034736662, 45.981860894097537 ], [ 23.665996893527918, 45.97754236293612 ] ] } },
{ "type": "Feature", "properties": { "type": "lake-new", "rank": 259, "lake_id": 1350508, "lake_elevation_m": 44.5, "new_site_elevation_m": 125.1, "new_site_water_level_m": 165.1, "head_m": 120.6, "distance_m": 2228.6, "direction": "higher", "volume_million_m3": 0.79, "basin_volume_million_m3": 17.339, "empirical_volume_million_m3": 8.287, "lake_volume_million_m3": 1.58, "limited_by_existing_lake": true, "surface_area_km2": 0.4335, "storage_mwh": 220.6, "estimated_mw": 17.0, "score": 16.9714, "lh_ratio": 18.48, "lh_rank": 369, "implied_flow_m3_s": 16.9, "flow_limited": false, "basin_bounded": true, "wall_fraction": null, "unrealistic_dam_length_m": null, "flat_fraction": 1.0, "site_lake_id": null, "dam_start_lon": null, "dam_start_lat": null, "dam_end_lon": null, "dam_end_lat": null, "dam_height_m": 40.0, "dam_length_m": null, "concrete_volume_m3": null }, "geometry": { "type": "LineString", "coordinates": [ [ 27.365274339444198, 47.339707573784779 ], [ 27.359230809979209, 47.320111264845586 ] ] } },
{ "type": "Feature", "properties": { "type": "lake-new", "rank": 260, "lake_id": 1356485, "lake_elevation_m": 283.0, "new_site_elevation_m": 401.5, "new_site_water_level_m": 441.5, "head_m": 158.5, "distance_m": 1571.1, "direction": "higher", "volume_million_m3": 0.59, "basin_volume_million_m3": 19.734, "empirical_volume_million_m3": 9.365, "lake_volume_million_m3": 1.18, "limited_by_existing_lake": true, "surface_area_km2": 0.4934, "storage_mwh": 216.6, "estimated_mw": 16.7, "score": 16.6644, "lh_ratio": 9.91, "lh_rank": 140, "implied_flow_m3_s": 12.6, "flow_limited": false, "basin_bounded": true, "wall_fraction": null, "unrealistic_dam_length_m": null, "flat_fraction": 1.0, "site_lake_id": null, "dam_start_lon": null, "dam_start_lat": null, "dam_end_lon": null, "dam_end_lat": null, "dam_height_m": 40.0, "dam_length_m": null, "concrete_volume_m3": null }, "geometry": { "type": "LineString", "coordinates": [ [ 23.763765390948045, 45.943408610026381 ], [ 23.772759189770259, 45.930756745531632 ] ] } },
{ "type": "Feature", "properties": { "type": "lake-new", "rank": 261, "lake_id": 1357168, "lake_elevation_m": 515.0, "new_site_elevation_m": 593.2, "new_site_water_level_m": 633.2, "head_m": 118.2, "distance_m": 2996.6, "direction": "higher", "volume_million_m3": 0.79, "basin_volume_million_m3": 5.363, "empirical_volume_million_m3": 2.731, "lake_volume_million_m3": 1.58, "limited_by_existing_lake": true, "surface_area_km2": 0.1341, "storage_mwh": 216.4, "estimated_mw": 16.6, "score": 16.6444, "lh_ratio": 25.34, "lh_rank": 422, "implied_flow_m3_s": 16.9, "flow_limited": false, "basin_bounded": true, "wall_fraction": null, "unrealistic_dam_length_m": null, "flat_fraction": 1.0, "site_lake_id": null, "dam_start_lon": null, "dam_start_lat": null, "dam_end_lon": null, "dam_end_lat": null, "dam_height_m": 40.0, "dam_length_m": null, "concrete_volume_m3": null }, "geometry": { "type": "LineString", "coordinates": [ [ 25.479095838438987, 45.762095675998211 ], [ 25.441010376592487, 45.757777144836794 ] ] } },
{ "type": "Feature", "properties": { "type": "lake-new", "rank": 262, "lake_id": 1359373, "lake_elevation_m": 12.1, "new_site_elevation_m": 217.9, "new_site_water_level_m": 257.9, "head_m": 245.8, "distance_m": 2924.0, "direction": "higher", "volume_million_m3": 0.38, "basin_volume_million_m3": 10.076, "empirical_volume_million_m3": 4.959, "lake_volume_million_m3": 0.76, "limited_by_existing_lake": true, "surface_area_km2": 0.2519, "storage_mwh": 216.3, "estimated_mw": 16.6, "score": 16.6421, "lh_ratio": 11.9, "lh_rank": 219, "implied_flow_m3_s": 8.1, "flow_limited": false, "basin_bounded": true, "wall_fraction": null, "unrealistic_dam_length_m": null, "flat_fraction": 1.0, "site_lake_id": null, "dam_start_lon": null, "dam_start_lat": null, "dam_end_lon": null, "dam_end_lat": null, "dam_height_m": 40.0, "dam_length_m": null, "concrete_volume_m3": null }, "geometry": { "type": "LineString", "coordinates": [ [ 28.180939091347742, 45.222048882378346 ], [ 28.209938097300309, 45.238563684550265 ] ] } },
{ "type": "Feature", "properties": { "type": "lake-new", "rank": 263, "lake_id": 1350823, "lake_elevation_m": 85.0, "new_site_elevation_m": 189.6, "new_site_water_level_m": 229.6, "head_m": 144.6, "distance_m": 1339.7, "direction": "higher", "volume_million_m3": 0.645, "basin_volume_million_m3": 17.108, "empirical_volume_million_m3": 8.182, "lake_volume_million_m3": 1.29, "limited_by_existing_lake": true, "surface_area_km2": 0.4277, "storage_mwh": 216.1, "estimated_mw": 16.6, "score": 16.6223, "lh_ratio": 9.26, "lh_rank": 120, "implied_flow_m3_s": 13.8, "flow_limited": false, "basin_bounded": true, "wall_fraction": null, "unrealistic_dam_length_m": null, "flat_fraction": 1.0, "site_lake_id": null, "dam_start_lon": null, "dam_start_lat": null, "dam_end_lon": null, "dam_end_lat": null, "dam_height_m": 40.0, "dam_length_m": null, "concrete_volume_m3": null }, "geometry": { "type": "LineString", "coordinates": [ [ 27.052691861803613, 47.252616102430522 ], [ 27.042555838062196, 47.242742015713553 ] ] } },
{ "type": "Feature", "properties": { "type": "lake-new", "rank": 264, "lake_id": 1356427, "lake_elevation_m": 303.0, "new_site_elevation_m": 485.1, "new_site_water_level_m": 525.1, "head_m": 222.1, "distance_m": 2268.6, "direction": "higher", "volume_million_m3": 0.42, "basin_volume_million_m3": 7.604, "empirical_volume_million_m3": 3.8, "lake_volume_million_m3": 0.84, "limited_by_existing_lake": true, "surface_area_km2": 0.1901, "storage_mwh": 216.1, "estimated_mw": 16.6, "score": 16.6222, "lh_ratio": 10.21, "lh_rank": 154, "implied_flow_m3_s": 9.0, "flow_limited": false, "basin_bounded": true, "wall_fraction": null, "unrealistic_dam_length_m": null, "flat_fraction": 1.0, "site_lake_id": null, "dam_start_lon": null, "dam_start_lat": null, "dam_end_lon": null, "dam_end_lat": null, "dam_height_m": 40.0, "dam_length_m": null, "concrete_volume_m3": null }, "geometry": { "type": "LineString", "coordinates": [ [ 23.812450341552132, 45.961949869792079 ], [ 23.838096110166671, 45.952075783075109 ] ] } },
{ "type": "Feature", "properties": { "type": "lake-new", "rank": 265, "lake_id": 1361872, "lake_elevation_m": 9.3, "new_site_elevation_m": 81.8, "new_site_water_level_m": 121.8, "head_m": 112.5, "distance_m": 2839.0, "direction": "higher", "volume_million_m3": 0.825, "basin_volume_million_m3": 18.95, "empirical_volume_million_m3": 9.013, "lake_volume_million_m3": 1.65, "limited_by_existing_lake": true, "surface_area_km2": 0.4738, "storage_mwh": 214.9, "estimated_mw": 16.5, "score": 16.5305, "lh_ratio": 25.24, "lh_rank": 421, "implied_flow_m3_s": 17.6, "flow_limited": false, "basin_bounded": true, "wall_fraction": null, "unrealistic_dam_length_m": null, "flat_fraction": 1.0, "site_lake_id": null, "dam_start_lon": null, "dam_start_lat": null, "dam_end_lon": null, "dam_end_lat": null, "dam_height_m": 40.0, "dam_length_m": null, "concrete_volume_m3": null }, "geometry": { "type": "LineString", "coordinates": [ [ 27.449061747090568, 44.104677157931718 ], [ 27.413610784630571, 44.103136404548081 ] ] } },
{ "type": "Feature", "properties": { "type": "lake-new", "rank": 266, "lake_id": 1348637, "lake_elevation_m": 109.8, "new_site_elevation_m": 185.9, "new_site_water_level_m": 225.9, "head_m": 116.1, "distance_m": 1188.2, "direction": "higher", "volume_million_m3": 0.795, "basin_volume_million_m3": 25.461, "empirical_volume_million_m3": 11.918, "lake_volume_million_m3": 1.59, "limited_by_existing_lake": true, "surface_area_km2": 0.6365, "storage_mwh": 213.8, "estimated_mw": 16.4, "score": 16.4437, "lh_ratio": 10.24, "lh_rank": 157, "implied_flow_m3_s": 17.0, "flow_limited": false, "basin_bounded": false, "wall_fraction": null, "unrealistic_dam_length_m": null, "flat_fraction": 1.0, "site_lake_id": null, "dam_start_lon": null, "dam_start_lat": null, "dam_end_lon": null, "dam_end_lat": null, "dam_height_m": 40.0, "dam_length_m": null, "concrete_volume_m3": null }, "geometry": { "type": "LineString", "coordinates": [ [ 26.785713093104121, 47.79783521864158 ], [ 26.801495814222491, 47.799072243035724 ] ] } },
{ "type": "Feature", "properties": { "type": "lake-new", "rank": 267, "lake_id": 1355297, "lake_elevation_m": 282.8, "new_site_elevation_m": 415.3, "new_site_water_level_m": 455.3, "head_m": 172.6, "distance_m": 991.5, "direction": "higher", "volume_million_m3": 0.53, "basin_volume_million_m3": 4.211, "empirical_volume_million_m3": 2.173, "lake_volume_million_m3": 1.06, "limited_by_existing_lake": true, "surface_area_km2": 0.1053, "storage_mwh": 211.8, "estimated_mw": 16.3, "score": 16.2945, "lh_ratio": 5.75, "lh_rank": 15, "implied_flow_m3_s": 11.3, "flow_limited": false, "basin_bounded": true, "wall_fraction": null, "unrealistic_dam_length_m": null, "flat_fraction": 1.0, "site_lake_id": null, "dam_start_lon": null, "dam_start_lat": null, "dam_end_lon": null, "dam_end_lat": null, "dam_height_m": 40.0, "dam_length_m": null, "concrete_volume_m3": null }, "geometry": { "type": "LineString", "coordinates": [ [ 22.744290907983896, 46.179031982422174 ], [ 22.739207970064978, 46.18721345126076 ] ] } },
{ "type": "Feature", "properties": { "type": "lake-new", "rank": 268, "lake_id": 1359166, "lake_elevation_m": 146.0, "new_site_elevation_m": 363.5, "new_site_water_level_m": 403.5, "head_m": 257.5, "distance_m": 2928.1, "direction": "higher", "volume_million_m3": 0.355, "basin_volume_million_m3": 3.956, "empirical_volume_million_m3": 2.048, "lake_volume_million_m3": 0.71, "limited_by_existing_lake": true, "surface_area_km2": 0.0989, "storage_mwh": 211.7, "estimated_mw": 16.3, "score": 16.2876, "lh_ratio": 11.37, "lh_rank": 190, "implied_flow_m3_s": 7.6, "flow_limited": false, "basin_bounded": true, "wall_fraction": null, "unrealistic_dam_length_m": null, "flat_fraction": 1.0, "site_lake_id": null, "dam_start_lon": null, "dam_start_lat": null, "dam_end_lon": null, "dam_end_lat": null, "dam_height_m": 40.0, "dam_length_m": null, "concrete_volume_m3": null }, "geometry": { "type": "LineString", "coordinates": [ [ 26.688008944473701, 45.277877061631784 ], [ 26.668354196669902, 45.255502974914812 ] ] } },
{ "type": "Feature", "properties": { "type": "lake-new", "rank": 269, "lake_id": 1358043, "lake_elevation_m": 3.0, "new_site_elevation_m": 83.6, "new_site_water_level_m": 123.6, "head_m": 120.6, "distance_m": 1706.9, "direction": "higher", "volume_million_m3": 0.75, "basin_volume_million_m3": 25.293, "empirical_volume_million_m3": 11.843, "lake_volume_million_m3": 1.5, "limited_by_existing_lake": true, "surface_area_km2": 0.6323, "storage_mwh": 209.4, "estimated_mw": 16.1, "score": 16.1107, "lh_ratio": 14.16, "lh_rank": 295, "implied_flow_m3_s": 16.0, "flow_limited": false, "basin_bounded": false, "wall_fraction": null, "unrealistic_dam_length_m": null, "flat_fraction": 1.0, "site_lake_id": null, "dam_start_lon": null, "dam_start_lat": null, "dam_end_lon": null, "dam_end_lat": null, "dam_height_m": 40.0, "dam_length_m": null, "concrete_volume_m3": null }, "geometry": { "type": "LineString", "coordinates": [ [ 28.158292521533888, 45.531527777777626 ], [ 28.180109113123361, 45.532764802171769 ] ] } },
{ "type": "Feature", "properties": { "type": "lake-new", "rank": 270, "lake_id": 1353251, "lake_elevation_m": 516.5, "new_site_elevation_m": 665.4, "new_site_water_level_m": 705.4, "head_m": 188.9, "distance_m": 1820.6, "direction": "higher", "volume_million_m3": 0.475, "basin_volume_million_m3": 17.017, "empirical_volume_million_m3": 8.141, "lake_volume_million_m3": 0.95, "limited_by_existing_lake": true, "surface_area_km2": 0.4254, "storage_mwh": 207.8, "estimated_mw": 16.0, "score": 15.9864, "lh_ratio": 9.64, "lh_rank": 131, "implied_flow_m3_s": 10.1, "flow_limited": false, "basin_bounded": true, "wall_fraction": null, "unrealistic_dam_length_m": null, "flat_fraction": 1.0, "site_lake_id": null, "dam_start_lon": null, "dam_start_lat": null, "dam_end_lon": null, "dam_end_lat": null, "dam_height_m": 40.0, "dam_length_m": null, "concrete_volume_m3": null }, "geometry": { "type": "LineString", "coordinates": [ [ 23.681834418280872, 46.636793348524719 ], [ 23.658324183125448, 46.639419261807745 ] ] } },
{ "type": "Feature", "properties": { "type": "lake-new", "rank": 271, "lake_id": 1350114, "lake_elevation_m": 174.7, "new_site_elevation_m": 300.8, "new_site_water_level_m": 340.8, "head_m": 166.1, "distance_m": 1626.2, "direction": "higher", "volume_million_m3": 0.535, "basin_volume_million_m3": 6.028, "empirical_volume_million_m3": 3.05, "lake_volume_million_m3": 1.07, "limited_by_existing_lake": true, "surface_area_km2": 0.1507, "storage_mwh": 205.8, "estimated_mw": 15.8, "score": 15.8333, "lh_ratio": 9.79, "lh_rank": 137, "implied_flow_m3_s": 11.4, "flow_limited": false, "basin_bounded": true, "wall_fraction": null, "unrealistic_dam_length_m": null, "flat_fraction": 1.0, "site_lake_id": null, "dam_start_lon": null, "dam_start_lat": null, "dam_end_lon": null, "dam_end_lat": null, "dam_height_m": 40.0, "dam_length_m": null, "concrete_volume_m3": null }, "geometry": { "type": "LineString", "coordinates": [ [ 23.152475319915254, 47.433798149957084 ], [ 23.171351264471106, 47.426701841017895 ] ] } },
{ "type": "Feature", "properties": { "type": "lake-new", "rank": 272, "lake_id": 1352361, "lake_elevation_m": 125.0, "new_site_elevation_m": 282.2, "new_site_water_level_m": 322.2, "head_m": 197.2, "distance_m": 2305.2, "direction": "higher", "volume_million_m3": 0.445, "basin_volume_million_m3": 16.692, "empirical_volume_million_m3": 7.994, "lake_volume_million_m3": 0.89, "limited_by_existing_lake": true, "surface_area_km2": 0.4173, "storage_mwh": 203.3, "estimated_mw": 15.6, "score": 15.6371, "lh_ratio": 11.69, "lh_rank": 210, "implied_flow_m3_s": 9.5, "flow_limited": false, "basin_bounded": true, "wall_fraction": null, "unrealistic_dam_length_m": null, "flat_fraction": 1.0, "site_lake_id": null, "dam_start_lon": null, "dam_start_lat": null, "dam_end_lon": null, "dam_end_lat": null, "dam_height_m": 40.0, "dam_length_m": null, "concrete_volume_m3": null }, "geometry": { "type": "LineString", "coordinates": [ [ 27.448100637418417, 46.839293348524251 ], [ 27.463311923185326, 46.85719703958506 ] ] } },
{ "type": "Feature", "properties": { "type": "lake-new", "rank": 273, "lake_id": 1352010, "lake_elevation_m": 280.5, "new_site_elevation_m": 459.7, "new_site_water_level_m": 499.7, "head_m": 219.2, "distance_m": 1465.6, "direction": "higher", "volume_million_m3": 0.4, "basin_volume_million_m3": 10.054, "empirical_volume_million_m3": 4.949, "lake_volume_million_m3": 0.8, "limited_by_existing_lake": true, "surface_area_km2": 0.2514, "storage_mwh": 203.1, "estimated_mw": 15.6, "score": 15.6217, "lh_ratio": 6.69, "lh_rank": 28, "implied_flow_m3_s": 8.5, "flow_limited": false, "basin_bounded": true, "wall_fraction": null, "unrealistic_dam_length_m": null, "flat_fraction": 1.0, "site_lake_id": null, "dam_start_lon": null, "dam_start_lat": null, "dam_end_lon": null, "dam_end_lat": null, "dam_height_m": 40.0, "dam_length_m": null, "concrete_volume_m3": null }, "geometry": { "type": "LineString", "coordinates": [ [ 24.060973831944011, 46.938335232205333 ], [ 24.077491484175624, 46.945127812155029 ] ] } },
{ "type": "Feature", "properties": { "type": "lake-new", "rank": 274, "lake_id": 1355417, "lake_elevation_m": 10.5, "new_site_elevation_m": 109.9, "new_site_water_level_m": 149.9, "head_m": 139.4, "distance_m": 2217.8, "direction": "higher", "volume_million_m3": 0.625, "basin_volume_million_m3": 25.356, "empirical_volume_million_m3": 11.871, "lake_volume_million_m3": 1.25, "limited_by_existing_lake": true, "surface_area_km2": 0.6339, "storage_mwh": 201.8, "estimated_mw": 15.5, "score": 15.5264, "lh_ratio": 15.91, "lh_rank": 326, "implied_flow_m3_s": 13.4, "flow_limited": false, "basin_bounded": false, "wall_fraction": null, "unrealistic_dam_length_m": null, "flat_fraction": 1.0, "site_lake_id": null, "dam_start_lon": null, "dam_start_lat": null, "dam_end_lon": null, "dam_end_lat": null, "dam_height_m": 40.0, "dam_length_m": null, "concrete_volume_m3": null }, "geometry": { "type": "LineString", "coordinates": [ [ 28.11420128464281, 46.152861463758597 ], [ 28.085528215871697, 46.151320710374961 ] ] } },
{ "type": "Feature", "properties": { "type": "lake-new", "rank": 275, "lake_id": 1350397, "lake_elevation_m": 43.0, "new_site_elevation_m": 164.2, "new_site_water_level_m": 204.2, "head_m": 161.2, "distance_m": 2097.0, "direction": "higher", "volume_million_m3": 0.535, "basin_volume_million_m3": 21.787, "empirical_volume_million_m3": 10.284, "lake_volume_million_m3": 1.07, "limited_by_existing_lake": true, "surface_area_km2": 0.5447, "storage_mwh": 199.8, "estimated_mw": 15.4, "score": 15.3668, "lh_ratio": 13.01, "lh_rank": 260, "implied_flow_m3_s": 11.4, "flow_limited": false, "basin_bounded": false, "wall_fraction": null, "unrealistic_dam_length_m": null, "flat_fraction": 1.0, "site_lake_id": null, "dam_start_lon": null, "dam_start_lat": null, "dam_end_lon": null, "dam_end_lat": null, "dam_height_m": 40.0, "dam_length_m": null, "concrete_volume_m3": null }, "geometry": { "type": "LineString", "coordinates": [ [ 27.364612953143812, 47.365410156249965 ], [ 27.377991911558766, 47.381924958421884 ] ] } },
{ "type": "Feature", "properties": { "type": "lake-new", "rank": 276, "lake_id": 1351045, "lake_elevation_m": 55.0, "new_site_elevation_m": 161.5, "new_site_water_level_m": 201.5, "head_m": 146.5, "distance_m": 1020.5, "direction": "higher", "volume_million_m3": 0.585, "basin_volume_million_m3": 22.738, "empirical_volume_million_m3": 10.709, "lake_volume_million_m3": 1.17, "limited_by_existing_lake": true, "surface_area_km2": 0.5685, "storage_mwh": 198.6, "estimated_mw": 15.3, "score": 15.2744, "lh_ratio": 6.96, "lh_rank": 34, "implied_flow_m3_s": 12.5, "flow_limited": false, "basin_bounded": false, "wall_fraction": null, "unrealistic_dam_length_m": null, "flat_fraction": 1.0, "site_lake_id": null, "dam_start_lon": null, "dam_start_lat": null, "dam_end_lon": null, "dam_end_lat": null, "dam_height_m": 40.0, "dam_length_m": null, "concrete_volume_m3": null }, "geometry": { "type": "LineString", "coordinates": [ [ 27.592851595102378, 47.200526258680497 ], [ 27.604981990324077, 47.204541060852414 ] ] } },
{ "type": "Feature", "properties": { "type": "lake-new", "rank": 277, "lake_id": 1349855, "lake_elevation_m": 72.0, "new_site_elevation_m": 154.1, "new_site_water_level_m": 194.1, "head_m": 122.1, "distance_m": 1027.1, "direction": "higher", "volume_million_m3": 0.7, "basin_volume_million_m3": 16.303, "empirical_volume_million_m3": 7.817, "lake_volume_million_m3": 1.4, "limited_by_existing_lake": true, "surface_area_km2": 0.4076, "storage_mwh": 197.9, "estimated_mw": 15.2, "score": 15.2258, "lh_ratio": 8.41, "lh_rank": 86, "implied_flow_m3_s": 15.0, "flow_limited": false, "basin_bounded": true, "wall_fraction": null, "unrealistic_dam_length_m": null, "flat_fraction": 1.0, "site_lake_id": null, "dam_start_lon": null, "dam_start_lat": null, "dam_end_lon": null, "dam_end_lat": null, "dam_height_m": 40.0, "dam_length_m": null, "concrete_volume_m3": null }, "geometry": { "type": "LineString", "coordinates": [ [ 27.399778358406664, 47.506124810112823 ], [ 27.406092124411352, 47.514306278951409 ] ] } },
{ "type": "Feature", "properties": { "type": "lake-new", "rank": 278, "lake_id": 1351011, "lake_elevation_m": 56.5, "new_site_elevation_m": 154.2, "new_site_water_level_m": 194.2, "head_m": 137.7, "distance_m": 2120.1, "direction": "higher", "volume_million_m3": 0.62, "basin_volume_million_m3": 10.991, "empirical_volume_million_m3": 5.384, "lake_volume_million_m3": 1.24, "limited_by_existing_lake": true, "surface_area_km2": 0.2748, "storage_mwh": 197.8, "estimated_mw": 15.2, "score": 15.2149, "lh_ratio": 15.39, "lh_rank": 315, "implied_flow_m3_s": 13.2, "flow_limited": false, "basin_bounded": true, "wall_fraction": null, "unrealistic_dam_length_m": null, "flat_fraction": 1.0, "site_lake_id": null, "dam_start_lon": null, "dam_start_lat": null, "dam_end_lon": null, "dam_end_lat": null, "dam_height_m": 40.0, "dam_length_m": null, "concrete_volume_m3": null }, "geometry": { "type": "LineString", "coordinates": [ [ 27.264458721097917, 47.206180691189331 ], [ 27.290473213583084, 47.199084382250142 ] ] } },
{ "type": "Feature", "properties": { "type": "lake-new", "rank": 279, "lake_id": 1352355, "lake_elevation_m": 276.0, "new_site_elevation_m": 362.2, "new_site_water_level_m": 402.2, "head_m": 126.2, "distance_m": 1791.1, "direction": "higher", "volume_million_m3": 0.665, "basin_volume_million_m3": 15.331, "empirical_volume_million_m3": 7.376, "lake_volume_million_m3": 1.33, "limited_by_existing_lake": true, "surface_area_km2": 0.3833, "storage_mwh": 194.3, "estimated_mw": 14.9, "score": 14.9483, "lh_ratio": 14.2, "lh_rank": 296, "implied_flow_m3_s": 14.2, "flow_limited": false, "basin_bounded": true, "wall_fraction": null, "unrealistic_dam_length_m": null, "flat_fraction": 1.0, "site_lake_id": null, "dam_start_lon": null, "dam_start_lat": null, "dam_end_lon": null, "dam_end_lat": null, "dam_height_m": 40.0, "dam_length_m": null, "concrete_volume_m3": null }, "geometry": { "type": "LineString", "coordinates": [ [ 26.659580924993495, 46.839452039930507 ], [ 26.681736523332187, 46.844855730991313 ] ] } },
{ "type": "Feature", "properties": { "type": "lake-new", "rank": 280, "lake_id": 1358577, "lake_elevation_m": 7.0, "new_site_elevation_m": 68.0, "new_site_water_level_m": 108.0, "head_m": 101.0, "distance_m": 2792.4, "direction": "higher", "volume_million_m3": 0.825, "basin_volume_million_m3": 21.665, "empirical_volume_million_m3": 10.23, "lake_volume_million_m3": 1.65, "limited_by_existing_lake": true, "surface_area_km2": 0.5416, "storage_mwh": 193.0, "estimated_mw": 14.8, "score": 14.849, "lh_ratio": 27.64, "lh_rank": 434, "implied_flow_m3_s": 17.6, "flow_limited": false, "basin_bounded": false, "wall_fraction": null, "unrealistic_dam_length_m": null, "flat_fraction": 1.0, "site_lake_id": null, "dam_start_lon": null, "dam_start_lat": null, "dam_end_lon": null, "dam_end_lat": null, "dam_height_m": 40.0, "dam_length_m": null, "concrete_volume_m3": null }, "geometry": { "type": "LineString", "coordinates": [ [ 27.999435005639263, 45.418045247395668 ], [ 27.982450419461884, 45.44011560512314 ] ] } },
{ "type": "Feature", "properties": { "type": "lake-new", "rank": 281, "lake_id": 1352293, "lake_elevation_m": 170.5, "new_site_elevation_m": 337.8, "new_site_water_level_m": 377.8, "head_m": 207.3, "distance_m": 1380.6, "direction": "higher", "volume_million_m3": 0.395, "basin_volume_million_m3": 9.338, "empirical_volume_million_m3": 4.615, "lake_volume_million_m3": 0.79, "limited_by_existing_lake": true, "surface_area_km2": 0.2334, "storage_mwh": 189.6, "estimated_mw": 14.6, "score": 14.588, "lh_ratio": 6.66, "lh_rank": 25, "implied_flow_m3_s": 8.4, "flow_limited": false, "basin_bounded": true, "wall_fraction": null, "unrealistic_dam_length_m": null, "flat_fraction": 1.0, "site_lake_id": null, "dam_start_lon": null, "dam_start_lat": null, "dam_end_lon": null, "dam_end_lat": null, "dam_height_m": 40.0, "dam_length_m": null, "concrete_volume_m3": null }, "geometry": { "type": "LineString", "coordinates": [ [ 27.167304961991547, 46.853476562499935 ], [ 27.149171123734689, 46.853324698005189 ] ] } },
{ "type": "Feature", "properties": { "type": "lake-new", "rank": 282, "lake_id": 1350071, "lake_elevation_m": 173.1, "new_site_elevation_m": 299.5, "new_site_water_level_m": 339.5, "head_m": 166.4, "distance_m": 1938.1, "direction": "higher", "volume_million_m3": 0.48, "basin_volume_million_m3": 6.364, "empirical_volume_million_m3": 3.211, "lake_volume_million_m3": 0.96, "limited_by_existing_lake": true, "surface_area_km2": 0.1591, "storage_mwh": 185.0, "estimated_mw": 14.2, "score": 14.2319, "lh_ratio": 11.65, "lh_rank": 208, "implied_flow_m3_s": 10.3, "flow_limited": false, "basin_bounded": true, "wall_fraction": null, "unrealistic_dam_length_m": null, "flat_fraction": 1.0, "site_lake_id": null, "dam_start_lon": null, "dam_start_lat": null, "dam_end_lon": null, "dam_end_lat": null, "dam_height_m": 40.0, "dam_length_m": null, "concrete_volume_m3": null }, "geometry": { "type": "LineString", "coordinates": [ [ 23.159640977018036, 47.44206529405426 ], [ 23.17156538224253, 47.42663565178173 ] ] } },
{ "type": "Feature", "properties": { "type": "lake-new", "rank": 283, "lake_id": 1350833, "lake_elevation_m": 82.0, "new_site_elevation_m": 166.1, "new_site_water_level_m": 206.1, "head_m": 124.1, "distance_m": 994.6, "direction": "higher", "volume_million_m3": 0.64, "basin_volume_million_m3": 14.175, "empirical_volume_million_m3": 6.849, "lake_volume_million_m3": 1.28, "limited_by_existing_lake": true, "surface_area_km2": 0.3544, "storage_mwh": 183.9, "estimated_mw": 14.1, "score": 14.1495, "lh_ratio": 8.02, "lh_rank": 72, "implied_flow_m3_s": 13.7, "flow_limited": false, "basin_bounded": true, "wall_fraction": null, "unrealistic_dam_length_m": null, "flat_fraction": 1.0, "site_lake_id": null, "dam_start_lon": null, "dam_start_lat": null, "dam_end_lon": null, "dam_end_lat": null, "dam_height_m": 40.0, "dam_length_m": null, "concrete_volume_m3": null }, "geometry": { "type": "LineString", "coordinates": [ [ 27.074477580564057, 47.250221218533 ], [ 27.062954702645897, 47.245902687371583 ] ] } },
{ "type": "Feature", "properties": { "type": "lake-new", "rank": 284, "lake_id": 1361466, "lake_elevation_m": 100.5, "new_site_elevation_m": 164.3, "new_site_water_level_m": 204.3, "head_m": 103.8, "distance_m": 1228.7, "direction": "higher", "volume_million_m3": 0.765, "basin_volume_million_m3": 15.714, "empirical_volume_million_m3": 7.55, "lake_volume_million_m3": 1.53, "limited_by_existing_lake": true, "surface_area_km2": 0.3928, "storage_mwh": 183.9, "estimated_mw": 14.1, "score": 14.148, "lh_ratio": 11.84, "lh_rank": 215, "implied_flow_m3_s": 16.3, "flow_limited": false, "basin_bounded": true, "wall_fraction": null, "unrealistic_dam_length_m": null, "flat_fraction": 1.0, "site_lake_id": null, "dam_start_lon": null, "dam_start_lat": null, "dam_end_lon": null, "dam_end_lat": null, "dam_height_m": 40.0, "dam_length_m": null, "concrete_volume_m3": null }, "geometry": { "type": "LineString", "coordinates": [ [ 24.362902988589397, 44.396660797544826 ], [ 24.364740338985317, 44.407620044161185 ] ] } },
{ "type": "Feature", "properties": { "type": "lake-new", "rank": 285, "lake_id": 1349710, "lake_elevation_m": 56.0, "new_site_elevation_m": 175.6, "new_site_water_level_m": 215.6, "head_m": 159.6, "distance_m": 2135.2, "direction": "higher", "volume_million_m3": 0.49, "basin_volume_million_m3": 14.667, "empirical_volume_million_m3": 7.073, "lake_volume_million_m3": 0.98, "limited_by_existing_lake": true, "surface_area_km2": 0.3667, "storage_mwh": 181.1, "estimated_mw": 13.9, "score": 13.9313, "lh_ratio": 13.38, "lh_rank": 271, "implied_flow_m3_s": 10.5, "flow_limited": false, "basin_bounded": true, "wall_fraction": null, "unrealistic_dam_length_m": null, "flat_fraction": 1.0, "site_lake_id": null, "dam_start_lon": null, "dam_start_lat": null, "dam_end_lon": null, "dam_end_lat": null, "dam_height_m": 40.0, "dam_length_m": null, "concrete_volume_m3": null }, "geometry": { "type": "LineString", "coordinates": [ [ 27.291965760854186, 47.534596625434062 ], [ 27.319088316447395, 47.528889205383756 ] ] } },
{ "type": "Feature", "properties": { "type": "lake-new", "rank": 286, "lake_id": 1359465, "lake_elevation_m": 463.2, "new_site_elevation_m": 632.7, "new_site_water_level_m": 672.7, "head_m": 209.5, "distance_m": 2964.5, "direction": "higher", "volume_million_m3": 0.37, "basin_volume_million_m3": 7.276, "empirical_volume_million_m3": 3.645, "lake_volume_million_m3": 0.74, "limited_by_existing_lake": true, "surface_area_km2": 0.1819, "storage_mwh": 179.5, "estimated_mw": 13.8, "score": 13.8081, "lh_ratio": 14.15, "lh_rank": 293, "implied_flow_m3_s": 7.9, "flow_limited": false, "basin_bounded": true, "wall_fraction": null, "unrealistic_dam_length_m": null, "flat_fraction": 1.0, "site_lake_id": null, "dam_start_lon": null, "dam_start_lat": null, "dam_end_lon": null, "dam_end_lat": null, "dam_height_m": 40.0, "dam_length_m": null, "concrete_volume_m3": null }, "geometry": { "type": "LineString", "coordinates": [ [ 24.664225474805733, 45.201790635850955 ], [ 24.630739923518188, 45.214138771356204 ] ] } },
{ "type": "Feature", "properties": { "type": "lake-new", "rank": 287, "lake_id": 1348272, "lake_elevation_m": 130.0, "new_site_elevation_m": 225.0, "new_site_water_level_m": 265.0, "head_m": 135.0, "distance_m": 1000.1, "direction": "higher", "volume_million_m3": 0.57, "basin_volume_million_m3": 19.932, "empirical_volume_million_m3": 9.454, "lake_volume_million_m3": 1.14, "limited_by_existing_lake": true, "surface_area_km2": 0.4983, "storage_mwh": 178.2, "estimated_mw": 13.7, "score": 13.7081, "lh_ratio": 7.41, "lh_rank": 54, "implied_flow_m3_s": 12.2, "flow_limited": false, "basin_bounded": true, "wall_fraction": null, "unrealistic_dam_length_m": null, "flat_fraction": 1.0, "site_lake_id": null, "dam_start_lon": null, "dam_start_lat": null, "dam_end_lon": null, "dam_end_lat": null, "dam_height_m": 40.0, "dam_length_m": null, "concrete_volume_m3": null }, "geometry": { "type": "LineString", "coordinates": [ [ 26.543940658246317, 47.879196234809058 ], [ 26.552707578153665, 47.885988814758754 ] ] } },
{ "type": "Feature", "properties": { "type": "lake-new", "rank": 288, "lake_id": 1352350, "lake_elevation_m": 310.0, "new_site_elevation_m": 477.7, "new_site_water_level_m": 517.7, "head_m": 207.7, "distance_m": 1502.5, "direction": "higher", "volume_million_m3": 0.36, "basin_volume_million_m3": 13.604, "empirical_volume_million_m3": 6.588, "lake_volume_million_m3": 0.72, "limited_by_existing_lake": true, "surface_area_km2": 0.3401, "storage_mwh": 173.2, "estimated_mw": 13.3, "score": 13.3231, "lh_ratio": 7.23, "lh_rank": 47, "implied_flow_m3_s": 7.7, "flow_limited": false, "basin_bounded": true, "wall_fraction": null, "unrealistic_dam_length_m": null, "flat_fraction": 1.0, "site_lake_id": null, "dam_start_lon": null, "dam_start_lat": null, "dam_end_lon": null, "dam_end_lat": null, "dam_height_m": 40.0, "dam_length_m": null, "concrete_volume_m3": null }, "geometry": { "type": "LineString", "coordinates": [ [ 23.709691705081809, 46.841119656033356 ], [ 23.694345917562639, 46.832634458205277 ] ] } },
{ "type": "Feature", "properties": { "type": "lake-new", "rank": 289, "lake_id": 1348461, "lake_elevation_m": 65.5, "new_site_elevation_m": 163.8, "new_site_water_level_m": 203.8, "head_m": 138.3, "distance_m": 2802.0, "direction": "higher", "volume_million_m3": 0.54, "basin_volume_million_m3": 25.11, "empirical_volume_million_m3": 11.762, "lake_volume_million_m3": 1.08, "limited_by_existing_lake": true, "surface_area_km2": 0.6277, "storage_mwh": 173.0, "estimated_mw": 13.3, "score": 13.3101, "lh_ratio": 20.25, "lh_rank": 383, "implied_flow_m3_s": 11.5, "flow_limited": false, "basin_bounded": false, "wall_fraction": null, "unrealistic_dam_length_m": null, "flat_fraction": 1.0, "site_lake_id": null, "dam_start_lon": null, "dam_start_lat": null, "dam_end_lon": null, "dam_end_lat": null, "dam_height_m": 40.0, "dam_length_m": null, "concrete_volume_m3": null }, "geometry": { "type": "LineString", "coordinates": [ [ 27.23038517126998, 47.83439344618057 ], [ 27.254469201773908, 47.853686026130269 ] ] } },
{ "type": "Feature", "properties": { "type": "lake-new", "rank": 290, "lake_id": 1350421, "lake_elevation_m": 43.0, "new_site_elevation_m": 162.8, "new_site_water_level_m": 202.8, "head_m": 159.8, "distance_m": 2165.3, "direction": "higher", "volume_million_m3": 0.465, "basin_volume_million_m3": 17.514, "empirical_volume_million_m3": 8.365, "lake_volume_million_m3": 0.93, "limited_by_existing_lake": true, "surface_area_km2": 0.4378, "storage_mwh": 172.1, "estimated_mw": 13.2, "score": 13.24, "lh_ratio": 13.55, "lh_rank": 276, "implied_flow_m3_s": 9.9, "flow_limited": false, "basin_bounded": true, "wall_fraction": null, "unrealistic_dam_length_m": null, "flat_fraction": 1.0, "site_lake_id": null, "dam_start_lon": null, "dam_start_lat": null, "dam_end_lon": null, "dam_end_lat": null, "dam_height_m": 40.0, "dam_length_m": null, "concrete_volume_m3": null }, "geometry": { "type": "LineString", "coordinates": [ [ 27.381235536317661, 47.360982259114678 ], [ 27.384896057236613, 47.380274839064377 ] ] } },
{ "type": "Feature", "properties": { "type": "lake-new", "rank": 291, "lake_id": 1349960, "lake_elevation_m": 170.0, "new_site_elevation_m": 275.4, "new_site_water_level_m": 315.4, "head_m": 145.4, "distance_m": 1791.4, "direction": "higher", "volume_million_m3": 0.495, "basin_volume_million_m3": 15.098, "empirical_volume_million_m3": 7.27, "lake_volume_million_m3": 0.99, "limited_by_existing_lake": true, "surface_area_km2": 0.3774, "storage_mwh": 166.7, "estimated_mw": 12.8, "score": 12.8259, "lh_ratio": 12.32, "lh_rank": 237, "implied_flow_m3_s": 10.6, "flow_limited": false, "basin_bounded": true, "wall_fraction": null, "unrealistic_dam_length_m": null, "flat_fraction": 1.0, "site_lake_id": null, "dam_start_lon": null, "dam_start_lat": null, "dam_end_lon": null, "dam_end_lat": null, "dam_height_m": 40.0, "dam_length_m": null, "concrete_volume_m3": null }, "geometry": { "type": "LineString", "coordinates": [ [ 23.202847890889867, 47.474229193793832 ], [ 23.223077996116839, 47.465743995965752 ] ] } },
{ "type": "Feature", "properties": { "type": "lake-new", "rank": 292, "lake_id": 1352784, "lake_elevation_m": 137.8, "new_site_elevation_m": 350.1, "new_site_water_level_m": 390.1, "head_m": 252.3, "distance_m": 2019.2, "direction": "higher", "volume_million_m3": 0.285, "basin_volume_million_m3": 6.527, "empirical_volume_million_m3": 3.289, "lake_volume_million_m3": 0.57, "limited_by_existing_lake": true, "surface_area_km2": 0.1632, "storage_mwh": 166.5, "estimated_mw": 12.8, "score": 12.8106, "lh_ratio": 8.0, "lh_rank": 71, "implied_flow_m3_s": 6.1, "flow_limited": false, "basin_bounded": true, "wall_fraction": null, "unrealistic_dam_length_m": null, "flat_fraction": 1.0, "site_lake_id": null, "dam_start_lon": null, "dam_start_lat": null, "dam_end_lon": null, "dam_end_lat": null, "dam_height_m": 40.0, "dam_length_m": null, "concrete_volume_m3": null }, "geometry": { "type": "LineString", "coordinates": [ [ 27.928988296873307, 46.736622992621506 ], [ 27.902618000564054, 46.735082239237869 ] ] } },
{ "type": "Feature", "properties": { "type": "lake-new", "rank": 293, "lake_id": 1352387, "lake_elevation_m": 151.5, "new_site_elevation_m": 375.6, "new_site_water_level_m": 415.6, "head_m": 264.1, "distance_m": 2331.7, "direction": "higher", "volume_million_m3": 0.27, "basin_volume_million_m3": 14.654, "empirical_volume_million_m3": 7.067, "lake_volume_million_m3": 0.54, "limited_by_existing_lake": true, "surface_area_km2": 0.3663, "storage_mwh": 165.1, "estimated_mw": 12.7, "score": 12.7032, "lh_ratio": 8.83, "lh_rank": 102, "implied_flow_m3_s": 5.8, "flow_limited": false, "basin_bounded": true, "wall_fraction": null, "unrealistic_dam_length_m": null, "flat_fraction": 1.0, "site_lake_id": null, "dam_start_lon": null, "dam_start_lat": null, "dam_end_lon": null, "dam_end_lat": null, "dam_height_m": 40.0, "dam_length_m": null, "concrete_volume_m3": null }, "geometry": { "type": "LineString", "coordinates": [ [ 27.952924113725164, 46.829821370442687 ], [ 27.922309935347823, 46.82966950594794 ] ] } },
{ "type": "Feature", "properties": { "type": "lake-new", "rank": 294, "lake_id": 1349774, "lake_elevation_m": 273.2, "new_site_elevation_m": 374.4, "new_site_water_level_m": 414.4, "head_m": 141.2, "distance_m": 1434.0, "direction": "higher", "volume_million_m3": 0.5, "basin_volume_million_m3": 16.738, "empirical_volume_million_m3": 8.015, "lake_volume_million_m3": 1.0, "limited_by_existing_lake": true, "surface_area_km2": 0.4185, "storage_mwh": 163.5, "estimated_mw": 12.6, "score": 12.5801, "lh_ratio": 10.16, "lh_rank": 151, "implied_flow_m3_s": 10.7, "flow_limited": false, "basin_bounded": true, "wall_fraction": null, "unrealistic_dam_length_m": null, "flat_fraction": 1.0, "site_lake_id": null, "dam_start_lon": null, "dam_start_lat": null, "dam_end_lon": null, "dam_end_lat": null, "dam_height_m": 40.0, "dam_length_m": null, "concrete_volume_m3": null }, "geometry": { "type": "LineString", "coordinates": [ [ 26.254370013273782, 47.518439534505291 ], [ 26.23845094595362, 47.511343225566101 ] ] } },
{ "type": "Feature", "properties": { "type": "lake-new", "rank": 295, "lake_id": 1359758, "lake_elevation_m": 471.5, "new_site_elevation_m": 599.5, "new_site_water_level_m": 639.5, "head_m": 168.0, "distance_m": 2807.8, "direction": "higher", "volume_million_m3": 0.42, "basin_volume_million_m3": 2.482, "empirical_volume_million_m3": 1.318, "lake_volume_million_m3": 0.84, "limited_by_existing_lake": true, "surface_area_km2": 0.0621, "storage_mwh": 163.4, "estimated_mw": 12.6, "score": 12.5699, "lh_ratio": 16.72, "lh_rank": 346, "implied_flow_m3_s": 9.0, "flow_limited": false, "basin_bounded": true, "wall_fraction": null, "unrealistic_dam_length_m": null, "flat_fraction": 1.0, "site_lake_id": null, "dam_start_lon": null, "dam_start_lat": null, "dam_end_lon": null, "dam_end_lat": null, "dam_height_m": 40.0, "dam_length_m": null, "concrete_volume_m3": null }, "geometry": { "type": "LineString", "coordinates": [ [ 22.810546884619779, 45.129937337239852 ], [ 22.813227085671521, 45.104785472745107 ] ] } },
{ "type": "Feature", "properties": { "type": "lake-new", "rank": 296, "lake_id": 1359069, "lake_elevation_m": 827.0, "new_site_elevation_m": 928.0, "new_site_water_level_m": 968.0, "head_m": 141.0, "distance_m": 1370.2, "direction": "higher", "volume_million_m3": 0.5, "basin_volume_million_m3": 5.623, "empirical_volume_million_m3": 2.856, "lake_volume_million_m3": 1.0, "limited_by_existing_lake": true, "surface_area_km2": 0.1406, "storage_mwh": 163.3, "estimated_mw": 12.6, "score": 12.5578, "lh_ratio": 9.72, "lh_rank": 133, "implied_flow_m3_s": 10.7, "flow_limited": false, "basin_bounded": true, "wall_fraction": null, "unrealistic_dam_length_m": null, "flat_fraction": 1.0, "site_lake_id": null, "dam_start_lon": null, "dam_start_lat": null, "dam_end_lon": null, "dam_end_lat": null, "dam_height_m": 40.0, "dam_length_m": null, "concrete_volume_m3": null }, "geometry": { "type": "LineString", "coordinates": [ [ 23.058121039802991, 45.297639160156507 ], [ 23.04261783400171, 45.2919317401062 ] ] } },
{ "type": "Feature", "properties": { "type": "lake-new", "rank": 297, "lake_id": 1352184, "lake_elevation_m": 286.0, "new_site_elevation_m": 473.1, "new_site_water_level_m": 513.1, "head_m": 227.1, "distance_m": 2078.5, "direction": "higher", "volume_million_m3": 0.31, "basin_volume_million_m3": 4.026, "empirical_volume_million_m3": 2.082, "lake_volume_million_m3": 0.62, "limited_by_existing_lake": true, "surface_area_km2": 0.1006, "storage_mwh": 163.1, "estimated_mw": 12.5, "score": 12.5458, "lh_ratio": 9.15, "lh_rank": 114, "implied_flow_m3_s": 6.6, "flow_limited": false, "basin_bounded": true, "wall_fraction": null, "unrealistic_dam_length_m": null, "flat_fraction": 1.0, "site_lake_id": null, "dam_start_lon": null, "dam_start_lat": null, "dam_end_lon": null, "dam_end_lat": null, "dam_height_m": 40.0, "dam_length_m": null, "concrete_volume_m3": null }, "geometry": { "type": "LineString", "coordinates": [ [ 24.077033586038965, 46.887201063368423 ], [ 24.061649453917806, 46.871771421095893 ] ] } },
{ "type": "Feature", "properties": { "type": "lake-new", "rank": 298, "lake_id": 1352022, "lake_elevation_m": 294.5, "new_site_elevation_m": 469.0, "new_site_water_level_m": 509.0, "head_m": 214.5, "distance_m": 1982.9, "direction": "higher", "volume_million_m3": 0.325, "basin_volume_million_m3": 17.133, "empirical_volume_million_m3": 8.193, "lake_volume_million_m3": 0.65, "limited_by_existing_lake": true, "surface_area_km2": 0.4283, "storage_mwh": 161.5, "estimated_mw": 12.4, "score": 12.4212, "lh_ratio": 9.24, "lh_rank": 118, "implied_flow_m3_s": 6.9, "flow_limited": false, "basin_bounded": true, "wall_fraction": null, "unrealistic_dam_length_m": null, "flat_fraction": 1.0, "site_lake_id": null, "dam_start_lon": null, "dam_start_lat": null, "dam_end_lon": null, "dam_end_lat": null, "dam_height_m": 40.0, "dam_length_m": null, "concrete_volume_m3": null }, "geometry": { "type": "LineString", "coordinates": [ [ 24.111263134072104, 46.932232394748752 ], [ 24.136119217249931, 46.937636085809558 ] ] } },
{ "type": "Feature", "properties": { "type": "lake-new", "rank": 299, "lake_id": 1360982, "lake_elevation_m": 168.0, "new_site_elevation_m": 252.4, "new_site_water_level_m": 292.4, "head_m": 124.4, "distance_m": 2049.3, "direction": "higher", "volume_million_m3": 0.55, "basin_volume_million_m3": 17.054, "empirical_volume_million_m3": 8.157, "lake_volume_million_m3": 1.1, "limited_by_existing_lake": true, "surface_area_km2": 0.4263, "storage_mwh": 158.5, "estimated_mw": 12.2, "score": 12.1915, "lh_ratio": 16.47, "lh_rank": 337, "implied_flow_m3_s": 11.8, "flow_limited": false, "basin_bounded": true, "wall_fraction": null, "unrealistic_dam_length_m": null, "flat_fraction": 1.0, "site_lake_id": null, "dam_start_lon": null, "dam_start_lat": null, "dam_end_lon": null, "dam_end_lat": null, "dam_height_m": 40.0, "dam_length_m": null, "concrete_volume_m3": null }, "geometry": { "type": "LineString", "coordinates": [ [ 22.666141463939283, 44.673607618544736 ], [ 22.646941703469011, 44.685955754049985 ] ] } },
{ "type": "Feature", "properties": { "type": "lake-new", "rank": 300, "lake_id": 1355276, "lake_elevation_m": 10.1, "new_site_elevation_m": 131.9, "new_site_water_level_m": 171.9, "head_m": 161.8, "distance_m": 2473.1, "direction": "higher", "volume_million_m3": 0.42, "basin_volume_million_m3": 25.394, "empirical_volume_million_m3": 11.888, "lake_volume_million_m3": 0.84, "limited_by_existing_lake": true, "surface_area_km2": 0.6349, "storage_mwh": 157.4, "estimated_mw": 12.1, "score": 12.1092, "lh_ratio": 15.28, "lh_rank": 311, "implied_flow_m3_s": 9.0, "flow_limited": false, "basin_bounded": false, "wall_fraction": null, "unrealistic_dam_length_m": null, "flat_fraction": 1.0, "site_lake_id": null, "dam_start_lon": null, "dam_start_lat": null, "dam_end_lon": null, "dam_end_lat": null, "dam_height_m": 40.0, "dam_length_m": null, "concrete_volume_m3": null }, "geometry": { "type": "LineString", "coordinates": [ [ 28.106637423137691, 46.184676513671747 ], [ 28.075161067423618, 46.18035798251033 ] ] } },
{ "type": "Feature", "properties": { "type": "lake-new", "rank": 301, "lake_id": 1352114, "lake_elevation_m": 335.5, "new_site_elevation_m": 525.7, "new_site_water_level_m": 565.7, "head_m": 230.2, "distance_m": 1762.1, "direction": "higher", "volume_million_m3": 0.295, "basin_volume_million_m3": 7.29, "empirical_volume_million_m3": 3.651, "lake_volume_million_m3": 0.59, "limited_by_existing_lake": true, "surface_area_km2": 0.1823, "storage_mwh": 157.3, "estimated_mw": 12.1, "score": 12.1001, "lh_ratio": 7.65, "lh_rank": 61, "implied_flow_m3_s": 6.3, "flow_limited": false, "basin_bounded": true, "wall_fraction": null, "unrealistic_dam_length_m": null, "flat_fraction": 1.0, "site_lake_id": null, "dam_start_lon": null, "dam_start_lat": null, "dam_end_lon": null, "dam_end_lat": null, "dam_height_m": 40.0, "dam_length_m": null, "concrete_volume_m3": null }, "geometry": { "type": "LineString", "coordinates": [ [ 24.391937925050939, 46.906967366536946 ], [ 24.412648427329408, 46.899871057597757 ] ] } },
{ "type": "Feature", "properties": { "type": "lake-new", "rank": 302, "lake_id": 1350145, "lake_elevation_m": 69.5, "new_site_elevation_m": 203.6, "new_site_water_level_m": 243.6, "head_m": 174.1, "distance_m": 1700.7, "direction": "higher", "volume_million_m3": 0.39, "basin_volume_million_m3": 13.506, "empirical_volume_million_m3": 6.542, "lake_volume_million_m3": 0.78, "limited_by_existing_lake": true, "surface_area_km2": 0.3376, "storage_mwh": 157.2, "estimated_mw": 12.1, "score": 12.0958, "lh_ratio": 9.77, "lh_rank": 136, "implied_flow_m3_s": 8.3, "flow_limited": false, "basin_bounded": true, "wall_fraction": null, "unrealistic_dam_length_m": null, "flat_fraction": 1.0, "site_lake_id": null, "dam_start_lon": null, "dam_start_lat": null, "dam_end_lon": null, "dam_end_lat": null, "dam_height_m": 40.0, "dam_length_m": null, "concrete_volume_m3": null }, "geometry": { "type": "LineString", "coordinates": [ [ 27.433149792793913, 47.431881646050357 ], [ 27.415916270535334, 47.422007559333387 ] ] } },
{ "type": "Feature", "properties": { "type": "lake-new", "rank": 303, "lake_id": 1354220, "lake_elevation_m": 110.5, "new_site_elevation_m": 329.2, "new_site_water_level_m": 369.2, "head_m": 258.7, "distance_m": 2955.7, "direction": "higher", "volume_million_m3": 0.26, "basin_volume_million_m3": 4.298, "empirical_volume_million_m3": 2.215, "lake_volume_million_m3": 0.52, "limited_by_existing_lake": true, "surface_area_km2": 0.1075, "storage_mwh": 155.8, "estimated_mw": 12.0, "score": 11.984, "lh_ratio": 11.43, "lh_rank": 192, "implied_flow_m3_s": 5.6, "flow_limited": false, "basin_bounded": true, "wall_fraction": null, "unrealistic_dam_length_m": null, "flat_fraction": 1.0, "site_lake_id": null, "dam_start_lon": null, "dam_start_lat": null, "dam_end_lon": null, "dam_end_lat": null, "dam_height_m": 40.0, "dam_length_m": null, "concrete_volume_m3": null }, "geometry": { "type": "LineString", "coordinates": [ [ 27.513900079813645, 46.412244330512095 ], [ 27.512795553093643, 46.38570357712846 ] ] } },
{ "type": "Feature", "properties": { "type": "lake-new", "rank": 304, "lake_id": 1359530, "lake_elevation_m": 3.5, "new_site_elevation_m": 109.3, "new_site_water_level_m": 149.3, "head_m": 145.8, "distance_m": 2336.1, "direction": "higher", "volume_million_m3": 0.46, "basin_volume_million_m3": 17.82, "empirical_volume_million_m3": 8.504, "lake_volume_million_m3": 0.92, "limited_by_existing_lake": true, "surface_area_km2": 0.4455, "storage_mwh": 155.3, "estimated_mw": 11.9, "score": 11.9484, "lh_ratio": 16.02, "lh_rank": 327, "implied_flow_m3_s": 9.8, "flow_limited": false, "basin_bounded": true, "wall_fraction": null, "unrealistic_dam_length_m": null, "flat_fraction": 1.0, "site_lake_id": null, "dam_start_lon": null, "dam_start_lat": null, "dam_end_lon": null, "dam_end_lat": null, "dam_height_m": 40.0, "dam_length_m": null, "concrete_volume_m3": null }, "geometry": { "type": "LineString", "coordinates": [ [ 28.784657359880519, 45.18285156249982 ], [ 28.784519564244231, 45.161866364671738 ] ] } },
{ "type": "Feature", "properties": { "type": "lake-new", "rank": 305, "lake_id": 1349817, "lake_elevation_m": 268.0, "new_site_elevation_m": 363.5, "new_site_water_level_m": 403.5, "head_m": 135.5, "distance_m": 1516.1, "direction": "higher", "volume_million_m3": 0.49, "basin_volume_million_m3": 14.028, "empirical_volume_million_m3": 6.781, "lake_volume_million_m3": 0.98, "limited_by_existing_lake": true, "surface_area_km2": 0.3507, "storage_mwh": 153.8, "estimated_mw": 11.8, "score": 11.8289, "lh_ratio": 11.19, "lh_rank": 186, "implied_flow_m3_s": 10.5, "flow_limited": false, "basin_bounded": true, "wall_fraction": null, "unrealistic_dam_length_m": null, "flat_fraction": 1.0, "site_lake_id": null, "dam_start_lon": null, "dam_start_lat": null, "dam_end_lon": null, "dam_end_lat": null, "dam_height_m": 40.0, "dam_length_m": null, "concrete_volume_m3": null }, "geometry": { "type": "LineString", "coordinates": [ [ 26.260590010918712, 47.511354980468752 ], [ 26.240510382270671, 47.512592004862896 ] ] } },
{ "type": "Feature", "properties": { "type": "lake-new", "rank": 306, "lake_id": 1347037, "lake_elevation_m": 140.7, "new_site_elevation_m": 255.9, "new_site_water_level_m": 295.9, "head_m": 155.2, "distance_m": 1796.7, "direction": "higher", "volume_million_m3": 0.425, "basin_volume_million_m3": 19.115, "empirical_volume_million_m3": 9.087, "lake_volume_million_m3": 0.85, "limited_by_existing_lake": true, "surface_area_km2": 0.4779, "storage_mwh": 152.8, "estimated_mw": 11.8, "score": 11.7554, "lh_ratio": 11.57, "lh_rank": 203, "implied_flow_m3_s": 9.1, "flow_limited": false, "basin_bounded": true, "wall_fraction": null, "unrealistic_dam_length_m": null, "flat_fraction": 1.0, "site_lake_id": null, "dam_start_lon": null, "dam_start_lat": null, "dam_end_lon": null, "dam_end_lat": null, "dam_height_m": 40.0, "dam_length_m": null, "concrete_volume_m3": null }, "geometry": { "type": "LineString", "coordinates": [ [ 26.495232833747181, 48.143989529079903 ], [ 26.507931986178733, 48.157726553474042 ] ] } },
{ "type": "Feature", "properties": { "type": "lake-new", "rank": 307, "lake_id": 1351054, "lake_elevation_m": 64.0, "new_site_elevation_m": 153.6, "new_site_water_level_m": 193.6, "head_m": 129.6, "distance_m": 1092.3, "direction": "higher", "volume_million_m3": 0.5, "basin_volume_million_m3": 12.294, "empirical_volume_million_m3": 5.986, "lake_volume_million_m3": 1.0, "limited_by_existing_lake": true, "surface_area_km2": 0.3073, "storage_mwh": 150.1, "estimated_mw": 11.5, "score": 11.5461, "lh_ratio": 8.43, "lh_rank": 88, "implied_flow_m3_s": 10.7, "flow_limited": false, "basin_bounded": true, "wall_fraction": null, "unrealistic_dam_length_m": null, "flat_fraction": 1.0, "site_lake_id": null, "dam_start_lon": null, "dam_start_lat": null, "dam_end_lon": null, "dam_end_lat": null, "dam_height_m": 40.0, "dam_length_m": null, "concrete_volume_m3": null }, "geometry": { "type": "LineString", "coordinates": [ [ 27.283032672734002, 47.191231960720501 ], [ 27.291004274204813, 47.199413429559087 ] ] } },
{ "type": "Feature", "properties": { "type": "lake-new", "rank": 308, "lake_id": 170897, "lake_elevation_m": 1.0, "new_site_elevation_m": 93.4, "new_site_water_level_m": 133.4, "head_m": 132.4, "distance_m": 2993.9, "direction": "higher", "volume_million_m3": 0.485, "basin_volume_million_m3": 8.189, "empirical_volume_million_m3": 4.076, "lake_volume_million_m3": 0.97, "limited_by_existing_lake": true, "surface_area_km2": 0.2047, "storage_mwh": 148.7, "estimated_mw": 11.4, "score": 11.4383, "lh_ratio": 22.62, "lh_rank": 400, "implied_flow_m3_s": 10.4, "flow_limited": false, "basin_bounded": true, "wall_fraction": null, "unrealistic_dam_length_m": null, "flat_fraction": 1.0, "site_lake_id": null, "dam_start_lon": null, "dam_start_lat": null, "dam_end_lon": null, "dam_end_lat": null, "dam_height_m": 40.0, "dam_length_m": null, "concrete_volume_m3": null }, "geometry": { "type": "LineString", "coordinates": [ [ 28.537342889454095, 45.227303873697707 ], [ 28.555226775758776, 45.203540898091845 ] ] } },
{ "type": "Feature", "properties": { "type": "lake-new", "rank": 309, "lake_id": 1352804, "lake_elevation_m": 221.0, "new_site_elevation_m": 365.8, "new_site_water_level_m": 405.8, "head_m": 184.8, "distance_m": 950.2, "direction": "higher", "volume_million_m3": 0.345, "basin_volume_million_m3": 5.61, "empirical_volume_million_m3": 2.85, "lake_volume_million_m3": 0.69, "limited_by_existing_lake": true, "surface_area_km2": 0.1403, "storage_mwh": 147.7, "estimated_mw": 11.4, "score": 11.3588, "lh_ratio": 5.14, "lh_rank": 9, "implied_flow_m3_s": 7.4, "flow_limited": false, "basin_bounded": true, "wall_fraction": null, "unrealistic_dam_length_m": null, "flat_fraction": 1.0, "site_lake_id": null, "dam_start_lon": null, "dam_start_lat": null, "dam_end_lon": null, "dam_end_lat": null, "dam_height_m": 40.0, "dam_length_m": null, "concrete_volume_m3": null }, "geometry": { "type": "LineString", "coordinates": [ [ 27.271771964562205, 46.730715603298563 ], [ 27.264850994032113, 46.723619294359374 ] ] } },
{ "type": "Feature", "properties": { "type": "lake-new", "rank": 310, "lake_id": 168922, "lake_elevation_m": 44.0, "new_site_elevation_m": 161.3, "new_site_water_level_m": 201.3, "head_m": 157.3, "distance_m": 2410.2, "direction": "higher", "volume_million_m3": 0.405, "basin_volume_million_m3": 23.36, "empirical_volume_million_m3": 10.985, "lake_volume_million_m3": 0.81, "limited_by_existing_lake": true, "surface_area_km2": 0.584, "storage_mwh": 147.6, "estimated_mw": 11.4, "score": 11.3523, "lh_ratio": 15.32, "lh_rank": 312, "implied_flow_m3_s": 8.7, "flow_limited": false, "basin_bounded": false, "wall_fraction": null, "unrealistic_dam_length_m": null, "flat_fraction": 1.0, "site_lake_id": null, "dam_start_lon": null, "dam_start_lat": null, "dam_end_lon": null, "dam_end_lat": null, "dam_height_m": 40.0, "dam_length_m": null, "concrete_volume_m3": null }, "geometry": { "type": "LineString", "coordinates": [ [ 27.338422285957613, 47.381533203125059 ], [ 27.369843011175092, 47.385548005296975 ] ] } },
{ "type": "Feature", "properties": { "type": "lake-new", "rank": 311, "lake_id": 1348956, "lake_elevation_m": 86.0, "new_site_elevation_m": 180.7, "new_site_water_level_m": 220.7, "head_m": 134.7, "distance_m": 1632.7, "direction": "higher", "volume_million_m3": 0.465, "basin_volume_million_m3": 17.544, "empirical_volume_million_m3": 8.379, "lake_volume_million_m3": 0.93, "limited_by_existing_lake": true, "surface_area_km2": 0.4386, "storage_mwh": 145.0, "estimated_mw": 11.2, "score": 11.1568, "lh_ratio": 12.12, "lh_rank": 227, "implied_flow_m3_s": 9.9, "flow_limited": false, "basin_bounded": true, "wall_fraction": null, "unrealistic_dam_length_m": null, "flat_fraction": 1.0, "site_lake_id": null, "dam_start_lon": null, "dam_start_lat": null, "dam_end_lon": null, "dam_end_lat": null, "dam_height_m": 40.0, "dam_length_m": null, "concrete_volume_m3": null }, "geometry": { "type": "LineString", "coordinates": [ [ 26.752718175532927, 47.733040974934909 ], [ 26.732446387435012, 47.738444665995715 ] ] } },
{ "type": "Feature", "properties": { "type": "lake-new", "rank": 312, "lake_id": 1355943, "lake_elevation_m": 9.9, "new_site_elevation_m": 154.9, "new_site_water_level_m": 194.9, "head_m": 185.0, "distance_m": 2253.6, "direction": "higher", "volume_million_m3": 0.335, "basin_volume_million_m3": 24.158, "empirical_volume_million_m3": 11.34, "lake_volume_million_m3": 0.67, "limited_by_existing_lake": true, "surface_area_km2": 0.6039, "storage_mwh": 143.5, "estimated_mw": 11.0, "score": 11.0417, "lh_ratio": 12.18, "lh_rank": 232, "implied_flow_m3_s": 7.2, "flow_limited": false, "basin_bounded": false, "wall_fraction": null, "unrealistic_dam_length_m": null, "flat_fraction": 1.0, "site_lake_id": null, "dam_start_lon": null, "dam_start_lat": null, "dam_end_lon": null, "dam_end_lat": null, "dam_height_m": 40.0, "dam_length_m": null, "concrete_volume_m3": null }, "geometry": { "type": "LineString", "coordinates": [ [ 28.093666475537582, 46.045842692057192 ], [ 28.065078898410444, 46.049857494229109 ] ] } },
{ "type": "Feature", "properties": { "type": "lake-new", "rank": 313, "lake_id": 168942, "lake_elevation_m": 41.6, "new_site_elevation_m": 154.3, "new_site_water_level_m": 194.3, "head_m": 152.7, "distance_m": 2133.1, "direction": "higher", "volume_million_m3": 0.405, "basin_volume_million_m3": 25.472, "empirical_volume_million_m3": 11.923, "lake_volume_million_m3": 0.81, "limited_by_existing_lake": true, "surface_area_km2": 0.6368, "storage_mwh": 143.2, "estimated_mw": 11.0, "score": 11.0188, "lh_ratio": 13.97, "lh_rank": 287, "implied_flow_m3_s": 8.7, "flow_limited": false, "basin_bounded": false, "wall_fraction": null, "unrealistic_dam_length_m": null, "flat_fraction": 1.0, "site_lake_id": null, "dam_start_lon": null, "dam_start_lat": null, "dam_end_lon": null, "dam_end_lat": null, "dam_height_m": 40.0, "dam_length_m": null, "concrete_volume_m3": null }, "geometry": { "type": "LineString", "coordinates": [ [ 27.397414819221865, 47.350601264105904 ], [ 27.421917543039832, 47.360171621833381 ] ] } },
{ "type": "Feature", "properties": { "type": "lake-new", "rank": 314, "lake_id": 1354224, "lake_elevation_m": 114.0, "new_site_elevation_m": 194.0, "new_site_water_level_m": 234.0, "head_m": 120.0, "distance_m": 2655.7, "direction": "higher", "volume_million_m3": 0.515, "basin_volume_million_m3": 20.174, "empirical_volume_million_m3": 9.563, "lake_volume_million_m3": 1.03, "limited_by_existing_lake": true, "surface_area_km2": 0.5044, "storage_mwh": 143.2, "estimated_mw": 11.0, "score": 11.0118, "lh_ratio": 22.13, "lh_rank": 398, "implied_flow_m3_s": 11.0, "flow_limited": false, "basin_bounded": true, "wall_fraction": null, "unrealistic_dam_length_m": null, "flat_fraction": 1.0, "site_lake_id": null, "dam_start_lon": null, "dam_start_lat": null, "dam_end_lon": null, "dam_end_lat": null, "dam_height_m": 40.0, "dam_length_m": null, "concrete_volume_m3": null }, "geometry": { "type": "LineString", "coordinates": [ [ 21.881559193481351, 46.409421115451778 ], [ 21.884623626407841, 46.385658139845916 ] ] } },
{ "type": "Feature", "properties": { "type": "lake-new", "rank": 315, "lake_id": 1353511, "lake_elevation_m": 105.1, "new_site_elevation_m": 316.7, "new_site_water_level_m": 356.7, "head_m": 251.6, "distance_m": 2628.1, "direction": "higher", "volume_million_m3": 0.245, "basin_volume_million_m3": 14.407, "empirical_volume_million_m3": 6.955, "lake_volume_million_m3": 0.49, "limited_by_existing_lake": true, "surface_area_km2": 0.3602, "storage_mwh": 142.8, "estimated_mw": 11.0, "score": 10.9838, "lh_ratio": 10.44, "lh_rank": 164, "implied_flow_m3_s": 5.2, "flow_limited": false, "basin_bounded": true, "wall_fraction": null, "unrealistic_dam_length_m": null, "flat_fraction": 1.0, "site_lake_id": null, "dam_start_lon": null, "dam_start_lat": null, "dam_end_lon": null, "dam_end_lat": null, "dam_height_m": 40.0, "dam_length_m": null, "concrete_volume_m3": null }, "geometry": { "type": "LineString", "coordinates": [ [ 27.739787607996718, 46.578083360459971 ], [ 27.728825559189747, 46.555709273742998 ] ] } },
{ "type": "Feature", "properties": { "type": "lake-new", "rank": 316, "lake_id": 1347143, "lake_elevation_m": 151.0, "new_site_elevation_m": 274.8, "new_site_water_level_m": 314.8, "head_m": 163.8, "distance_m": 1232.0, "direction": "higher", "volume_million_m3": 0.375, "basin_volume_million_m3": 12.256, "empirical_volume_million_m3": 5.968, "lake_volume_million_m3": 0.75, "limited_by_existing_lake": true, "surface_area_km2": 0.3064, "storage_mwh": 142.3, "estimated_mw": 10.9, "score": 10.9441, "lh_ratio": 7.52, "lh_rank": 58, "implied_flow_m3_s": 8.0, "flow_limited": false, "basin_bounded": true, "wall_fraction": null, "unrealistic_dam_length_m": null, "flat_fraction": 1.0, "site_lake_id": null, "dam_start_lon": null, "dam_start_lat": null, "dam_end_lon": null, "dam_end_lat": null, "dam_height_m": 40.0, "dam_length_m": null, "concrete_volume_m3": null }, "geometry": { "type": "LineString", "coordinates": [ [ 26.446011352095987, 48.119714423285615 ], [ 26.4587321376303, 48.112618114346425 ] ] } },
{ "type": "Feature", "properties": { "type": "lake-new", "rank": 317, "lake_id": 1349789, "lake_elevation_m": 78.0, "new_site_elevation_m": 162.0, "new_site_water_level_m": 202.0, "head_m": 124.0, "distance_m": 1346.5, "direction": "higher", "volume_million_m3": 0.495, "basin_volume_million_m3": 21.826, "empirical_volume_million_m3": 10.302, "lake_volume_million_m3": 0.99, "limited_by_existing_lake": true, "surface_area_km2": 0.5457, "storage_mwh": 142.2, "estimated_mw": 10.9, "score": 10.9394, "lh_ratio": 10.86, "lh_rank": 179, "implied_flow_m3_s": 10.6, "flow_limited": false, "basin_bounded": false, "wall_fraction": null, "unrealistic_dam_length_m": null, "flat_fraction": 1.0, "site_lake_id": null, "dam_start_lon": null, "dam_start_lat": null, "dam_end_lon": null, "dam_end_lat": null, "dam_height_m": 40.0, "dam_length_m": null, "concrete_volume_m3": null }, "geometry": { "type": "LineString", "coordinates": [ [ 27.382763008717593, 47.51993937174484 ], [ 27.398787093009478, 47.525343062805646 ] ] } },
{ "type": "Feature", "properties": { "type": "lake-new", "rank": 318, "lake_id": 1360118, "lake_elevation_m": 0.4, "new_site_elevation_m": 79.8, "new_site_water_level_m": 119.8, "head_m": 119.4, "distance_m": 2870.1, "direction": "higher", "volume_million_m3": 0.51, "basin_volume_million_m3": 24.337, "empirical_volume_million_m3": 11.419, "lake_volume_million_m3": 1.02, "limited_by_existing_lake": true, "surface_area_km2": 0.6084, "storage_mwh": 141.1, "estimated_mw": 10.9, "score": 10.8536, "lh_ratio": 24.03, "lh_rank": 408, "implied_flow_m3_s": 10.9, "flow_limited": false, "basin_bounded": false, "wall_fraction": null, "unrealistic_dam_length_m": null, "flat_fraction": 1.0, "site_lake_id": null, "dam_start_lon": null, "dam_start_lat": null, "dam_end_lon": null, "dam_end_lat": null, "dam_height_m": 40.0, "dam_length_m": null, "concrete_volume_m3": null }, "geometry": { "type": "LineString", "coordinates": [ [ 28.985865330060108, 45.008570692274105 ], [ 28.976137358825632, 45.033418827779357 ] ] } },
{ "type": "Feature", "properties": { "type": "lake-new", "rank": 319, "lake_id": 1352256, "lake_elevation_m": 288.5, "new_site_elevation_m": 441.5, "new_site_water_level_m": 481.5, "head_m": 193.0, "distance_m": 1351.2, "direction": "higher", "volume_million_m3": 0.315, "basin_volume_million_m3": 5.282, "empirical_volume_million_m3": 2.692, "lake_volume_million_m3": 0.63, "limited_by_existing_lake": true, "surface_area_km2": 0.1321, "storage_mwh": 140.8, "estimated_mw": 10.8, "score": 10.8302, "lh_ratio": 7.0, "lh_rank": 39, "implied_flow_m3_s": 6.7, "flow_limited": false, "basin_bounded": true, "wall_fraction": null, "unrealistic_dam_length_m": null, "flat_fraction": 1.0, "site_lake_id": null, "dam_start_lon": null, "dam_start_lat": null, "dam_end_lon": null, "dam_end_lat": null, "dam_height_m": 40.0, "dam_length_m": null, "concrete_volume_m3": null }, "geometry": { "type": "LineString", "coordinates": [ [ 24.083097792555968, 46.864359537760805 ], [ 24.066343789949421, 46.868374339932721 ] ] } },
{ "type": "Feature", "properties": { "type": "lake-new", "rank": 320, "lake_id": 1350655, "lake_elevation_m": 73.0, "new_site_elevation_m": 170.7, "new_site_water_level_m": 210.7, "head_m": 137.7, "distance_m": 1649.5, "direction": "higher", "volume_million_m3": 0.44, "basin_volume_million_m3": 25.343, "empirical_volume_million_m3": 11.866, "lake_volume_million_m3": 0.88, "limited_by_existing_lake": true, "surface_area_km2": 0.6336, "storage_mwh": 140.3, "estimated_mw": 10.8, "score": 10.7926, "lh_ratio": 11.98, "lh_rank": 221, "implied_flow_m3_s": 9.4, "flow_limited": false, "basin_bounded": false, "wall_fraction": null, "unrealistic_dam_length_m": null, "flat_fraction": 1.0, "site_lake_id": null, "dam_start_lon": null, "dam_start_lat": null, "dam_end_lon": null, "dam_end_lat": null, "dam_height_m": 40.0, "dam_length_m": null, "concrete_volume_m3": null }, "geometry": { "type": "LineString", "coordinates": [ [ 27.133182954979265, 47.295863037109342 ], [ 27.154954587509259, 47.297100061503485 ] ] } },
{ "type": "Feature", "properties": { "type": "lake-new", "rank": 321, "lake_id": 1360418, "lake_elevation_m": 148.5, "new_site_elevation_m": 296.7, "new_site_water_level_m": 336.7, "head_m": 188.2, "distance_m": 2640.1, "direction": "higher", "volume_million_m3": 0.315, "basin_volume_million_m3": 7.044, "empirical_volume_million_m3": 3.535, "lake_volume_million_m3": 0.63, "limited_by_existing_lake": true, "surface_area_km2": 0.1761, "storage_mwh": 137.3, "estimated_mw": 10.6, "score": 10.5646, "lh_ratio": 14.03, "lh_rank": 289, "implied_flow_m3_s": 6.7, "flow_limited": false, "basin_bounded": true, "wall_fraction": null, "unrealistic_dam_length_m": null, "flat_fraction": 1.0, "site_lake_id": null, "dam_start_lon": null, "dam_start_lat": null, "dam_end_lon": null, "dam_end_lat": null, "dam_height_m": 40.0, "dam_length_m": null, "concrete_volume_m3": null }, "geometry": { "type": "LineString", "coordinates": [ [ 23.203507228165257, 44.898153343201557 ], [ 23.234140072520511, 44.907723700929033 ] ] } },
{ "type": "Feature", "properties": { "type": "lake-new", "rank": 322, "lake_id": 1349867, "lake_elevation_m": 268.0, "new_site_elevation_m": 407.2, "new_site_water_level_m": 447.2, "head_m": 179.2, "distance_m": 2428.0, "direction": "higher", "volume_million_m3": 0.33, "basin_volume_million_m3": 21.317, "empirical_volume_million_m3": 10.074, "lake_volume_million_m3": 0.66, "limited_by_existing_lake": true, "surface_area_km2": 0.5329, "storage_mwh": 136.9, "estimated_mw": 10.5, "score": 10.5345, "lh_ratio": 13.55, "lh_rank": 277, "implied_flow_m3_s": 7.1, "flow_limited": false, "basin_bounded": true, "wall_fraction": null, "unrealistic_dam_length_m": null, "flat_fraction": 1.0, "site_lake_id": null, "dam_start_lon": null, "dam_start_lat": null, "dam_end_lon": null, "dam_end_lat": null, "dam_height_m": 40.0, "dam_length_m": null, "concrete_volume_m3": null }, "geometry": { "type": "LineString", "coordinates": [ [ 26.274964859313407, 47.502048475477437 ], [ 26.304893247285925, 47.510229944316023 ] ] } },
{ "type": "Feature", "properties": { "type": "lake-new", "rank": 323, "lake_id": 1361283, "lake_elevation_m": 239.0, "new_site_elevation_m": 323.5, "new_site_water_level_m": 363.5, "head_m": 124.5, "distance_m": 930.7, "direction": "higher", "volume_million_m3": 0.465, "basin_volume_million_m3": 19.855, "empirical_volume_million_m3": 9.42, "lake_volume_million_m3": 0.93, "limited_by_existing_lake": true, "surface_area_km2": 0.4964, "storage_mwh": 134.1, "estimated_mw": 10.3, "score": 10.3176, "lh_ratio": 7.47, "lh_rank": 57, "implied_flow_m3_s": 9.9, "flow_limited": false, "basin_bounded": true, "wall_fraction": null, "unrealistic_dam_length_m": null, "flat_fraction": 1.0, "site_lake_id": null, "dam_start_lon": null, "dam_start_lat": null, "dam_end_lon": null, "dam_end_lat": null, "dam_height_m": 40.0, "dam_length_m": null, "concrete_volume_m3": null }, "geometry": { "type": "LineString", "coordinates": [ [ 23.105328206482163, 44.514146660699652 ], [ 23.102912802907891, 44.522328129538238 ] ] } },
{ "type": "Feature", "properties": { "type": "lake-new", "rank": 324, "lake_id": 1359399, "lake_elevation_m": 1.5, "new_site_elevation_m": 86.0, "new_site_water_level_m": 126.0, "head_m": 124.5, "distance_m": 2337.8, "direction": "higher", "volume_million_m3": 0.465, "basin_volume_million_m3": 13.311, "empirical_volume_million_m3": 6.453, "lake_volume_million_m3": 0.93, "limited_by_existing_lake": true, "surface_area_km2": 0.3328, "storage_mwh": 134.1, "estimated_mw": 10.3, "score": 10.3143, "lh_ratio": 18.78, "lh_rank": 371, "implied_flow_m3_s": 9.9, "flow_limited": false, "basin_bounded": true, "wall_fraction": null, "unrealistic_dam_length_m": null, "flat_fraction": 1.0, "site_lake_id": null, "dam_start_lon": null, "dam_start_lat": null, "dam_end_lon": null, "dam_end_lat": null, "dam_height_m": 40.0, "dam_length_m": null, "concrete_volume_m3": null }, "geometry": { "type": "LineString", "coordinates": [ [ 28.662259126752765, 45.210276963975531 ], [ 28.637100441711713, 45.199013988369671 ] ] } },
{ "type": "Feature", "properties": { "type": "lake-new", "rank": 325, "lake_id": 1352587, "lake_elevation_m": 132.6, "new_site_elevation_m": 260.3, "new_site_water_level_m": 300.3, "head_m": 167.7, "distance_m": 1134.1, "direction": "higher", "volume_million_m3": 0.345, "basin_volume_million_m3": 11.707, "empirical_volume_million_m3": 5.715, "lake_volume_million_m3": 0.69, "limited_by_existing_lake": true, "surface_area_km2": 0.2927, "storage_mwh": 134.0, "estimated_mw": 10.3, "score": 10.3087, "lh_ratio": 6.76, "lh_rank": 29, "implied_flow_m3_s": 7.4, "flow_limited": false, "basin_bounded": true, "wall_fraction": null, "unrealistic_dam_length_m": null, "flat_fraction": 1.0, "site_lake_id": null, "dam_start_lon": null, "dam_start_lat": null, "dam_end_lon": null, "dam_end_lat": null, "dam_height_m": 40.0, "dam_length_m": null, "concrete_volume_m3": null }, "geometry": { "type": "LineString", "coordinates": [ [ 27.724399412014684, 46.785709906683934 ], [ 27.73548849494518, 46.79250248663363 ] ] } },
{ "type": "Feature", "properties": { "type": "lake-new", "rank": 326, "lake_id": 1356619, "lake_elevation_m": 183.1, "new_site_elevation_m": 348.0, "new_site_water_level_m": 388.0, "head_m": 205.0, "distance_m": 2937.0, "direction": "higher", "volume_million_m3": 0.28, "basin_volume_million_m3": 8.489, "empirical_volume_million_m3": 4.217, "lake_volume_million_m3": 0.56, "limited_by_existing_lake": true, "surface_area_km2": 0.2122, "storage_mwh": 132.9, "estimated_mw": 10.2, "score": 10.226, "lh_ratio": 14.33, "lh_rank": 300, "implied_flow_m3_s": 6.0, "flow_limited": false, "basin_bounded": true, "wall_fraction": null, "unrealistic_dam_length_m": null, "flat_fraction": 1.0, "site_lake_id": null, "dam_start_lon": null, "dam_start_lat": null, "dam_end_lon": null, "dam_end_lat": null, "dam_height_m": 40.0, "dam_length_m": null, "concrete_volume_m3": null }, "geometry": { "type": "LineString", "coordinates": [ [ 22.927018086703367, 45.912682156033355 ], [ 22.944369542670227, 45.936141402649717 ] ] } },
{ "type": "Feature", "properties": { "type": "lake-new", "rank": 327, "lake_id": 1350845, "lake_elevation_m": 75.0, "new_site_elevation_m": 152.0, "new_site_water_level_m": 192.0, "head_m": 117.0, "distance_m": 1526.5, "direction": "higher", "volume_million_m3": 0.485, "basin_volume_million_m3": 22.198, "empirical_volume_million_m3": 10.468, "lake_volume_million_m3": 0.97, "limited_by_existing_lake": true, "surface_area_km2": 0.555, "storage_mwh": 131.5, "estimated_mw": 10.1, "score": 10.1138, "lh_ratio": 13.04, "lh_rank": 263, "implied_flow_m3_s": 10.4, "flow_limited": false, "basin_bounded": false, "wall_fraction": null, "unrealistic_dam_length_m": null, "flat_fraction": 1.0, "site_lake_id": null, "dam_start_lon": null, "dam_start_lat": null, "dam_end_lon": null, "dam_end_lat": null, "dam_height_m": 40.0, "dam_length_m": null, "concrete_volume_m3": null }, "geometry": { "type": "LineString", "coordinates": [ [ 27.100813632850013, 47.249156222873239 ], [ 27.089291659676157, 47.23789324726738 ] ] } },
{ "type": "Feature", "properties": { "type": "lake-new", "rank": 328, "lake_id": 1350934, "lake_elevation_m": 65.0, "new_site_elevation_m": 154.8, "new_site_water_level_m": 194.8, "head_m": 129.8, "distance_m": 1732.5, "direction": "higher", "volume_million_m3": 0.435, "basin_volume_million_m3": 23.219, "empirical_volume_million_m3": 10.923, "lake_volume_million_m3": 0.87, "limited_by_existing_lake": true, "surface_area_km2": 0.5805, "storage_mwh": 130.8, "estimated_mw": 10.1, "score": 10.0595, "lh_ratio": 13.35, "lh_rank": 268, "implied_flow_m3_s": 9.3, "flow_limited": false, "basin_bounded": false, "wall_fraction": null, "unrealistic_dam_length_m": null, "flat_fraction": 1.0, "site_lake_id": null, "dam_start_lon": null, "dam_start_lat": null, "dam_end_lon": null, "dam_end_lat": null, "dam_height_m": 40.0, "dam_length_m": null, "concrete_volume_m3": null }, "geometry": { "type": "LineString", "coordinates": [ [ 27.173009881103219, 47.229324951171918 ], [ 27.189282523457901, 47.240284197788277 ] ] } },
{ "type": "Feature", "properties": { "type": "lake-new", "rank": 329, "lake_id": 1356913, "lake_elevation_m": 530.5, "new_site_elevation_m": 609.2, "new_site_water_level_m": 649.2, "head_m": 118.7, "distance_m": 2860.1, "direction": "higher", "volume_million_m3": 0.475, "basin_volume_million_m3": 13.351, "empirical_volume_million_m3": 6.472, "lake_volume_million_m3": 0.95, "limited_by_existing_lake": true, "surface_area_km2": 0.3338, "storage_mwh": 130.6, "estimated_mw": 10.0, "score": 10.0446, "lh_ratio": 24.1, "lh_rank": 409, "implied_flow_m3_s": 10.1, "flow_limited": false, "basin_bounded": true, "wall_fraction": null, "unrealistic_dam_length_m": null, "flat_fraction": 1.0, "site_lake_id": null, "dam_start_lon": null, "dam_start_lat": null, "dam_end_lon": null, "dam_end_lat": null, "dam_height_m": 40.0, "dam_length_m": null, "concrete_volume_m3": null }, "geometry": { "type": "LineString", "coordinates": [ [ 25.518219670816613, 45.832986382378351 ], [ 25.488411809617489, 45.84811229566138 ] ] } },
{ "type": "Feature", "properties": { "type": "lake-new", "rank": 330, "lake_id": 1348536, "lake_elevation_m": 107.2, "new_site_elevation_m": 246.1, "new_site_water_level_m": 286.1, "head_m": 178.9, "distance_m": 1601.9, "direction": "higher", "volume_million_m3": 0.315, "basin_volume_million_m3": 20.263, "empirical_volume_million_m3": 9.603, "lake_volume_million_m3": 0.63, "limited_by_existing_lake": true, "surface_area_km2": 0.5066, "storage_mwh": 130.6, "estimated_mw": 10.0, "score": 10.0434, "lh_ratio": 8.95, "lh_rank": 108, "implied_flow_m3_s": 6.7, "flow_limited": false, "basin_bounded": true, "wall_fraction": null, "unrealistic_dam_length_m": null, "flat_fraction": 1.0, "site_lake_id": null, "dam_start_lon": null, "dam_start_lat": null, "dam_end_lon": null, "dam_end_lat": null, "dam_height_m": 40.0, "dam_length_m": null, "concrete_volume_m3": null }, "geometry": { "type": "LineString", "coordinates": [ [ 27.030383439106281, 47.818683403862934 ], [ 27.040592350057992, 47.806031539368185 ] ] } },
{ "type": "Feature", "properties": { "type": "lake-new", "rank": 331, "lake_id": 1356717, "lake_elevation_m": 375.5, "new_site_elevation_m": 558.6, "new_site_water_level_m": 598.6, "head_m": 223.1, "distance_m": 2903.1, "direction": "higher", "volume_million_m3": 0.25, "basin_volume_million_m3": 13.551, "empirical_volume_million_m3": 6.563, "lake_volume_million_m3": 0.5, "limited_by_existing_lake": true, "surface_area_km2": 0.3388, "storage_mwh": 129.2, "estimated_mw": 9.9, "score": 9.939, "lh_ratio": 13.01, "lh_rank": 261, "implied_flow_m3_s": 5.3, "flow_limited": false, "basin_bounded": true, "wall_fraction": null, "unrealistic_dam_length_m": null, "flat_fraction": 1.0, "site_lake_id": null, "dam_start_lon": null, "dam_start_lat": null, "dam_end_lon": null, "dam_end_lat": null, "dam_height_m": 40.0, "dam_length_m": null, "concrete_volume_m3": null }, "geometry": { "type": "LineString", "coordinates": [ [ 24.083864571137131, 45.886804741753764 ], [ 24.119292037179697, 45.878319543925684 ] ] } },
{ "type": "Feature", "properties": { "type": "lake-new", "rank": 332, "lake_id": 1352863, "lake_elevation_m": 353.5, "new_site_elevation_m": 502.0, "new_site_water_level_m": 542.0, "head_m": 188.5, "distance_m": 1176.3, "direction": "higher", "volume_million_m3": 0.295, "basin_volume_million_m3": 3.619, "empirical_volume_million_m3": 1.882, "lake_volume_million_m3": 0.59, "limited_by_existing_lake": true, "surface_area_km2": 0.0905, "storage_mwh": 128.8, "estimated_mw": 9.9, "score": 9.9068, "lh_ratio": 6.24, "lh_rank": 18, "implied_flow_m3_s": 6.3, "flow_limited": false, "basin_bounded": true, "wall_fraction": null, "unrealistic_dam_length_m": null, "flat_fraction": 1.0, "site_lake_id": null, "dam_start_lon": null, "dam_start_lat": null, "dam_end_lon": null, "dam_end_lat": null, "dam_height_m": 40.0, "dam_length_m": null, "concrete_volume_m3": null }, "geometry": { "type": "LineString", "coordinates": [ [ 24.547541788980066, 46.719560953776437 ], [ 24.557296698108239, 46.727742422615023 ] ] } },
{ "type": "Feature", "properties": { "type": "lake-new", "rank": 333, "lake_id": 1346551, "lake_elevation_m": 104.9, "new_site_elevation_m": 180.3, "new_site_water_level_m": 220.3, "head_m": 115.5, "distance_m": 1798.8, "direction": "higher", "volume_million_m3": 0.48, "basin_volume_million_m3": 25.438, "empirical_volume_million_m3": 11.908, "lake_volume_million_m3": 0.96, "limited_by_existing_lake": true, "surface_area_km2": 0.636, "storage_mwh": 128.4, "estimated_mw": 9.9, "score": 9.8758, "lh_ratio": 15.58, "lh_rank": 317, "implied_flow_m3_s": 10.3, "flow_limited": false, "basin_bounded": false, "wall_fraction": null, "unrealistic_dam_length_m": null, "flat_fraction": 1.0, "site_lake_id": null, "dam_start_lon": null, "dam_start_lat": null, "dam_end_lon": null, "dam_end_lat": null, "dam_height_m": 40.0, "dam_length_m": null, "concrete_volume_m3": null }, "geometry": { "type": "LineString", "coordinates": [ [ 26.800024584276862, 48.258777940538238 ], [ 26.820954385297703, 48.266959409376824 ] ] } },
{ "type": "Feature", "properties": { "type": "lake-new", "rank": 334, "lake_id": 1349891, "lake_elevation_m": 94.0, "new_site_elevation_m": 188.7, "new_site_water_level_m": 228.7, "head_m": 134.7, "distance_m": 2121.7, "direction": "higher", "volume_million_m3": 0.41, "basin_volume_million_m3": 18.969, "empirical_volume_million_m3": 9.021, "lake_volume_million_m3": 0.82, "limited_by_existing_lake": true, "surface_area_km2": 0.4742, "storage_mwh": 128.0, "estimated_mw": 9.8, "score": 9.843, "lh_ratio": 15.75, "lh_rank": 321, "implied_flow_m3_s": 8.8, "flow_limited": false, "basin_bounded": true, "wall_fraction": null, "unrealistic_dam_length_m": null, "flat_fraction": 1.0, "site_lake_id": null, "dam_start_lon": null, "dam_start_lat": null, "dam_end_lon": null, "dam_end_lat": null, "dam_height_m": 40.0, "dam_length_m": null, "concrete_volume_m3": null }, "geometry": { "type": "LineString", "coordinates": [ [ 26.947169669446961, 47.49264539930553 ], [ 26.960439486462406, 47.475826868144118 ] ] } },
{ "type": "Feature", "properties": { "type": "lake-new", "rank": 335, "lake_id": 171541, "lake_elevation_m": 45.7, "new_site_elevation_m": 110.4, "new_site_water_level_m": 150.4, "head_m": 104.7, "distance_m": 2613.8, "direction": "higher", "volume_million_m3": 0.52, "basin_volume_million_m3": 19.233, "empirical_volume_million_m3": 9.14, "lake_volume_million_m3": 1.04, "limited_by_existing_lake": true, "surface_area_km2": 0.4808, "storage_mwh": 126.1, "estimated_mw": 9.7, "score": 9.6993, "lh_ratio": 24.97, "lh_rank": 419, "implied_flow_m3_s": 11.1, "flow_limited": false, "basin_bounded": true, "wall_fraction": null, "unrealistic_dam_length_m": null, "flat_fraction": 1.0, "site_lake_id": null, "dam_start_lon": null, "dam_start_lat": null, "dam_end_lon": null, "dam_end_lat": null, "dam_height_m": 40.0, "dam_length_m": null, "concrete_volume_m3": null }, "geometry": { "type": "LineString", "coordinates": [ [ 26.052507965271914, 44.163335130479567 ], [ 26.075348066441499, 44.146516599318154 ] ] } },
{ "type": "Feature", "properties": { "type": "lake-new", "rank": 336, "lake_id": 1347100, "lake_elevation_m": 132.0, "new_site_elevation_m": 216.5, "new_site_water_level_m": 256.5, "head_m": 124.5, "distance_m": 1121.0, "direction": "higher", "volume_million_m3": 0.435, "basin_volume_million_m3": 21.161, "empirical_volume_million_m3": 10.005, "lake_volume_million_m3": 0.87, "limited_by_existing_lake": true, "surface_area_km2": 0.529, "storage_mwh": 125.5, "estimated_mw": 9.7, "score": 9.6511, "lh_ratio": 9.0, "lh_rank": 111, "implied_flow_m3_s": 9.3, "flow_limited": false, "basin_bounded": true, "wall_fraction": null, "unrealistic_dam_length_m": null, "flat_fraction": 1.0, "site_lake_id": null, "dam_start_lon": null, "dam_start_lat": null, "dam_end_lon": null, "dam_end_lat": null, "dam_height_m": 40.0, "dam_length_m": null, "concrete_volume_m3": null }, "geometry": { "type": "LineString", "coordinates": [ [ 26.526043370981917, 48.133217163086044 ], [ 26.517918793564203, 48.124731965257965 ] ] } },
{ "type": "Feature", "properties": { "type": "lake-new", "rank": 337, "lake_id": 1361845, "lake_elevation_m": 10.0, "new_site_elevation_m": 131.1, "new_site_water_level_m": 171.1, "head_m": 161.1, "distance_m": 1946.4, "direction": "higher", "volume_million_m3": 0.32, "basin_volume_million_m3": 10.818, "empirical_volume_million_m3": 5.304, "lake_volume_million_m3": 0.64, "limited_by_existing_lake": true, "surface_area_km2": 0.2705, "storage_mwh": 119.4, "estimated_mw": 9.2, "score": 9.1833, "lh_ratio": 12.08, "lh_rank": 225, "implied_flow_m3_s": 6.8, "flow_limited": false, "basin_bounded": true, "wall_fraction": null, "unrealistic_dam_length_m": null, "flat_fraction": 1.0, "site_lake_id": null, "dam_start_lon": null, "dam_start_lat": null, "dam_end_lon": null, "dam_end_lat": null, "dam_height_m": 40.0, "dam_length_m": null, "concrete_volume_m3": null }, "geometry": { "type": "LineString", "coordinates": [ [ 27.626150124867841, 44.119074062771148 ], [ 27.650411021933966, 44.117533309387511 ] ] } },
{ "type": "Feature", "properties": { "type": "lake-new", "rank": 338, "lake_id": 1350072, "lake_elevation_m": 113.0, "new_site_elevation_m": 198.1, "new_site_water_level_m": 238.1, "head_m": 125.1, "distance_m": 2240.8, "direction": "higher", "volume_million_m3": 0.41, "basin_volume_million_m3": 25.425, "empirical_volume_million_m3": 11.902, "lake_volume_million_m3": 0.82, "limited_by_existing_lake": true, "surface_area_km2": 0.6356, "storage_mwh": 118.8, "estimated_mw": 9.1, "score": 9.1359, "lh_ratio": 17.92, "lh_rank": 363, "implied_flow_m3_s": 8.8, "flow_limited": false, "basin_bounded": false, "wall_fraction": null, "unrealistic_dam_length_m": null, "flat_fraction": 1.0, "site_lake_id": null, "dam_start_lon": null, "dam_start_lat": null, "dam_end_lon": null, "dam_end_lat": null, "dam_height_m": 40.0, "dam_length_m": null, "concrete_volume_m3": null }, "geometry": { "type": "LineString", "coordinates": [ [ 26.943704670120383, 47.448715142144181 ], [ 26.970901143903102, 47.456896610982767 ] ] } },
{ "type": "Feature", "properties": { "type": "lake-new", "rank": 339, "lake_id": 1348702, "lake_elevation_m": 104.0, "new_site_elevation_m": 171.7, "new_site_water_level_m": 211.7, "head_m": 107.7, "distance_m": 1858.6, "direction": "higher", "volume_million_m3": 0.47, "basin_volume_million_m3": 16.242, "empirical_volume_million_m3": 7.79, "lake_volume_million_m3": 0.94, "limited_by_existing_lake": true, "surface_area_km2": 0.406, "storage_mwh": 117.3, "estimated_mw": 9.0, "score": 9.0217, "lh_ratio": 17.25, "lh_rank": 352, "implied_flow_m3_s": 10.0, "flow_limited": false, "basin_bounded": true, "wall_fraction": null, "unrealistic_dam_length_m": null, "flat_fraction": 1.0, "site_lake_id": null, "dam_start_lon": null, "dam_start_lat": null, "dam_end_lon": null, "dam_end_lat": null, "dam_height_m": 40.0, "dam_length_m": null, "concrete_volume_m3": null }, "geometry": { "type": "LineString", "coordinates": [ [ 27.141391635850816, 47.78525180392802 ], [ 27.137740920525811, 47.801766606099939 ] ] } },
{ "type": "Feature", "properties": { "type": "lake-new", "rank": 340, "lake_id": 1351343, "lake_elevation_m": 213.0, "new_site_elevation_m": 294.0, "new_site_water_level_m": 334.0, "head_m": 121.0, "distance_m": 1718.9, "direction": "higher", "volume_million_m3": 0.41, "basin_volume_million_m3": 25.476, "empirical_volume_million_m3": 11.924, "lake_volume_million_m3": 0.82, "limited_by_existing_lake": true, "surface_area_km2": 0.6369, "storage_mwh": 114.9, "estimated_mw": 8.8, "score": 8.842, "lh_ratio": 14.2, "lh_rank": 297, "implied_flow_m3_s": 8.8, "flow_limited": false, "basin_bounded": false, "wall_fraction": null, "unrealistic_dam_length_m": null, "flat_fraction": 1.0, "site_lake_id": null, "dam_start_lon": null, "dam_start_lat": null, "dam_end_lon": null, "dam_end_lat": null, "dam_height_m": 40.0, "dam_length_m": null, "concrete_volume_m3": null }, "geometry": { "type": "LineString", "coordinates": [ [ 26.900899308194745, 47.127419297960046 ], [ 26.922813746066915, 47.131434100131962 ] ] } },
{ "type": "Feature", "properties": { "type": "lake-new", "rank": 341, "lake_id": 1360496, "lake_elevation_m": -0.9, "new_site_elevation_m": 159.0, "new_site_water_level_m": 199.0, "head_m": 199.9, "distance_m": 1471.6, "direction": "higher", "volume_million_m3": 0.245, "basin_volume_million_m3": 14.935, "empirical_volume_million_m3": 7.196, "lake_volume_million_m3": 0.49, "limited_by_existing_lake": true, "surface_area_km2": 0.3734, "storage_mwh": 113.4, "estimated_mw": 8.7, "score": 8.7262, "lh_ratio": 7.36, "lh_rank": 50, "implied_flow_m3_s": 5.2, "flow_limited": false, "basin_bounded": true, "wall_fraction": null, "unrealistic_dam_length_m": null, "flat_fraction": 1.0, "site_lake_id": null, "dam_start_lon": null, "dam_start_lat": null, "dam_end_lon": null, "dam_end_lat": null, "dam_height_m": 40.0, "dam_length_m": null, "concrete_volume_m3": null }, "geometry": { "type": "LineString", "coordinates": [ [ 28.85537029610428, 44.870379036797374 ], [ 28.84296839678705, 44.860504950080404 ] ] } },
{ "type": "Feature", "properties": { "type": "lake-new", "rank": 342, "lake_id": 1351087, "lake_elevation_m": 129.5, "new_site_elevation_m": 192.0, "new_site_water_level_m": 232.0, "head_m": 102.5, "distance_m": 2933.4, "direction": "higher", "volume_million_m3": 0.475, "basin_volume_million_m3": 23.111, "empirical_volume_million_m3": 10.874, "lake_volume_million_m3": 0.95, "limited_by_existing_lake": true, "surface_area_km2": 0.5778, "storage_mwh": 112.7, "estimated_mw": 8.7, "score": 8.6722, "lh_ratio": 28.63, "lh_rank": 437, "implied_flow_m3_s": 10.1, "flow_limited": false, "basin_bounded": false, "wall_fraction": null, "unrealistic_dam_length_m": null, "flat_fraction": 1.0, "site_lake_id": null, "dam_start_lon": null, "dam_start_lat": null, "dam_end_lon": null, "dam_end_lat": null, "dam_height_m": 40.0, "dam_length_m": null, "concrete_volume_m3": null }, "geometry": { "type": "LineString", "coordinates": [ [ 22.024590475412474, 47.180881618924047 ], [ 22.045070839705318, 47.158507532207075 ] ] } },
{ "type": "Feature", "properties": { "type": "lake-new", "rank": 343, "lake_id": 1347556, "lake_elevation_m": 144.6, "new_site_elevation_m": 225.6, "new_site_water_level_m": 265.6, "head_m": 121.0, "distance_m": 2814.1, "direction": "higher", "volume_million_m3": 0.4, "basin_volume_million_m3": 16.651, "empirical_volume_million_m3": 7.975, "lake_volume_million_m3": 0.8, "limited_by_existing_lake": true, "surface_area_km2": 0.4163, "storage_mwh": 112.1, "estimated_mw": 8.6, "score": 8.6225, "lh_ratio": 23.26, "lh_rank": 404, "implied_flow_m3_s": 8.5, "flow_limited": false, "basin_bounded": true, "wall_fraction": null, "unrealistic_dam_length_m": null, "flat_fraction": 1.0, "site_lake_id": null, "dam_start_lon": null, "dam_start_lat": null, "dam_end_lon": null, "dam_end_lat": null, "dam_height_m": 40.0, "dam_length_m": null, "concrete_volume_m3": null }, "geometry": { "type": "LineString", "coordinates": [ [ 26.470515494476572, 48.030555555555566 ], [ 26.506926600872958, 48.037348135505262 ] ] } },
{ "type": "Feature", "properties": { "type": "lake-new", "rank": 344, "lake_id": 1353025, "lake_elevation_m": 344.0, "new_site_elevation_m": 505.4, "new_site_water_level_m": 545.4, "head_m": 201.4, "distance_m": 963.5, "direction": "higher", "volume_million_m3": 0.24, "basin_volume_million_m3": 3.228, "empirical_volume_million_m3": 1.689, "lake_volume_million_m3": 0.48, "limited_by_existing_lake": true, "surface_area_km2": 0.0807, "storage_mwh": 112.0, "estimated_mw": 8.6, "score": 8.612, "lh_ratio": 4.78, "lh_rank": 7, "implied_flow_m3_s": 5.1, "flow_limited": false, "basin_bounded": true, "wall_fraction": null, "unrealistic_dam_length_m": null, "flat_fraction": 1.0, "site_lake_id": null, "dam_start_lon": null, "dam_start_lat": null, "dam_end_lon": null, "dam_end_lat": null, "dam_height_m": 40.0, "dam_length_m": null, "concrete_volume_m3": null }, "geometry": { "type": "LineString", "coordinates": [ [ 24.577494806882356, 46.679963107639281 ], [ 24.588671265699052, 46.683977909811198 ] ] } },
{ "type": "Feature", "properties": { "type": "lake-new", "rank": 345, "lake_id": 1352932, "lake_elevation_m": 164.5, "new_site_elevation_m": 303.4, "new_site_water_level_m": 343.4, "head_m": 178.9, "distance_m": 2953.4, "direction": "higher", "volume_million_m3": 0.27, "basin_volume_million_m3": 20.594, "empirical_volume_million_m3": 9.751, "lake_volume_million_m3": 0.54, "limited_by_existing_lake": true, "surface_area_km2": 0.5148, "storage_mwh": 111.9, "estimated_mw": 8.6, "score": 8.606, "lh_ratio": 16.51, "lh_rank": 340, "implied_flow_m3_s": 5.8, "flow_limited": false, "basin_bounded": true, "wall_fraction": null, "unrealistic_dam_length_m": null, "flat_fraction": 1.0, "site_lake_id": null, "dam_start_lon": null, "dam_start_lat": null, "dam_end_lon": null, "dam_end_lat": null, "dam_height_m": 40.0, "dam_length_m": null, "concrete_volume_m3": null }, "geometry": { "type": "LineString", "coordinates": [ [ 22.031905236102006, 46.692678900825143 ], [ 22.05557121431238, 46.671693702997061 ] ] } },
{ "type": "Feature", "properties": { "type": "lake-new", "rank": 346, "lake_id": 1348057, "lake_elevation_m": 96.3, "new_site_elevation_m": 181.2, "new_site_water_level_m": 221.2, "head_m": 124.8, "distance_m": 1349.4, "direction": "higher", "volume_million_m3": 0.385, "basin_volume_million_m3": 22.326, "empirical_volume_million_m3": 10.525, "lake_volume_million_m3": 0.77, "limited_by_existing_lake": true, "surface_area_km2": 0.5582, "storage_mwh": 111.3, "estimated_mw": 8.6, "score": 8.5643, "lh_ratio": 10.81, "lh_rank": 177, "implied_flow_m3_s": 8.2, "flow_limited": false, "basin_bounded": false, "wall_fraction": null, "unrealistic_dam_length_m": null, "flat_fraction": 1.0, "site_lake_id": null, "dam_start_lon": null, "dam_start_lat": null, "dam_end_lon": null, "dam_end_lat": null, "dam_height_m": 40.0, "dam_length_m": null, "concrete_volume_m3": null }, "geometry": { "type": "LineString", "coordinates": [ [ 26.751185263097376, 47.91852206759981 ], [ 26.76825091272617, 47.922536869771726 ] ] } },
{ "type": "Feature", "properties": { "type": "lake-new", "rank": 347, "lake_id": 1352613, "lake_elevation_m": 220.0, "new_site_elevation_m": 319.2, "new_site_water_level_m": 359.2, "head_m": 139.2, "distance_m": 1613.9, "direction": "higher", "volume_million_m3": 0.345, "basin_volume_million_m3": 25.196, "empirical_volume_million_m3": 11.8, "lake_volume_million_m3": 0.69, "limited_by_existing_lake": true, "surface_area_km2": 0.6299, "storage_mwh": 111.2, "estimated_mw": 8.6, "score": 8.555, "lh_ratio": 11.6, "lh_rank": 206, "implied_flow_m3_s": 7.4, "flow_limited": false, "basin_bounded": false, "wall_fraction": null, "unrealistic_dam_length_m": null, "flat_fraction": 1.0, "site_lake_id": null, "dam_start_lon": null, "dam_start_lat": null, "dam_end_lon": null, "dam_end_lat": null, "dam_height_m": 40.0, "dam_length_m": null, "concrete_volume_m3": null }, "geometry": { "type": "LineString", "coordinates": [ [ 27.022778452276931, 46.781427137586775 ], [ 27.033871083567892, 46.793775273092024 ] ] } },
{ "type": "Feature", "properties": { "type": "lake-new", "rank": 348, "lake_id": 1360183, "lake_elevation_m": 199.7, "new_site_elevation_m": 280.1, "new_site_water_level_m": 320.1, "head_m": 120.4, "distance_m": 2909.6, "direction": "higher", "volume_million_m3": 0.395, "basin_volume_million_m3": 15.095, "empirical_volume_million_m3": 7.269, "lake_volume_million_m3": 0.79, "limited_by_existing_lake": true, "surface_area_km2": 0.3774, "storage_mwh": 110.1, "estimated_mw": 8.5, "score": 8.4728, "lh_ratio": 24.17, "lh_rank": 411, "implied_flow_m3_s": 8.4, "flow_limited": false, "basin_bounded": true, "wall_fraction": null, "unrealistic_dam_length_m": null, "flat_fraction": 1.0, "site_lake_id": null, "dam_start_lon": null, "dam_start_lat": null, "dam_end_lon": null, "dam_end_lat": null, "dam_height_m": 40.0, "dam_length_m": null, "concrete_volume_m3": null }, "geometry": { "type": "LineString", "coordinates": [ [ 24.257754303580548, 44.983600349427263 ], [ 24.2911007085082, 44.972337373821404 ] ] } },
{ "type": "Feature", "properties": { "type": "lake-new", "rank": 349, "lake_id": 1347518, "lake_elevation_m": 112.1, "new_site_elevation_m": 238.4, "new_site_water_level_m": 278.4, "head_m": 166.3, "distance_m": 2001.4, "direction": "higher", "volume_million_m3": 0.285, "basin_volume_million_m3": 23.221, "empirical_volume_million_m3": 10.924, "lake_volume_million_m3": 0.57, "limited_by_existing_lake": true, "surface_area_km2": 0.5805, "storage_mwh": 109.8, "estimated_mw": 8.4, "score": 8.4451, "lh_ratio": 12.03, "lh_rank": 223, "implied_flow_m3_s": 6.1, "flow_limited": false, "basin_bounded": false, "wall_fraction": null, "unrealistic_dam_length_m": null, "flat_fraction": 1.0, "site_lake_id": null, "dam_start_lon": null, "dam_start_lat": null, "dam_end_lon": null, "dam_end_lat": null, "dam_height_m": 40.0, "dam_length_m": null, "concrete_volume_m3": null }, "geometry": { "type": "LineString", "coordinates": [ [ 26.879911207703472, 48.037099134657154 ], [ 26.855205402685193, 48.030002825717965 ] ] } },
{ "type": "Feature", "properties": { "type": "lake-new", "rank": 350, "lake_id": 1350152, "lake_elevation_m": 175.0, "new_site_elevation_m": 300.7, "new_site_water_level_m": 340.7, "head_m": 165.7, "distance_m": 1220.8, "direction": "higher", "volume_million_m3": 0.285, "basin_volume_million_m3": 6.107, "empirical_volume_million_m3": 3.088, "lake_volume_million_m3": 0.57, "limited_by_existing_lake": true, "surface_area_km2": 0.1527, "storage_mwh": 109.4, "estimated_mw": 8.4, "score": 8.4159, "lh_ratio": 7.37, "lh_rank": 51, "implied_flow_m3_s": 6.1, "flow_limited": false, "basin_bounded": true, "wall_fraction": null, "unrealistic_dam_length_m": null, "flat_fraction": 1.0, "site_lake_id": null, "dam_start_lon": null, "dam_start_lat": null, "dam_end_lon": null, "dam_end_lat": null, "dam_height_m": 40.0, "dam_length_m": null, "concrete_volume_m3": null }, "geometry": { "type": "LineString", "coordinates": [ [ 23.155105149510604, 47.425005289713994 ], [ 23.171210858869358, 47.426242314108137 ] ] } },
{ "type": "Feature", "properties": { "type": "lake-new", "rank": 351, "lake_id": 1352147, "lake_elevation_m": 141.4, "new_site_elevation_m": 281.7, "new_site_water_level_m": 321.7, "head_m": 180.3, "distance_m": 2261.4, "direction": "higher", "volume_million_m3": 0.26, "basin_volume_million_m3": 7.5, "empirical_volume_million_m3": 3.751, "lake_volume_million_m3": 0.52, "limited_by_existing_lake": true, "surface_area_km2": 0.1875, "storage_mwh": 108.6, "estimated_mw": 8.4, "score": 8.3517, "lh_ratio": 12.54, "lh_rank": 242, "implied_flow_m3_s": 5.6, "flow_limited": false, "basin_bounded": true, "wall_fraction": null, "unrealistic_dam_length_m": null, "flat_fraction": 1.0, "site_lake_id": null, "dam_start_lon": null, "dam_start_lat": null, "dam_end_lon": null, "dam_end_lat": null, "dam_height_m": 40.0, "dam_length_m": null, "concrete_volume_m3": null }, "geometry": { "type": "LineString", "coordinates": [ [ 27.371595722375119, 46.898643120659699 ], [ 27.400646499005781, 46.894324589498282 ] ] } },
{ "type": "Feature", "properties": { "type": "lake-new", "rank": 352, "lake_id": 1352625, "lake_elevation_m": 144.0, "new_site_elevation_m": 332.2, "new_site_water_level_m": 372.2, "head_m": 228.3, "distance_m": 1929.3, "direction": "higher", "volume_million_m3": 0.205, "basin_volume_million_m3": 8.304, "empirical_volume_million_m3": 4.13, "lake_volume_million_m3": 0.41, "limited_by_existing_lake": true, "surface_area_km2": 0.2076, "storage_mwh": 108.4, "estimated_mw": 8.3, "score": 8.3375, "lh_ratio": 8.45, "lh_rank": 90, "implied_flow_m3_s": 4.4, "flow_limited": false, "basin_bounded": true, "wall_fraction": null, "unrealistic_dam_length_m": null, "flat_fraction": 1.0, "site_lake_id": null, "dam_start_lon": null, "dam_start_lat": null, "dam_end_lon": null, "dam_end_lat": null, "dam_height_m": 40.0, "dam_length_m": null, "concrete_volume_m3": null }, "geometry": { "type": "LineString", "coordinates": [ [ 27.949652051959962, 46.775244818793396 ], [ 27.924638692880492, 46.777870732076423 ] ] } },
{ "type": "Feature", "properties": { "type": "lake-new", "rank": 353, "lake_id": 1360146, "lake_elevation_m": 216.5, "new_site_elevation_m": 317.7, "new_site_water_level_m": 357.7, "head_m": 141.2, "distance_m": 2974.4, "direction": "higher", "volume_million_m3": 0.33, "basin_volume_million_m3": 16.228, "empirical_volume_million_m3": 7.783, "lake_volume_million_m3": 0.66, "limited_by_existing_lake": true, "surface_area_km2": 0.4057, "storage_mwh": 107.9, "estimated_mw": 8.3, "score": 8.3025, "lh_ratio": 21.06, "lh_rank": 391, "implied_flow_m3_s": 7.1, "flow_limited": false, "basin_bounded": true, "wall_fraction": null, "unrealistic_dam_length_m": null, "flat_fraction": 1.0, "site_lake_id": null, "dam_start_lon": null, "dam_start_lat": null, "dam_end_lon": null, "dam_end_lat": null, "dam_height_m": 40.0, "dam_length_m": null, "concrete_volume_m3": null }, "geometry": { "type": "LineString", "coordinates": [ [ 25.948285470368219, 44.997292811075852 ], [ 25.96217711363834, 45.022140946581104 ] ] } },
{ "type": "Feature", "properties": { "type": "lake-new", "rank": 354, "lake_id": 1349929, "lake_elevation_m": 168.8, "new_site_elevation_m": 271.1, "new_site_water_level_m": 311.1, "head_m": 142.3, "distance_m": 1540.3, "direction": "higher", "volume_million_m3": 0.325, "basin_volume_million_m3": 17.552, "empirical_volume_million_m3": 8.383, "lake_volume_million_m3": 0.65, "limited_by_existing_lake": true, "surface_area_km2": 0.4388, "storage_mwh": 107.1, "estimated_mw": 8.2, "score": 8.2421, "lh_ratio": 10.82, "lh_rank": 178, "implied_flow_m3_s": 6.9, "flow_limited": false, "basin_bounded": true, "wall_fraction": null, "unrealistic_dam_length_m": null, "flat_fraction": 1.0, "site_lake_id": null, "dam_start_lon": null, "dam_start_lat": null, "dam_end_lon": null, "dam_end_lat": null, "dam_height_m": 40.0, "dam_length_m": null, "concrete_volume_m3": null }, "geometry": { "type": "LineString", "coordinates": [ [ 23.211585220780535, 47.478881022135852 ], [ 23.223477992118287, 47.467618046529992 ] ] } },
{ "type": "Feature", "properties": { "type": "lake-new", "rank": 355, "lake_id": 1355843, "lake_elevation_m": 10.4, "new_site_elevation_m": 151.1, "new_site_water_level_m": 191.1, "head_m": 180.7, "distance_m": 1887.4, "direction": "higher", "volume_million_m3": 0.255, "basin_volume_million_m3": 24.522, "empirical_volume_million_m3": 11.501, "lake_volume_million_m3": 0.51, "limited_by_existing_lake": true, "surface_area_km2": 0.613, "storage_mwh": 106.8, "estimated_mw": 8.2, "score": 8.2122, "lh_ratio": 10.44, "lh_rank": 165, "implied_flow_m3_s": 5.4, "flow_limited": false, "basin_bounded": false, "wall_fraction": null, "unrealistic_dam_length_m": null, "flat_fraction": 1.0, "site_lake_id": null, "dam_start_lon": null, "dam_start_lat": null, "dam_end_lon": null, "dam_end_lat": null, "dam_height_m": 40.0, "dam_length_m": null, "concrete_volume_m3": null }, "geometry": { "type": "LineString", "coordinates": [ [ 28.092485766330469, 46.062935655381864 ], [ 28.06805123376002, 46.062783790887117 ] ] } },
{ "type": "Feature", "properties": { "type": "lake-new", "rank": 356, "lake_id": 1354273, "lake_elevation_m": 32.9, "new_site_elevation_m": 126.1, "new_site_water_level_m": 166.1, "head_m": 133.2, "distance_m": 1221.8, "direction": "higher", "volume_million_m3": 0.345, "basin_volume_million_m3": 14.217, "empirical_volume_million_m3": 6.868, "lake_volume_million_m3": 0.69, "limited_by_existing_lake": true, "surface_area_km2": 0.3554, "storage_mwh": 106.4, "estimated_mw": 8.2, "score": 8.1866, "lh_ratio": 9.17, "lh_rank": 116, "implied_flow_m3_s": 7.4, "flow_limited": false, "basin_bounded": true, "wall_fraction": null, "unrealistic_dam_length_m": null, "flat_fraction": 1.0, "site_lake_id": null, "dam_start_lon": null, "dam_start_lat": null, "dam_end_lon": null, "dam_end_lat": null, "dam_height_m": 40.0, "dam_length_m": null, "concrete_volume_m3": null }, "geometry": { "type": "LineString", "coordinates": [ [ 28.133985752973061, 46.399345296223885 ], [ 28.120391699875196, 46.393637876173578 ] ] } },
{ "type": "Feature", "properties": { "type": "lake-new", "rank": 357, "lake_id": 1351991, "lake_elevation_m": 214.5, "new_site_elevation_m": 301.5, "new_site_water_level_m": 341.5, "head_m": 127.0, "distance_m": 1875.2, "direction": "higher", "volume_million_m3": 0.36, "basin_volume_million_m3": 25.458, "empirical_volume_million_m3": 11.916, "lake_volume_million_m3": 0.72, "limited_by_existing_lake": true, "surface_area_km2": 0.6364, "storage_mwh": 105.9, "estimated_mw": 8.1, "score": 8.1465, "lh_ratio": 14.76, "lh_rank": 302, "implied_flow_m3_s": 7.7, "flow_limited": false, "basin_bounded": false, "wall_fraction": null, "unrealistic_dam_length_m": null, "flat_fraction": 1.0, "site_lake_id": null, "dam_start_lon": null, "dam_start_lat": null, "dam_end_lon": null, "dam_end_lat": null, "dam_height_m": 40.0, "dam_length_m": null, "concrete_volume_m3": null }, "geometry": { "type": "LineString", "coordinates": [ [ 26.805285985048052, 46.947081570095492 ], [ 26.782907439788364, 46.939985261156302 ] ] } },
{ "type": "Feature", "properties": { "type": "lake-new", "rank": 358, "lake_id": 1357075, "lake_elevation_m": 504.5, "new_site_elevation_m": 609.3, "new_site_water_level_m": 649.3, "head_m": 144.8, "distance_m": 2220.6, "direction": "higher", "volume_million_m3": 0.315, "basin_volume_million_m3": 10.454, "empirical_volume_million_m3": 5.135, "lake_volume_million_m3": 0.63, "limited_by_existing_lake": true, "surface_area_km2": 0.2613, "storage_mwh": 105.7, "estimated_mw": 8.1, "score": 8.1295, "lh_ratio": 15.33, "lh_rank": 313, "implied_flow_m3_s": 6.7, "flow_limited": false, "basin_bounded": true, "wall_fraction": null, "unrealistic_dam_length_m": null, "flat_fraction": 1.0, "site_lake_id": null, "dam_start_lon": null, "dam_start_lat": null, "dam_end_lon": null, "dam_end_lat": null, "dam_height_m": 40.0, "dam_length_m": null, "concrete_volume_m3": null }, "geometry": { "type": "LineString", "coordinates": [ [ 23.943678824010508, 45.794598117404831 ], [ 23.972234502066222, 45.795835141798975 ] ] } },
{ "type": "Feature", "properties": { "type": "lake-new", "rank": 359, "lake_id": 1350361, "lake_elevation_m": 69.2, "new_site_elevation_m": 154.7, "new_site_water_level_m": 194.7, "head_m": 125.5, "distance_m": 1638.8, "direction": "higher", "volume_million_m3": 0.36, "basin_volume_million_m3": 25.461, "empirical_volume_million_m3": 11.918, "lake_volume_million_m3": 0.72, "limited_by_existing_lake": true, "surface_area_km2": 0.6365, "storage_mwh": 104.6, "estimated_mw": 8.0, "score": 8.0482, "lh_ratio": 13.06, "lh_rank": 265, "implied_flow_m3_s": 7.7, "flow_limited": false, "basin_bounded": false, "wall_fraction": null, "unrealistic_dam_length_m": null, "flat_fraction": 1.0, "site_lake_id": null, "dam_start_lon": null, "dam_start_lat": null, "dam_end_lon": null, "dam_end_lat": null, "dam_height_m": 40.0, "dam_length_m": null, "concrete_volume_m3": null }, "geometry": { "type": "LineString", "coordinates": [ [ 27.162571074940466, 47.374225124783095 ], [ 27.17038694054926, 47.387962149177234 ] ] } },
{ "type": "Feature", "properties": { "type": "lake-new", "rank": 360, "lake_id": 1357027, "lake_elevation_m": 513.3, "new_site_elevation_m": 622.9, "new_site_water_level_m": 662.9, "head_m": 149.6, "distance_m": 1858.9, "direction": "higher", "volume_million_m3": 0.3, "basin_volume_million_m3": 9.705, "empirical_volume_million_m3": 4.786, "lake_volume_million_m3": 0.6, "limited_by_existing_lake": true, "surface_area_km2": 0.2426, "storage_mwh": 103.9, "estimated_mw": 8.0, "score": 7.9957, "lh_ratio": 12.43, "lh_rank": 239, "implied_flow_m3_s": 6.4, "flow_limited": false, "basin_bounded": true, "wall_fraction": null, "unrealistic_dam_length_m": null, "flat_fraction": 1.0, "site_lake_id": null, "dam_start_lon": null, "dam_start_lat": null, "dam_end_lon": null, "dam_end_lat": null, "dam_height_m": 40.0, "dam_length_m": null, "concrete_volume_m3": null }, "geometry": { "type": "LineString", "coordinates": [ [ 23.921446508367644, 45.80485989040838 ], [ 23.924994117919681, 45.821374692580299 ] ] } },
{ "type": "Feature", "properties": { "type": "lake-new", "rank": 361, "lake_id": 1356648, "lake_elevation_m": 368.5, "new_site_elevation_m": 447.3, "new_site_water_level_m": 487.3, "head_m": 118.8, "distance_m": 1392.0, "direction": "higher", "volume_million_m3": 0.37, "basin_volume_million_m3": 20.359, "empirical_volume_million_m3": 9.646, "lake_volume_million_m3": 0.74, "limited_by_existing_lake": true, "surface_area_km2": 0.509, "storage_mwh": 101.8, "estimated_mw": 7.8, "score": 7.8313, "lh_ratio": 11.72, "lh_rank": 212, "implied_flow_m3_s": 7.9, "flow_limited": false, "basin_bounded": true, "wall_fraction": null, "unrealistic_dam_length_m": null, "flat_fraction": 1.0, "site_lake_id": null, "dam_start_lon": null, "dam_start_lat": null, "dam_end_lon": null, "dam_end_lat": null, "dam_height_m": 40.0, "dam_length_m": null, "concrete_volume_m3": null }, "geometry": { "type": "LineString", "coordinates": [ [ 24.06016071350237, 45.906899685330274 ], [ 24.046961187035951, 45.898414487502194 ] ] } },
{ "type": "Feature", "properties": { "type": "lake-new", "rank": 362, "lake_id": 1359367, "lake_elevation_m": 1.0, "new_site_elevation_m": 86.6, "new_site_water_level_m": 126.6, "head_m": 125.6, "distance_m": 2608.6, "direction": "higher", "volume_million_m3": 0.345, "basin_volume_million_m3": 12.904, "empirical_volume_million_m3": 6.266, "lake_volume_million_m3": 0.69, "limited_by_existing_lake": true, "surface_area_km2": 0.3226, "storage_mwh": 100.4, "estimated_mw": 7.7, "score": 7.7215, "lh_ratio": 20.77, "lh_rank": 389, "implied_flow_m3_s": 7.4, "flow_limited": false, "basin_bounded": true, "wall_fraction": null, "unrealistic_dam_length_m": null, "flat_fraction": 1.0, "site_lake_id": null, "dam_start_lon": null, "dam_start_lat": null, "dam_end_lon": null, "dam_end_lat": null, "dam_height_m": 40.0, "dam_length_m": null, "concrete_volume_m3": null }, "geometry": { "type": "LineString", "coordinates": [ [ 28.6477143877758, 45.221666666666465 ], [ 28.637824796352621, 45.199292579949493 ] ] } },
{ "type": "Feature", "properties": { "type": "lake-new", "rank": 363, "lake_id": 1350864, "lake_elevation_m": 236.0, "new_site_elevation_m": 356.4, "new_site_water_level_m": 396.4, "head_m": 160.4, "distance_m": 860.0, "direction": "higher", "volume_million_m3": 0.27, "basin_volume_million_m3": 15.241, "empirical_volume_million_m3": 7.335, "lake_volume_million_m3": 0.54, "limited_by_existing_lake": true, "surface_area_km2": 0.381, "storage_mwh": 100.3, "estimated_mw": 7.7, "score": 7.7154, "lh_ratio": 5.36, "lh_rank": 12, "implied_flow_m3_s": 5.8, "flow_limited": false, "basin_bounded": true, "wall_fraction": null, "unrealistic_dam_length_m": null, "flat_fraction": 1.0, "site_lake_id": null, "dam_start_lon": null, "dam_start_lat": null, "dam_end_lon": null, "dam_end_lat": null, "dam_height_m": 40.0, "dam_length_m": null, "concrete_volume_m3": null }, "geometry": { "type": "LineString", "coordinates": [ [ 26.799573754714888, 47.245988091362818 ], [ 26.810276694874691, 47.248614004645844 ] ] } },
{ "type": "Feature", "properties": { "type": "lake-new", "rank": 364, "lake_id": 1356651, "lake_elevation_m": 372.0, "new_site_elevation_m": 460.7, "new_site_water_level_m": 500.7, "head_m": 128.7, "distance_m": 1280.1, "direction": "higher", "volume_million_m3": 0.335, "basin_volume_million_m3": 17.432, "empirical_volume_million_m3": 8.329, "lake_volume_million_m3": 0.67, "limited_by_existing_lake": true, "surface_area_km2": 0.4358, "storage_mwh": 99.8, "estimated_mw": 7.7, "score": 7.6806, "lh_ratio": 9.95, "lh_rank": 141, "implied_flow_m3_s": 7.2, "flow_limited": false, "basin_bounded": true, "wall_fraction": null, "unrealistic_dam_length_m": null, "flat_fraction": 1.0, "site_lake_id": null, "dam_start_lon": null, "dam_start_lat": null, "dam_end_lon": null, "dam_end_lat": null, "dam_height_m": 40.0, "dam_length_m": null, "concrete_volume_m3": null }, "geometry": { "type": "LineString", "coordinates": [ [ 24.051389180543243, 45.905581732856206 ], [ 24.036801807307373, 45.910985423917012 ] ] } },
{ "type": "Feature", "properties": { "type": "lake-new", "rank": 365, "lake_id": 1349655, "lake_elevation_m": 319.5, "new_site_elevation_m": 416.0, "new_site_water_level_m": 456.0, "head_m": 136.5, "distance_m": 1450.4, "direction": "higher", "volume_million_m3": 0.315, "basin_volume_million_m3": 25.478, "empirical_volume_million_m3": 11.925, "lake_volume_million_m3": 0.63, "limited_by_existing_lake": true, "surface_area_km2": 0.637, "storage_mwh": 99.6, "estimated_mw": 7.7, "score": 7.6633, "lh_ratio": 10.62, "lh_rank": 168, "implied_flow_m3_s": 6.7, "flow_limited": false, "basin_bounded": false, "wall_fraction": null, "unrealistic_dam_length_m": null, "flat_fraction": 1.0, "site_lake_id": null, "dam_start_lon": null, "dam_start_lat": null, "dam_end_lon": null, "dam_end_lat": null, "dam_height_m": 40.0, "dam_length_m": null, "concrete_volume_m3": null }, "geometry": { "type": "LineString", "coordinates": [ [ 26.29461534689522, 47.551834716796918 ], [ 26.305056357569722, 47.562793963413277 ] ] } },
{ "type": "Feature", "properties": { "type": "lake-new", "rank": 366, "lake_id": 1360462, "lake_elevation_m": 0.0, "new_site_elevation_m": 91.6, "new_site_water_level_m": 131.6, "head_m": 131.6, "distance_m": 1682.2, "direction": "higher", "volume_million_m3": 0.325, "basin_volume_million_m3": 21.734, "empirical_volume_million_m3": 10.261, "lake_volume_million_m3": 0.65, "limited_by_existing_lake": true, "surface_area_km2": 0.5434, "storage_mwh": 99.1, "estimated_mw": 7.6, "score": 7.6232, "lh_ratio": 12.78, "lh_rank": 249, "implied_flow_m3_s": 6.9, "flow_limited": false, "basin_bounded": false, "wall_fraction": null, "unrealistic_dam_length_m": null, "flat_fraction": 1.0, "site_lake_id": null, "dam_start_lon": null, "dam_start_lat": null, "dam_end_lon": null, "dam_end_lat": null, "dam_height_m": 40.0, "dam_length_m": null, "concrete_volume_m3": null }, "geometry": { "type": "LineString", "coordinates": [ [ 28.809418931396586, 44.882531153360986 ], [ 28.83034126329035, 44.87960151108846 ] ] } },
{ "type": "Feature", "properties": { "type": "lake-new", "rank": 367, "lake_id": 1360975, "lake_elevation_m": 166.5, "new_site_elevation_m": 256.1, "new_site_water_level_m": 296.1, "head_m": 129.6, "distance_m": 1856.2, "direction": "higher", "volume_million_m3": 0.33, "basin_volume_million_m3": 16.373, "empirical_volume_million_m3": 7.849, "lake_volume_million_m3": 0.66, "limited_by_existing_lake": true, "surface_area_km2": 0.4093, "storage_mwh": 99.1, "estimated_mw": 7.6, "score": 7.6215, "lh_ratio": 14.32, "lh_rank": 298, "implied_flow_m3_s": 7.1, "flow_limited": false, "basin_bounded": true, "wall_fraction": null, "unrealistic_dam_length_m": null, "flat_fraction": 1.0, "site_lake_id": null, "dam_start_lon": null, "dam_start_lat": null, "dam_end_lon": null, "dam_end_lat": null, "dam_height_m": 40.0, "dam_length_m": null, "concrete_volume_m3": null }, "geometry": { "type": "LineString", "coordinates": [ [ 22.654019990010369, 44.676909145780058 ], [ 22.634817782493347, 44.686479503507535 ] ] } },
{ "type": "Feature", "properties": { "type": "lake-new", "rank": 368, "lake_id": 1349751, "lake_elevation_m": 273.5, "new_site_elevation_m": 374.7, "new_site_water_level_m": 414.7, "head_m": 141.2, "distance_m": 1238.4, "direction": "higher", "volume_million_m3": 0.3, "basin_volume_million_m3": 14.154, "empirical_volume_million_m3": 6.839, "lake_volume_million_m3": 0.6, "limited_by_existing_lake": true, "surface_area_km2": 0.3539, "storage_mwh": 98.1, "estimated_mw": 7.5, "score": 7.5468, "lh_ratio": 8.77, "lh_rank": 100, "implied_flow_m3_s": 6.4, "flow_limited": false, "basin_bounded": true, "wall_fraction": null, "unrealistic_dam_length_m": null, "flat_fraction": 1.0, "site_lake_id": null, "dam_start_lon": null, "dam_start_lat": null, "dam_end_lon": null, "dam_end_lat": null, "dam_height_m": 40.0, "dam_length_m": null, "concrete_volume_m3": null }, "geometry": { "type": "LineString", "coordinates": [ [ 26.245374188818097, 47.521899549696229 ], [ 26.237785472203004, 47.51202546297926 ] ] } },
{ "type": "Feature", "properties": { "type": "lake-new", "rank": 369, "lake_id": 1356650, "lake_elevation_m": 202.0, "new_site_elevation_m": 349.9, "new_site_water_level_m": 389.9, "head_m": 187.9, "distance_m": 2972.9, "direction": "higher", "volume_million_m3": 0.225, "basin_volume_million_m3": 8.463, "empirical_volume_million_m3": 4.205, "lake_volume_million_m3": 0.45, "limited_by_existing_lake": true, "surface_area_km2": 0.2116, "storage_mwh": 97.9, "estimated_mw": 7.5, "score": 7.5328, "lh_ratio": 15.82, "lh_rank": 323, "implied_flow_m3_s": 4.8, "flow_limited": false, "basin_bounded": true, "wall_fraction": null, "unrealistic_dam_length_m": null, "flat_fraction": 1.0, "site_lake_id": null, "dam_start_lon": null, "dam_start_lat": null, "dam_end_lon": null, "dam_end_lat": null, "dam_height_m": 40.0, "dam_length_m": null, "concrete_volume_m3": null }, "geometry": { "type": "LineString", "coordinates": [ [ 23.25149706614107, 45.906523301866628 ], [ 23.223020059514813, 45.924426992927437 ] ] } },
{ "type": "Feature", "properties": { "type": "lake-new", "rank": 370, "lake_id": 1351752, "lake_elevation_m": 186.6, "new_site_elevation_m": 338.3, "new_site_water_level_m": 378.3, "head_m": 191.7, "distance_m": 1466.3, "direction": "higher", "volume_million_m3": 0.22, "basin_volume_million_m3": 9.23, "empirical_volume_million_m3": 4.564, "lake_volume_million_m3": 0.44, "limited_by_existing_lake": true, "surface_area_km2": 0.2308, "storage_mwh": 97.7, "estimated_mw": 7.5, "score": 7.5156, "lh_ratio": 7.65, "lh_rank": 62, "implied_flow_m3_s": 4.7, "flow_limited": false, "basin_bounded": true, "wall_fraction": null, "unrealistic_dam_length_m": null, "flat_fraction": 1.0, "site_lake_id": null, "dam_start_lon": null, "dam_start_lat": null, "dam_end_lon": null, "dam_end_lat": null, "dam_height_m": 40.0, "dam_length_m": null, "concrete_volume_m3": null }, "geometry": { "type": "LineString", "coordinates": [ [ 27.779579877947626, 47.020521782769038 ], [ 27.786306495776433, 47.032869918274287 ] ] } },
{ "type": "Feature", "properties": { "type": "lake-new", "rank": 371, "lake_id": 1357137, "lake_elevation_m": 6.5, "new_site_elevation_m": 91.9, "new_site_water_level_m": 131.9, "head_m": 125.4, "distance_m": 2963.5, "direction": "higher", "volume_million_m3": 0.335, "basin_volume_million_m3": 17.287, "empirical_volume_million_m3": 8.263, "lake_volume_million_m3": 0.67, "limited_by_existing_lake": true, "surface_area_km2": 0.4322, "storage_mwh": 97.3, "estimated_mw": 7.5, "score": 7.4849, "lh_ratio": 23.63, "lh_rank": 405, "implied_flow_m3_s": 7.2, "flow_limited": false, "basin_bounded": true, "wall_fraction": null, "unrealistic_dam_length_m": null, "flat_fraction": 1.0, "site_lake_id": null, "dam_start_lon": null, "dam_start_lat": null, "dam_end_lon": null, "dam_end_lat": null, "dam_height_m": 40.0, "dam_length_m": null, "concrete_volume_m3": null }, "geometry": { "type": "LineString", "coordinates": [ [ 28.145230883062954, 45.774324001735977 ], [ 28.182135822480216, 45.781116581685673 ] ] } },
{ "type": "Feature", "properties": { "type": "lake-new", "rank": 372, "lake_id": 1351155, "lake_elevation_m": 46.0, "new_site_elevation_m": 115.2, "new_site_water_level_m": 155.2, "head_m": 109.2, "distance_m": 1403.3, "direction": "higher", "volume_million_m3": 0.38, "basin_volume_million_m3": 21.842, "empirical_volume_million_m3": 10.309, "lake_volume_million_m3": 0.76, "limited_by_existing_lake": true, "surface_area_km2": 0.546, "storage_mwh": 96.1, "estimated_mw": 7.4, "score": 7.3934, "lh_ratio": 12.85, "lh_rank": 256, "implied_flow_m3_s": 8.1, "flow_limited": false, "basin_bounded": false, "wall_fraction": null, "unrealistic_dam_length_m": null, "flat_fraction": 1.0, "site_lake_id": null, "dam_start_lon": null, "dam_start_lat": null, "dam_end_lon": null, "dam_end_lat": null, "dam_height_m": 40.0, "dam_length_m": null, "concrete_volume_m3": null }, "geometry": { "type": "LineString", "coordinates": [ [ 27.615085204297692, 47.16838962131078 ], [ 27.599465026971743, 47.175182201260476 ] ] } },
{ "type": "Feature", "properties": { "type": "lake-new", "rank": 373, "lake_id": 1352056, "lake_elevation_m": 338.5, "new_site_elevation_m": 500.8, "new_site_water_level_m": 540.8, "head_m": 202.3, "distance_m": 2775.1, "direction": "higher", "volume_million_m3": 0.205, "basin_volume_million_m3": 7.393, "empirical_volume_million_m3": 3.7, "lake_volume_million_m3": 0.41, "limited_by_existing_lake": true, "surface_area_km2": 0.1848, "storage_mwh": 96.1, "estimated_mw": 7.4, "score": 7.3894, "lh_ratio": 13.72, "lh_rank": 282, "implied_flow_m3_s": 4.4, "flow_limited": false, "basin_bounded": true, "wall_fraction": null, "unrealistic_dam_length_m": null, "flat_fraction": 1.0, "site_lake_id": null, "dam_start_lon": null, "dam_start_lat": null, "dam_end_lon": null, "dam_end_lat": null, "dam_height_m": 40.0, "dam_length_m": null, "concrete_volume_m3": null }, "geometry": { "type": "LineString", "coordinates": [ [ 24.443579443739413, 46.921706407335478 ], [ 24.407333204091447, 46.918776765062951 ] ] } },
{ "type": "Feature", "properties": { "type": "lake-new", "rank": 374, "lake_id": 1361532, "lake_elevation_m": 12.0, "new_site_elevation_m": 108.7, "new_site_water_level_m": 148.7, "head_m": 136.7, "distance_m": 1827.6, "direction": "higher", "volume_million_m3": 0.3, "basin_volume_million_m3": 24.865, "empirical_volume_million_m3": 11.654, "lake_volume_million_m3": 0.6, "limited_by_existing_lake": true, "surface_area_km2": 0.6216, "storage_mwh": 95.0, "estimated_mw": 7.3, "score": 7.3094, "lh_ratio": 13.37, "lh_rank": 269, "implied_flow_m3_s": 6.4, "flow_limited": false, "basin_bounded": false, "wall_fraction": null, "unrealistic_dam_length_m": null, "flat_fraction": 1.0, "site_lake_id": null, "dam_start_lon": null, "dam_start_lat": null, "dam_end_lon": null, "dam_end_lat": null, "dam_height_m": 40.0, "dam_length_m": null, "concrete_volume_m3": null }, "geometry": { "type": "LineString", "coordinates": [ [ 28.144050600048629, 44.340665825737801 ], [ 28.136206573563292, 44.325236183465272 ] ] } },
{ "type": "Feature", "properties": { "type": "lake-new", "rank": 375, "lake_id": 1354609, "lake_elevation_m": 45.8, "new_site_elevation_m": 161.6, "new_site_water_level_m": 201.6, "head_m": 155.8, "distance_m": 1893.4, "direction": "higher", "volume_million_m3": 0.26, "basin_volume_million_m3": 17.433, "empirical_volume_million_m3": 8.329, "lake_volume_million_m3": 0.52, "limited_by_existing_lake": true, "surface_area_km2": 0.4358, "storage_mwh": 93.8, "estimated_mw": 7.2, "score": 7.2183, "lh_ratio": 12.15, "lh_rank": 230, "implied_flow_m3_s": 5.6, "flow_limited": false, "basin_bounded": true, "wall_fraction": null, "unrealistic_dam_length_m": null, "flat_fraction": 1.0, "site_lake_id": null, "dam_start_lon": null, "dam_start_lat": null, "dam_end_lon": null, "dam_end_lat": null, "dam_height_m": 40.0, "dam_length_m": null, "concrete_volume_m3": null }, "geometry": { "type": "LineString", "coordinates": [ [ 27.975508495035399, 46.322347412109309 ], [ 27.998087923530065, 46.329139992059005 ] ] } },
{ "type": "Feature", "properties": { "type": "lake-new", "rank": 376, "lake_id": 1353440, "lake_elevation_m": 344.6, "new_site_elevation_m": 454.3, "new_site_water_level_m": 494.3, "head_m": 149.7, "distance_m": 1229.7, "direction": "higher", "volume_million_m3": 0.27, "basin_volume_million_m3": 13.482, "empirical_volume_million_m3": 6.531, "lake_volume_million_m3": 0.54, "limited_by_existing_lake": true, "surface_area_km2": 0.337, "storage_mwh": 93.6, "estimated_mw": 7.2, "score": 7.2009, "lh_ratio": 8.22, "lh_rank": 78, "implied_flow_m3_s": 5.8, "flow_limited": false, "basin_bounded": true, "wall_fraction": null, "unrealistic_dam_length_m": null, "flat_fraction": 1.0, "site_lake_id": null, "dam_start_lon": null, "dam_start_lat": null, "dam_end_lon": null, "dam_end_lat": null, "dam_height_m": 40.0, "dam_length_m": null, "concrete_volume_m3": null }, "geometry": { "type": "LineString", "coordinates": [ [ 23.763101039664036, 46.598094075521203 ], [ 23.77712258399378, 46.603497766582009 ] ] } },
{ "type": "Feature", "properties": { "type": "lake-new", "rank": 377, "lake_id": 1361725, "lake_elevation_m": 8.5, "new_site_elevation_m": 103.0, "new_site_water_level_m": 143.0, "head_m": 134.5, "distance_m": 1624.5, "direction": "higher", "volume_million_m3": 0.295, "basin_volume_million_m3": 18.426, "empirical_volume_million_m3": 8.777, "lake_volume_million_m3": 0.59, "limited_by_existing_lake": true, "surface_area_km2": 0.4606, "storage_mwh": 91.9, "estimated_mw": 7.1, "score": 7.0683, "lh_ratio": 12.08, "lh_rank": 226, "implied_flow_m3_s": 6.3, "flow_limited": false, "basin_bounded": true, "wall_fraction": null, "unrealistic_dam_length_m": null, "flat_fraction": 1.0, "site_lake_id": null, "dam_start_lon": null, "dam_start_lat": null, "dam_end_lon": null, "dam_end_lat": null, "dam_height_m": 40.0, "dam_length_m": null, "concrete_volume_m3": null }, "geometry": { "type": "LineString", "coordinates": [ [ 27.855211647139484, 44.200820515950397 ], [ 27.834969112862673, 44.199279762566761 ] ] } },
{ "type": "Feature", "properties": { "type": "lake-new", "rank": 378, "lake_id": 1357256, "lake_elevation_m": 6.0, "new_site_elevation_m": 96.3, "new_site_water_level_m": 136.3, "head_m": 130.3, "distance_m": 2257.6, "direction": "higher", "volume_million_m3": 0.3, "basin_volume_million_m3": 25.308, "empirical_volume_million_m3": 11.85, "lake_volume_million_m3": 0.6, "limited_by_existing_lake": true, "surface_area_km2": 0.6327, "storage_mwh": 90.5, "estimated_mw": 7.0, "score": 6.9628, "lh_ratio": 17.33, "lh_rank": 355, "implied_flow_m3_s": 6.4, "flow_limited": false, "basin_bounded": false, "wall_fraction": null, "unrealistic_dam_length_m": null, "flat_fraction": 1.0, "site_lake_id": null, "dam_start_lon": null, "dam_start_lat": null, "dam_end_lon": null, "dam_end_lat": null, "dam_height_m": 40.0, "dam_length_m": null, "concrete_volume_m3": null }, "geometry": { "type": "LineString", "coordinates": [ [ 28.159284286341798, 45.733167995876556 ], [ 28.182332617979064, 45.745516131381805 ] ] } },
{ "type": "Feature", "properties": { "type": "lake-new", "rank": 379, "lake_id": 1348410, "lake_elevation_m": 120.3, "new_site_elevation_m": 217.2, "new_site_water_level_m": 257.2, "head_m": 136.9, "distance_m": 1553.0, "direction": "higher", "volume_million_m3": 0.285, "basin_volume_million_m3": 20.381, "empirical_volume_million_m3": 9.656, "lake_volume_million_m3": 0.57, "limited_by_existing_lake": true, "surface_area_km2": 0.5095, "storage_mwh": 90.4, "estimated_mw": 7.0, "score": 6.9505, "lh_ratio": 11.35, "lh_rank": 188, "implied_flow_m3_s": 6.1, "flow_limited": false, "basin_bounded": true, "wall_fraction": null, "unrealistic_dam_length_m": null, "flat_fraction": 1.0, "site_lake_id": null, "dam_start_lon": null, "dam_start_lat": null, "dam_end_lon": null, "dam_end_lat": null, "dam_height_m": 40.0, "dam_length_m": null, "concrete_volume_m3": null }, "geometry": { "type": "LineString", "coordinates": [ [ 26.75214586759348, 47.845590820312566 ], [ 26.772053410121227, 47.849605622484482 ] ] } },
{ "type": "Feature", "properties": { "type": "lake-new", "rank": 380, "lake_id": 1347372, "lake_elevation_m": 106.5, "new_site_elevation_m": 210.5, "new_site_water_level_m": 250.5, "head_m": 144.0, "distance_m": 1395.5, "direction": "higher", "volume_million_m3": 0.27, "basin_volume_million_m3": 17.072, "empirical_volume_million_m3": 8.166, "lake_volume_million_m3": 0.54, "limited_by_existing_lake": true, "surface_area_km2": 0.4268, "storage_mwh": 90.1, "estimated_mw": 6.9, "score": 6.9277, "lh_ratio": 9.69, "lh_rank": 132, "implied_flow_m3_s": 5.8, "flow_limited": false, "basin_bounded": true, "wall_fraction": null, "unrealistic_dam_length_m": null, "flat_fraction": 1.0, "site_lake_id": null, "dam_start_lon": null, "dam_start_lat": null, "dam_end_lon": null, "dam_end_lat": null, "dam_height_m": 40.0, "dam_length_m": null, "concrete_volume_m3": null }, "geometry": { "type": "LineString", "coordinates": [ [ 26.670082870648958, 48.072810601128651 ], [ 26.687012040755054, 48.078214292189458 ] ] } },
{ "type": "Feature", "properties": { "type": "lake-new", "rank": 381, "lake_id": 1349025, "lake_elevation_m": 83.2, "new_site_elevation_m": 183.8, "new_site_water_level_m": 223.8, "head_m": 140.6, "distance_m": 1341.4, "direction": "higher", "volume_million_m3": 0.275, "basin_volume_million_m3": 24.962, "empirical_volume_million_m3": 11.697, "lake_volume_million_m3": 0.55, "limited_by_existing_lake": true, "surface_area_km2": 0.6241, "storage_mwh": 89.5, "estimated_mw": 6.9, "score": 6.8871, "lh_ratio": 9.54, "lh_rank": 129, "implied_flow_m3_s": 5.9, "flow_limited": false, "basin_bounded": false, "wall_fraction": null, "unrealistic_dam_length_m": null, "flat_fraction": 1.0, "site_lake_id": null, "dam_start_lon": null, "dam_start_lat": null, "dam_end_lon": null, "dam_end_lat": null, "dam_height_m": 40.0, "dam_length_m": null, "concrete_volume_m3": null }, "geometry": { "type": "LineString", "coordinates": [ [ 27.167837110970577, 47.713999294704905 ], [ 27.161470808067477, 47.702736319099046 ] ] } },
{ "type": "Feature", "properties": { "type": "lake-new", "rank": 382, "lake_id": 1349387, "lake_elevation_m": 72.5, "new_site_elevation_m": 170.6, "new_site_water_level_m": 210.6, "head_m": 138.1, "distance_m": 1571.4, "direction": "higher", "volume_million_m3": 0.275, "basin_volume_million_m3": 25.209, "empirical_volume_million_m3": 11.806, "lake_volume_million_m3": 0.55, "limited_by_existing_lake": true, "surface_area_km2": 0.6302, "storage_mwh": 88.0, "estimated_mw": 6.8, "score": 6.7676, "lh_ratio": 11.38, "lh_rank": 191, "implied_flow_m3_s": 5.9, "flow_limited": false, "basin_bounded": false, "wall_fraction": null, "unrealistic_dam_length_m": null, "flat_fraction": 1.0, "site_lake_id": null, "dam_start_lon": null, "dam_start_lat": null, "dam_end_lon": null, "dam_end_lat": null, "dam_height_m": 40.0, "dam_length_m": null, "concrete_volume_m3": null }, "geometry": { "type": "LineString", "coordinates": [ [ 26.957079841767339, 47.628367241753494 ], [ 26.961899073479128, 47.642104266147633 ] ] } },
{ "type": "Feature", "properties": { "type": "lake-new", "rank": 383, "lake_id": 1347716, "lake_elevation_m": 119.5, "new_site_elevation_m": 231.1, "new_site_water_level_m": 271.1, "head_m": 151.6, "distance_m": 1854.6, "direction": "higher", "volume_million_m3": 0.25, "basin_volume_million_m3": 11.134, "empirical_volume_million_m3": 5.45, "lake_volume_million_m3": 0.5, "limited_by_existing_lake": true, "surface_area_km2": 0.2783, "storage_mwh": 87.8, "estimated_mw": 6.8, "score": 6.7547, "lh_ratio": 12.23, "lh_rank": 233, "implied_flow_m3_s": 5.3, "flow_limited": false, "basin_bounded": true, "wall_fraction": null, "unrealistic_dam_length_m": null, "flat_fraction": 1.0, "site_lake_id": null, "dam_start_lon": null, "dam_start_lat": null, "dam_end_lon": null, "dam_end_lat": null, "dam_height_m": 40.0, "dam_length_m": null, "concrete_volume_m3": null }, "geometry": { "type": "LineString", "coordinates": [ [ 26.630396370218207, 47.99522888183597 ], [ 26.621005421547082, 47.979799239563441 ] ] } },
{ "type": "Feature", "properties": { "type": "lake-new", "rank": 384, "lake_id": 1359370, "lake_elevation_m": 1.5, "new_site_elevation_m": 133.1, "new_site_water_level_m": 173.1, "head_m": 171.6, "distance_m": 2988.4, "direction": "higher", "volume_million_m3": 0.22, "basin_volume_million_m3": 8.271, "empirical_volume_million_m3": 4.114, "lake_volume_million_m3": 0.44, "limited_by_existing_lake": true, "surface_area_km2": 0.2068, "storage_mwh": 87.5, "estimated_mw": 6.7, "score": 6.7272, "lh_ratio": 17.41, "lh_rank": 357, "implied_flow_m3_s": 4.7, "flow_limited": false, "basin_bounded": true, "wall_fraction": null, "unrealistic_dam_length_m": null, "flat_fraction": 1.0, "site_lake_id": null, "dam_start_lon": null, "dam_start_lat": null, "dam_end_lon": null, "dam_end_lat": null, "dam_height_m": 40.0, "dam_length_m": null, "concrete_volume_m3": null }, "geometry": { "type": "LineString", "coordinates": [ [ 28.627714811904195, 45.218573676215101 ], [ 28.621994245933838, 45.192032922831466 ] ] } },
{ "type": "Feature", "properties": { "type": "lake-new", "rank": 385, "lake_id": 1359349, "lake_elevation_m": 1.0, "new_site_elevation_m": 106.1, "new_site_water_level_m": 146.1, "head_m": 145.1, "distance_m": 2997.5, "direction": "higher", "volume_million_m3": 0.26, "basin_volume_million_m3": 7.085, "empirical_volume_million_m3": 3.554, "lake_volume_million_m3": 0.52, "limited_by_existing_lake": true, "surface_area_km2": 0.1771, "storage_mwh": 87.4, "estimated_mw": 6.7, "score": 6.724, "lh_ratio": 20.65, "lh_rank": 387, "implied_flow_m3_s": 5.6, "flow_limited": false, "basin_bounded": true, "wall_fraction": null, "unrealistic_dam_length_m": null, "flat_fraction": 1.0, "site_lake_id": null, "dam_start_lon": null, "dam_start_lat": null, "dam_end_lon": null, "dam_end_lat": null, "dam_height_m": 40.0, "dam_length_m": null, "concrete_volume_m3": null }, "geometry": { "type": "LineString", "coordinates": [ [ 28.572847781427114, 45.225016004774147 ], [ 28.599066746400268, 45.205419695834955 ] ] } },
{ "type": "Feature", "properties": { "type": "lake-new", "rank": 386, "lake_id": 1361450, "lake_elevation_m": 1.0, "new_site_elevation_m": 91.1, "new_site_water_level_m": 131.1, "head_m": 130.1, "distance_m": 2224.6, "direction": "higher", "volume_million_m3": 0.29, "basin_volume_million_m3": 15.713, "empirical_volume_million_m3": 7.549, "lake_volume_million_m3": 0.58, "limited_by_existing_lake": true, "surface_area_km2": 0.3928, "storage_mwh": 87.4, "estimated_mw": 6.7, "score": 6.7222, "lh_ratio": 17.1, "lh_rank": 349, "implied_flow_m3_s": 6.2, "flow_limited": false, "basin_bounded": true, "wall_fraction": null, "unrealistic_dam_length_m": null, "flat_fraction": 1.0, "site_lake_id": null, "dam_start_lon": null, "dam_start_lat": null, "dam_end_lon": null, "dam_end_lat": null, "dam_height_m": 40.0, "dam_length_m": null, "concrete_volume_m3": null }, "geometry": { "type": "LineString", "coordinates": [ [ 28.540997225936238, 44.400710381401836 ], [ 28.516442728874534, 44.410280739129313 ] ] } },
{ "type": "Feature", "properties": { "type": "lake-new", "rank": 387, "lake_id": 1350762, "lake_elevation_m": 105.0, "new_site_elevation_m": 243.9, "new_site_water_level_m": 283.9, "head_m": 178.9, "distance_m": 2030.3, "direction": "higher", "volume_million_m3": 0.21, "basin_volume_million_m3": 12.457, "empirical_volume_million_m3": 6.061, "lake_volume_million_m3": 0.42, "limited_by_existing_lake": true, "surface_area_km2": 0.3114, "storage_mwh": 87.0, "estimated_mw": 6.7, "score": 6.6927, "lh_ratio": 11.35, "lh_rank": 189, "implied_flow_m3_s": 4.5, "flow_limited": false, "basin_bounded": true, "wall_fraction": null, "unrealistic_dam_length_m": null, "flat_fraction": 1.0, "site_lake_id": null, "dam_start_lon": null, "dam_start_lat": null, "dam_end_lon": null, "dam_end_lat": null, "dam_height_m": 40.0, "dam_length_m": null, "concrete_volume_m3": null }, "geometry": { "type": "LineString", "coordinates": [ [ 26.983438117902651, 47.268989935980898 ], [ 26.956621509118218, 47.270226960375041 ] ] } },
{ "type": "Feature", "properties": { "type": "lake-new", "rank": 388, "lake_id": 1351990, "lake_elevation_m": 160.5, "new_site_elevation_m": 241.5, "new_site_water_level_m": 281.5, "head_m": 121.0, "distance_m": 2184.6, "direction": "higher", "volume_million_m3": 0.31, "basin_volume_million_m3": 16.684, "empirical_volume_million_m3": 7.99, "lake_volume_million_m3": 0.62, "limited_by_existing_lake": true, "surface_area_km2": 0.4171, "storage_mwh": 86.9, "estimated_mw": 6.7, "score": 6.6854, "lh_ratio": 18.05, "lh_rank": 365, "implied_flow_m3_s": 6.6, "flow_limited": false, "basin_bounded": true, "wall_fraction": null, "unrealistic_dam_length_m": null, "flat_fraction": 1.0, "site_lake_id": null, "dam_start_lon": null, "dam_start_lat": null, "dam_end_lon": null, "dam_end_lat": null, "dam_height_m": 40.0, "dam_length_m": null, "concrete_volume_m3": null }, "geometry": { "type": "LineString", "coordinates": [ [ 21.921635386025493, 46.947491048177454 ], [ 21.946478720736465, 46.937616961460485 ] ] } },
{ "type": "Feature", "properties": { "type": "lake-new", "rank": 389, "lake_id": 1356904, "lake_elevation_m": 541.0, "new_site_elevation_m": 671.3, "new_site_water_level_m": 711.3, "head_m": 170.3, "distance_m": 2855.0, "direction": "higher", "volume_million_m3": 0.22, "basin_volume_million_m3": 10.713, "empirical_volume_million_m3": 5.255, "lake_volume_million_m3": 0.44, "limited_by_existing_lake": true, "surface_area_km2": 0.2678, "storage_mwh": 86.8, "estimated_mw": 6.7, "score": 6.6735, "lh_ratio": 16.77, "lh_rank": 347, "implied_flow_m3_s": 4.7, "flow_limited": false, "basin_bounded": true, "wall_fraction": null, "unrealistic_dam_length_m": null, "flat_fraction": 1.0, "site_lake_id": null, "dam_start_lon": null, "dam_start_lat": null, "dam_end_lon": null, "dam_end_lat": null, "dam_height_m": 40.0, "dam_length_m": null, "concrete_volume_m3": null }, "geometry": { "type": "LineString", "coordinates": [ [ 25.496730877696564, 45.833638780381847 ], [ 25.472478058181579, 45.852931360331546 ] ] } },
{ "type": "Feature", "properties": { "type": "lake-new", "rank": 390, "lake_id": 1353283, "lake_elevation_m": 524.0, "new_site_elevation_m": 733.5, "new_site_water_level_m": 773.5, "head_m": 249.5, "distance_m": 2930.4, "direction": "higher", "volume_million_m3": 0.15, "basin_volume_million_m3": 9.114, "empirical_volume_million_m3": 4.51, "lake_volume_million_m3": 0.3, "limited_by_existing_lake": true, "surface_area_km2": 0.2278, "storage_mwh": 86.7, "estimated_mw": 6.7, "score": 6.6691, "lh_ratio": 11.74, "lh_rank": 213, "implied_flow_m3_s": 3.2, "flow_limited": false, "basin_bounded": true, "wall_fraction": null, "unrealistic_dam_length_m": null, "flat_fraction": 1.0, "site_lake_id": null, "dam_start_lon": null, "dam_start_lat": null, "dam_end_lon": null, "dam_end_lat": null, "dam_height_m": 40.0, "dam_length_m": null, "concrete_volume_m3": null }, "geometry": { "type": "LineString", "coordinates": [ [ 23.535095800477734, 46.630390760634072 ], [ 23.55881304982822, 46.651072229472653 ] ] } },
{ "type": "Feature", "properties": { "type": "lake-new", "rank": 391, "lake_id": 1354937, "lake_elevation_m": 192.0, "new_site_elevation_m": 348.6, "new_site_water_level_m": 388.6, "head_m": 196.6, "distance_m": 2947.4, "direction": "higher", "volume_million_m3": 0.19, "basin_volume_million_m3": 6.824, "empirical_volume_million_m3": 3.43, "lake_volume_million_m3": 0.38, "limited_by_existing_lake": true, "surface_area_km2": 0.1706, "storage_mwh": 86.5, "estimated_mw": 6.7, "score": 6.6544, "lh_ratio": 14.99, "lh_rank": 307, "implied_flow_m3_s": 4.1, "flow_limited": false, "basin_bounded": true, "wall_fraction": null, "unrealistic_dam_length_m": null, "flat_fraction": 1.0, "site_lake_id": null, "dam_start_lon": null, "dam_start_lat": null, "dam_end_lon": null, "dam_end_lat": null, "dam_height_m": 40.0, "dam_length_m": null, "concrete_volume_m3": null }, "geometry": { "type": "LineString", "coordinates": [ [ 26.848120549062205, 46.249244384765547 ], [ 26.8429811792527, 46.275481409159688 ] ] } },
{ "type": "Feature", "properties": { "type": "lake-new", "rank": 392, "lake_id": 1349908, "lake_elevation_m": 62.5, "new_site_elevation_m": 153.1, "new_site_water_level_m": 193.1, "head_m": 130.6, "distance_m": 1311.4, "direction": "higher", "volume_million_m3": 0.28, "basin_volume_million_m3": 25.378, "empirical_volume_million_m3": 11.881, "lake_volume_million_m3": 0.56, "limited_by_existing_lake": true, "surface_area_km2": 0.6345, "storage_mwh": 84.7, "estimated_mw": 6.5, "score": 6.5168, "lh_ratio": 10.04, "lh_rank": 147, "implied_flow_m3_s": 6.0, "flow_limited": false, "basin_bounded": false, "wall_fraction": null, "unrealistic_dam_length_m": null, "flat_fraction": 1.0, "site_lake_id": null, "dam_start_lon": null, "dam_start_lat": null, "dam_end_lon": null, "dam_end_lat": null, "dam_height_m": 40.0, "dam_length_m": null, "concrete_volume_m3": null }, "geometry": { "type": "LineString", "coordinates": [ [ 27.190009129024396, 47.492296956380244 ], [ 27.172723690401984, 47.490756202996607 ] ] } },
{ "type": "Feature", "properties": { "type": "lake-new", "rank": 393, "lake_id": 1347348, "lake_elevation_m": 113.9, "new_site_elevation_m": 199.3, "new_site_water_level_m": 239.3, "head_m": 125.4, "distance_m": 1468.3, "direction": "higher", "volume_million_m3": 0.29, "basin_volume_million_m3": 25.426, "empirical_volume_million_m3": 11.902, "lake_volume_million_m3": 0.58, "limited_by_existing_lake": true, "surface_area_km2": 0.6357, "storage_mwh": 84.3, "estimated_mw": 6.5, "score": 6.4816, "lh_ratio": 11.7, "lh_rank": 211, "implied_flow_m3_s": 6.2, "flow_limited": false, "basin_bounded": false, "wall_fraction": null, "unrealistic_dam_length_m": null, "flat_fraction": 1.0, "site_lake_id": null, "dam_start_lon": null, "dam_start_lat": null, "dam_end_lon": null, "dam_end_lat": null, "dam_height_m": 40.0, "dam_length_m": null, "concrete_volume_m3": null }, "geometry": { "type": "LineString", "coordinates": [ [ 26.713383025913714, 48.077925821940198 ], [ 26.695585429325185, 48.072218401889891 ] ] } },
{ "type": "Feature", "properties": { "type": "lake-new", "rank": 394, "lake_id": 1357153, "lake_elevation_m": 516.5, "new_site_elevation_m": 619.4, "new_site_water_level_m": 659.4, "head_m": 142.9, "distance_m": 2919.9, "direction": "higher", "volume_million_m3": 0.25, "basin_volume_million_m3": 13.021, "empirical_volume_million_m3": 6.32, "lake_volume_million_m3": 0.5, "limited_by_existing_lake": true, "surface_area_km2": 0.3255, "storage_mwh": 82.7, "estimated_mw": 6.4, "score": 6.3644, "lh_ratio": 20.44, "lh_rank": 385, "implied_flow_m3_s": 5.3, "flow_limited": false, "basin_bounded": true, "wall_fraction": null, "unrealistic_dam_length_m": null, "flat_fraction": 1.0, "site_lake_id": null, "dam_start_lon": null, "dam_start_lat": null, "dam_end_lon": null, "dam_end_lat": null, "dam_height_m": 40.0, "dam_length_m": null, "concrete_volume_m3": null }, "geometry": { "type": "LineString", "coordinates": [ [ 25.47073644005421, 45.762061225043254 ], [ 25.434039894130432, 45.756353804992948 ] ] } },
{ "type": "Feature", "properties": { "type": "lake-new", "rank": 395, "lake_id": 1360075, "lake_elevation_m": 227.4, "new_site_elevation_m": 293.9, "new_site_water_level_m": 333.9, "head_m": 106.6, "distance_m": 2984.0, "direction": "higher", "volume_million_m3": 0.335, "basin_volume_million_m3": 17.491, "empirical_volume_million_m3": 8.355, "lake_volume_million_m3": 0.67, "limited_by_existing_lake": true, "surface_area_km2": 0.4373, "storage_mwh": 82.7, "estimated_mw": 6.4, "score": 6.3598, "lh_ratio": 28.01, "lh_rank": 435, "implied_flow_m3_s": 7.2, "flow_limited": false, "basin_bounded": true, "wall_fraction": null, "unrealistic_dam_length_m": null, "flat_fraction": 1.0, "site_lake_id": null, "dam_start_lon": null, "dam_start_lat": null, "dam_end_lon": null, "dam_end_lat": null, "dam_height_m": 40.0, "dam_length_m": null, "concrete_volume_m3": null }, "geometry": { "type": "LineString", "coordinates": [ [ 24.296984966539249, 45.022409396701619 ], [ 24.320579887549066, 45.001424198873536 ] ] } },
{ "type": "Feature", "properties": { "type": "lake-new", "rank": 396, "lake_id": 1350270, "lake_elevation_m": 47.0, "new_site_elevation_m": 146.8, "new_site_water_level_m": 186.8, "head_m": 139.8, "distance_m": 1401.1, "direction": "higher", "volume_million_m3": 0.255, "basin_volume_million_m3": 12.557, "empirical_volume_million_m3": 6.107, "lake_volume_million_m3": 0.51, "limited_by_existing_lake": true, "surface_area_km2": 0.3139, "storage_mwh": 82.6, "estimated_mw": 6.4, "score": 6.3509, "lh_ratio": 10.02, "lh_rank": 146, "implied_flow_m3_s": 5.4, "flow_limited": false, "basin_bounded": true, "wall_fraction": null, "unrealistic_dam_length_m": null, "flat_fraction": 1.0, "site_lake_id": null, "dam_start_lon": null, "dam_start_lat": null, "dam_end_lon": null, "dam_end_lat": null, "dam_height_m": 40.0, "dam_length_m": null, "concrete_volume_m3": null }, "geometry": { "type": "LineString", "coordinates": [ [ 27.313597517365302, 47.397047526041632 ], [ 27.295004963085052, 47.396895661546885 ] ] } },
{ "type": "Feature", "properties": { "type": "lake-new", "rank": 397, "lake_id": 1350066, "lake_elevation_m": 79.0, "new_site_elevation_m": 189.1, "new_site_water_level_m": 229.1, "head_m": 150.1, "distance_m": 1261.1, "direction": "higher", "volume_million_m3": 0.235, "basin_volume_million_m3": 14.225, "empirical_volume_million_m3": 6.872, "lake_volume_million_m3": 0.47, "limited_by_existing_lake": true, "surface_area_km2": 0.3556, "storage_mwh": 81.7, "estimated_mw": 6.3, "score": 6.2865, "lh_ratio": 8.4, "lh_rank": 85, "implied_flow_m3_s": 5.0, "flow_limited": false, "basin_bounded": true, "wall_fraction": null, "unrealistic_dam_length_m": null, "flat_fraction": 1.0, "site_lake_id": null, "dam_start_lon": null, "dam_start_lat": null, "dam_end_lon": null, "dam_end_lat": null, "dam_height_m": 40.0, "dam_length_m": null, "concrete_volume_m3": null }, "geometry": { "type": "LineString", "coordinates": [ [ 27.409664112899911, 47.450036756727428 ], [ 27.395192785100821, 47.444329336677121 ] ] } },
{ "type": "Feature", "properties": { "type": "lake-new", "rank": 398, "lake_id": 1348532, "lake_elevation_m": 109.5, "new_site_elevation_m": 186.9, "new_site_water_level_m": 226.9, "head_m": 117.4, "distance_m": 1353.1, "direction": "higher", "volume_million_m3": 0.3, "basin_volume_million_m3": 25.015, "empirical_volume_million_m3": 11.72, "lake_volume_million_m3": 0.6, "limited_by_existing_lake": true, "surface_area_km2": 0.6254, "storage_mwh": 81.6, "estimated_mw": 6.3, "score": 6.2773, "lh_ratio": 11.52, "lh_rank": 199, "implied_flow_m3_s": 6.4, "flow_limited": false, "basin_bounded": false, "wall_fraction": null, "unrealistic_dam_length_m": null, "flat_fraction": 1.0, "site_lake_id": null, "dam_start_lon": null, "dam_start_lat": null, "dam_end_lon": null, "dam_end_lat": null, "dam_height_m": 40.0, "dam_length_m": null, "concrete_volume_m3": null }, "geometry": { "type": "LineString", "coordinates": [ [ 26.643996804918515, 47.818736843533003 ], [ 26.62642789127425, 47.815807201260476 ] ] } },
{ "type": "Feature", "properties": { "type": "lake-new", "rank": 399, "lake_id": 1354304, "lake_elevation_m": 267.6, "new_site_elevation_m": 337.3, "new_site_water_level_m": 377.3, "head_m": 109.7, "distance_m": 2980.6, "direction": "higher", "volume_million_m3": 0.315, "basin_volume_million_m3": 24.799, "empirical_volume_million_m3": 11.624, "lake_volume_million_m3": 0.63, "limited_by_existing_lake": true, "surface_area_km2": 0.62, "storage_mwh": 80.0, "estimated_mw": 6.2, "score": 6.1559, "lh_ratio": 27.17, "lh_rank": 431, "implied_flow_m3_s": 6.7, "flow_limited": false, "basin_bounded": false, "wall_fraction": null, "unrealistic_dam_length_m": null, "flat_fraction": 1.0, "site_lake_id": null, "dam_start_lon": null, "dam_start_lat": null, "dam_end_lon": null, "dam_end_lat": null, "dam_height_m": 40.0, "dam_length_m": null, "concrete_volume_m3": null }, "geometry": { "type": "LineString", "coordinates": [ [ 23.822883675688065, 46.389104003906624 ], [ 23.794020155304846, 46.407007694967433 ] ] } },
{ "type": "Feature", "properties": { "type": "lake-new", "rank": 400, "lake_id": 1351077, "lake_elevation_m": 60.5, "new_site_elevation_m": 173.5, "new_site_water_level_m": 213.5, "head_m": 153.0, "distance_m": 1221.1, "direction": "higher", "volume_million_m3": 0.225, "basin_volume_million_m3": 22.041, "empirical_volume_million_m3": 10.398, "lake_volume_million_m3": 0.45, "limited_by_existing_lake": true, "surface_area_km2": 0.551, "storage_mwh": 79.8, "estimated_mw": 6.1, "score": 6.135, "lh_ratio": 7.98, "lh_rank": 70, "implied_flow_m3_s": 4.8, "flow_limited": false, "basin_bounded": false, "wall_fraction": null, "unrealistic_dam_length_m": null, "flat_fraction": 1.0, "site_lake_id": null, "dam_start_lon": null, "dam_start_lat": null, "dam_end_lon": null, "dam_end_lat": null, "dam_height_m": 40.0, "dam_length_m": null, "concrete_volume_m3": null }, "geometry": { "type": "LineString", "coordinates": [ [ 27.525052797917009, 47.18928276909719 ], [ 27.535803827766447, 47.197464237935776 ] ] } },
{ "type": "Feature", "properties": { "type": "lake-new", "rank": 401, "lake_id": 1348931, "lake_elevation_m": 119.5, "new_site_elevation_m": 208.9, "new_site_water_level_m": 248.9, "head_m": 129.4, "distance_m": 1046.4, "direction": "higher", "volume_million_m3": 0.265, "basin_volume_million_m3": 23.201, "empirical_volume_million_m3": 10.915, "lake_volume_million_m3": 0.53, "limited_by_existing_lake": true, "surface_area_km2": 0.58, "storage_mwh": 79.4, "estimated_mw": 6.1, "score": 6.1104, "lh_ratio": 8.09, "lh_rank": 73, "implied_flow_m3_s": 5.7, "flow_limited": false, "basin_bounded": false, "wall_fraction": null, "unrealistic_dam_length_m": null, "flat_fraction": 1.0, "site_lake_id": null, "dam_start_lon": null, "dam_start_lat": null, "dam_end_lon": null, "dam_end_lat": null, "dam_height_m": 40.0, "dam_length_m": null, "concrete_volume_m3": null }, "geometry": { "type": "LineString", "coordinates": [ [ 27.091698334422347, 47.738689168294258 ], [ 27.082532731296805, 47.731592859355068 ] ] } },
{ "type": "Feature", "properties": { "type": "lake-new", "rank": 402, "lake_id": 1351945, "lake_elevation_m": 308.5, "new_site_elevation_m": 453.3, "new_site_water_level_m": 493.3, "head_m": 184.8, "distance_m": 2892.5, "direction": "higher", "volume_million_m3": 0.185, "basin_volume_million_m3": 20.361, "empirical_volume_million_m3": 9.647, "lake_volume_million_m3": 0.37, "limited_by_existing_lake": true, "surface_area_km2": 0.509, "storage_mwh": 79.2, "estimated_mw": 6.1, "score": 6.0922, "lh_ratio": 15.65, "lh_rank": 319, "implied_flow_m3_s": 4.0, "flow_limited": false, "basin_bounded": true, "wall_fraction": null, "unrealistic_dam_length_m": null, "flat_fraction": 1.0, "site_lake_id": null, "dam_start_lon": null, "dam_start_lat": null, "dam_end_lon": null, "dam_end_lat": null, "dam_height_m": 40.0, "dam_length_m": null, "concrete_volume_m3": null }, "geometry": { "type": "LineString", "coordinates": [ [ 26.621343843317792, 46.95989407009543 ], [ 26.630899029943667, 46.934742205600685 ] ] } },
{ "type": "Feature", "properties": { "type": "lake-new", "rank": 403, "lake_id": 1359976, "lake_elevation_m": 1.0, "new_site_elevation_m": 72.2, "new_site_water_level_m": 112.2, "head_m": 111.2, "distance_m": 2952.2, "direction": "higher", "volume_million_m3": 0.305, "basin_volume_million_m3": 19.292, "empirical_volume_million_m3": 9.167, "lake_volume_million_m3": 0.61, "limited_by_existing_lake": true, "surface_area_km2": 0.4823, "storage_mwh": 78.5, "estimated_mw": 6.0, "score": 6.0402, "lh_ratio": 26.56, "lh_rank": 428, "implied_flow_m3_s": 6.5, "flow_limited": false, "basin_bounded": true, "wall_fraction": null, "unrealistic_dam_length_m": null, "flat_fraction": 1.0, "site_lake_id": null, "dam_start_lon": null, "dam_start_lat": null, "dam_end_lon": null, "dam_end_lat": null, "dam_height_m": 40.0, "dam_length_m": null, "concrete_volume_m3": null }, "geometry": { "type": "LineString", "coordinates": [ [ 29.128111923810401, 45.054055447048398 ], [ 29.090571828791887, 45.053903582553652 ] ] } },
{ "type": "Feature", "properties": { "type": "lake-new", "rank": 404, "lake_id": 1351994, "lake_elevation_m": 269.3, "new_site_elevation_m": 388.7, "new_site_water_level_m": 428.7, "head_m": 159.5, "distance_m": 2196.9, "direction": "higher", "volume_million_m3": 0.21, "basin_volume_million_m3": 19.949, "empirical_volume_million_m3": 9.462, "lake_volume_million_m3": 0.42, "limited_by_existing_lake": true, "surface_area_km2": 0.4987, "storage_mwh": 77.6, "estimated_mw": 6.0, "score": 5.9672, "lh_ratio": 13.78, "lh_rank": 284, "implied_flow_m3_s": 4.5, "flow_limited": false, "basin_bounded": true, "wall_fraction": null, "unrealistic_dam_length_m": null, "flat_fraction": 1.0, "site_lake_id": null, "dam_start_lon": null, "dam_start_lat": null, "dam_end_lon": null, "dam_end_lat": null, "dam_height_m": 40.0, "dam_length_m": null, "concrete_volume_m3": null }, "geometry": { "type": "LineString", "coordinates": [ [ 26.705356913819521, 46.94468383789058 ], [ 26.720480372490734, 46.927865306729167 ] ] } },
{ "type": "Feature", "properties": { "type": "lake-new", "rank": 405, "lake_id": 1350305, "lake_elevation_m": 45.0, "new_site_elevation_m": 133.4, "new_site_water_level_m": 173.4, "head_m": 128.3, "distance_m": 1517.7, "direction": "higher", "volume_million_m3": 0.26, "basin_volume_million_m3": 25.456, "empirical_volume_million_m3": 11.915, "lake_volume_million_m3": 0.52, "limited_by_existing_lake": true, "surface_area_km2": 0.6364, "storage_mwh": 77.3, "estimated_mw": 5.9, "score": 5.9451, "lh_ratio": 11.83, "lh_rank": 214, "implied_flow_m3_s": 5.6, "flow_limited": false, "basin_bounded": false, "wall_fraction": null, "unrealistic_dam_length_m": null, "flat_fraction": 1.0, "site_lake_id": null, "dam_start_lon": null, "dam_start_lat": null, "dam_end_lon": null, "dam_end_lat": null, "dam_height_m": 40.0, "dam_length_m": null, "concrete_volume_m3": null }, "geometry": { "type": "LineString", "coordinates": [ [ 27.331237002863688, 47.385282253689184 ], [ 27.314043408986393, 47.378185944749994 ] ] } },
{ "type": "Feature", "properties": { "type": "lake-new", "rank": 406, "lake_id": 1353071, "lake_elevation_m": 120.5, "new_site_elevation_m": 229.4, "new_site_water_level_m": 269.4, "head_m": 148.9, "distance_m": 1332.6, "direction": "higher", "volume_million_m3": 0.22, "basin_volume_million_m3": 19.055, "empirical_volume_million_m3": 9.06, "lake_volume_million_m3": 0.44, "limited_by_existing_lake": true, "surface_area_km2": 0.4764, "storage_mwh": 75.9, "estimated_mw": 5.8, "score": 5.8357, "lh_ratio": 8.95, "lh_rank": 109, "implied_flow_m3_s": 4.7, "flow_limited": false, "basin_bounded": true, "wall_fraction": null, "unrealistic_dam_length_m": null, "flat_fraction": 1.0, "site_lake_id": null, "dam_start_lon": null, "dam_start_lat": null, "dam_end_lon": null, "dam_end_lat": null, "dam_height_m": 40.0, "dam_length_m": null, "concrete_volume_m3": null }, "geometry": { "type": "LineString", "coordinates": [ [ 27.71475877412562, 46.668748101128386 ], [ 27.721777803991447, 46.679707347744746 ] ] } },
{ "type": "Feature", "properties": { "type": "lake-new", "rank": 407, "lake_id": 1349617, "lake_elevation_m": 303.0, "new_site_elevation_m": 395.6, "new_site_water_level_m": 435.6, "head_m": 132.6, "distance_m": 2036.6, "direction": "higher", "volume_million_m3": 0.245, "basin_volume_million_m3": 16.311, "empirical_volume_million_m3": 7.821, "lake_volume_million_m3": 0.49, "limited_by_existing_lake": true, "surface_area_km2": 0.4078, "storage_mwh": 75.3, "estimated_mw": 5.8, "score": 5.7895, "lh_ratio": 15.36, "lh_rank": 314, "implied_flow_m3_s": 5.2, "flow_limited": false, "basin_bounded": true, "wall_fraction": null, "unrealistic_dam_length_m": null, "flat_fraction": 1.0, "site_lake_id": null, "dam_start_lon": null, "dam_start_lat": null, "dam_end_lon": null, "dam_end_lat": null, "dam_height_m": 40.0, "dam_length_m": null, "concrete_volume_m3": null }, "geometry": { "type": "LineString", "coordinates": [ [ 26.179427168259611, 47.562237548828165 ], [ 26.164859193497648, 47.546807906555635 ] ] } },
{ "type": "Feature", "properties": { "type": "lake-new", "rank": 408, "lake_id": 1346956, "lake_elevation_m": 145.5, "new_site_elevation_m": 246.3, "new_site_water_level_m": 286.3, "head_m": 140.8, "distance_m": 1971.3, "direction": "higher", "volume_million_m3": 0.23, "basin_volume_million_m3": 25.386, "empirical_volume_million_m3": 11.884, "lake_volume_million_m3": 0.46, "limited_by_existing_lake": true, "surface_area_km2": 0.6346, "storage_mwh": 75.0, "estimated_mw": 5.8, "score": 5.7696, "lh_ratio": 14.0, "lh_rank": 288, "implied_flow_m3_s": 4.9, "flow_limited": false, "basin_bounded": false, "wall_fraction": null, "unrealistic_dam_length_m": null, "flat_fraction": 1.0, "site_lake_id": null, "dam_start_lon": null, "dam_start_lat": null, "dam_end_lon": null, "dam_end_lat": null, "dam_height_m": 40.0, "dam_length_m": null, "concrete_volume_m3": null }, "geometry": { "type": "LineString", "coordinates": [ [ 26.757349581540975, 48.159067586263149 ], [ 26.73531306028465, 48.149193499546179 ] ] } },
{ "type": "Feature", "properties": { "type": "lake-new", "rank": 409, "lake_id": 1353072, "lake_elevation_m": 306.7, "new_site_elevation_m": 446.3, "new_site_water_level_m": 486.3, "head_m": 179.6, "distance_m": 1850.0, "direction": "higher", "volume_million_m3": 0.18, "basin_volume_million_m3": 10.184, "empirical_volume_million_m3": 5.009, "lake_volume_million_m3": 0.36, "limited_by_existing_lake": true, "surface_area_km2": 0.2546, "storage_mwh": 74.9, "estimated_mw": 5.8, "score": 5.7596, "lh_ratio": 10.3, "lh_rank": 159, "implied_flow_m3_s": 3.8, "flow_limited": false, "basin_bounded": true, "wall_fraction": null, "unrealistic_dam_length_m": null, "flat_fraction": 1.0, "site_lake_id": null, "dam_start_lon": null, "dam_start_lat": null, "dam_end_lon": null, "dam_end_lat": null, "dam_height_m": 40.0, "dam_length_m": null, "concrete_volume_m3": null }, "geometry": { "type": "LineString", "coordinates": [ [ 24.175838401254751, 46.666716172960435 ], [ 24.173136881989521, 46.683230975132354 ] ] } },
{ "type": "Feature", "properties": { "type": "lake-new", "rank": 410, "lake_id": 1356898, "lake_elevation_m": 485.0, "new_site_elevation_m": 547.4, "new_site_water_level_m": 587.4, "head_m": 102.4, "distance_m": 2977.8, "direction": "higher", "volume_million_m3": 0.31, "basin_volume_million_m3": 24.81, "empirical_volume_million_m3": 11.629, "lake_volume_million_m3": 0.62, "limited_by_existing_lake": true, "surface_area_km2": 0.6203, "storage_mwh": 73.5, "estimated_mw": 5.7, "score": 5.6533, "lh_ratio": 29.09, "lh_rank": 440, "implied_flow_m3_s": 6.6, "flow_limited": false, "basin_bounded": false, "wall_fraction": null, "unrealistic_dam_length_m": null, "flat_fraction": 1.0, "site_lake_id": null, "dam_start_lon": null, "dam_start_lat": null, "dam_end_lon": null, "dam_end_lat": null, "dam_height_m": 40.0, "dam_length_m": null, "concrete_volume_m3": null }, "geometry": { "type": "LineString", "coordinates": [ [ 25.5644273349522, 45.832836507161346 ], [ 25.592952925135442, 45.850740198222155 ] ] } },
{ "type": "Feature", "properties": { "type": "lake-new", "rank": 411, "lake_id": 1347498, "lake_elevation_m": 145.0, "new_site_elevation_m": 239.7, "new_site_water_level_m": 279.7, "head_m": 134.7, "distance_m": 1758.4, "direction": "higher", "volume_million_m3": 0.235, "basin_volume_million_m3": 11.174, "empirical_volume_million_m3": 5.469, "lake_volume_million_m3": 0.47, "limited_by_existing_lake": true, "surface_area_km2": 0.2794, "storage_mwh": 73.3, "estimated_mw": 5.6, "score": 5.6398, "lh_ratio": 13.05, "lh_rank": 264, "implied_flow_m3_s": 5.0, "flow_limited": false, "basin_bounded": true, "wall_fraction": null, "unrealistic_dam_length_m": null, "flat_fraction": 1.0, "site_lake_id": null, "dam_start_lon": null, "dam_start_lat": null, "dam_end_lon": null, "dam_end_lat": null, "dam_height_m": 40.0, "dam_length_m": null, "concrete_volume_m3": null }, "geometry": { "type": "LineString", "coordinates": [ [ 26.607606004528563, 48.045168321397682 ], [ 26.596781932930078, 48.031127568014043 ] ] } },
{ "type": "Feature", "properties": { "type": "lake-new", "rank": 412, "lake_id": 1355651, "lake_elevation_m": 10.7, "new_site_elevation_m": 165.0, "new_site_water_level_m": 205.0, "head_m": 194.3, "distance_m": 2448.2, "direction": "higher", "volume_million_m3": 0.16, "basin_volume_million_m3": 24.957, "empirical_volume_million_m3": 11.695, "lake_volume_million_m3": 0.32, "limited_by_existing_lake": true, "surface_area_km2": 0.6239, "storage_mwh": 72.0, "estimated_mw": 5.5, "score": 5.5379, "lh_ratio": 12.6, "lh_rank": 243, "implied_flow_m3_s": 3.4, "flow_limited": false, "basin_bounded": false, "wall_fraction": null, "unrealistic_dam_length_m": null, "flat_fraction": 1.0, "site_lake_id": null, "dam_start_lon": null, "dam_start_lat": null, "dam_end_lon": null, "dam_end_lat": null, "dam_height_m": 40.0, "dam_length_m": null, "concrete_volume_m3": null }, "geometry": { "type": "LineString", "coordinates": [ [ 28.082815751018316, 46.09749321831589 ], [ 28.055575862519007, 46.08623024271003 ] ] } },
{ "type": "Feature", "properties": { "type": "lake-new", "rank": 413, "lake_id": 1354067, "lake_elevation_m": 143.6, "new_site_elevation_m": 226.3, "new_site_water_level_m": 266.3, "head_m": 122.6, "distance_m": 1678.8, "direction": "higher", "volume_million_m3": 0.245, "basin_volume_million_m3": 24.374, "empirical_volume_million_m3": 11.436, "lake_volume_million_m3": 0.49, "limited_by_existing_lake": true, "surface_area_km2": 0.6093, "storage_mwh": 69.6, "estimated_mw": 5.4, "score": 5.3536, "lh_ratio": 13.69, "lh_rank": 281, "implied_flow_m3_s": 5.2, "flow_limited": false, "basin_bounded": false, "wall_fraction": null, "unrealistic_dam_length_m": null, "flat_fraction": 1.0, "site_lake_id": null, "dam_start_lon": null, "dam_start_lat": null, "dam_end_lon": null, "dam_end_lat": null, "dam_height_m": 40.0, "dam_length_m": null, "concrete_volume_m3": null }, "geometry": { "type": "LineString", "coordinates": [ [ 27.898761390342884, 46.454144965277663 ], [ 27.915678347421025, 46.46371532300514 ] ] } },
{ "type": "Feature", "properties": { "type": "lake-new", "rank": 414, "lake_id": 1359892, "lake_elevation_m": 98.5, "new_site_elevation_m": 236.8, "new_site_water_level_m": 276.8, "head_m": 178.3, "distance_m": 2942.5, "direction": "higher", "volume_million_m3": 0.165, "basin_volume_million_m3": 18.497, "empirical_volume_million_m3": 8.809, "lake_volume_million_m3": 0.33, "limited_by_existing_lake": true, "surface_area_km2": 0.4624, "storage_mwh": 68.1, "estimated_mw": 5.2, "score": 5.2404, "lh_ratio": 16.51, "lh_rank": 341, "implied_flow_m3_s": 3.5, "flow_limited": false, "basin_bounded": true, "wall_fraction": null, "unrealistic_dam_length_m": null, "flat_fraction": 1.0, "site_lake_id": null, "dam_start_lon": null, "dam_start_lat": null, "dam_end_lon": null, "dam_end_lat": null, "dam_height_m": 40.0, "dam_length_m": null, "concrete_volume_m3": null }, "geometry": { "type": "LineString", "coordinates": [ [ 21.564057608810892, 45.088206108941222 ], [ 21.534825005761448, 45.104720911113141 ] ] } },
{ "type": "Feature", "properties": { "type": "lake-new", "rank": 415, "lake_id": 1355407, "lake_elevation_m": 110.0, "new_site_elevation_m": 244.6, "new_site_water_level_m": 284.6, "head_m": 174.6, "distance_m": 2261.3, "direction": "higher", "volume_million_m3": 0.165, "basin_volume_million_m3": 3.683, "empirical_volume_million_m3": 1.914, "lake_volume_million_m3": 0.33, "limited_by_existing_lake": true, "surface_area_km2": 0.0921, "storage_mwh": 66.7, "estimated_mw": 5.1, "score": 5.1319, "lh_ratio": 12.95, "lh_rank": 259, "implied_flow_m3_s": 3.5, "flow_limited": false, "basin_bounded": true, "wall_fraction": null, "unrealistic_dam_length_m": null, "flat_fraction": 1.0, "site_lake_id": null, "dam_start_lon": null, "dam_start_lat": null, "dam_end_lon": null, "dam_end_lat": null, "dam_height_m": 40.0, "dam_length_m": null, "concrete_volume_m3": null }, "geometry": { "type": "LineString", "coordinates": [ [ 21.574672328602873, 46.156117078993447 ], [ 21.60294109591776, 46.161520770054253 ] ] } },
{ "type": "Feature", "properties": { "type": "lake-new", "rank": 416, "lake_id": 1347984, "lake_elevation_m": 98.7, "new_site_elevation_m": 193.2, "new_site_water_level_m": 233.2, "head_m": 134.5, "distance_m": 1248.2, "direction": "higher", "volume_million_m3": 0.21, "basin_volume_million_m3": 23.627, "empirical_volume_million_m3": 11.104, "lake_volume_million_m3": 0.42, "limited_by_existing_lake": true, "surface_area_km2": 0.5907, "storage_mwh": 65.4, "estimated_mw": 5.0, "score": 5.0337, "lh_ratio": 9.28, "lh_rank": 121, "implied_flow_m3_s": 4.5, "flow_limited": false, "basin_bounded": false, "wall_fraction": null, "unrealistic_dam_length_m": null, "flat_fraction": 1.0, "site_lake_id": null, "dam_start_lon": null, "dam_start_lat": null, "dam_end_lon": null, "dam_end_lat": null, "dam_height_m": 40.0, "dam_length_m": null, "concrete_volume_m3": null }, "geometry": { "type": "LineString", "coordinates": [ [ 26.747286444326644, 47.932568020290859 ], [ 26.756006383341909, 47.942138378018335 ] ] } },
{ "type": "Feature", "properties": { "type": "lake-new", "rank": 417, "lake_id": 1359291, "lake_elevation_m": 1.5, "new_site_elevation_m": 65.2, "new_site_water_level_m": 105.2, "head_m": 103.7, "distance_m": 1699.8, "direction": "higher", "volume_million_m3": 0.27, "basin_volume_million_m3": 21.193, "empirical_volume_million_m3": 10.019, "lake_volume_million_m3": 0.54, "limited_by_existing_lake": true, "surface_area_km2": 0.5298, "storage_mwh": 64.8, "estimated_mw": 5.0, "score": 4.987, "lh_ratio": 16.4, "lh_rank": 334, "implied_flow_m3_s": 5.8, "flow_limited": false, "basin_bounded": true, "wall_fraction": null, "unrealistic_dam_length_m": null, "flat_fraction": 1.0, "site_lake_id": null, "dam_start_lon": null, "dam_start_lat": null, "dam_end_lon": null, "dam_end_lat": null, "dam_height_m": 40.0, "dam_length_m": null, "concrete_volume_m3": null }, "geometry": { "type": "LineString", "coordinates": [ [ 28.502512547668271, 45.244289822048472 ], [ 28.499550136095639, 45.259415735331501 ] ] } },
{ "type": "Feature", "properties": { "type": "lake-new", "rank": 418, "lake_id": 1360061, "lake_elevation_m": 6.0, "new_site_elevation_m": 66.4, "new_site_water_level_m": 106.4, "head_m": 100.4, "distance_m": 2953.2, "direction": "higher", "volume_million_m3": 0.27, "basin_volume_million_m3": 24.247, "empirical_volume_million_m3": 11.38, "lake_volume_million_m3": 0.54, "limited_by_existing_lake": true, "surface_area_km2": 0.6062, "storage_mwh": 62.8, "estimated_mw": 4.8, "score": 4.8283, "lh_ratio": 29.42, "lh_rank": 443, "implied_flow_m3_s": 5.8, "flow_limited": false, "basin_bounded": false, "wall_fraction": null, "unrealistic_dam_length_m": null, "flat_fraction": 1.0, "site_lake_id": null, "dam_start_lon": null, "dam_start_lat": null, "dam_end_lon": null, "dam_end_lat": null, "dam_height_m": 40.0, "dam_length_m": null, "concrete_volume_m3": null }, "geometry": { "type": "LineString", "coordinates": [ [ 28.222179348637653, 45.029048122829721 ], [ 28.252713702588974, 45.013618480557192 ] ] } },
{ "type": "Feature", "properties": { "type": "lake-new", "rank": 419, "lake_id": 1351103, "lake_elevation_m": 130.5, "new_site_elevation_m": 212.7, "new_site_water_level_m": 252.7, "head_m": 122.2, "distance_m": 2965.1, "direction": "higher", "volume_million_m3": 0.22, "basin_volume_million_m3": 23.787, "empirical_volume_million_m3": 11.175, "lake_volume_million_m3": 0.44, "limited_by_existing_lake": true, "surface_area_km2": 0.5947, "storage_mwh": 62.3, "estimated_mw": 4.8, "score": 4.7908, "lh_ratio": 24.26, "lh_rank": 412, "implied_flow_m3_s": 4.7, "flow_limited": false, "basin_bounded": false, "wall_fraction": null, "unrealistic_dam_length_m": null, "flat_fraction": 1.0, "site_lake_id": null, "dam_start_lon": null, "dam_start_lat": null, "dam_end_lon": null, "dam_end_lat": null, "dam_height_m": 40.0, "dam_length_m": null, "concrete_volume_m3": null }, "geometry": { "type": "LineString", "coordinates": [ [ 22.042012997563759, 47.180132378472649 ], [ 22.059716218212372, 47.156369402866787 ] ] } },
{ "type": "Feature", "properties": { "type": "lake-new", "rank": 420, "lake_id": 1360356, "lake_elevation_m": 158.0, "new_site_elevation_m": 263.0, "new_site_water_level_m": 303.0, "head_m": 145.0, "distance_m": 2837.0, "direction": "higher", "volume_million_m3": 0.185, "basin_volume_million_m3": 5.335, "empirical_volume_million_m3": 2.718, "lake_volume_million_m3": 0.37, "limited_by_existing_lake": true, "surface_area_km2": 0.1334, "storage_mwh": 62.1, "estimated_mw": 4.8, "score": 4.78, "lh_ratio": 19.56, "lh_rank": 376, "implied_flow_m3_s": 4.0, "flow_limited": false, "basin_bounded": true, "wall_fraction": null, "unrealistic_dam_length_m": null, "flat_fraction": 1.0, "site_lake_id": null, "dam_start_lon": null, "dam_start_lat": null, "dam_end_lon": null, "dam_end_lat": null, "dam_height_m": 40.0, "dam_length_m": null, "concrete_volume_m3": null }, "geometry": { "type": "LineString", "coordinates": [ [ 23.137841110442697, 44.923828815884946 ], [ 23.119843577596633, 44.945899173612418 ] ] } },
{ "type": "Feature", "properties": { "type": "lake-new", "rank": 421, "lake_id": 1349543, "lake_elevation_m": 334.0, "new_site_elevation_m": 423.8, "new_site_water_level_m": 463.8, "head_m": 129.8, "distance_m": 1423.7, "direction": "higher", "volume_million_m3": 0.205, "basin_volume_million_m3": 25.435, "empirical_volume_million_m3": 11.906, "lake_volume_million_m3": 0.41, "limited_by_existing_lake": true, "surface_area_km2": 0.6359, "storage_mwh": 61.6, "estimated_mw": 4.7, "score": 4.7417, "lh_ratio": 10.97, "lh_rank": 183, "implied_flow_m3_s": 4.4, "flow_limited": false, "basin_bounded": false, "wall_fraction": null, "unrealistic_dam_length_m": null, "flat_fraction": 1.0, "site_lake_id": null, "dam_start_lon": null, "dam_start_lat": null, "dam_end_lon": null, "dam_end_lat": null, "dam_height_m": 40.0, "dam_length_m": null, "concrete_volume_m3": null }, "geometry": { "type": "LineString", "coordinates": [ [ 26.278183951359189, 47.588846435546969 ], [ 26.292759636822598, 47.597027904385556 ] ] } },
{ "type": "Feature", "properties": { "type": "lake-new", "rank": 422, "lake_id": 1349980, "lake_elevation_m": 171.0, "new_site_elevation_m": 278.9, "new_site_water_level_m": 318.9, "head_m": 147.9, "distance_m": 1707.1, "direction": "higher", "volume_million_m3": 0.175, "basin_volume_million_m3": 23.631, "empirical_volume_million_m3": 11.106, "lake_volume_million_m3": 0.35, "limited_by_existing_lake": true, "surface_area_km2": 0.5908, "storage_mwh": 60.0, "estimated_mw": 4.6, "score": 4.6128, "lh_ratio": 11.54, "lh_rank": 201, "implied_flow_m3_s": 3.7, "flow_limited": false, "basin_bounded": false, "wall_fraction": null, "unrealistic_dam_length_m": null, "flat_fraction": 1.0, "site_lake_id": null, "dam_start_lon": null, "dam_start_lat": null, "dam_end_lon": null, "dam_end_lat": null, "dam_height_m": 40.0, "dam_length_m": null, "concrete_volume_m3": null }, "geometry": { "type": "LineString", "coordinates": [ [ 23.196374756795418, 47.469432915582104 ], [ 23.205497874640145, 47.455392162198464 ] ] } },
{ "type": "Feature", "properties": { "type": "lake-new", "rank": 423, "lake_id": 1350232, "lake_elevation_m": 47.0, "new_site_elevation_m": 147.2, "new_site_water_level_m": 187.2, "head_m": 140.2, "distance_m": 1235.8, "direction": "higher", "volume_million_m3": 0.18, "basin_volume_million_m3": 13.979, "empirical_volume_million_m3": 6.759, "lake_volume_million_m3": 0.36, "limited_by_existing_lake": true, "surface_area_km2": 0.3495, "storage_mwh": 58.5, "estimated_mw": 4.5, "score": 4.4975, "lh_ratio": 8.81, "lh_rank": 101, "implied_flow_m3_s": 3.8, "flow_limited": false, "basin_bounded": true, "wall_fraction": null, "unrealistic_dam_length_m": null, "flat_fraction": 1.0, "site_lake_id": null, "dam_start_lon": null, "dam_start_lat": null, "dam_end_lon": null, "dam_end_lat": null, "dam_height_m": 40.0, "dam_length_m": null, "concrete_volume_m3": null }, "geometry": { "type": "LineString", "coordinates": [ [ 27.299305575520886, 47.404362657335042 ], [ 27.283484533764717, 47.401433015062516 ] ] } },
{ "type": "Feature", "properties": { "type": "lake-new", "rank": 424, "lake_id": 1360380, "lake_elevation_m": 176.8, "new_site_elevation_m": 242.6, "new_site_water_level_m": 282.6, "head_m": 105.8, "distance_m": 2604.4, "direction": "higher", "volume_million_m3": 0.23, "basin_volume_million_m3": 5.471, "empirical_volume_million_m3": 2.783, "lake_volume_million_m3": 0.46, "limited_by_existing_lake": true, "surface_area_km2": 0.1368, "storage_mwh": 56.4, "estimated_mw": 4.3, "score": 4.3362, "lh_ratio": 24.61, "lh_rank": 416, "implied_flow_m3_s": 4.9, "flow_limited": false, "basin_bounded": true, "wall_fraction": null, "unrealistic_dam_length_m": null, "flat_fraction": 1.0, "site_lake_id": null, "dam_start_lon": null, "dam_start_lat": null, "dam_end_lon": null, "dam_end_lat": null, "dam_height_m": 40.0, "dam_length_m": null, "concrete_volume_m3": null }, "geometry": { "type": "LineString", "coordinates": [ [ 23.156488181389975, 44.914372350905523 ], [ 23.146831080729722, 44.891998264188551 ] ] } },
{ "type": "Feature", "properties": { "type": "lake-new", "rank": 425, "lake_id": 1354287, "lake_elevation_m": 259.3, "new_site_elevation_m": 339.4, "new_site_water_level_m": 379.4, "head_m": 120.2, "distance_m": 2961.6, "direction": "higher", "volume_million_m3": 0.195, "basin_volume_million_m3": 24.823, "empirical_volume_million_m3": 11.635, "lake_volume_million_m3": 0.39, "limited_by_existing_lake": true, "surface_area_km2": 0.6206, "storage_mwh": 54.3, "estimated_mw": 4.2, "score": 4.1754, "lh_ratio": 24.64, "lh_rank": 417, "implied_flow_m3_s": 4.2, "flow_limited": false, "basin_bounded": false, "wall_fraction": null, "unrealistic_dam_length_m": null, "flat_fraction": 1.0, "site_lake_id": null, "dam_start_lon": null, "dam_start_lat": null, "dam_end_lon": null, "dam_end_lat": null, "dam_height_m": 40.0, "dam_length_m": null, "concrete_volume_m3": null }, "geometry": { "type": "LineString", "coordinates": [ [ 23.826552289281018, 46.392959526910175 ], [ 23.793518974125426, 46.406696551304314 ] ] } },
{ "type": "Feature", "properties": { "type": "lake-new", "rank": 426, "lake_id": 1350243, "lake_elevation_m": 47.0, "new_site_elevation_m": 147.0, "new_site_water_level_m": 187.0, "head_m": 140.0, "distance_m": 1259.3, "direction": "higher", "volume_million_m3": 0.165, "basin_volume_million_m3": 13.85, "empirical_volume_million_m3": 6.7, "lake_volume_million_m3": 0.33, "limited_by_existing_lake": true, "surface_area_km2": 0.3462, "storage_mwh": 53.5, "estimated_mw": 4.1, "score": 4.1148, "lh_ratio": 9.0, "lh_rank": 112, "implied_flow_m3_s": 3.5, "flow_limited": false, "basin_bounded": true, "wall_fraction": null, "unrealistic_dam_length_m": null, "flat_fraction": 1.0, "site_lake_id": null, "dam_start_lon": null, "dam_start_lat": null, "dam_end_lon": null, "dam_end_lat": null, "dam_height_m": 40.0, "dam_length_m": null, "concrete_volume_m3": null }, "geometry": { "type": "LineString", "coordinates": [ [ 27.3079431932352, 47.403174641927109 ], [ 27.293512058046112, 47.397467221876802 ] ] } },
{ "type": "Feature", "properties": { "type": "lake-new", "rank": 427, "lake_id": 1351089, "lake_elevation_m": 133.0, "new_site_elevation_m": 232.0, "new_site_water_level_m": 272.0, "head_m": 139.0, "distance_m": 2965.0, "direction": "higher", "volume_million_m3": 0.165, "basin_volume_million_m3": 21.577, "empirical_volume_million_m3": 10.19, "lake_volume_million_m3": 0.33, "limited_by_existing_lake": true, "surface_area_km2": 0.5394, "storage_mwh": 53.1, "estimated_mw": 4.1, "score": 4.0861, "lh_ratio": 21.33, "lh_rank": 393, "implied_flow_m3_s": 3.5, "flow_limited": false, "basin_bounded": true, "wall_fraction": null, "unrealistic_dam_length_m": null, "flat_fraction": 1.0, "site_lake_id": null, "dam_start_lon": null, "dam_start_lat": null, "dam_end_lon": null, "dam_end_lat": null, "dam_height_m": 40.0, "dam_length_m": null, "concrete_volume_m3": null }, "geometry": { "type": "LineString", "coordinates": [ [ 22.051621836455059, 47.181543782552552 ], [ 22.069323862514363, 47.15778080694669 ] ] } },
{ "type": "Feature", "properties": { "type": "lake-new", "rank": 428, "lake_id": 1360949, "lake_elevation_m": -0.5, "new_site_elevation_m": 78.0, "new_site_water_level_m": 118.0, "head_m": 118.5, "distance_m": 986.1, "direction": "higher", "volume_million_m3": 0.19, "basin_volume_million_m3": 20.611, "empirical_volume_million_m3": 9.758, "lake_volume_million_m3": 0.38, "limited_by_existing_lake": true, "surface_area_km2": 0.5153, "storage_mwh": 52.1, "estimated_mw": 4.0, "score": 4.0106, "lh_ratio": 8.32, "lh_rank": 82, "implied_flow_m3_s": 4.1, "flow_limited": false, "basin_bounded": true, "wall_fraction": null, "unrealistic_dam_length_m": null, "flat_fraction": 1.0, "site_lake_id": null, "dam_start_lon": null, "dam_start_lat": null, "dam_end_lon": null, "dam_end_lat": null, "dam_height_m": 40.0, "dam_length_m": null, "concrete_volume_m3": null }, "geometry": { "type": "LineString", "coordinates": [ [ 28.747650386241268, 44.689904886881521 ], [ 28.736771875696611, 44.685586355720105 ] ] } },
{ "type": "Feature", "properties": { "type": "lake-new", "rank": 429, "lake_id": 1359055, "lake_elevation_m": 1.7, "new_site_elevation_m": 65.8, "new_site_water_level_m": 105.8, "head_m": 104.1, "distance_m": 2618.7, "direction": "higher", "volume_million_m3": 0.205, "basin_volume_million_m3": 13.102, "empirical_volume_million_m3": 6.357, "lake_volume_million_m3": 0.41, "limited_by_existing_lake": true, "surface_area_km2": 0.3275, "storage_mwh": 49.4, "estimated_mw": 3.8, "score": 3.8024, "lh_ratio": 25.15, "lh_rank": 420, "implied_flow_m3_s": 4.4, "flow_limited": false, "basin_bounded": true, "wall_fraction": null, "unrealistic_dam_length_m": null, "flat_fraction": 1.0, "site_lake_id": null, "dam_start_lon": null, "dam_start_lat": null, "dam_end_lon": null, "dam_end_lat": null, "dam_height_m": 40.0, "dam_length_m": null, "concrete_volume_m3": null }, "geometry": { "type": "LineString", "coordinates": [ [ 28.080644565551584, 45.300833333333202 ], [ 28.104027802545836, 45.284014802171789 ] ] } },
{ "type": "Feature", "properties": { "type": "lake-new", "rank": 430, "lake_id": 1350339, "lake_elevation_m": 129.1, "new_site_elevation_m": 210.1, "new_site_water_level_m": 250.1, "head_m": 121.0, "distance_m": 2750.8, "direction": "higher", "volume_million_m3": 0.17, "basin_volume_million_m3": 12.431, "empirical_volume_million_m3": 6.049, "lake_volume_million_m3": 0.34, "limited_by_existing_lake": true, "surface_area_km2": 0.3108, "storage_mwh": 47.7, "estimated_mw": 3.7, "score": 3.6657, "lh_ratio": 22.73, "lh_rank": 401, "implied_flow_m3_s": 3.6, "flow_limited": false, "basin_bounded": true, "wall_fraction": null, "unrealistic_dam_length_m": null, "flat_fraction": 1.0, "site_lake_id": null, "dam_start_lon": null, "dam_start_lat": null, "dam_end_lon": null, "dam_end_lat": null, "dam_height_m": 40.0, "dam_length_m": null, "concrete_volume_m3": null }, "geometry": { "type": "LineString", "coordinates": [ [ 22.243731357256571, 47.38287679036506 ], [ 22.273762043980504, 47.368836036981421 ] ] } },
{ "type": "Feature", "properties": { "type": "lake-new", "rank": 431, "lake_id": 1354831, "lake_elevation_m": 12.5, "new_site_elevation_m": 95.1, "new_site_water_level_m": 135.1, "head_m": 122.6, "distance_m": 2976.1, "direction": "higher", "volume_million_m3": 0.165, "basin_volume_million_m3": 25.457, "empirical_volume_million_m3": 11.916, "lake_volume_million_m3": 0.33, "limited_by_existing_lake": true, "surface_area_km2": 0.6364, "storage_mwh": 46.9, "estimated_mw": 3.6, "score": 3.605, "lh_ratio": 24.27, "lh_rank": 413, "implied_flow_m3_s": 3.5, "flow_limited": false, "basin_bounded": false, "wall_fraction": null, "unrealistic_dam_length_m": null, "flat_fraction": 1.0, "site_lake_id": null, "dam_start_lon": null, "dam_start_lat": null, "dam_end_lon": null, "dam_end_lat": null, "dam_height_m": 40.0, "dam_length_m": null, "concrete_volume_m3": null }, "geometry": { "type": "LineString", "coordinates": [ [ 28.132612369037609, 46.277150065104109 ], [ 28.110783845338045, 46.299220422831581 ] ] } },
{ "type": "Feature", "properties": { "type": "lake-new", "rank": 432, "lake_id": 1360014, "lake_elevation_m": 205.0, "new_site_elevation_m": 339.6, "new_site_water_level_m": 379.6, "head_m": 174.6, "distance_m": 2774.5, "direction": "higher", "volume_million_m3": 0.115, "basin_volume_million_m3": 6.081, "empirical_volume_million_m3": 3.076, "lake_volume_million_m3": 0.23, "limited_by_existing_lake": true, "surface_area_km2": 0.152, "storage_mwh": 46.5, "estimated_mw": 3.6, "score": 3.5775, "lh_ratio": 15.89, "lh_rank": 325, "implied_flow_m3_s": 2.5, "flow_limited": false, "basin_bounded": true, "wall_fraction": null, "unrealistic_dam_length_m": null, "flat_fraction": 1.0, "site_lake_id": null, "dam_start_lon": null, "dam_start_lat": null, "dam_end_lon": null, "dam_end_lat": null, "dam_height_m": 40.0, "dam_length_m": null, "concrete_volume_m3": null }, "geometry": { "type": "LineString", "coordinates": [ [ 23.265179373854508, 45.04260877821207 ], [ 23.26792570781819, 45.067456913717322 ] ] } },
{ "type": "Feature", "properties": { "type": "lake-new", "rank": 433, "lake_id": 1360000, "lake_elevation_m": 217.0, "new_site_elevation_m": 343.4, "new_site_water_level_m": 383.4, "head_m": 166.4, "distance_m": 2135.7, "direction": "higher", "volume_million_m3": 0.12, "basin_volume_million_m3": 1.054, "empirical_volume_million_m3": 0.586, "lake_volume_million_m3": 0.24, "limited_by_existing_lake": true, "surface_area_km2": 0.0263, "storage_mwh": 46.3, "estimated_mw": 3.6, "score": 3.5583, "lh_ratio": 12.83, "lh_rank": 254, "implied_flow_m3_s": 2.6, "flow_limited": false, "basin_bounded": true, "wall_fraction": null, "unrealistic_dam_length_m": null, "flat_fraction": 1.0, "site_lake_id": null, "dam_start_lon": null, "dam_start_lat": null, "dam_end_lon": null, "dam_end_lat": null, "dam_height_m": 40.0, "dam_length_m": null, "concrete_volume_m3": null }, "geometry": { "type": "LineString", "coordinates": [ [ 22.945513763055594, 45.04746283637175 ], [ 22.935756429035322, 45.065366527432559 ] ] } },
{ "type": "Feature", "properties": { "type": "lake-new", "rank": 434, "lake_id": 1360865, "lake_elevation_m": 7.5, "new_site_elevation_m": 78.3, "new_site_water_level_m": 118.3, "head_m": 110.8, "distance_m": 2543.3, "direction": "higher", "volume_million_m3": 0.18, "basin_volume_million_m3": 23.21, "empirical_volume_million_m3": 10.918, "lake_volume_million_m3": 0.36, "limited_by_existing_lake": true, "surface_area_km2": 0.5802, "storage_mwh": 46.2, "estimated_mw": 3.6, "score": 3.5543, "lh_ratio": 22.95, "lh_rank": 402, "implied_flow_m3_s": 3.8, "flow_limited": false, "basin_bounded": false, "wall_fraction": null, "unrealistic_dam_length_m": null, "flat_fraction": 1.0, "site_lake_id": null, "dam_start_lon": null, "dam_start_lat": null, "dam_end_lon": null, "dam_end_lat": null, "dam_height_m": 40.0, "dam_length_m": null, "concrete_volume_m3": null }, "geometry": { "type": "LineString", "coordinates": [ [ 28.055080826131366, 44.718606448703355 ], [ 28.067792121282416, 44.697621250875272 ] ] } },
{ "type": "Feature", "properties": { "type": "lake-new", "rank": 435, "lake_id": 1355121, "lake_elevation_m": 13.0, "new_site_elevation_m": 104.8, "new_site_water_level_m": 144.8, "head_m": 131.8, "distance_m": 2964.6, "direction": "higher", "volume_million_m3": 0.14, "basin_volume_million_m3": 25.115, "empirical_volume_million_m3": 11.765, "lake_volume_million_m3": 0.28, "limited_by_existing_lake": true, "surface_area_km2": 0.6279, "storage_mwh": 42.7, "estimated_mw": 3.3, "score": 3.287, "lh_ratio": 22.5, "lh_rank": 399, "implied_flow_m3_s": 3.0, "flow_limited": false, "basin_bounded": false, "wall_fraction": null, "unrealistic_dam_length_m": null, "flat_fraction": 1.0, "site_lake_id": null, "dam_start_lon": null, "dam_start_lat": null, "dam_end_lon": null, "dam_end_lat": null, "dam_height_m": 40.0, "dam_length_m": null, "concrete_volume_m3": null }, "geometry": { "type": "LineString", "coordinates": [ [ 28.115652397792807, 46.215757649739459 ], [ 28.077206635247432, 46.216994674133602 ] ] } },
{ "type": "Feature", "properties": { "type": "lake-new", "rank": 436, "lake_id": 1354323, "lake_elevation_m": 263.9, "new_site_elevation_m": 354.5, "new_site_water_level_m": 394.5, "head_m": 130.7, "distance_m": 2703.3, "direction": "higher", "volume_million_m3": 0.14, "basin_volume_million_m3": 8.047, "empirical_volume_million_m3": 4.009, "lake_volume_million_m3": 0.28, "limited_by_existing_lake": true, "surface_area_km2": 0.2012, "storage_mwh": 42.4, "estimated_mw": 3.3, "score": 3.259, "lh_ratio": 20.69, "lh_rank": 388, "implied_flow_m3_s": 3.0, "flow_limited": false, "basin_bounded": true, "wall_fraction": null, "unrealistic_dam_length_m": null, "flat_fraction": 1.0, "site_lake_id": null, "dam_start_lon": null, "dam_start_lat": null, "dam_end_lon": null, "dam_end_lat": null, "dam_height_m": 40.0, "dam_length_m": null, "concrete_volume_m3": null }, "geometry": { "type": "LineString", "coordinates": [ [ 23.831542242884574, 46.38507649739617 ], [ 23.838793100567742, 46.361313521790308 ] ] } },
{ "type": "Feature", "properties": { "type": "lake-new", "rank": 437, "lake_id": 1356363, "lake_elevation_m": 148.3, "new_site_elevation_m": 232.7, "new_site_water_level_m": 272.7, "head_m": 124.4, "distance_m": 2958.7, "direction": "higher", "volume_million_m3": 0.145, "basin_volume_million_m3": 10.367, "empirical_volume_million_m3": 5.094, "lake_volume_million_m3": 0.29, "limited_by_existing_lake": true, "surface_area_km2": 0.2592, "storage_mwh": 41.8, "estimated_mw": 3.2, "score": 3.2147, "lh_ratio": 23.78, "lh_rank": 406, "implied_flow_m3_s": 3.1, "flow_limited": false, "basin_bounded": true, "wall_fraction": null, "unrealistic_dam_length_m": null, "flat_fraction": 1.0, "site_lake_id": null, "dam_start_lon": null, "dam_start_lat": null, "dam_end_lon": null, "dam_end_lat": null, "dam_height_m": 40.0, "dam_length_m": null, "concrete_volume_m3": null }, "geometry": { "type": "LineString", "coordinates": [ [ 22.1681217576809, 45.973579372830187 ], [ 22.170147189598609, 45.947038619446552 ] ] } },
{ "type": "Feature", "properties": { "type": "lake-new", "rank": 438, "lake_id": 1349959, "lake_elevation_m": 129.0, "new_site_elevation_m": 197.2, "new_site_water_level_m": 237.2, "head_m": 108.2, "distance_m": 2977.9, "direction": "higher", "volume_million_m3": 0.165, "basin_volume_million_m3": 21.457, "empirical_volume_million_m3": 10.137, "lake_volume_million_m3": 0.33, "limited_by_existing_lake": true, "surface_area_km2": 0.5364, "storage_mwh": 41.4, "estimated_mw": 3.2, "score": 3.1813, "lh_ratio": 27.52, "lh_rank": 433, "implied_flow_m3_s": 3.5, "flow_limited": false, "basin_bounded": true, "wall_fraction": null, "unrealistic_dam_length_m": null, "flat_fraction": 1.0, "site_lake_id": null, "dam_start_lon": null, "dam_start_lat": null, "dam_end_lon": null, "dam_end_lat": null, "dam_height_m": 40.0, "dam_length_m": null, "concrete_volume_m3": null }, "geometry": { "type": "LineString", "coordinates": [ [ 22.450996864520828, 47.474323459201798 ], [ 22.455949110912091, 47.447782705818163 ] ] } },
{ "type": "Feature", "properties": { "type": "lake-new", "rank": 439, "lake_id": 1353755, "lake_elevation_m": 302.6, "new_site_elevation_m": 385.0, "new_site_water_level_m": 425.0, "head_m": 122.5, "distance_m": 2836.6, "direction": "higher", "volume_million_m3": 0.135, "basin_volume_million_m3": 16.713, "empirical_volume_million_m3": 8.003, "lake_volume_million_m3": 0.27, "limited_by_existing_lake": true, "surface_area_km2": 0.4178, "storage_mwh": 38.3, "estimated_mw": 2.9, "score": 2.9457, "lh_ratio": 23.16, "lh_rank": 403, "implied_flow_m3_s": 2.9, "flow_limited": false, "basin_bounded": true, "wall_fraction": null, "unrealistic_dam_length_m": null, "flat_fraction": 1.0, "site_lake_id": null, "dam_start_lon": null, "dam_start_lat": null, "dam_end_lon": null, "dam_end_lat": null, "dam_height_m": 40.0, "dam_length_m": null, "concrete_volume_m3": null }, "geometry": { "type": "LineString", "coordinates": [ [ 24.493621682410236, 46.517573106554266 ], [ 24.525764695238514, 46.504921242059517 ] ] } },
{ "type": "Feature", "properties": { "type": "lake-new", "rank": 440, "lake_id": 1358470, "lake_elevation_m": 10.5, "new_site_elevation_m": 76.9, "new_site_water_level_m": 116.9, "head_m": 106.4, "distance_m": 2280.9, "direction": "higher", "volume_million_m3": 0.15, "basin_volume_million_m3": 8.401, "empirical_volume_million_m3": 4.175, "lake_volume_million_m3": 0.3, "limited_by_existing_lake": true, "surface_area_km2": 0.21, "storage_mwh": 37.0, "estimated_mw": 2.8, "score": 2.844, "lh_ratio": 21.43, "lh_rank": 395, "implied_flow_m3_s": 3.2, "flow_limited": false, "basin_bounded": true, "wall_fraction": null, "unrealistic_dam_length_m": null, "flat_fraction": 1.0, "site_lake_id": null, "dam_start_lon": null, "dam_start_lat": null, "dam_end_lon": null, "dam_end_lat": null, "dam_height_m": 40.0, "dam_length_m": null, "concrete_volume_m3": null }, "geometry": { "type": "LineString", "coordinates": [ [ 27.943923278852736, 45.432494032117859 ], [ 27.968594220907299, 45.443453278734218 ] ] } },
{ "type": "Feature", "properties": { "type": "lake-new", "rank": 441, "lake_id": 1359082, "lake_elevation_m": 2.0, "new_site_elevation_m": 94.6, "new_site_water_level_m": 134.6, "head_m": 132.7, "distance_m": 2381.0, "direction": "higher", "volume_million_m3": 0.11, "basin_volume_million_m3": 15.982, "empirical_volume_million_m3": 7.672, "lake_volume_million_m3": 0.22, "limited_by_existing_lake": true, "surface_area_km2": 0.3995, "storage_mwh": 33.8, "estimated_mw": 2.6, "score": 2.5998, "lh_ratio": 17.95, "lh_rank": 364, "implied_flow_m3_s": 2.4, "flow_limited": false, "basin_bounded": true, "wall_fraction": null, "unrealistic_dam_length_m": null, "flat_fraction": 1.0, "site_lake_id": null, "dam_start_lon": null, "dam_start_lat": null, "dam_end_lon": null, "dam_end_lat": null, "dam_height_m": 40.0, "dam_length_m": null, "concrete_volume_m3": null }, "geometry": { "type": "LineString", "coordinates": [ [ 28.342046631453545, 45.295010579426958 ], [ 28.320989882752244, 45.279580937154428 ] ] } },
{ "type": "Feature", "properties": { "type": "lake-new", "rank": 442, "lake_id": 1357813, "lake_elevation_m": 327.0, "new_site_elevation_m": 389.2, "new_site_water_level_m": 429.2, "head_m": 102.2, "distance_m": 2981.2, "direction": "higher", "volume_million_m3": 0.13, "basin_volume_million_m3": 23.366, "empirical_volume_million_m3": 10.988, "lake_volume_million_m3": 0.26, "limited_by_existing_lake": true, "surface_area_km2": 0.5842, "storage_mwh": 30.8, "estimated_mw": 2.4, "score": 2.3679, "lh_ratio": 29.16, "lh_rank": 441, "implied_flow_m3_s": 2.8, "flow_limited": false, "basin_bounded": false, "wall_fraction": null, "unrealistic_dam_length_m": null, "flat_fraction": 1.0, "site_lake_id": null, "dam_start_lon": null, "dam_start_lat": null, "dam_end_lon": null, "dam_end_lat": null, "dam_height_m": 40.0, "dam_length_m": null, "concrete_volume_m3": null }, "geometry": { "type": "LineString", "coordinates": [ [ 22.939198925374985, 45.589558105469109 ], [ 22.944303795377483, 45.563017352085474 ] ] } },
{ "type": "Feature", "properties": { "type": "lake-new", "rank": 443, "lake_id": 1357181, "lake_elevation_m": 5.0, "new_site_elevation_m": 97.5, "new_site_water_level_m": 137.5, "head_m": 132.5, "distance_m": 2813.5, "direction": "higher", "volume_million_m3": 0.1, "basin_volume_million_m3": 25.51, "empirical_volume_million_m3": 11.939, "lake_volume_million_m3": 0.2, "limited_by_existing_lake": true, "surface_area_km2": 0.6377, "storage_mwh": 30.7, "estimated_mw": 2.4, "score": 2.3616, "lh_ratio": 21.23, "lh_rank": 392, "implied_flow_m3_s": 2.1, "flow_limited": false, "basin_bounded": false, "wall_fraction": null, "unrealistic_dam_length_m": null, "flat_fraction": 1.0, "site_lake_id": null, "dam_start_lon": null, "dam_start_lat": null, "dam_end_lon": null, "dam_end_lat": null, "dam_height_m": 40.0, "dam_length_m": null, "concrete_volume_m3": null }, "geometry": { "type": "LineString", "coordinates": [ [ 28.151913355198367, 45.759744059244696 ], [ 28.1832741830084, 45.747092194749946 ] ] } },
{ "type": "Feature", "properties": { "type": "lake-new", "rank": 444, "lake_id": 1359955, "lake_elevation_m": 1.0, "new_site_elevation_m": 71.9, "new_site_water_level_m": 111.9, "head_m": 110.9, "distance_m": 2882.9, "direction": "higher", "volume_million_m3": 0.105, "basin_volume_million_m3": 19.423, "empirical_volume_million_m3": 9.225, "lake_volume_million_m3": 0.21, "limited_by_existing_lake": true, "surface_area_km2": 0.4856, "storage_mwh": 27.0, "estimated_mw": 2.1, "score": 2.0751, "lh_ratio": 25.99, "lh_rank": 423, "implied_flow_m3_s": 2.2, "flow_limited": false, "basin_bounded": true, "wall_fraction": null, "unrealistic_dam_length_m": null, "flat_fraction": 1.0, "site_lake_id": null, "dam_start_lon": null, "dam_start_lat": null, "dam_end_lon": null, "dam_end_lat": null, "dam_height_m": 40.0, "dam_length_m": null, "concrete_volume_m3": null }, "geometry": { "type": "LineString", "coordinates": [ [ 29.121400030310426, 45.066485731336655 ], [ 29.089406090364509, 45.053833866841906 ] ] } }
]
}
