{
"type": "FeatureCollection",
"name": "candidates_engineered_all",
"crs": { "type": "name", "properties": { "name": "urn:ogc:def:crs:OGC:1.3:CRS84" } },
"features": [
{ "type": "Feature", "properties": { "type": "lake-new", "rank": 1, "lake_id": 170750, "lake_elevation_m": 453.7, "new_site_elevation_m": 1278.1, "head_m": 824.5, "distance_m": 1735.9, "direction": "higher", "volume_million_m3": 6.998, "basin_volume_million_m3": 6.998, "empirical_volume_million_m3": 2.347, "lake_volume_million_m3": 33.74, "limited_by_existing_lake": false, "surface_area_km2": 0.1142, "storage_mwh": 13363.7, "estimated_mw": 1670.5, "score": 1670.4595, "implied_flow_m3_s": 243.0, "flow_limited": false, "basin_bounded": true, "dam_start_lon": 24.082837, "dam_start_lat": 45.335311, "dam_end_lon": 24.08059, "dam_end_lat": 45.337904 }, "geometry": { "type": "LineString", "coordinates": [ [ 24.079362392753637, 45.352113075675462 ], [ 24.081713386019022, 45.336607076953058 ] ] } },
{ "type": "Feature", "properties": { "type": "lake-new", "rank": 2, "lake_id": 1360316, "lake_elevation_m": 231.0, "new_site_elevation_m": 931.8, "head_m": 700.8, "distance_m": 1330.0, "direction": "higher", "volume_million_m3": 15.8, "basin_volume_million_m3": 50.122, "empirical_volume_million_m3": 17.317, "lake_volume_million_m3": 15.8, "limited_by_existing_lake": true, "surface_area_km2": 0.9449, "storage_mwh": 25647.5, "estimated_mw": 1460.9, "score": 1460.9311, "implied_flow_m3_s": 548.6, "flow_limited": true, "basin_bounded": true, "dam_start_lon": 22.469519, "dam_start_lat": 44.925953, "dam_end_lon": 22.459526, "dam_end_lat": 44.924685 }, "geometry": { "type": "LineString", "coordinates": [ [ 22.459207980926859, 44.936658555804371 ], [ 22.464522390971446, 44.925319223748637 ] ] } },
{ "type": "Feature", "properties": { "type": "lake-new", "rank": 3, "lake_id": 1358492, "lake_elevation_m": 614.5, "new_site_elevation_m": 1148.4, "head_m": 533.9, "distance_m": 1642.8, "direction": "higher", "volume_million_m3": 26.584, "basin_volume_million_m3": 26.584, "empirical_volume_million_m3": 10.373, "lake_volume_million_m3": 96.0, "limited_by_existing_lake": false, "surface_area_km2": 0.5496, "storage_mwh": 32877.4, "estimated_mw": 1113.1, "score": 1113.0549, "implied_flow_m3_s": 923.1, "flow_limited": true, "basin_bounded": true, "dam_start_lon": 22.472996, "dam_start_lat": 45.417525, "dam_end_lon": 22.475125, "dam_end_lat": 45.411035 }, "geometry": { "type": "LineString", "coordinates": [ [ 22.491185586925496, 45.42284128400388 ], [ 22.474060126655665, 45.414279729725919 ] ] } },
{ "type": "Feature", "properties": { "type": "lake-new", "rank": 4, "lake_id": 1357337, "lake_elevation_m": 649.5, "new_site_elevation_m": 1163.9, "head_m": 514.4, "distance_m": 1120.6, "direction": "higher", "volume_million_m3": 17.5, "basin_volume_million_m3": 60.846, "empirical_volume_million_m3": 18.643, "lake_volume_million_m3": 17.5, "limited_by_existing_lake": true, "surface_area_km2": 1.0215, "storage_mwh": 20850.4, "estimated_mw": 1072.3, "score": 1072.3044, "implied_flow_m3_s": 607.6, "flow_limited": true, "basin_bounded": true, "dam_start_lon": 23.923254, "dam_start_lat": 45.701388, "dam_end_lon": 23.913247, "dam_end_lat": 45.703069 }, "geometry": { "type": "LineString", "coordinates": [ [ 23.916063608557703, 45.712179299625362 ], [ 23.918250399791273, 45.702228856458511 ] ] } },
{ "type": "Feature", "properties": { "type": "lake-new", "rank": 5, "lake_id": 170958, "lake_elevation_m": 683.0, "new_site_elevation_m": 1150.3, "head_m": 467.3, "distance_m": 1649.7, "direction": "higher", "volume_million_m3": 6.924, "basin_volume_million_m3": 6.924, "empirical_volume_million_m3": 2.836, "lake_volume_million_m3": 124.0, "limited_by_existing_lake": false, "surface_area_km2": 0.1395, "storage_mwh": 7494.6, "estimated_mw": 936.8, "score": 936.8214, "implied_flow_m3_s": 240.4, "flow_limited": false, "basin_bounded": false, "dam_start_lon": 22.753656, "dam_start_lat": 45.156165, "dam_end_lon": 22.753025, "dam_end_lat": 45.159492 }, "geometry": { "type": "LineString", "coordinates": [ [ 22.74257469795791, 45.170556709902733 ], [ 22.753340647910004, 45.15782848895811 ] ] } },
{ "type": "Feature", "properties": { "type": "lake-new", "rank": 6, "lake_id": 1358935, "lake_elevation_m": 595.2, "new_site_elevation_m": 1020.9, "head_m": 425.6, "distance_m": 1902.8, "direction": "higher", "volume_million_m3": 9.654, "basin_volume_million_m3": 9.654, "empirical_volume_million_m3": 3.789, "lake_volume_million_m3": 60.0, "limited_by_existing_lake": false, "surface_area_km2": 0.1896, "storage_mwh": 9517.8, "estimated_mw": 887.3, "score": 887.3027, "implied_flow_m3_s": 335.2, "flow_limited": true, "basin_bounded": false, "dam_start_lon": 25.97008, "dam_start_lat": 45.350727, "dam_end_lon": 25.974381, "dam_end_lat": 45.348246 }, "geometry": { "type": "LineString", "coordinates": [ [ 25.983760353912356, 45.334437246845269 ], [ 25.972230439167145, 45.349486803678424 ] ] } },
{ "type": "Feature", "properties": { "type": "lake-new", "rank": 7, "lake_id": 170714, "lake_elevation_m": 931.4, "new_site_elevation_m": 1345.7, "head_m": 414.2, "distance_m": 907.2, "direction": "higher", "volume_million_m3": 24.93, "basin_volume_million_m3": 37.954, "empirical_volume_million_m3": 12.248, "lake_volume_million_m3": 24.93, "limited_by_existing_lake": true, "surface_area_km2": 0.6552, "storage_mwh": 23920.1, "estimated_mw": 863.5, "score": 863.542, "implied_flow_m3_s": 865.6, "flow_limited": true, "basin_bounded": true, "dam_start_lon": 25.04449, "dam_start_lat": 45.410682, "dam_end_lon": 25.053274, "dam_end_lat": 45.414372 }, "geometry": { "type": "LineString", "coordinates": [ [ 25.057666682120811, 45.407199860193025 ], [ 25.048881644200755, 45.412527194803957 ] ] } },
{ "type": "Feature", "properties": { "type": "lake-new", "rank": 8, "lake_id": 170733, "lake_elevation_m": 798.0, "new_site_elevation_m": 1201.9, "head_m": 403.9, "distance_m": 1555.1, "direction": "higher", "volume_million_m3": 15.25, "basin_volume_million_m3": 15.25, "empirical_volume_million_m3": 7.011, "lake_volume_million_m3": 469.0, "limited_by_existing_lake": false, "surface_area_km2": 0.3632, "storage_mwh": 14266.9, "estimated_mw": 842.0, "score": 841.9974, "implied_flow_m3_s": 529.5, "flow_limited": true, "basin_bounded": false, "dam_start_lon": 24.604481, "dam_start_lat": 45.398784, "dam_end_lon": 24.605538, "dam_end_lat": 45.393421 }, "geometry": { "type": "LineString", "coordinates": [ [ 24.624901160015753, 45.396330999546635 ], [ 24.605009933542487, 45.396102778602007 ] ] } },
{ "type": "Feature", "properties": { "type": "lake-new", "rank": 9, "lake_id": 170555, "lake_elevation_m": 1247.5, "new_site_elevation_m": 1641.5, "head_m": 394.0, "distance_m": 1760.1, "direction": "higher", "volume_million_m3": 8.62, "basin_volume_million_m3": 8.62, "empirical_volume_million_m3": 3.749, "lake_volume_million_m3": 136.0, "limited_by_existing_lake": false, "surface_area_km2": 0.1874, "storage_mwh": 7866.6, "estimated_mw": 821.3, "score": 821.3476, "implied_flow_m3_s": 299.3, "flow_limited": true, "basin_bounded": false, "dam_start_lon": 23.636743, "dam_start_lat": 45.563572, "dam_end_lon": 23.63863, "dam_end_lat": 45.56723 }, "geometry": { "type": "LineString", "coordinates": [ [ 23.615989964612833, 45.569795676555046 ], [ 23.637686504600332, 45.565400788943755 ] ] } },
{ "type": "Feature", "properties": { "type": "lake-new", "rank": 10, "lake_id": 1357845, "lake_elevation_m": 740.0, "new_site_elevation_m": 1110.6, "head_m": 370.6, "distance_m": 1371.0, "direction": "higher", "volume_million_m3": 14.015, "basin_volume_million_m3": 14.015, "empirical_volume_million_m3": 7.038, "lake_volume_million_m3": 18.3, "limited_by_existing_lake": false, "surface_area_km2": 0.3648, "storage_mwh": 12029.6, "estimated_mw": 772.5, "score": 772.5167, "implied_flow_m3_s": 486.6, "flow_limited": true, "basin_bounded": false, "dam_start_lon": 25.781015, "dam_start_lat": 45.58371, "dam_end_lon": 25.788328, "dam_end_lat": 45.58551 }, "geometry": { "type": "LineString", "coordinates": [ [ 25.769923167433422, 45.577893783567596 ], [ 25.784671561916507, 45.584610007067418 ] ] } },
{ "type": "Feature", "properties": { "type": "lake-new", "rank": 11, "lake_id": 170630, "lake_elevation_m": 551.0, "new_site_elevation_m": 918.6, "head_m": 367.6, "distance_m": 1439.7, "direction": "higher", "volume_million_m3": 10.288, "basin_volume_million_m3": 10.288, "empirical_volume_million_m3": 5.421, "lake_volume_million_m3": 155.0, "limited_by_existing_lake": false, "surface_area_km2": 0.2768, "storage_mwh": 8758.8, "estimated_mw": 766.2, "score": 766.2396, "implied_flow_m3_s": 357.2, "flow_limited": true, "basin_bounded": false, "dam_start_lon": 26.231537, "dam_start_lat": 45.487328, "dam_end_lon": 26.230873, "dam_end_lat": 45.492031 }, "geometry": { "type": "LineString", "coordinates": [ [ 26.234477434843079, 45.502407629998622 ], [ 26.231204711852556, 45.489679409053998 ] ] } },
{ "type": "Feature", "properties": { "type": "lake-new", "rank": 12, "lake_id": 1358923, "lake_elevation_m": 1032.5, "new_site_elevation_m": 1399.2, "head_m": 366.7, "distance_m": 953.6, "direction": "higher", "volume_million_m3": 27.852, "basin_volume_million_m3": 27.852, "empirical_volume_million_m3": 9.052, "lake_volume_million_m3": 210.0, "limited_by_existing_lake": false, "surface_area_km2": 0.4759, "storage_mwh": 23654.4, "estimated_mw": 764.4, "score": 764.351, "implied_flow_m3_s": 967.1, "flow_limited": true, "basin_bounded": true, "dam_start_lon": 22.717905, "dam_start_lat": 45.322137, "dam_end_lon": 22.70925, "dam_end_lat": 45.320962 }, "geometry": { "type": "LineString", "coordinates": [ [ 22.713993936526897, 45.330110819069198 ], [ 22.713577085204602, 45.321549264791237 ] ] } },
{ "type": "Feature", "properties": { "type": "lake-new", "rank": 13, "lake_id": 1359260, "lake_elevation_m": 632.1, "new_site_elevation_m": 988.6, "head_m": 356.6, "distance_m": 1233.1, "direction": "higher", "volume_million_m3": 14.606, "basin_volume_million_m3": 14.606, "empirical_volume_million_m3": 6.941, "lake_volume_million_m3": 53.7, "limited_by_existing_lake": false, "surface_area_km2": 0.3594, "storage_mwh": 12063.7, "estimated_mw": 743.4, "score": 743.3539, "implied_flow_m3_s": 507.1, "flow_limited": true, "basin_bounded": false, "dam_start_lon": 25.745749, "dam_start_lat": 45.26281, "dam_end_lon": 25.743759, "dam_end_lat": 45.26801 }, "geometry": { "type": "LineString", "coordinates": [ [ 25.734026949481585, 45.25730442956818 ], [ 25.744753996846242, 45.265409541956885 ] ] } },
{ "type": "Feature", "properties": { "type": "lake-new", "rank": 14, "lake_id": 1352046, "lake_elevation_m": 364.0, "new_site_elevation_m": 829.7, "head_m": 465.7, "distance_m": 1695.7, "direction": "higher", "volume_million_m3": 4.98, "basin_volume_million_m3": 8.827, "empirical_volume_million_m3": 4.719, "lake_volume_million_m3": 4.98, "limited_by_existing_lake": true, "surface_area_km2": 0.239, "storage_mwh": 5372.1, "estimated_mw": 671.5, "score": 671.5171, "implied_flow_m3_s": 172.9, "flow_limited": false, "basin_bounded": false, "dam_start_lon": 26.220686, "dam_start_lat": 46.912982, "dam_end_lon": 26.215366, "dam_end_lat": 46.915449 }, "geometry": { "type": "LineString", "coordinates": [ [ 26.201137962798519, 46.924165957566558 ], [ 26.218026221986097, 46.914215514399707 ] ] } },
{ "type": "Feature", "properties": { "type": "lake-new", "rank": 15, "lake_id": 169740, "lake_elevation_m": 499.0, "new_site_elevation_m": 820.3, "head_m": 321.3, "distance_m": 1367.8, "direction": "higher", "volume_million_m3": 8.67, "basin_volume_million_m3": 8.67, "empirical_volume_million_m3": 3.776, "lake_volume_million_m3": 90.0, "limited_by_existing_lake": false, "surface_area_km2": 0.1888, "storage_mwh": 6453.1, "estimated_mw": 669.9, "score": 669.8607, "implied_flow_m3_s": 301.0, "flow_limited": true, "basin_bounded": false, "dam_start_lon": 26.364399, "dam_start_lat": 46.338692, "dam_end_lon": 26.367343, "dam_end_lat": 46.342024 }, "geometry": { "type": "LineString", "coordinates": [ [ 26.366750515641296, 46.328086201236779 ], [ 26.365871306394499, 46.340357980292154 ] ] } },
{ "type": "Feature", "properties": { "type": "lake-new", "rank": 16, "lake_id": 1357899, "lake_elevation_m": 1071.6, "new_site_elevation_m": 1444.2, "head_m": 372.7, "distance_m": 1087.8, "direction": "higher", "volume_million_m3": 6.13, "basin_volume_million_m3": 25.046, "empirical_volume_million_m3": 11.146, "lake_volume_million_m3": 6.13, "limited_by_existing_lake": true, "surface_area_km2": 0.5931, "storage_mwh": 5291.2, "estimated_mw": 661.4, "score": 661.4032, "implied_flow_m3_s": 212.8, "flow_limited": false, "basin_bounded": false, "dam_start_lon": 25.077339, "dam_start_lat": 45.577695, "dam_end_lon": 25.084887, "dam_end_lat": 45.58216 }, "geometry": { "type": "LineString", "coordinates": [ [ 25.084416652016149, 45.570433530856903 ], [ 25.081112900543825, 45.579927532134498 ] ] } },
{ "type": "Feature", "properties": { "type": "lake-new", "rank": 17, "lake_id": 169296, "lake_elevation_m": 846.0, "new_site_elevation_m": 1163.1, "head_m": 317.1, "distance_m": 758.6, "direction": "higher", "volume_million_m3": 54.867, "basin_volume_million_m3": 54.867, "empirical_volume_million_m3": 17.364, "lake_volume_million_m3": 112.0, "limited_by_existing_lake": false, "surface_area_km2": 0.9476, "storage_mwh": 40297.8, "estimated_mw": 661.0, "score": 661.0218, "implied_flow_m3_s": 1905.1, "flow_limited": true, "basin_bounded": true, "dam_start_lon": 22.71125, "dam_start_lat": 46.771008, "dam_end_lon": 22.702139, "dam_end_lat": 46.767444 }, "geometry": { "type": "LineString", "coordinates": [ [ 22.711955572227023, 46.775009927157697 ], [ 22.706694560397306, 46.769226150657516 ] ] } },
{ "type": "Feature", "properties": { "type": "lake-new", "rank": 18, "lake_id": 1352003, "lake_elevation_m": 349.5, "new_site_elevation_m": 685.4, "head_m": 335.9, "distance_m": 1529.6, "direction": "higher", "volume_million_m3": 6.78, "basin_volume_million_m3": 7.491, "empirical_volume_million_m3": 3.476, "lake_volume_million_m3": 6.78, "limited_by_existing_lake": true, "surface_area_km2": 0.173, "storage_mwh": 5275.3, "estimated_mw": 659.4, "score": 659.4182, "implied_flow_m3_s": 235.4, "flow_limited": false, "basin_bounded": false, "dam_start_lon": 26.228411, "dam_start_lat": 46.94897, "dam_end_lon": 26.229054, "dam_end_lat": 46.94526 }, "geometry": { "type": "LineString", "coordinates": [ [ 26.241016762087696, 46.936232177680495 ], [ 26.228732427554597, 46.94711506784698 ] ] } },
{ "type": "Feature", "properties": { "type": "lake-new", "rank": 19, "lake_id": 169061, "lake_elevation_m": 795.5, "new_site_elevation_m": 1099.2, "head_m": 303.7, "distance_m": 1916.7, "direction": "higher", "volume_million_m3": 7.646, "basin_volume_million_m3": 7.646, "empirical_volume_million_m3": 4.528, "lake_volume_million_m3": 90.0, "limited_by_existing_lake": false, "surface_area_km2": 0.2288, "storage_mwh": 5378.3, "estimated_mw": 633.1, "score": 633.0677, "implied_flow_m3_s": 265.5, "flow_limited": true, "basin_bounded": false, "dam_start_lon": 24.892247, "dam_start_lat": 47.152251, "dam_end_lon": 24.89137, "dam_end_lat": 47.156507 }, "geometry": { "type": "LineString", "coordinates": [ [ 24.902819195707995, 47.169885062700821 ], [ 24.891808216609057, 47.154379063978418 ] ] } },
{ "type": "Feature", "properties": { "type": "lake-new", "rank": 20, "lake_id": 169355, "lake_elevation_m": 515.0, "new_site_elevation_m": 817.4, "head_m": 302.4, "distance_m": 669.1, "direction": "higher", "volume_million_m3": 33.872, "basin_volume_million_m3": 33.872, "empirical_volume_million_m3": 12.844, "lake_volume_million_m3": 74.0, "limited_by_existing_lake": false, "surface_area_km2": 0.6889, "storage_mwh": 23728.4, "estimated_mw": 630.5, "score": 630.473, "implied_flow_m3_s": 1176.1, "flow_limited": true, "basin_bounded": false, "dam_start_lon": 23.270046, "dam_start_lat": 46.728799, "dam_end_lon": 23.274122, "dam_end_lat": 46.722178 }, "geometry": { "type": "LineString", "coordinates": [ [ 23.278707869648212, 46.721549912777185 ], [ 23.272083974292613, 46.725488358499227 ] ] } },
{ "type": "Feature", "properties": { "type": "lake-new", "rank": 21, "lake_id": 1352457, "lake_elevation_m": 551.8, "new_site_elevation_m": 844.5, "head_m": 292.7, "distance_m": 967.2, "direction": "higher", "volume_million_m3": 8.68, "basin_volume_million_m3": 124.184, "empirical_volume_million_m3": 39.912, "lake_volume_million_m3": 8.68, "limited_by_existing_lake": true, "surface_area_km2": 2.2843, "storage_mwh": 5885.0, "estimated_mw": 610.2, "score": 610.1909, "implied_flow_m3_s": 301.4, "flow_limited": true, "basin_bounded": true, "dam_start_lon": 22.560649, "dam_start_lat": 46.810964, "dam_end_lon": 22.565069, "dam_end_lat": 46.804446 }, "geometry": { "type": "LineString", "coordinates": [ [ 22.570910801990383, 46.800988761122888 ], [ 22.562859348208143, 46.80770498462271 ] ] } },
{ "type": "Feature", "properties": { "type": "lake-new", "rank": 22, "lake_id": 169198, "lake_elevation_m": 324.0, "new_site_elevation_m": 609.1, "head_m": 285.1, "distance_m": 1695.3, "direction": "higher", "volume_million_m3": 10.0, "basin_volume_million_m3": 21.526, "empirical_volume_million_m3": 8.736, "lake_volume_million_m3": 10.0, "limited_by_existing_lake": true, "surface_area_km2": 0.4583, "storage_mwh": 6604.6, "estimated_mw": 594.4, "score": 594.4097, "implied_flow_m3_s": 347.2, "flow_limited": true, "basin_bounded": false, "dam_start_lon": 26.33935, "dam_start_lat": 46.926983, "dam_end_lon": 26.34363, "dam_end_lat": 46.92165 }, "geometry": { "type": "LineString", "coordinates": [ [ 26.324606342443843, 46.934266729149797 ], [ 26.341489640288014, 46.924316285982947 ] ] } },
{ "type": "Feature", "properties": { "type": "lake-new", "rank": 23, "lake_id": 170761, "lake_elevation_m": 309.5, "new_site_elevation_m": 593.8, "head_m": 284.3, "distance_m": 1455.7, "direction": "higher", "volume_million_m3": 14.2, "basin_volume_million_m3": 27.519, "empirical_volume_million_m3": 8.054, "lake_volume_million_m3": 14.2, "limited_by_existing_lake": true, "surface_area_km2": 0.4207, "storage_mwh": 9351.4, "estimated_mw": 592.7, "score": 592.6956, "implied_flow_m3_s": 493.1, "flow_limited": true, "basin_bounded": true, "dam_start_lon": 24.295499, "dam_start_lat": 45.340546, "dam_end_lon": 24.287547, "dam_end_lat": 45.342195 }, "geometry": { "type": "LineString", "coordinates": [ [ 24.279449441163909, 45.351320804026166 ], [ 24.29152301453178, 45.341370360859315 ] ] } },
{ "type": "Feature", "properties": { "type": "lake-new", "rank": 24, "lake_id": 168631, "lake_elevation_m": 142.5, "new_site_elevation_m": 421.0, "head_m": 278.5, "distance_m": 1938.6, "direction": "higher", "volume_million_m3": 9.375, "basin_volume_million_m3": 9.375, "empirical_volume_million_m3": 4.589, "lake_volume_million_m3": 29.0, "limited_by_existing_lake": false, "surface_area_km2": 0.2321, "storage_mwh": 6047.3, "estimated_mw": 580.5, "score": 580.5347, "implied_flow_m3_s": 325.5, "flow_limited": true, "basin_bounded": false, "dam_start_lon": 23.277369, "dam_start_lat": 47.886021, "dam_end_lon": 23.276356, "dam_end_lat": 47.881747 }, "geometry": { "type": "LineString", "coordinates": [ [ 23.296575123448935, 47.895223555562083 ], [ 23.276862733557646, 47.88388422350635 ] ] } },
{ "type": "Feature", "properties": { "type": "lake-new", "rank": 25, "lake_id": 170453, "lake_elevation_m": 295.0, "new_site_elevation_m": 506.6, "head_m": 211.6, "distance_m": 1345.4, "direction": "higher", "volume_million_m3": 43.0, "basin_volume_million_m3": 77.511, "empirical_volume_million_m3": 20.604, "lake_volume_million_m3": 43.0, "limited_by_existing_lake": true, "surface_area_km2": 1.1355, "storage_mwh": 21078.4, "estimated_mw": 441.2, "score": 441.1751, "implied_flow_m3_s": 1493.1, "flow_limited": true, "basin_bounded": true, "dam_start_lon": 22.854455, "dam_start_lat": 45.705785, "dam_end_lon": 22.850118, "dam_end_lat": 45.699268 }, "geometry": { "type": "LineString", "coordinates": [ [ 22.859812693094884, 45.691643603944051 ], [ 22.852286711122169, 45.702526494110536 ] ] } },
{ "type": "Feature", "properties": { "type": "lake-new", "rank": 26, "lake_id": 169407, "lake_elevation_m": 987.5, "new_site_elevation_m": 1197.2, "head_m": 209.7, "distance_m": 973.8, "direction": "higher", "volume_million_m3": 51.464, "basin_volume_million_m3": 51.464, "empirical_volume_million_m3": 14.381, "lake_volume_million_m3": 225.0, "limited_by_existing_lake": false, "surface_area_km2": 0.7764, "storage_mwh": 25002.9, "estimated_mw": 437.2, "score": 437.2475, "implied_flow_m3_s": 1787.0, "flow_limited": true, "basin_bounded": true, "dam_start_lon": 23.01632, "dam_start_lat": 46.649168, "dam_end_lon": 23.008277, "dam_end_lat": 46.653769 }, "geometry": { "type": "LineString", "coordinates": [ [ 23.005003120220021, 46.658641287422235 ], [ 23.012298620236315, 46.651468622033164 ] ] } },
{ "type": "Feature", "properties": { "type": "lake-new", "rank": 27, "lake_id": 1354000, "lake_elevation_m": 616.6, "new_site_elevation_m": 824.8, "head_m": 208.2, "distance_m": 1086.3, "direction": "higher", "volume_million_m3": 16.47, "basin_volume_million_m3": 16.47, "empirical_volume_million_m3": 13.016, "lake_volume_million_m3": 44.0, "limited_by_existing_lake": false, "surface_area_km2": 0.6987, "storage_mwh": 7943.4, "estimated_mw": 434.1, "score": 434.0656, "implied_flow_m3_s": 571.9, "flow_limited": true, "basin_bounded": false, "dam_start_lon": 25.399607, "dam_start_lat": 46.481955, "dam_end_lon": 25.401652, "dam_end_lat": 46.474908 }, "geometry": { "type": "LineString", "coordinates": [ [ 25.408521325820104, 46.470326117193331 ], [ 25.400629757848243, 46.478431229582036 ] ] } },
{ "type": "Feature", "properties": { "type": "lake-new", "rank": 28, "lake_id": 170671, "lake_elevation_m": 1263.5, "new_site_elevation_m": 1460.5, "head_m": 197.0, "distance_m": 1245.6, "direction": "higher", "volume_million_m3": 11.394, "basin_volume_million_m3": 11.394, "empirical_volume_million_m3": 5.353, "lake_volume_million_m3": 340.0, "limited_by_existing_lake": false, "surface_area_km2": 0.2731, "storage_mwh": 5200.0, "estimated_mw": 410.7, "score": 410.7454, "implied_flow_m3_s": 395.6, "flow_limited": true, "basin_bounded": false, "dam_start_lon": 23.732449, "dam_start_lat": 45.439871, "dam_end_lon": 23.735174, "dam_end_lat": 45.444158 }, "geometry": { "type": "LineString", "coordinates": [ [ 23.730107658077063, 45.431131666273771 ], [ 23.73381177140147, 45.442014556440256 ] ] } },
{ "type": "Feature", "properties": { "type": "lake-new", "rank": 29, "lake_id": 1352799, "lake_elevation_m": 440.5, "new_site_elevation_m": 635.6, "head_m": 195.1, "distance_m": 945.2, "direction": "higher", "volume_million_m3": 7.3, "basin_volume_million_m3": 93.396, "empirical_volume_million_m3": 31.665, "lake_volume_million_m3": 7.3, "limited_by_existing_lake": true, "surface_area_km2": 1.7885, "storage_mwh": 3299.0, "estimated_mw": 406.7, "score": 406.728, "implied_flow_m3_s": 253.5, "flow_limited": true, "basin_bounded": true, "dam_start_lon": 23.324721, "dam_start_lat": 46.722537, "dam_end_lon": 23.320622, "dam_end_lat": 46.729151 }, "geometry": { "type": "LineString", "coordinates": [ [ 23.329300932170735, 46.733016597438585 ], [ 23.322671465168821, 46.725843932049514 ] ] } },
{ "type": "Feature", "properties": { "type": "lake-new", "rank": 30, "lake_id": 1357428, "lake_elevation_m": 773.4, "new_site_elevation_m": 1208.5, "head_m": 435.1, "distance_m": 939.5, "direction": "higher", "volume_million_m3": 3.21, "basin_volume_million_m3": 64.344, "empirical_volume_million_m3": 18.132, "lake_volume_million_m3": 3.21, "limited_by_existing_lake": true, "surface_area_km2": 0.992, "storage_mwh": 3234.9, "estimated_mw": 404.4, "score": 404.3684, "implied_flow_m3_s": 111.5, "flow_limited": false, "basin_bounded": true, "dam_start_lon": 23.612568, "dam_start_lat": 45.674066, "dam_end_lon": 23.606785, "dam_end_lat": 45.680009 }, "geometry": { "type": "LineString", "coordinates": [ [ 23.603310326670606, 45.684209978750225 ], [ 23.609676651469272, 45.677037313361154 ] ] } },
{ "type": "Feature", "properties": { "type": "lake-new", "rank": 31, "lake_id": 1359383, "lake_elevation_m": 590.0, "new_site_elevation_m": 1016.2, "head_m": 426.2, "distance_m": 1580.9, "direction": "higher", "volume_million_m3": 3.23, "basin_volume_million_m3": 35.641, "empirical_volume_million_m3": 11.56, "lake_volume_million_m3": 3.23, "limited_by_existing_lake": true, "surface_area_km2": 0.6164, "storage_mwh": 3188.5, "estimated_mw": 398.6, "score": 398.5681, "implied_flow_m3_s": 112.2, "flow_limited": false, "basin_bounded": true, "dam_start_lon": 22.038929, "dam_start_lat": 45.201235, "dam_end_lon": 22.029539, "dam_end_lat": 45.198789 }, "geometry": { "type": "LineString", "coordinates": [ [ 22.022097033993507, 45.211351280198265 ], [ 22.03423360030369, 45.200011948142532 ] ] } },
{ "type": "Feature", "properties": { "type": "lake-new", "rank": 32, "lake_id": 1356659, "lake_elevation_m": 292.5, "new_site_elevation_m": 482.5, "head_m": 190.0, "distance_m": 933.3, "direction": "higher", "volume_million_m3": 10.214, "basin_volume_million_m3": 10.214, "empirical_volume_million_m3": 5.926, "lake_volume_million_m3": 13.0, "limited_by_existing_lake": false, "surface_area_km2": 0.3041, "storage_mwh": 4496.1, "estimated_mw": 396.2, "score": 396.1692, "implied_flow_m3_s": 354.7, "flow_limited": true, "basin_bounded": false, "dam_start_lon": 23.572104, "dam_start_lat": 45.89782, "dam_end_lon": 23.573811, "dam_end_lat": 45.902629 }, "geometry": { "type": "LineString", "coordinates": [ [ 23.561136262796115, 45.901841990391091 ], [ 23.572957521019131, 45.900224880557573 ] ] } },
{ "type": "Feature", "properties": { "type": "lake-new", "rank": 33, "lake_id": 170205, "lake_elevation_m": 74.0, "new_site_elevation_m": 251.8, "head_m": 177.8, "distance_m": 1034.4, "direction": "higher", "volume_million_m3": 31.782, "basin_volume_million_m3": 31.782, "empirical_volume_million_m3": 23.161, "lake_volume_million_m3": 61.82, "limited_by_existing_lake": false, "surface_area_km2": 1.2849, "storage_mwh": 13089.6, "estimated_mw": 370.7, "score": 370.665, "implied_flow_m3_s": 1103.6, "flow_limited": true, "basin_bounded": false, "dam_start_lon": 27.244943, "dam_start_lat": 45.977655, "dam_end_lon": 27.248238, "dam_end_lat": 45.984467 }, "geometry": { "type": "LineString", "coordinates": [ [ 27.234807908646772, 45.985455569455752 ], [ 27.24659019903055, 45.981060681844461 ] ] } },
{ "type": "Feature", "properties": { "type": "lake-new", "rank": 34, "lake_id": 1293, "lake_elevation_m": 566.2, "new_site_elevation_m": 742.5, "head_m": 176.2, "distance_m": 668.5, "direction": "higher", "volume_million_m3": 35.824, "basin_volume_million_m3": 35.824, "empirical_volume_million_m3": 18.06, "lake_volume_million_m3": 2550.0, "limited_by_existing_lake": false, "surface_area_km2": 0.9878, "storage_mwh": 14622.5, "estimated_mw": 367.4, "score": 367.3543, "implied_flow_m3_s": 1243.9, "flow_limited": true, "basin_bounded": false, "dam_start_lon": 22.163851, "dam_start_lat": 44.607644, "dam_end_lon": 22.163824, "dam_end_lat": 44.600457 }, "geometry": { "type": "LineString", "coordinates": [ [ 22.172266376427853, 44.604278864403724 ], [ 22.163837536603353, 44.604050643459097 ] ] } },
{ "type": "Feature", "properties": { "type": "lake-new", "rank": 35, "lake_id": 169456, "lake_elevation_m": 299.5, "new_site_elevation_m": 458.3, "head_m": 158.8, "distance_m": 1039.0, "direction": "higher", "volume_million_m3": 9.19, "basin_volume_million_m3": 25.098, "empirical_volume_million_m3": 11.552, "lake_volume_million_m3": 9.19, "limited_by_existing_lake": true, "surface_area_km2": 0.6159, "storage_mwh": 3379.7, "estimated_mw": 331.0, "score": 330.9803, "implied_flow_m3_s": 319.1, "flow_limited": true, "basin_bounded": false, "dam_start_lon": 24.153803, "dam_start_lat": 46.62713, "dam_end_lon": 24.145449, "dam_end_lat": 46.623033 }, "geometry": { "type": "LineString", "coordinates": [ [ 24.140928724135659, 46.6322546054584 ], [ 24.149625878304843, 46.625081940069329 ] ] } },
{ "type": "Feature", "properties": { "type": "lake-new", "rank": 36, "lake_id": 170318, "lake_elevation_m": 435.6, "new_site_elevation_m": 593.1, "head_m": 157.5, "distance_m": 1367.3, "direction": "higher", "volume_million_m3": 11.168, "basin_volume_million_m3": 11.168, "empirical_volume_million_m3": 7.48, "lake_volume_million_m3": 12.3, "limited_by_existing_lake": false, "surface_area_km2": 0.389, "storage_mwh": 4074.5, "estimated_mw": 328.4, "score": 328.3525, "implied_flow_m3_s": 387.8, "flow_limited": true, "basin_bounded": false, "dam_start_lon": 24.886169, "dam_start_lat": 45.85166, "dam_end_lon": 24.893191, "dam_end_lat": 45.854392 }, "geometry": { "type": "LineString", "coordinates": [ [ 24.888941545292685, 45.840754040999187 ], [ 24.889680053396805, 45.853025820054562 ] ] } },
{ "type": "Feature", "properties": { "type": "lake-new", "rank": 37, "lake_id": 1359151, "lake_elevation_m": 330.4, "new_site_elevation_m": 644.8, "head_m": 314.3, "distance_m": 499.7, "direction": "higher", "volume_million_m3": 3.54, "basin_volume_million_m3": 47.909, "empirical_volume_million_m3": 15.333, "lake_volume_million_m3": 3.54, "limited_by_existing_lake": true, "surface_area_km2": 0.8308, "storage_mwh": 2577.3, "estimated_mw": 322.2, "score": 322.1679, "implied_flow_m3_s": 122.9, "flow_limited": false, "basin_bounded": true, "dam_start_lon": 24.292651, "dam_start_lat": 45.283762, "dam_end_lon": 24.30286, "dam_end_lat": 45.283535 }, "geometry": { "type": "LineString", "coordinates": [ [ 24.303707620627623, 45.285265247033962 ], [ 24.297755424303791, 45.283648137200444 ] ] } },
{ "type": "Feature", "properties": { "type": "lake-new", "rank": 38, "lake_id": 171006, "lake_elevation_m": 247.2, "new_site_elevation_m": 400.8, "head_m": 153.6, "distance_m": 1668.8, "direction": "higher", "volume_million_m3": 11.01, "basin_volume_million_m3": 11.01, "empirical_volume_million_m3": 5.192, "lake_volume_million_m3": 19.0, "limited_by_existing_lake": false, "surface_area_km2": 0.2644, "storage_mwh": 3916.2, "estimated_mw": 320.1, "score": 320.1364, "implied_flow_m3_s": 382.3, "flow_limited": true, "basin_bounded": false, "dam_start_lon": 24.406679, "dam_start_lat": 45.14126, "dam_end_lon": 24.408743, "dam_end_lat": 45.136877 }, "geometry": { "type": "LineString", "coordinates": [ [ 24.387206977334191, 45.135129915717165 ], [ 24.407710986030125, 45.139068361439207 ] ] } },
{ "type": "Feature", "properties": { "type": "lake-new", "rank": 39, "lake_id": 1359290, "lake_elevation_m": 274.5, "new_site_elevation_m": 619.3, "head_m": 344.8, "distance_m": 1118.6, "direction": "higher", "volume_million_m3": 3.16, "basin_volume_million_m3": 12.761, "empirical_volume_million_m3": 5.456, "lake_volume_million_m3": 3.16, "limited_by_existing_lake": true, "surface_area_km2": 0.2787, "storage_mwh": 2524.0, "estimated_mw": 315.5, "score": 315.4987, "implied_flow_m3_s": 109.7, "flow_limited": false, "basin_bounded": false, "dam_start_lon": 24.32313, "dam_start_lat": 45.253104, "dam_end_lon": 24.324904, "dam_end_lat": 45.248529 }, "geometry": { "type": "LineString", "coordinates": [ [ 24.338287441365768, 45.251044987125617 ], [ 24.324017301753354, 45.250816766180989 ] ] } },
{ "type": "Feature", "properties": { "type": "lake-new", "rank": 40, "lake_id": 1354549, "lake_elevation_m": 692.0, "new_site_elevation_m": 1054.3, "head_m": 362.3, "distance_m": 1373.6, "direction": "higher", "volume_million_m3": 2.88, "basin_volume_million_m3": 28.094, "empirical_volume_million_m3": 7.801, "lake_volume_million_m3": 2.88, "limited_by_existing_lake": true, "surface_area_km2": 0.4067, "storage_mwh": 2416.5, "estimated_mw": 302.1, "score": 302.0662, "implied_flow_m3_s": 100.0, "flow_limited": false, "basin_bounded": true, "dam_start_lon": 23.239632, "dam_start_lat": 46.32505, "dam_end_lon": 23.232144, "dam_end_lat": 46.327518 }, "geometry": { "type": "LineString", "coordinates": [ [ 23.220102219012727, 46.332067705403091 ], [ 23.235887782402994, 46.32628392890291 ] ] } },
{ "type": "Feature", "properties": { "type": "lake-new", "rank": 41, "lake_id": 169243, "lake_elevation_m": 131.0, "new_site_elevation_m": 275.6, "head_m": 144.6, "distance_m": 1833.8, "direction": "higher", "volume_million_m3": 8.728, "basin_volume_million_m3": 8.728, "empirical_volume_million_m3": 9.357, "lake_volume_million_m3": 21.1, "limited_by_existing_lake": false, "surface_area_km2": 0.4929, "storage_mwh": 2923.8, "estimated_mw": 301.5, "score": 301.5085, "implied_flow_m3_s": 303.0, "flow_limited": true, "basin_bounded": false, "dam_start_lon": 27.466274, "dam_start_lat": 46.863119, "dam_end_lon": 27.461064, "dam_end_lat": 46.857914 }, "geometry": { "type": "LineString", "coordinates": [ [ 27.484253658206196, 46.869078051936896 ], [ 27.463668928466468, 46.860516497658935 ] ] } },
{ "type": "Feature", "properties": { "type": "lake-new", "rank": 42, "lake_id": 14030, "lake_elevation_m": 656.7, "new_site_elevation_m": 513.1, "head_m": 143.6, "distance_m": 604.9, "direction": "lower", "volume_million_m3": 58.716, "basin_volume_million_m3": 58.716, "empirical_volume_million_m3": 23.088, "lake_volume_million_m3": 1230.0, "limited_by_existing_lake": false, "surface_area_km2": 1.2807, "storage_mwh": 19527.1, "estimated_mw": 299.3, "score": 299.311, "implied_flow_m3_s": 2038.8, "flow_limited": true, "basin_bounded": true, "dam_start_lon": 26.063889, "dam_start_lat": 47.011922, "dam_end_lon": 26.056772, "dam_end_lat": 47.006622 }, "geometry": { "type": "LineString", "coordinates": [ [ 26.058759122859421, 47.003944600667538 ], [ 26.060330344854414, 47.00927193527847 ] ] } },
{ "type": "Feature", "properties": { "type": "lake-new", "rank": 43, "lake_id": 1348998, "lake_elevation_m": 367.5, "new_site_elevation_m": 539.6, "head_m": 172.1, "distance_m": 794.1, "direction": "higher", "volume_million_m3": 5.81, "basin_volume_million_m3": 34.265, "empirical_volume_million_m3": 9.78, "lake_volume_million_m3": 5.81, "limited_by_existing_lake": true, "surface_area_km2": 0.5165, "storage_mwh": 2315.6, "estimated_mw": 289.5, "score": 289.4558, "implied_flow_m3_s": 201.7, "flow_limited": false, "basin_bounded": true, "dam_start_lon": 23.601821, "dam_start_lat": 47.733996, "dam_end_lon": 23.59366, "dam_end_lat": 47.730599 }, "geometry": { "type": "LineString", "coordinates": [ [ 23.607645395929065, 47.729748034257369 ], [ 23.597740477539737, 47.732297591090521 ] ] } },
{ "type": "Feature", "properties": { "type": "lake-new", "rank": 44, "lake_id": 171042, "lake_elevation_m": 387.5, "new_site_elevation_m": 523.8, "head_m": 136.3, "distance_m": 1685.7, "direction": "higher", "volume_million_m3": 10.767, "basin_volume_million_m3": 10.767, "empirical_volume_million_m3": 7.317, "lake_volume_million_m3": 13.3, "limited_by_existing_lake": false, "surface_area_km2": 0.38, "storage_mwh": 3400.2, "estimated_mw": 284.2, "score": 284.2155, "implied_flow_m3_s": 373.9, "flow_limited": true, "basin_bounded": false, "dam_start_lon": 24.641673, "dam_start_lat": 45.09699, "dam_end_lon": 24.639785, "dam_end_lat": 45.091615 }, "geometry": { "type": "LineString", "coordinates": [ [ 24.661872418489402, 45.09175303772173 ], [ 24.640729110871696, 45.094302594554883 ] ] } },
{ "type": "Feature", "properties": { "type": "lake-new", "rank": 45, "lake_id": 170408, "lake_elevation_m": 191.0, "new_site_elevation_m": 327.1, "head_m": 136.1, "distance_m": 1486.8, "direction": "higher", "volume_million_m3": 7.594, "basin_volume_million_m3": 7.594, "empirical_volume_million_m3": 5.558, "lake_volume_million_m3": 34.8, "limited_by_existing_lake": false, "surface_area_km2": 0.2842, "storage_mwh": 2394.0, "estimated_mw": 283.7, "score": 283.7094, "implied_flow_m3_s": 263.7, "flow_limited": true, "basin_bounded": false, "dam_start_lon": 22.137934, "dam_start_lat": 45.769457, "dam_end_lon": 22.144016, "dam_end_lat": 45.771678 }, "geometry": { "type": "LineString", "coordinates": [ [ 22.148531662834884, 45.758295682596788 ], [ 22.140974975094409, 45.770567461652163 ] ] } },
{ "type": "Feature", "properties": { "type": "lake-new", "rank": 46, "lake_id": 169446, "lake_elevation_m": 111.0, "new_site_elevation_m": 246.3, "head_m": 135.3, "distance_m": 1818.6, "direction": "higher", "volume_million_m3": 8.584, "basin_volume_million_m3": 8.584, "empirical_volume_million_m3": 6.504, "lake_volume_million_m3": 11.81, "limited_by_existing_lake": false, "surface_area_km2": 0.3355, "storage_mwh": 2689.5, "estimated_mw": 282.0, "score": 281.9876, "implied_flow_m3_s": 298.1, "flow_limited": true, "basin_bounded": false, "dam_start_lon": 27.607182, "dam_start_lat": 46.618722, "dam_end_lon": 27.614186, "dam_end_lat": 46.616736 }, "geometry": { "type": "LineString", "coordinates": [ [ 27.625597456908917, 46.630457080775571 ], [ 27.610684368912906, 46.617728859830947 ] ] } },
{ "type": "Feature", "properties": { "type": "lake-new", "rank": 47, "lake_id": 169796, "lake_elevation_m": 95.5, "new_site_elevation_m": 229.0, "head_m": 133.5, "distance_m": 1535.7, "direction": "higher", "volume_million_m3": 7.291, "basin_volume_million_m3": 7.291, "empirical_volume_million_m3": 15.728, "lake_volume_million_m3": 23.21, "limited_by_existing_lake": false, "surface_area_km2": 0.8535, "storage_mwh": 2254.7, "estimated_mw": 278.3, "score": 278.3319, "implied_flow_m3_s": 253.1, "flow_limited": true, "basin_bounded": false, "dam_start_lon": 27.581341, "dam_start_lat": 46.298717, "dam_end_lon": 27.583423, "dam_end_lat": 46.305758 }, "geometry": { "type": "LineString", "coordinates": [ [ 27.562415852784859, 46.302465500130992 ], [ 27.582382155223453, 46.302237279186365 ] ] } },
{ "type": "Feature", "properties": { "type": "lake-new", "rank": 48, "lake_id": 170943, "lake_elevation_m": 385.7, "new_site_elevation_m": 519.1, "head_m": 133.4, "distance_m": 638.3, "direction": "higher", "volume_million_m3": 11.2, "basin_volume_million_m3": 51.974, "empirical_volume_million_m3": 16.012, "lake_volume_million_m3": 11.2, "limited_by_existing_lake": true, "surface_area_km2": 0.8698, "storage_mwh": 3460.1, "estimated_mw": 278.0, "score": 278.0463, "implied_flow_m3_s": 388.9, "flow_limited": true, "basin_bounded": true, "dam_start_lon": 24.360601, "dam_start_lat": 45.208719, "dam_end_lon": 24.363661, "dam_end_lat": 45.201864 }, "geometry": { "type": "LineString", "coordinates": [ [ 24.368045543746369, 45.201352871940237 ], [ 24.362131036565209, 45.205291317662279 ] ] } },
{ "type": "Feature", "properties": { "type": "lake-new", "rank": 49, "lake_id": 171167, "lake_elevation_m": 298.0, "new_site_elevation_m": 429.1, "head_m": 131.1, "distance_m": 1881.8, "direction": "higher", "volume_million_m3": 7.436, "basin_volume_million_m3": 7.436, "empirical_volume_million_m3": 6.421, "lake_volume_million_m3": 54.9, "limited_by_existing_lake": false, "surface_area_km2": 0.331, "storage_mwh": 2257.8, "estimated_mw": 273.3, "score": 273.2578, "implied_flow_m3_s": 258.2, "flow_limited": true, "basin_bounded": false, "dam_start_lon": 24.817599, "dam_start_lat": 44.939106, "dam_end_lon": 24.81645, "dam_end_lat": 44.944211 }, "geometry": { "type": "LineString", "coordinates": [ [ 24.806149982459139, 44.926608975242686 ], [ 24.817024388674071, 44.941658532075841 ] ] } },
{ "type": "Feature", "properties": { "type": "lake-new", "rank": 50, "lake_id": 1358899, "lake_elevation_m": 1413.8, "new_site_elevation_m": 1786.7, "head_m": 372.9, "distance_m": 1805.6, "direction": "higher", "volume_million_m3": 2.47, "basin_volume_million_m3": 4.362, "empirical_volume_million_m3": 3.086, "lake_volume_million_m3": 2.47, "limited_by_existing_lake": true, "surface_area_km2": 0.1526, "storage_mwh": 2133.6, "estimated_mw": 266.7, "score": 266.7009, "implied_flow_m3_s": 85.8, "flow_limited": false, "basin_bounded": false, "dam_start_lon": 25.450586, "dam_start_lat": 45.349698, "dam_end_lon": 25.449706, "dam_end_lat": 45.353152 }, "geometry": { "type": "LineString", "coordinates": [ [ 25.428347587969114, 45.346097809624531 ], [ 25.450145742486313, 45.351425144235463 ] ] } },
{ "type": "Feature", "properties": { "type": "lake-new", "rank": 51, "lake_id": 1350050, "lake_elevation_m": 169.5, "new_site_elevation_m": 296.8, "head_m": 127.3, "distance_m": 925.4, "direction": "higher", "volume_million_m3": 9.4, "basin_volume_million_m3": 9.771, "empirical_volume_million_m3": 8.946, "lake_volume_million_m3": 9.4, "limited_by_existing_lake": true, "surface_area_km2": 0.47, "storage_mwh": 2771.3, "estimated_mw": 265.3, "score": 265.3409, "implied_flow_m3_s": 326.4, "flow_limited": true, "basin_bounded": false, "dam_start_lon": 26.810394, "dam_start_lat": 47.465414, "dam_end_lon": 26.818031, "dam_end_lat": 47.462057 }, "geometry": { "type": "LineString", "coordinates": [ [ 26.811477460569154, 47.455630319720953 ], [ 26.814212088758214, 47.463735432109658 ] ] } },
{ "type": "Feature", "properties": { "type": "lake-new", "rank": 52, "lake_id": 1359061, "lake_elevation_m": 297.0, "new_site_elevation_m": 498.4, "head_m": 201.4, "distance_m": 648.4, "direction": "higher", "volume_million_m3": 4.54, "basin_volume_million_m3": 32.211, "empirical_volume_million_m3": 11.495, "lake_volume_million_m3": 4.54, "limited_by_existing_lake": true, "surface_area_km2": 0.6127, "storage_mwh": 2117.7, "estimated_mw": 264.7, "score": 264.7132, "implied_flow_m3_s": 157.6, "flow_limited": false, "basin_bounded": false, "dam_start_lon": 21.993238, "dam_start_lat": 45.298129, "dam_end_lon": 21.983796, "dam_end_lat": 45.300441 }, "geometry": { "type": "LineString", "coordinates": [ [ 21.98753369582187, 45.305068908943014 ], [ 21.988517024898229, 45.299285132442833 ] ] } },
{ "type": "Feature", "properties": { "type": "lake-new", "rank": 53, "lake_id": 168728, "lake_elevation_m": 310.0, "new_site_elevation_m": 435.4, "head_m": 125.4, "distance_m": 1648.6, "direction": "higher", "volume_million_m3": 17.161, "basin_volume_million_m3": 17.161, "empirical_volume_million_m3": 11.71, "lake_volume_million_m3": 22.8, "limited_by_existing_lake": false, "surface_area_km2": 0.6248, "storage_mwh": 4986.1, "estimated_mw": 261.5, "score": 261.4918, "implied_flow_m3_s": 595.9, "flow_limited": true, "basin_bounded": false, "dam_start_lon": 26.215584, "dam_start_lat": 47.713731, "dam_end_lon": 26.208572, "dam_end_lat": 47.708425 }, "geometry": { "type": "LineString", "coordinates": [ [ 26.231692125092586, 47.704361528785462 ], [ 26.212077995395816, 47.711077752285284 ] ] } },
{ "type": "Feature", "properties": { "type": "lake-new", "rank": 54, "lake_id": 171528, "lake_elevation_m": 8.0, "new_site_elevation_m": 128.7, "head_m": 120.7, "distance_m": 1288.9, "direction": "higher", "volume_million_m3": 8.55, "basin_volume_million_m3": 8.73, "empirical_volume_million_m3": 11.46, "lake_volume_million_m3": 8.55, "limited_by_existing_lake": true, "surface_area_km2": 0.6107, "storage_mwh": 2389.7, "estimated_mw": 251.5, "score": 251.5465, "implied_flow_m3_s": 296.9, "flow_limited": true, "basin_bounded": false, "dam_start_lon": 27.903385, "dam_start_lat": 44.194232, "dam_end_lon": 27.895853, "dam_end_lat": 44.19872 }, "geometry": { "type": "LineString", "coordinates": [ [ 27.907876744858051, 44.206426503258662 ], [ 27.899618947619718, 44.196476060091811 ] ] } },
{ "type": "Feature", "properties": { "type": "lake-new", "rank": 55, "lake_id": 170369, "lake_elevation_m": 402.0, "new_site_elevation_m": 520.8, "head_m": 118.8, "distance_m": 1076.8, "direction": "higher", "volume_million_m3": 7.3, "basin_volume_million_m3": 8.186, "empirical_volume_million_m3": 5.37, "lake_volume_million_m3": 7.3, "limited_by_existing_lake": true, "surface_area_km2": 0.274, "storage_mwh": 2009.6, "estimated_mw": 247.8, "score": 247.7541, "implied_flow_m3_s": 253.5, "flow_limited": true, "basin_bounded": false, "dam_start_lon": 24.619509, "dam_start_lat": 45.800302, "dam_end_lon": 24.624198, "dam_end_lat": 45.803682 }, "geometry": { "type": "LineString", "coordinates": [ [ 24.629426881851966, 45.793886461553754 ], [ 24.621853753552017, 45.801991573942459 ] ] } },
{ "type": "Feature", "properties": { "type": "lake-new", "rank": 56, "lake_id": 1352015, "lake_elevation_m": 288.7, "new_site_elevation_m": 425.8, "head_m": 137.1, "distance_m": 861.8, "direction": "higher", "volume_million_m3": 5.98, "basin_volume_million_m3": 5.999, "empirical_volume_million_m3": 9.383, "lake_volume_million_m3": 5.98, "limited_by_existing_lake": true, "surface_area_km2": 0.4943, "storage_mwh": 1898.7, "estimated_mw": 237.3, "score": 237.3426, "implied_flow_m3_s": 207.6, "flow_limited": false, "basin_bounded": false, "dam_start_lon": 24.086759, "dam_start_lat": 46.925148, "dam_end_lon": 24.094681, "dam_end_lat": 46.928406 }, "geometry": { "type": "LineString", "coordinates": [ [ 24.079388897297012, 46.927005067667487 ], [ 24.090720206673549, 46.926776846722859 ] ] } },
{ "type": "Feature", "properties": { "type": "lake-new", "rank": 57, "lake_id": 14108, "lake_elevation_m": 107.0, "new_site_elevation_m": 219.4, "head_m": 112.4, "distance_m": 1295.4, "direction": "higher", "volume_million_m3": 18.509, "basin_volume_million_m3": 18.509, "empirical_volume_million_m3": 14.753, "lake_volume_million_m3": 120.0, "limited_by_existing_lake": false, "surface_area_km2": 0.7976, "storage_mwh": 4818.6, "estimated_mw": 234.3, "score": 234.3032, "implied_flow_m3_s": 642.7, "flow_limited": true, "basin_bounded": false, "dam_start_lon": 27.152114, "dam_start_lat": 46.237643, "dam_end_lon": 27.156105, "dam_end_lat": 46.244278 }, "geometry": { "type": "LineString", "coordinates": [ [ 27.138278762344413, 46.237021997033274 ], [ 27.154109430294898, 46.240960442755316 ] ] } },
{ "type": "Feature", "properties": { "type": "lake-new", "rank": 58, "lake_id": 169809, "lake_elevation_m": 77.5, "new_site_elevation_m": 189.1, "head_m": 111.6, "distance_m": 1784.7, "direction": "higher", "volume_million_m3": 8.621, "basin_volume_million_m3": 8.621, "empirical_volume_million_m3": 12.126, "lake_volume_million_m3": 16.32, "limited_by_existing_lake": false, "surface_area_km2": 0.6483, "storage_mwh": 2228.1, "estimated_mw": 232.6, "score": 232.6113, "implied_flow_m3_s": 299.3, "flow_limited": true, "basin_bounded": false, "dam_start_lon": 27.659893, "dam_start_lat": 46.283196, "dam_end_lon": 27.658652, "dam_end_lat": 46.276061 }, "geometry": { "type": "LineString", "coordinates": [ [ 27.682351716041072, 46.281245632414958 ], [ 27.659272536855077, 46.27962852258144 ] ] } },
{ "type": "Feature", "properties": { "type": "lake-new", "rank": 59, "lake_id": 170417, "lake_elevation_m": 382.5, "new_site_elevation_m": 487.1, "head_m": 104.6, "distance_m": 1958.5, "direction": "higher", "volume_million_m3": 10.8, "basin_volume_million_m3": 13.204, "empirical_volume_million_m3": 4.926, "lake_volume_million_m3": 10.8, "limited_by_existing_lake": true, "surface_area_km2": 0.2502, "storage_mwh": 2617.6, "estimated_mw": 218.1, "score": 218.1299, "implied_flow_m3_s": 375.0, "flow_limited": true, "basin_bounded": false, "dam_start_lon": 24.412126, "dam_start_lat": 45.776368, "dam_end_lon": 24.416872, "dam_end_lat": 45.77333 }, "geometry": { "type": "LineString", "coordinates": [ [ 24.430390246289853, 45.761188145762198 ], [ 24.414498890245671, 45.774848813706463 ] ] } },
{ "type": "Feature", "properties": { "type": "lake-new", "rank": 60, "lake_id": 1352751, "lake_elevation_m": 419.0, "new_site_elevation_m": 603.4, "head_m": 184.4, "distance_m": 834.0, "direction": "higher", "volume_million_m3": 4.08, "basin_volume_million_m3": 26.731, "empirical_volume_million_m3": 18.089, "lake_volume_million_m3": 4.08, "limited_by_existing_lake": true, "surface_area_km2": 0.9895, "storage_mwh": 1743.0, "estimated_mw": 217.9, "score": 217.8757, "implied_flow_m3_s": 141.7, "flow_limited": false, "basin_bounded": false, "dam_start_lon": 23.353187, "dam_start_lat": 46.745781, "dam_end_lon": 23.353082, "dam_end_lat": 46.738595 }, "geometry": { "type": "LineString", "coordinates": [ [ 23.363934383978211, 46.74102742196964 ], [ 23.35313435583199, 46.742188089913903 ] ] } },
{ "type": "Feature", "properties": { "type": "lake-new", "rank": 61, "lake_id": 168592, "lake_elevation_m": 100.0, "new_site_elevation_m": 203.0, "head_m": 103.0, "distance_m": 1899.8, "direction": "higher", "volume_million_m3": 7.388, "basin_volume_million_m3": 7.388, "empirical_volume_million_m3": 12.247, "lake_volume_million_m3": 14.75, "limited_by_existing_lake": false, "surface_area_km2": 0.6551, "storage_mwh": 1762.9, "estimated_mw": 214.8, "score": 214.7675, "implied_flow_m3_s": 256.5, "flow_limited": true, "basin_bounded": false, "dam_start_lon": 26.726832, "dam_start_lat": 47.993728, "dam_end_lon": 26.719335, "dam_end_lat": 47.988581 }, "geometry": { "type": "LineString", "coordinates": [ [ 26.740074128995079, 48.00388272365025 ], [ 26.723083119387063, 47.991154502705626 ] ] } },
{ "type": "Feature", "properties": { "type": "lake-new", "rank": 62, "lake_id": 171296, "lake_elevation_m": 84.0, "new_site_elevation_m": 280.1, "head_m": 196.1, "distance_m": 1966.2, "direction": "higher", "volume_million_m3": 3.78, "basin_volume_million_m3": 14.044, "empirical_volume_million_m3": 6.232, "lake_volume_million_m3": 3.78, "limited_by_existing_lake": true, "surface_area_km2": 0.3208, "storage_mwh": 1716.8, "estimated_mw": 214.6, "score": 214.6032, "implied_flow_m3_s": 131.2, "flow_limited": false, "basin_bounded": false, "dam_start_lon": 21.67809, "dam_start_lat": 44.713155, "dam_end_lon": 21.679091, "dam_end_lat": 44.718193 }, "geometry": { "type": "LineString", "coordinates": [ [ 21.656508837320434, 44.707568639358279 ], [ 21.678590564868895, 44.715673751746984 ] ] } },
{ "type": "Feature", "properties": { "type": "lake-new", "rank": 63, "lake_id": 1358838, "lake_elevation_m": 479.0, "new_site_elevation_m": 871.5, "head_m": 392.5, "distance_m": 781.9, "direction": "higher", "volume_million_m3": 1.88, "basin_volume_million_m3": 38.786, "empirical_volume_million_m3": 13.206, "lake_volume_million_m3": 1.88, "limited_by_existing_lake": true, "surface_area_km2": 0.7095, "storage_mwh": 1709.1, "estimated_mw": 213.6, "score": 213.6346, "implied_flow_m3_s": 65.3, "flow_limited": false, "basin_bounded": true, "dam_start_lon": 24.028416, "dam_start_lat": 45.362143, "dam_end_lon": 24.019743, "dam_end_lat": 45.365952 }, "geometry": { "type": "LineString", "coordinates": [ [ 24.01756467502199, 45.358719814013895 ], [ 24.024079350016677, 45.364047148624827 ] ] } },
{ "type": "Feature", "properties": { "type": "lake-new", "rank": 64, "lake_id": 168890, "lake_elevation_m": 261.5, "new_site_elevation_m": 363.8, "head_m": 102.3, "distance_m": 1645.9, "direction": "higher", "volume_million_m3": 8.053, "basin_volume_million_m3": 8.053, "empirical_volume_million_m3": 8.757, "lake_volume_million_m3": 9.59, "limited_by_existing_lake": false, "surface_area_km2": 0.4596, "storage_mwh": 1908.3, "estimated_mw": 213.3, "score": 213.2554, "implied_flow_m3_s": 279.6, "flow_limited": true, "basin_bounded": false, "dam_start_lon": 26.294535, "dam_start_lat": 47.467998, "dam_end_lon": 26.289554, "dam_end_lat": 47.462924 }, "geometry": { "type": "LineString", "coordinates": [ [ 26.312928522306116, 47.469855873081997 ], [ 26.292044848328857, 47.465460985470706 ] ] } },
{ "type": "Feature", "properties": { "type": "lake-new", "rank": 65, "lake_id": 168774, "lake_elevation_m": 77.0, "new_site_elevation_m": 179.1, "head_m": 102.1, "distance_m": 1233.6, "direction": "higher", "volume_million_m3": 7.872, "basin_volume_million_m3": 7.872, "empirical_volume_million_m3": 14.173, "lake_volume_million_m3": 51.76, "limited_by_existing_lake": false, "surface_area_km2": 0.7645, "storage_mwh": 1862.5, "estimated_mw": 212.9, "score": 212.928, "implied_flow_m3_s": 273.3, "flow_limited": true, "basin_bounded": false, "dam_start_lon": 26.87782, "dam_start_lat": 47.650501, "dam_end_lon": 26.867199, "dam_end_lat": 47.649817 }, "geometry": { "type": "LineString", "coordinates": [ [ 26.886543005273694, 47.655942615660294 ], [ 26.872509196840191, 47.650158839160113 ] ] } },
{ "type": "Feature", "properties": { "type": "lake-new", "rank": 66, "lake_id": 170343, "lake_elevation_m": 410.5, "new_site_elevation_m": 571.7, "head_m": 161.2, "distance_m": 1536.8, "direction": "higher", "volume_million_m3": 4.3, "basin_volume_million_m3": 8.262, "empirical_volume_million_m3": 5.91, "lake_volume_million_m3": 4.3, "limited_by_existing_lake": true, "surface_area_km2": 0.3032, "storage_mwh": 1605.4, "estimated_mw": 200.7, "score": 200.6751, "implied_flow_m3_s": 149.3, "flow_limited": false, "basin_bounded": false, "dam_start_lon": 24.748162, "dam_start_lat": 45.821527, "dam_end_lon": 24.750216, "dam_end_lat": 45.816792 }, "geometry": { "type": "LineString", "coordinates": [ [ 24.766492955265214, 45.812443087373723 ], [ 24.749189020547753, 45.819159310873545 ] ] } },
{ "type": "Feature", "properties": { "type": "lake-new", "rank": 67, "lake_id": 1352318, "lake_elevation_m": 293.0, "new_site_elevation_m": 424.7, "head_m": 131.7, "distance_m": 1321.3, "direction": "higher", "volume_million_m3": 5.25, "basin_volume_million_m3": 9.428, "empirical_volume_million_m3": 8.997, "lake_volume_million_m3": 5.25, "limited_by_existing_lake": true, "surface_area_km2": 0.4729, "storage_mwh": 1601.1, "estimated_mw": 200.1, "score": 200.1391, "implied_flow_m3_s": 182.3, "flow_limited": false, "basin_bounded": false, "dam_start_lon": 24.112398, "dam_start_lat": 46.836757, "dam_end_lon": 24.115023, "dam_end_lat": 46.830846 }, "geometry": { "type": "LineString", "coordinates": [ [ 24.123171367541488, 46.843751721525123 ], [ 24.113710140342985, 46.833801278358273 ] ] } },
{ "type": "Feature", "properties": { "type": "lake-new", "rank": 68, "lake_id": 1354086, "lake_elevation_m": 854.2, "new_site_elevation_m": 1068.5, "head_m": 214.2, "distance_m": 889.2, "direction": "higher", "volume_million_m3": 3.16, "basin_volume_million_m3": 3.877, "empirical_volume_million_m3": 3.066, "lake_volume_million_m3": 3.16, "limited_by_existing_lake": true, "surface_area_km2": 0.1515, "storage_mwh": 1568.1, "estimated_mw": 196.0, "score": 196.0077, "implied_flow_m3_s": 109.7, "flow_limited": false, "basin_bounded": false, "dam_start_lon": 25.882057, "dam_start_lat": 46.439763, "dam_end_lon": 25.879745, "dam_end_lat": 46.43665 }, "geometry": { "type": "LineString", "coordinates": [ [ 25.886002662666879, 46.445378826671231 ], [ 25.880900821132315, 46.43820616128216 ] ] } },
{ "type": "Feature", "properties": { "type": "lake-new", "rank": 69, "lake_id": 170072, "lake_elevation_m": 475.0, "new_site_elevation_m": 626.8, "head_m": 151.9, "distance_m": 1580.2, "direction": "higher", "volume_million_m3": 4.26, "basin_volume_million_m3": 7.858, "empirical_volume_million_m3": 6.98, "lake_volume_million_m3": 4.26, "limited_by_existing_lake": true, "surface_area_km2": 0.3615, "storage_mwh": 1498.4, "estimated_mw": 187.3, "score": 187.2982, "implied_flow_m3_s": 147.9, "flow_limited": false, "basin_bounded": false, "dam_start_lon": 24.815463, "dam_start_lat": 46.055713, "dam_end_lon": 24.807856, "dam_end_lat": 46.054565 }, "geometry": { "type": "LineString", "coordinates": [ [ 24.813805379147258, 46.069256130226982 ], [ 24.811659552036829, 46.055139020393469 ] ] } },
{ "type": "Feature", "properties": { "type": "lake-new", "rank": 70, "lake_id": 1359804, "lake_elevation_m": 4.0, "new_site_elevation_m": 274.0, "head_m": 270.0, "distance_m": 1512.9, "direction": "higher", "volume_million_m3": 2.39, "basin_volume_million_m3": 2.534, "empirical_volume_million_m3": 2.33, "lake_volume_million_m3": 2.39, "limited_by_existing_lake": true, "surface_area_km2": 0.1134, "storage_mwh": 1494.7, "estimated_mw": 186.8, "score": 186.8416, "implied_flow_m3_s": 83.0, "flow_limited": false, "basin_bounded": false, "dam_start_lon": 28.200034, "dam_start_lat": 45.106334, "dam_end_lon": 28.199356, "dam_end_lat": 45.109321 }, "geometry": { "type": "LineString", "coordinates": [ [ 28.184737960865213, 45.116388882823657 ], [ 28.199694779748778, 45.107827328545696 ] ] } },
{ "type": "Feature", "properties": { "type": "lake-new", "rank": 71, "lake_id": 169110, "lake_elevation_m": 191.0, "new_site_elevation_m": 291.0, "head_m": 100.0, "distance_m": 1999.8, "direction": "higher", "volume_million_m3": 6.123, "basin_volume_million_m3": 6.123, "empirical_volume_million_m3": 6.478, "lake_volume_million_m3": 52.9, "limited_by_existing_lake": false, "surface_area_km2": 0.3341, "storage_mwh": 1418.3, "estimated_mw": 177.3, "score": 177.2921, "implied_flow_m3_s": 212.6, "flow_limited": false, "basin_bounded": false, "dam_start_lon": 22.263031, "dam_start_lat": 47.07799, "dam_end_lon": 22.26884, "dam_end_lat": 47.081352 }, "geometry": { "type": "LineString", "coordinates": [ [ 22.244951669000695, 47.06878799427448 ], [ 22.265935301567566, 47.079670884440965 ] ] } },
{ "type": "Feature", "properties": { "type": "lake-new", "rank": 72, "lake_id": 1356750, "lake_elevation_m": 551.5, "new_site_elevation_m": 716.4, "head_m": 164.9, "distance_m": 1674.7, "direction": "higher", "volume_million_m3": 3.67, "basin_volume_million_m3": 6.002, "empirical_volume_million_m3": 7.402, "lake_volume_million_m3": 3.67, "limited_by_existing_lake": true, "surface_area_km2": 0.3847, "storage_mwh": 1401.7, "estimated_mw": 175.2, "score": 175.2103, "implied_flow_m3_s": 127.4, "flow_limited": false, "basin_bounded": false, "dam_start_lon": 25.943608, "dam_start_lat": 45.894984, "dam_end_lon": 25.949431, "dam_end_lat": 45.898807 }, "geometry": { "type": "LineString", "coordinates": [ [ 25.937467111222084, 45.883235243377023 ], [ 25.946519239839034, 45.896895911321288 ] ] } },
{ "type": "Feature", "properties": { "type": "lake-new", "rank": 73, "lake_id": 170385, "lake_elevation_m": 390.5, "new_site_elevation_m": 501.0, "head_m": 110.5, "distance_m": 913.9, "direction": "higher", "volume_million_m3": 5.2, "basin_volume_million_m3": 30.467, "empirical_volume_million_m3": 10.928, "lake_volume_million_m3": 5.2, "limited_by_existing_lake": true, "surface_area_km2": 0.5808, "storage_mwh": 1331.1, "estimated_mw": 166.4, "score": 166.3895, "implied_flow_m3_s": 180.6, "flow_limited": false, "basin_bounded": false, "dam_start_lon": 24.5243, "dam_start_lat": 45.788379, "dam_end_lon": 24.514636, "dam_end_lat": 45.789584 }, "geometry": { "type": "LineString", "coordinates": [ [ 24.528425122173175, 45.783654024079389 ], [ 24.519467834854058, 45.788981358690322 ] ] } },
{ "type": "Feature", "properties": { "type": "lake-new", "rank": 74, "lake_id": 1361871, "lake_elevation_m": 10.5, "new_site_elevation_m": 126.9, "head_m": 116.4, "distance_m": 1168.2, "direction": "higher", "volume_million_m3": 4.51, "basin_volume_million_m3": 18.921, "empirical_volume_million_m3": 34.878, "lake_volume_million_m3": 4.51, "limited_by_existing_lake": true, "surface_area_km2": 1.9808, "storage_mwh": 1216.4, "estimated_mw": 152.1, "score": 152.0513, "implied_flow_m3_s": 156.6, "flow_limited": false, "basin_bounded": false, "dam_start_lon": 27.652261, "dam_start_lat": 44.113287, "dam_end_lon": 27.661371, "dam_end_lat": 44.110311 }, "geometry": { "type": "LineString", "coordinates": [ [ 27.645586207171871, 44.105082994647063 ], [ 27.656815861405313, 44.111799218146885 ] ] } },
{ "type": "Feature", "properties": { "type": "lake-new", "rank": 75, "lake_id": 171049, "lake_elevation_m": 228.9, "new_site_elevation_m": 342.4, "head_m": 113.4, "distance_m": 1931.2, "direction": "higher", "volume_million_m3": 4.6, "basin_volume_million_m3": 7.892, "empirical_volume_million_m3": 8.114, "lake_volume_million_m3": 4.6, "limited_by_existing_lake": true, "surface_area_km2": 0.424, "storage_mwh": 1208.8, "estimated_mw": 151.1, "score": 151.094, "implied_flow_m3_s": 159.7, "flow_limited": false, "basin_bounded": false, "dam_start_lon": 24.393998, "dam_start_lat": 45.10124, "dam_end_lon": 24.398499, "dam_end_lat": 45.09633 }, "geometry": { "type": "LineString", "coordinates": [ [ 24.377112592533503, 45.087901970690375 ], [ 24.396248778522381, 45.09878486085686 ] ] } },
{ "type": "Feature", "properties": { "type": "lake-new", "rank": 76, "lake_id": 1359971, "lake_elevation_m": 220.5, "new_site_elevation_m": 329.0, "head_m": 108.5, "distance_m": 718.7, "direction": "higher", "volume_million_m3": 4.8, "basin_volume_million_m3": 8.491, "empirical_volume_million_m3": 10.663, "lake_volume_million_m3": 4.8, "limited_by_existing_lake": true, "surface_area_km2": 0.5659, "storage_mwh": 1206.5, "estimated_mw": 150.8, "score": 150.8111, "implied_flow_m3_s": 166.7, "flow_limited": false, "basin_bounded": false, "dam_start_lon": 23.273039, "dam_start_lat": 45.069011, "dam_end_lon": 23.266688, "dam_end_lat": 45.074066 }, "geometry": { "type": "LineString", "coordinates": [ [ 23.277107440344981, 45.067599951319977 ], [ 23.26986377721234, 45.071538397042019 ] ] } },
{ "type": "Feature", "properties": { "type": "lake-new", "rank": 77, "lake_id": 1359069, "lake_elevation_m": 827.0, "new_site_elevation_m": 1338.1, "head_m": 511.1, "distance_m": 1882.1, "direction": "higher", "volume_million_m3": 1.0, "basin_volume_million_m3": 6.536, "empirical_volume_million_m3": 2.882, "lake_volume_million_m3": 1.0, "limited_by_existing_lake": true, "surface_area_km2": 0.1419, "storage_mwh": 1183.7, "estimated_mw": 148.0, "score": 147.9684, "implied_flow_m3_s": 34.7, "flow_limited": false, "basin_bounded": false, "dam_start_lon": 23.080179, "dam_start_lat": 45.290868, "dam_end_lon": 23.07905, "dam_end_lat": 45.294157 }, "geometry": { "type": "LineString", "coordinates": [ [ 23.05640480377, 45.296907237832727 ], [ 23.079614031993135, 45.292512350221436 ] ] } },
{ "type": "Feature", "properties": { "type": "lake-new", "rank": 78, "lake_id": 1356686, "lake_elevation_m": 329.5, "new_site_elevation_m": 638.5, "head_m": 308.9, "distance_m": 1579.9, "direction": "higher", "volume_million_m3": 1.59, "basin_volume_million_m3": 14.712, "empirical_volume_million_m3": 7.267, "lake_volume_million_m3": 1.59, "limited_by_existing_lake": true, "surface_area_km2": 0.3773, "storage_mwh": 1137.8, "estimated_mw": 142.2, "score": 142.2188, "implied_flow_m3_s": 55.2, "flow_limited": false, "basin_bounded": false, "dam_start_lon": 22.862036, "dam_start_lat": 45.884913, "dam_end_lon": 22.854223, "dam_end_lat": 45.883975 }, "geometry": { "type": "LineString", "coordinates": [ [ 22.856028648863905, 45.898561118984261 ], [ 22.858129210389222, 45.884444009150748 ] ] } },
{ "type": "Feature", "properties": { "type": "lake-new", "rank": 79, "lake_id": 1359758, "lake_elevation_m": 471.5, "new_site_elevation_m": 1048.5, "head_m": 577.0, "distance_m": 1917.7, "direction": "higher", "volume_million_m3": 0.84, "basin_volume_million_m3": 12.124, "empirical_volume_million_m3": 4.526, "lake_volume_million_m3": 0.84, "limited_by_existing_lake": true, "surface_area_km2": 0.2287, "storage_mwh": 1122.7, "estimated_mw": 140.3, "score": 140.334, "implied_flow_m3_s": 29.2, "flow_limited": false, "basin_bounded": true, "dam_start_lon": 22.79255, "dam_start_lat": 45.120483, "dam_end_lon": 22.791736, "dam_end_lat": 45.116226 }, "geometry": { "type": "LineString", "coordinates": [ [ 22.81052570531552, 45.129693917520093 ], [ 22.792143252525065, 45.11835458546436 ] ] } },
{ "type": "Feature", "properties": { "type": "lake-new", "rank": 80, "lake_id": 1353496, "lake_elevation_m": 291.0, "new_site_elevation_m": 413.4, "head_m": 122.4, "distance_m": 1150.8, "direction": "higher", "volume_million_m3": 3.89, "basin_volume_million_m3": 5.908, "empirical_volume_million_m3": 6.557, "lake_volume_million_m3": 3.89, "limited_by_existing_lake": true, "surface_area_km2": 0.3384, "storage_mwh": 1103.1, "estimated_mw": 137.9, "score": 137.8858, "implied_flow_m3_s": 135.1, "flow_limited": false, "basin_bounded": false, "dam_start_lon": 24.081834, "dam_start_lat": 46.593205, "dam_end_lon": 24.084367, "dam_end_lat": 46.598133 }, "geometry": { "type": "LineString", "coordinates": [ [ 24.092437123010377, 46.587563822952923 ], [ 24.083100300970905, 46.595668935341628 ] ] } },
{ "type": "Feature", "properties": { "type": "lake-new", "rank": 81, "lake_id": 1355556, "lake_elevation_m": 943.0, "new_site_elevation_m": 1284.2, "head_m": 341.2, "distance_m": 1070.1, "direction": "higher", "volume_million_m3": 1.33, "basin_volume_million_m3": 1.427, "empirical_volume_million_m3": 1.758, "lake_volume_million_m3": 1.33, "limited_by_existing_lake": true, "surface_area_km2": 0.0842, "storage_mwh": 1051.3, "estimated_mw": 131.4, "score": 131.407, "implied_flow_m3_s": 46.2, "flow_limited": false, "basin_bounded": false, "dam_start_lon": 25.883352, "dam_start_lat": 46.136147, "dam_end_lon": 25.886954, "dam_end_lat": 46.1354 }, "geometry": { "type": "LineString", "coordinates": [ [ 25.887325520923103, 46.126279512515985 ], [ 25.885152900233805, 46.13577351379358 ] ] } },
{ "type": "Feature", "properties": { "type": "lake-new", "rank": 82, "lake_id": 1353776, "lake_elevation_m": 188.0, "new_site_elevation_m": 331.5, "head_m": 143.5, "distance_m": 1992.6, "direction": "higher", "volume_million_m3": 3.16, "basin_volume_million_m3": 3.299, "empirical_volume_million_m3": 3.113, "lake_volume_million_m3": 3.16, "limited_by_existing_lake": true, "surface_area_km2": 0.154, "storage_mwh": 1050.3, "estimated_mw": 131.3, "score": 131.2876, "implied_flow_m3_s": 109.7, "flow_limited": false, "basin_bounded": false, "dam_start_lon": 27.062853, "dam_start_lat": 46.529824, "dam_end_lon": 27.065839, "dam_end_lat": 46.532688 }, "geometry": { "type": "LineString", "coordinates": [ [ 27.087540547891908, 46.523151059712795 ], [ 27.064345848776686, 46.5312561721015 ] ] } },
{ "type": "Feature", "properties": { "type": "lake-new", "rank": 83, "lake_id": 1359751, "lake_elevation_m": 5.5, "new_site_elevation_m": 181.7, "head_m": 176.2, "distance_m": 1983.1, "direction": "higher", "volume_million_m3": 2.55, "basin_volume_million_m3": 9.02, "empirical_volume_million_m3": 3.841, "lake_volume_million_m3": 2.55, "limited_by_existing_lake": true, "surface_area_km2": 0.1923, "storage_mwh": 1040.5, "estimated_mw": 130.1, "score": 130.0644, "implied_flow_m3_s": 88.5, "flow_limited": false, "basin_bounded": false, "dam_start_lon": 28.202943, "dam_start_lat": 45.110423, "dam_end_lon": 28.197444, "dam_end_lat": 45.111106 }, "geometry": { "type": "LineString", "coordinates": [ [ 28.192186307435126, 45.12765930016819 ], [ 28.200193651898079, 45.110764412556897 ] ] } },
{ "type": "Feature", "properties": { "type": "lake-new", "rank": 84, "lake_id": 170296, "lake_elevation_m": 7.5, "new_site_elevation_m": 107.6, "head_m": 100.1, "distance_m": 1847.6, "direction": "higher", "volume_million_m3": 4.351, "basin_volume_million_m3": 4.351, "empirical_volume_million_m3": 9.703, "lake_volume_million_m3": 5.47, "limited_by_existing_lake": false, "surface_area_km2": 0.5122, "storage_mwh": 1008.4, "estimated_mw": 126.0, "score": 126.0474, "implied_flow_m3_s": 151.1, "flow_limited": false, "basin_bounded": false, "dam_start_lon": 28.080682, "dam_start_lat": 45.846635, "dam_end_lon": 28.083044, "dam_end_lat": 45.84042 }, "geometry": { "type": "LineString", "coordinates": [ [ 28.103351476960707, 45.850700333836549 ], [ 28.081863151373053, 45.843527668447479 ] ] } },
{ "type": "Feature", "properties": { "type": "lake-new", "rank": 85, "lake_id": 1352132, "lake_elevation_m": 283.5, "new_site_elevation_m": 475.6, "head_m": 192.1, "distance_m": 1502.4, "direction": "higher", "volume_million_m3": 2.26, "basin_volume_million_m3": 6.651, "empirical_volume_million_m3": 3.391, "lake_volume_million_m3": 2.26, "limited_by_existing_lake": true, "surface_area_km2": 0.1686, "storage_mwh": 1005.7, "estimated_mw": 125.7, "score": 125.7152, "implied_flow_m3_s": 78.5, "flow_limited": false, "basin_bounded": false, "dam_start_lon": 24.093136, "dam_start_lat": 46.898574, "dam_end_lon": 24.088097, "dam_end_lat": 46.899895 }, "geometry": { "type": "LineString", "coordinates": [ [ 24.070937458502566, 46.898074099615179 ], [ 24.090616298951382, 46.899234767559442 ] ] } },
{ "type": "Feature", "properties": { "type": "lake-new", "rank": 86, "lake_id": 1351981, "lake_elevation_m": 331.0, "new_site_elevation_m": 506.4, "head_m": 175.4, "distance_m": 1862.1, "direction": "higher", "volume_million_m3": 2.41, "basin_volume_million_m3": 2.914, "empirical_volume_million_m3": 2.118, "lake_volume_million_m3": 2.41, "limited_by_existing_lake": true, "surface_area_km2": 0.1025, "storage_mwh": 978.9, "estimated_mw": 122.4, "score": 122.3601, "implied_flow_m3_s": 83.7, "flow_limited": false, "basin_bounded": false, "dam_start_lon": 24.458897, "dam_start_lat": 46.929555, "dam_end_lon": 24.460451, "dam_end_lat": 46.932228 }, "geometry": { "type": "LineString", "coordinates": [ [ 24.438626263659675, 46.939453093830757 ], [ 24.459673679663059, 46.930891539552796 ] ] } },
{ "type": "Feature", "properties": { "type": "lake-new", "rank": 87, "lake_id": 1354178, "lake_elevation_m": 26.5, "new_site_elevation_m": 135.1, "head_m": 108.5, "distance_m": 1807.5, "direction": "higher", "volume_million_m3": 3.85, "basin_volume_million_m3": 5.054, "empirical_volume_million_m3": 7.74, "lake_volume_million_m3": 3.85, "limited_by_existing_lake": true, "surface_area_km2": 0.4033, "storage_mwh": 967.9, "estimated_mw": 121.0, "score": 120.9866, "implied_flow_m3_s": 133.7, "flow_limited": false, "basin_bounded": false, "dam_start_lon": 28.127623, "dam_start_lat": 46.432629, "dam_end_lon": 28.124676, "dam_end_lat": 46.427298 }, "geometry": { "type": "LineString", "coordinates": [ [ 28.149300904398164, 46.432969075185966 ], [ 28.126149445119527, 46.429963076463565 ] ] } },
{ "type": "Feature", "properties": { "type": "lake-new", "rank": 88, "lake_id": 170933, "lake_elevation_m": 1.5, "new_site_elevation_m": 103.7, "head_m": 102.2, "distance_m": 1946.4, "direction": "higher", "volume_million_m3": 4.09, "basin_volume_million_m3": 17.5, "empirical_volume_million_m3": 8.929, "lake_volume_million_m3": 4.09, "limited_by_existing_lake": true, "surface_area_km2": 0.4691, "storage_mwh": 967.8, "estimated_mw": 121.0, "score": 120.9689, "implied_flow_m3_s": 142.0, "flow_limited": false, "basin_bounded": false, "dam_start_lon": 28.668001, "dam_start_lat": 45.170576, "dam_end_lon": 28.670762, "dam_end_lat": 45.164739 }, "geometry": { "type": "LineString", "coordinates": [ [ 28.680843380247453, 45.183163430818425 ], [ 28.669381465404101, 45.167657432096021 ] ] } },
{ "type": "Feature", "properties": { "type": "lake-new", "rank": 89, "lake_id": 1350192, "lake_elevation_m": 45.6, "new_site_elevation_m": 157.7, "head_m": 112.1, "distance_m": 1675.7, "direction": "higher", "volume_million_m3": 3.71, "basin_volume_million_m3": 5.884, "empirical_volume_million_m3": 12.137, "lake_volume_million_m3": 3.71, "limited_by_existing_lake": true, "surface_area_km2": 0.6489, "storage_mwh": 963.0, "estimated_mw": 120.4, "score": 120.3734, "implied_flow_m3_s": 128.8, "flow_limited": false, "basin_bounded": false, "dam_start_lon": 27.374337, "dam_start_lat": 47.429177, "dam_end_lon": 27.376619, "dam_end_lat": 47.422158 }, "geometry": { "type": "LineString", "coordinates": [ [ 27.354670093056377, 47.420340293781166 ], [ 27.375478092151145, 47.425667628392098 ] ] } },
{ "type": "Feature", "properties": { "type": "lake-new", "rank": 90, "lake_id": 1361045, "lake_elevation_m": 65.0, "new_site_elevation_m": 276.2, "head_m": 211.2, "distance_m": 683.4, "direction": "higher", "volume_million_m3": 1.83, "basin_volume_million_m3": 10.839, "empirical_volume_million_m3": 6.775, "lake_volume_million_m3": 1.83, "limited_by_existing_lake": true, "surface_area_km2": 0.3503, "storage_mwh": 895.1, "estimated_mw": 111.9, "score": 111.8893, "implied_flow_m3_s": 63.5, "flow_limited": false, "basin_bounded": false, "dam_start_lon": 22.284988, "dam_start_lat": 44.640015, "dam_end_lon": 22.278214, "dam_end_lat": 44.642261 }, "geometry": { "type": "LineString", "coordinates": [ [ 22.284492883475348, 44.646921633058824 ], [ 22.28160105538371, 44.641137856558643 ] ] } },
{ "type": "Feature", "properties": { "type": "lake-new", "rank": 91, "lake_id": 1357922, "lake_elevation_m": 385.0, "new_site_elevation_m": 493.2, "head_m": 108.2, "distance_m": 1758.9, "direction": "higher", "volume_million_m3": 3.54, "basin_volume_million_m3": 4.633, "empirical_volume_million_m3": 4.456, "lake_volume_million_m3": 3.54, "limited_by_existing_lake": true, "surface_area_km2": 0.225, "storage_mwh": 886.8, "estimated_mw": 110.8, "score": 110.8494, "implied_flow_m3_s": 122.9, "flow_limited": false, "basin_bounded": false, "dam_start_lon": 22.905014, "dam_start_lat": 45.545501, "dam_end_lon": 22.902872, "dam_end_lat": 45.541513 }, "geometry": { "type": "LineString", "coordinates": [ [ 22.89057353588775, 45.556235357148758 ], [ 22.903942936447873, 45.543507136204134 ] ] } },
{ "type": "Feature", "properties": { "type": "lake-new", "rank": 92, "lake_id": 170828, "lake_elevation_m": 1.0, "new_site_elevation_m": 111.4, "head_m": 110.4, "distance_m": 1622.6, "direction": "higher", "volume_million_m3": 3.44, "basin_volume_million_m3": 6.407, "empirical_volume_million_m3": 3.153, "lake_volume_million_m3": 3.44, "limited_by_existing_lake": true, "surface_area_km2": 0.1561, "storage_mwh": 879.5, "estimated_mw": 109.9, "score": 109.9413, "implied_flow_m3_s": 119.4, "flow_limited": false, "basin_bounded": false, "dam_start_lon": 28.379967, "dam_start_lat": 45.270633, "dam_end_lon": 28.375281, "dam_end_lat": 45.271947 }, "geometry": { "type": "LineString", "coordinates": [ [ 28.372465200205681, 45.285407038337013 ], [ 28.377624051166897, 45.271289928503499 ] ] } },
{ "type": "Feature", "properties": { "type": "lake-new", "rank": 93, "lake_id": 1350989, "lake_elevation_m": 58.0, "new_site_elevation_m": 188.3, "head_m": 130.3, "distance_m": 1346.5, "direction": "higher", "volume_million_m3": 2.844, "basin_volume_million_m3": 2.844, "empirical_volume_million_m3": 6.138, "lake_volume_million_m3": 2.88, "limited_by_existing_lake": false, "surface_area_km2": 0.3156, "storage_mwh": 858.2, "estimated_mw": 107.3, "score": 107.2784, "implied_flow_m3_s": 98.7, "flow_limited": false, "basin_bounded": false, "dam_start_lon": 27.572441, "dam_start_lat": 47.218326, "dam_end_lon": 27.57281, "dam_end_lat": 47.213285 }, "geometry": { "type": "LineString", "coordinates": [ [ 27.589217564555469, 47.220200238493177 ], [ 27.572625960169315, 47.215805350881887 ] ] } },
{ "type": "Feature", "properties": { "type": "lake-new", "rank": 94, "lake_id": 1360036, "lake_elevation_m": 63.5, "new_site_elevation_m": 178.9, "head_m": 115.4, "distance_m": 1996.8, "direction": "higher", "volume_million_m3": 3.09, "basin_volume_million_m3": 5.343, "empirical_volume_million_m3": 4.885, "lake_volume_million_m3": 3.09, "limited_by_existing_lake": true, "surface_area_km2": 0.248, "storage_mwh": 825.8, "estimated_mw": 103.2, "score": 103.2201, "implied_flow_m3_s": 107.3, "flow_limited": false, "basin_bounded": false, "dam_start_lon": 28.408764, "dam_start_lat": 45.032923, "dam_end_lon": 28.402444, "dam_end_lat": 45.03266 }, "geometry": { "type": "LineString", "coordinates": [ [ 28.426725306831173, 45.042741923997553 ], [ 28.405603810117245, 45.032791480830703 ] ] } },
{ "type": "Feature", "properties": { "type": "lake-new", "rank": 95, "lake_id": 1354102, "lake_elevation_m": 162.5, "new_site_elevation_m": 272.6, "head_m": 110.1, "distance_m": 1001.6, "direction": "higher", "volume_million_m3": 3.13, "basin_volume_million_m3": 4.191, "empirical_volume_million_m3": 6.464, "lake_volume_million_m3": 3.13, "limited_by_existing_lake": true, "surface_area_km2": 0.3333, "storage_mwh": 798.1, "estimated_mw": 99.8, "score": 99.7606, "implied_flow_m3_s": 108.7, "flow_limited": false, "basin_bounded": false, "dam_start_lon": 27.092939, "dam_start_lat": 46.450262, "dam_end_lon": 27.094481, "dam_end_lat": 46.455339 }, "geometry": { "type": "LineString", "coordinates": [ [ 27.080759426695955, 46.451639915187521 ], [ 27.093710143423394, 46.452800583131783 ] ] } },
{ "type": "Feature", "properties": { "type": "lake-new", "rank": 96, "lake_id": 1352441, "lake_elevation_m": 23.9, "new_site_elevation_m": 169.7, "head_m": 145.8, "distance_m": 1924.6, "direction": "higher", "volume_million_m3": 2.36, "basin_volume_million_m3": 3.71, "empirical_volume_million_m3": 11.235, "lake_volume_million_m3": 2.36, "limited_by_existing_lake": true, "surface_area_km2": 0.598, "storage_mwh": 796.8, "estimated_mw": 99.6, "score": 99.5955, "implied_flow_m3_s": 81.9, "flow_limited": false, "basin_bounded": false, "dam_start_lon": 28.090098, "dam_start_lat": 46.814908, "dam_end_lon": 28.08633, "dam_end_lat": 46.808457 }, "geometry": { "type": "LineString", "coordinates": [ [ 28.110163788047739, 46.82024428994562 ], [ 28.088214047304476, 46.811682735667659 ] ] } },
{ "type": "Feature", "properties": { "type": "lake-new", "rank": 97, "lake_id": 1353550, "lake_elevation_m": 288.5, "new_site_elevation_m": 435.4, "head_m": 146.9, "distance_m": 1582.1, "direction": "higher", "volume_million_m3": 2.33, "basin_volume_million_m3": 2.903, "empirical_volume_million_m3": 5.469, "lake_volume_million_m3": 2.33, "limited_by_existing_lake": true, "surface_area_km2": 0.2794, "storage_mwh": 792.9, "estimated_mw": 99.1, "score": 99.1084, "implied_flow_m3_s": 80.9, "flow_limited": false, "basin_bounded": false, "dam_start_lon": 24.08803, "dam_start_lat": 46.55657, "dam_end_lon": 24.081327, "dam_end_lat": 46.555426 }, "geometry": { "type": "LineString", "coordinates": [ [ 24.087062144842033, 46.570115333445472 ], [ 24.08467817843496, 46.555998223611958 ] ] } },
{ "type": "Feature", "properties": { "type": "lake-new", "rank": 98, "lake_id": 1353163, "lake_elevation_m": 309.5, "new_site_elevation_m": 425.3, "head_m": 115.8, "distance_m": 1592.9, "direction": "higher", "volume_million_m3": 2.92, "basin_volume_million_m3": 3.949, "empirical_volume_million_m3": 4.925, "lake_volume_million_m3": 2.92, "limited_by_existing_lake": true, "surface_area_km2": 0.2501, "storage_mwh": 783.2, "estimated_mw": 97.9, "score": 97.8952, "implied_flow_m3_s": 101.4, "flow_limited": false, "basin_bounded": false, "dam_start_lon": 24.221899, "dam_start_lat": 46.663937, "dam_end_lon": 24.221484, "dam_end_lat": 46.659454 }, "geometry": { "type": "LineString", "coordinates": [ [ 24.235225168328114, 46.650812532490228 ], [ 24.221691124259525, 46.661695422656713 ] ] } },
{ "type": "Feature", "properties": { "type": "lake-new", "rank": 99, "lake_id": 1355494, "lake_elevation_m": 319.0, "new_site_elevation_m": 460.2, "head_m": 141.2, "distance_m": 1419.0, "direction": "higher", "volume_million_m3": 2.39, "basin_volume_million_m3": 2.644, "empirical_volume_million_m3": 2.778, "lake_volume_million_m3": 2.39, "limited_by_existing_lake": true, "surface_area_km2": 0.1365, "storage_mwh": 781.8, "estimated_mw": 97.7, "score": 97.7221, "implied_flow_m3_s": 83.0, "flow_limited": false, "basin_bounded": false, "dam_start_lon": 24.354943, "dam_start_lat": 46.132741, "dam_end_lon": 24.351221, "dam_end_lat": 46.130652 }, "geometry": { "type": "LineString", "coordinates": [ [ 24.335814973680609, 46.136091222770133 ], [ 24.353082179024479, 46.131696335158843 ] ] } },
{ "type": "Feature", "properties": { "type": "lake-new", "rank": 100, "lake_id": 1354603, "lake_elevation_m": 140.0, "new_site_elevation_m": 282.4, "head_m": 142.4, "distance_m": 1187.2, "direction": "higher", "volume_million_m3": 2.31, "basin_volume_million_m3": 4.531, "empirical_volume_million_m3": 5.736, "lake_volume_million_m3": 2.31, "limited_by_existing_lake": true, "surface_area_km2": 0.2938, "storage_mwh": 761.7, "estimated_mw": 95.2, "score": 95.2157, "implied_flow_m3_s": 80.2, "flow_limited": false, "basin_bounded": false, "dam_start_lon": 27.380112, "dam_start_lat": 46.330532, "dam_end_lon": 27.381913, "dam_end_lat": 46.335239 }, "geometry": { "type": "LineString", "coordinates": [ [ 27.394391782174765, 46.327558235651267 ], [ 27.381012824054778, 46.332885570262199 ] ] } },
{ "type": "Feature", "properties": { "type": "lake-new", "rank": 101, "lake_id": 1355358, "lake_elevation_m": 87.1, "new_site_elevation_m": 219.2, "head_m": 132.0, "distance_m": 1493.8, "direction": "higher", "volume_million_m3": 2.44, "basin_volume_million_m3": 2.557, "empirical_volume_million_m3": 5.629, "lake_volume_million_m3": 2.44, "limited_by_existing_lake": true, "surface_area_km2": 0.288, "storage_mwh": 746.2, "estimated_mw": 93.3, "score": 93.2728, "implied_flow_m3_s": 84.7, "flow_limited": false, "basin_bounded": false, "dam_start_lon": 27.494347, "dam_start_lat": 46.157732, "dam_end_lon": 27.49074, "dam_end_lat": 46.161856 }, "geometry": { "type": "LineString", "coordinates": [ [ 27.486404574084364, 46.172521909774979 ], [ 27.492543499178407, 46.159793688830355 ] ] } },
{ "type": "Feature", "properties": { "type": "lake-new", "rank": 102, "lake_id": 1359893, "lake_elevation_m": 416.0, "new_site_elevation_m": 544.1, "head_m": 128.1, "distance_m": 1651.5, "direction": "higher", "volume_million_m3": 2.48, "basin_volume_million_m3": 15.75, "empirical_volume_million_m3": 5.858, "lake_volume_million_m3": 2.48, "limited_by_existing_lake": true, "surface_area_km2": 0.3004, "storage_mwh": 735.9, "estimated_mw": 92.0, "score": 91.9858, "implied_flow_m3_s": 86.1, "flow_limited": false, "basin_bounded": false, "dam_start_lon": 25.407684, "dam_start_lat": 45.080771, "dam_end_lon": 25.414373, "dam_end_lat": 45.079378 }, "geometry": { "type": "LineString", "coordinates": [ [ 25.42661547924029, 45.090024966724712 ], [ 25.411028497156678, 45.080074523557862 ] ] } },
{ "type": "Feature", "properties": { "type": "lake-new", "rank": 103, "lake_id": 1354314, "lake_elevation_m": 105.5, "new_site_elevation_m": 252.6, "head_m": 147.1, "distance_m": 981.7, "direction": "higher", "volume_million_m3": 2.13, "basin_volume_million_m3": 81.379, "empirical_volume_million_m3": 27.388, "lake_volume_million_m3": 2.13, "limited_by_existing_lake": true, "surface_area_km2": 1.5341, "storage_mwh": 725.7, "estimated_mw": 90.7, "score": 90.7179, "implied_flow_m3_s": 74.0, "flow_limited": false, "basin_bounded": false, "dam_start_lon": 27.532314, "dam_start_lat": 46.388052, "dam_end_lon": 27.524811, "dam_end_lat": 46.383066 }, "geometry": { "type": "LineString", "coordinates": [ [ 27.540582032821256, 46.388565228836107 ], [ 27.528562898848399, 46.385559230113707 ] ] } },
{ "type": "Feature", "properties": { "type": "lake-new", "rank": 104, "lake_id": 1352734, "lake_elevation_m": 147.5, "new_site_elevation_m": 340.5, "head_m": 193.0, "distance_m": 1639.1, "direction": "higher", "volume_million_m3": 1.62, "basin_volume_million_m3": 2.041, "empirical_volume_million_m3": 3.86, "lake_volume_million_m3": 1.62, "limited_by_existing_lake": true, "surface_area_km2": 0.1933, "storage_mwh": 724.0, "estimated_mw": 90.5, "score": 90.5049, "implied_flow_m3_s": 56.2, "flow_limited": false, "basin_bounded": false, "dam_start_lon": 27.901779, "dam_start_lat": 46.738857, "dam_end_lon": 27.896741, "dam_end_lat": 46.736937 }, "geometry": { "type": "LineString", "coordinates": [ [ 27.91006480847852, 46.750625301126163 ], [ 27.89926011210585, 46.73789708018154 ] ] } },
{ "type": "Feature", "properties": { "type": "lake-new", "rank": 105, "lake_id": 168879, "lake_elevation_m": 267.0, "new_site_elevation_m": 369.4, "head_m": 102.4, "distance_m": 1876.1, "direction": "higher", "volume_million_m3": 3.043, "basin_volume_million_m3": 3.043, "empirical_volume_million_m3": 4.948, "lake_volume_million_m3": 4.78, "limited_by_existing_lake": false, "surface_area_km2": 0.2513, "storage_mwh": 721.6, "estimated_mw": 90.2, "score": 90.1998, "implied_flow_m3_s": 105.7, "flow_limited": false, "basin_bounded": false, "dam_start_lon": 26.30701, "dam_start_lat": 47.487944, "dam_end_lon": 26.307382, "dam_end_lat": 47.49244 }, "geometry": { "type": "LineString", "coordinates": [ [ 26.282256681960877, 47.490420085214375 ], [ 26.307195936271626, 47.490191864269747 ] ] } },
{ "type": "Feature", "properties": { "type": "lake-new", "rank": 106, "lake_id": 1352720, "lake_elevation_m": 373.5, "new_site_elevation_m": 601.7, "head_m": 228.2, "distance_m": 1677.4, "direction": "higher", "volume_million_m3": 1.27, "basin_volume_million_m3": 1.715, "empirical_volume_million_m3": 4.929, "lake_volume_million_m3": 1.27, "limited_by_existing_lake": true, "surface_area_km2": 0.2503, "storage_mwh": 671.4, "estimated_mw": 83.9, "score": 83.9213, "implied_flow_m3_s": 44.1, "flow_limited": false, "basin_bounded": false, "dam_start_lon": 23.465117, "dam_start_lat": 46.76535, "dam_end_lon": 23.471415, "dam_end_lat": 46.766605 }, "geometry": { "type": "LineString", "coordinates": [ [ 23.469348931632766, 46.750927929141092 ], [ 23.468266310250787, 46.765977485974247 ] ] } },
{ "type": "Feature", "properties": { "type": "lake-new", "rank": 107, "lake_id": 1353171, "lake_elevation_m": 521.5, "new_site_elevation_m": 667.2, "head_m": 145.7, "distance_m": 1619.1, "direction": "higher", "volume_million_m3": 1.96, "basin_volume_million_m3": 2.971, "empirical_volume_million_m3": 4.287, "lake_volume_million_m3": 1.96, "limited_by_existing_lake": true, "surface_area_km2": 0.2159, "storage_mwh": 661.5, "estimated_mw": 82.7, "score": 82.6852, "implied_flow_m3_s": 68.1, "flow_limited": false, "basin_bounded": false, "dam_start_lon": 23.693141, "dam_start_lat": 46.654281, "dam_end_lon": 23.698708, "dam_end_lat": 46.6526 }, "geometry": { "type": "LineString", "coordinates": [ [ 23.674737457661816, 46.653668947208594 ], [ 23.695924253446645, 46.653440726263966 ] ] } },
{ "type": "Feature", "properties": { "type": "lake-new", "rank": 108, "lake_id": 1355268, "lake_elevation_m": 483.0, "new_site_elevation_m": 631.8, "head_m": 148.8, "distance_m": 1641.1, "direction": "higher", "volume_million_m3": 1.91, "basin_volume_million_m3": 2.122, "empirical_volume_million_m3": 4.16, "lake_volume_million_m3": 1.91, "limited_by_existing_lake": true, "surface_area_km2": 0.2092, "storage_mwh": 658.4, "estimated_mw": 82.3, "score": 82.3055, "implied_flow_m3_s": 66.3, "flow_limited": false, "basin_bounded": false, "dam_start_lon": 25.40413, "dam_start_lat": 46.168036, "dam_end_lon": 25.405715, "dam_end_lat": 46.171995 }, "geometry": { "type": "LineString", "coordinates": [ [ 25.398788824800732, 46.184132342727544 ], [ 25.404922271118391, 46.170015232894031 ] ] } },
{ "type": "Feature", "properties": { "type": "lake-new", "rank": 109, "lake_id": 1359395, "lake_elevation_m": 831.0, "new_site_elevation_m": 1149.8, "head_m": 318.8, "distance_m": 1835.8, "direction": "higher", "volume_million_m3": 0.89, "basin_volume_million_m3": 1.075, "empirical_volume_million_m3": 1.303, "lake_volume_million_m3": 0.89, "limited_by_existing_lake": true, "surface_area_km2": 0.0613, "storage_mwh": 657.1, "estimated_mw": 82.1, "score": 82.1386, "implied_flow_m3_s": 30.9, "flow_limited": false, "basin_bounded": false, "dam_start_lon": 22.15044, "dam_start_lat": 45.196962, "dam_end_lon": 22.15048, "dam_end_lat": 45.199186 }, "geometry": { "type": "LineString", "coordinates": [ [ 22.142490917910049, 45.213580367805726 ], [ 22.15045981798243, 45.198074369083322 ] ] } },
{ "type": "Feature", "properties": { "type": "lake-new", "rank": 110, "lake_id": 1356514, "lake_elevation_m": 250.5, "new_site_elevation_m": 358.4, "head_m": 107.9, "distance_m": 814.6, "direction": "higher", "volume_million_m3": 2.62, "basin_volume_million_m3": 2.642, "empirical_volume_million_m3": 3.776, "lake_volume_million_m3": 2.62, "limited_by_existing_lake": true, "surface_area_km2": 0.1888, "storage_mwh": 655.0, "estimated_mw": 81.9, "score": 81.8793, "implied_flow_m3_s": 91.0, "flow_limited": false, "basin_bounded": false, "dam_start_lon": 22.822204, "dam_start_lat": 45.93354, "dam_end_lon": 22.816792, "dam_end_lat": 45.932504 }, "geometry": { "type": "LineString", "coordinates": [ [ 22.821583463175987, 45.940194267622218 ], [ 22.819497979976862, 45.933021602233147 ] ] } },
{ "type": "Feature", "properties": { "type": "lake-new", "rank": 111, "lake_id": 1348914, "lake_elevation_m": 88.5, "new_site_elevation_m": 188.5, "head_m": 100.0, "distance_m": 1832.7, "direction": "higher", "volume_million_m3": 2.631, "basin_volume_million_m3": 2.631, "empirical_volume_million_m3": 7.738, "lake_volume_million_m3": 5.68, "limited_by_existing_lake": false, "surface_area_km2": 0.4032, "storage_mwh": 609.5, "estimated_mw": 76.2, "score": 76.1915, "implied_flow_m3_s": 91.4, "flow_limited": false, "basin_bounded": false, "dam_start_lon": 26.779855, "dam_start_lat": 47.728867, "dam_end_lon": 26.783297, "dam_end_lat": 47.73408 }, "geometry": { "type": "LineString", "coordinates": [ [ 26.75954121680396, 47.738646472702285 ], [ 26.781576178049598, 47.731473807313215 ] ] } },
{ "type": "Feature", "properties": { "type": "lake-new", "rank": 112, "lake_id": 1353180, "lake_elevation_m": 301.0, "new_site_elevation_m": 452.0, "head_m": 151.0, "distance_m": 1666.0, "direction": "higher", "volume_million_m3": 1.67, "basin_volume_million_m3": 2.605, "empirical_volume_million_m3": 2.778, "lake_volume_million_m3": 1.67, "limited_by_existing_lake": true, "surface_area_km2": 0.1365, "storage_mwh": 583.9, "estimated_mw": 73.0, "score": 72.9916, "implied_flow_m3_s": 58.0, "flow_limited": false, "basin_bounded": false, "dam_start_lon": 24.166487, "dam_start_lat": 46.636828, "dam_end_lon": 24.165557, "dam_end_lat": 46.63357 }, "geometry": { "type": "LineString", "coordinates": [ [ 24.154554769979221, 46.647927339723125 ], [ 24.166022121992388, 46.635199118778502 ] ] } },
{ "type": "Feature", "properties": { "type": "lake-new", "rank": 113, "lake_id": 1353148, "lake_elevation_m": 304.5, "new_site_elevation_m": 423.6, "head_m": 119.1, "distance_m": 1060.7, "direction": "higher", "volume_million_m3": 1.95, "basin_volume_million_m3": 2.929, "empirical_volume_million_m3": 3.755, "lake_volume_million_m3": 1.95, "limited_by_existing_lake": true, "surface_area_km2": 0.1877, "storage_mwh": 537.8, "estimated_mw": 67.2, "score": 67.2298, "implied_flow_m3_s": 67.7, "flow_limited": false, "basin_bounded": false, "dam_start_lon": 24.202347, "dam_start_lat": 46.664263, "dam_end_lon": 24.199568, "dam_end_lat": 46.66087 }, "geometry": { "type": "LineString", "coordinates": [ [ 24.193660106375685, 46.654461601595926 ], [ 24.200957629627204, 46.662566713984631 ] ] } },
{ "type": "Feature", "properties": { "type": "lake-new", "rank": 114, "lake_id": 1359427, "lake_elevation_m": 17.1, "new_site_elevation_m": 212.6, "head_m": 195.5, "distance_m": 1854.2, "direction": "higher", "volume_million_m3": 1.16, "basin_volume_million_m3": 2.351, "empirical_volume_million_m3": 2.051, "lake_volume_million_m3": 1.16, "limited_by_existing_lake": true, "surface_area_km2": 0.099, "storage_mwh": 525.4, "estimated_mw": 65.7, "score": 65.6761, "implied_flow_m3_s": 40.3, "flow_limited": false, "basin_bounded": false, "dam_start_lon": 28.211595, "dam_start_lat": 45.220422, "dam_end_lon": 28.208252, "dam_end_lat": 45.221985 }, "geometry": { "type": "LineString", "coordinates": [ [ 28.196396573157859, 45.207542577199149 ], [ 28.20992373599119, 45.221203245143414 ] ] } },
{ "type": "Feature", "properties": { "type": "lake-new", "rank": 115, "lake_id": 1353368, "lake_elevation_m": 845.3, "new_site_elevation_m": 948.6, "head_m": 103.3, "distance_m": 1677.1, "direction": "higher", "volume_million_m3": 2.19, "basin_volume_million_m3": 2.279, "empirical_volume_million_m3": 4.659, "lake_volume_million_m3": 2.19, "limited_by_existing_lake": true, "surface_area_km2": 0.2358, "storage_mwh": 524.1, "estimated_mw": 65.5, "score": 65.5163, "implied_flow_m3_s": 76.0, "flow_limited": false, "basin_bounded": false, "dam_start_lon": 25.781104, "dam_start_lat": 46.62838, "dam_end_lon": 25.786691, "dam_end_lat": 46.630454 }, "geometry": { "type": "LineString", "coordinates": [ [ 25.784913654290843, 46.614367609655986 ], [ 25.783897229319393, 46.629417166489141 ] ] } },
{ "type": "Feature", "properties": { "type": "lake-new", "rank": 116, "lake_id": 1350522, "lake_elevation_m": 78.0, "new_site_elevation_m": 190.6, "head_m": 112.6, "distance_m": 1545.2, "direction": "higher", "volume_million_m3": 2.006, "basin_volume_million_m3": 2.006, "empirical_volume_million_m3": 7.24, "lake_volume_million_m3": 2.03, "limited_by_existing_lake": false, "surface_area_km2": 0.3758, "storage_mwh": 523.1, "estimated_mw": 65.4, "score": 65.3824, "implied_flow_m3_s": 69.6, "flow_limited": false, "basin_bounded": false, "dam_start_lon": 27.080564, "dam_start_lat": 47.334404, "dam_end_lon": 27.086905, "dam_end_lat": 47.337848 }, "geometry": { "type": "LineString", "coordinates": [ [ 27.103164024741361, 47.340520607064079 ], [ 27.083734416125115, 47.336125719452788 ] ] } },
{ "type": "Feature", "properties": { "type": "lake-new", "rank": 117, "lake_id": 1352906, "lake_elevation_m": 350.5, "new_site_elevation_m": 465.6, "head_m": 115.1, "distance_m": 685.2, "direction": "higher", "volume_million_m3": 1.96, "basin_volume_million_m3": 2.128, "empirical_volume_million_m3": 3.328, "lake_volume_million_m3": 1.96, "limited_by_existing_lake": true, "surface_area_km2": 0.1652, "storage_mwh": 522.6, "estimated_mw": 65.3, "score": 65.3295, "implied_flow_m3_s": 68.1, "flow_limited": false, "basin_bounded": false, "dam_start_lon": 24.570481, "dam_start_lat": 46.705093, "dam_end_lon": 24.566183, "dam_end_lat": 46.707248 }, "geometry": { "type": "LineString", "coordinates": [ [ 24.559671345041913, 46.707787563681649 ], [ 24.568331910058848, 46.706170453848131 ] ] } },
{ "type": "Feature", "properties": { "type": "lake-new", "rank": 118, "lake_id": 1352852, "lake_elevation_m": 182.5, "new_site_elevation_m": 348.3, "head_m": 165.8, "distance_m": 1405.6, "direction": "higher", "volume_million_m3": 1.36, "basin_volume_million_m3": 5.206, "empirical_volume_million_m3": 6.276, "lake_volume_million_m3": 1.36, "limited_by_existing_lake": true, "surface_area_km2": 0.3231, "storage_mwh": 522.2, "estimated_mw": 65.3, "score": 65.2737, "implied_flow_m3_s": 47.2, "flow_limited": false, "basin_bounded": false, "dam_start_lon": 27.353164, "dam_start_lat": 46.730379, "dam_end_lon": 27.36052, "dam_end_lat": 46.731185 }, "geometry": { "type": "LineString", "coordinates": [ [ 27.341244523035073, 46.724065611048509 ], [ 27.356841627820074, 46.730781834548331 ] ] } },
{ "type": "Feature", "properties": { "type": "lake-new", "rank": 119, "lake_id": 1352966, "lake_elevation_m": 348.0, "new_site_elevation_m": 515.3, "head_m": 167.3, "distance_m": 884.3, "direction": "higher", "volume_million_m3": 1.32, "basin_volume_million_m3": 1.725, "empirical_volume_million_m3": 2.662, "lake_volume_million_m3": 1.32, "limited_by_existing_lake": true, "surface_area_km2": 0.1305, "storage_mwh": 511.6, "estimated_mw": 64.0, "score": 63.9508, "implied_flow_m3_s": 45.8, "flow_limited": false, "basin_bounded": false, "dam_start_lon": 24.581879, "dam_start_lat": 46.695575, "dam_end_lon": 24.577377, "dam_end_lat": 46.696571 }, "geometry": { "type": "LineString", "coordinates": [ [ 24.569570888470661, 46.692134587580213 ], [ 24.57962793702691, 46.696073033302255 ] ] } },
{ "type": "Feature", "properties": { "type": "lake-new", "rank": 120, "lake_id": 1353185, "lake_elevation_m": 313.6, "new_site_elevation_m": 439.4, "head_m": 125.8, "distance_m": 1890.1, "direction": "higher", "volume_million_m3": 1.69, "basin_volume_million_m3": 1.97, "empirical_volume_million_m3": 2.296, "lake_volume_million_m3": 1.69, "limited_by_existing_lake": true, "surface_area_km2": 0.1116, "storage_mwh": 492.5, "estimated_mw": 61.6, "score": 61.5565, "implied_flow_m3_s": 58.7, "flow_limited": false, "basin_bounded": false, "dam_start_lon": 24.183064, "dam_start_lat": 46.635556, "dam_end_lon": 24.18586, "dam_end_lat": 46.637863 }, "geometry": { "type": "LineString", "coordinates": [ [ 24.174385462219849, 46.652215616263256 ], [ 24.184461850262963, 46.636709617540852 ] ] } },
{ "type": "Feature", "properties": { "type": "lake-new", "rank": 121, "lake_id": 1355293, "lake_elevation_m": 481.0, "new_site_elevation_m": 628.9, "head_m": 147.9, "distance_m": 1905.9, "direction": "higher", "volume_million_m3": 1.37, "basin_volume_million_m3": 6.438, "empirical_volume_million_m3": 9.101, "lake_volume_million_m3": 1.37, "limited_by_existing_lake": true, "surface_area_km2": 0.4787, "storage_mwh": 469.4, "estimated_mw": 58.7, "score": 58.673, "implied_flow_m3_s": 47.6, "flow_limited": false, "basin_bounded": false, "dam_start_lon": 25.409955, "dam_start_lat": 46.171158, "dam_end_lon": 25.401129, "dam_end_lat": 46.17229 }, "geometry": { "type": "LineString", "coordinates": [ [ 25.384128994336891, 46.180285287375789 ], [ 25.405542034170164, 46.171723733097828 ] ] } },
{ "type": "Feature", "properties": { "type": "lake-new", "rank": 122, "lake_id": 1350286, "lake_elevation_m": 75.5, "new_site_elevation_m": 196.8, "head_m": 121.3, "distance_m": 1775.1, "direction": "higher", "volume_million_m3": 1.67, "basin_volume_million_m3": 2.475, "empirical_volume_million_m3": 4.582, "lake_volume_million_m3": 1.67, "limited_by_existing_lake": true, "surface_area_km2": 0.2317, "storage_mwh": 469.2, "estimated_mw": 58.6, "score": 58.648, "implied_flow_m3_s": 58.0, "flow_limited": false, "basin_bounded": false, "dam_start_lon": 27.420318, "dam_start_lat": 47.408871, "dam_end_lon": 27.415432, "dam_end_lat": 47.406085 }, "geometry": { "type": "LineString", "coordinates": [ [ 27.395669059288476, 47.402150457359092 ], [ 27.417875116730478, 47.407477791970024 ] ] } },
{ "type": "Feature", "properties": { "type": "lake-new", "rank": 123, "lake_id": 1350449, "lake_elevation_m": 80.0, "new_site_elevation_m": 196.3, "head_m": 116.3, "distance_m": 1155.6, "direction": "higher", "volume_million_m3": 1.74, "basin_volume_million_m3": 3.331, "empirical_volume_million_m3": 13.236, "lake_volume_million_m3": 1.74, "limited_by_existing_lake": true, "surface_area_km2": 0.7112, "storage_mwh": 468.5, "estimated_mw": 58.6, "score": 58.5665, "implied_flow_m3_s": 60.4, "flow_limited": false, "basin_bounded": false, "dam_start_lon": 27.068023, "dam_start_lat": 47.356296, "dam_end_lon": 27.058843, "dam_end_lat": 47.352695 }, "geometry": { "type": "LineString", "coordinates": [ [ 27.077316284492067, 47.35889023718785 ], [ 27.063433002058101, 47.35449534957656 ] ] } },
{ "type": "Feature", "properties": { "type": "lake-new", "rank": 124, "lake_id": 1354562, "lake_elevation_m": 157.0, "new_site_elevation_m": 361.3, "head_m": 204.3, "distance_m": 1791.7, "direction": "higher", "volume_million_m3": 0.98, "basin_volume_million_m3": 6.011, "empirical_volume_million_m3": 6.246, "lake_volume_million_m3": 0.98, "limited_by_existing_lake": true, "surface_area_km2": 0.3215, "storage_mwh": 463.7, "estimated_mw": 58.0, "score": 57.9646, "implied_flow_m3_s": 34.0, "flow_limited": false, "basin_bounded": false, "dam_start_lon": 27.25858, "dam_start_lat": 46.342957, "dam_end_lon": 27.262819, "dam_end_lat": 46.347126 }, "geometry": { "type": "LineString", "coordinates": [ [ 27.243526206398354, 46.334158409548266 ], [ 27.260699663954071, 46.345041299714751 ] ] } },
{ "type": "Feature", "properties": { "type": "lake-new", "rank": 125, "lake_id": 1360090, "lake_elevation_m": 9.0, "new_site_elevation_m": 114.2, "head_m": 105.2, "distance_m": 1459.4, "direction": "higher", "volume_million_m3": 1.9, "basin_volume_million_m3": 1.921, "empirical_volume_million_m3": 4.205, "lake_volume_million_m3": 1.9, "limited_by_existing_lake": true, "surface_area_km2": 0.2116, "storage_mwh": 462.8, "estimated_mw": 57.8, "score": 57.8465, "implied_flow_m3_s": 66.0, "flow_limited": false, "basin_bounded": false, "dam_start_lon": 28.158697, "dam_start_lat": 44.99778, "dam_end_lon": 28.153244, "dam_end_lat": 44.999268 }, "geometry": { "type": "LineString", "coordinates": [ [ 28.160410989162628, 45.011252400469907 ], [ 28.155970143047718, 44.998524179525283 ] ] } },
{ "type": "Feature", "properties": { "type": "lake-new", "rank": 126, "lake_id": 169290, "lake_elevation_m": 117.5, "new_site_elevation_m": 218.1, "head_m": 100.6, "distance_m": 1554.3, "direction": "higher", "volume_million_m3": 1.972, "basin_volume_million_m3": 1.972, "empirical_volume_million_m3": 6.352, "lake_volume_million_m3": 47.0, "limited_by_existing_lake": false, "surface_area_km2": 0.3272, "storage_mwh": 459.6, "estimated_mw": 57.5, "score": 57.4546, "implied_flow_m3_s": 68.5, "flow_limited": false, "basin_bounded": false, "dam_start_lon": 27.8048, "dam_start_lat": 46.814624, "dam_end_lon": 27.806409, "dam_end_lat": 46.819643 }, "geometry": { "type": "LineString", "coordinates": [ [ 27.792825220472128, 46.806250273954838 ], [ 27.805604532991953, 46.817133164121323 ] ] } },
{ "type": "Feature", "properties": { "type": "lake-new", "rank": 127, "lake_id": 1347990, "lake_elevation_m": 81.5, "new_site_elevation_m": 191.7, "head_m": 110.2, "distance_m": 1953.8, "direction": "higher", "volume_million_m3": 1.8, "basin_volume_million_m3": 20.973, "empirical_volume_million_m3": 11.798, "lake_volume_million_m3": 1.8, "limited_by_existing_lake": true, "surface_area_km2": 0.6298, "storage_mwh": 459.5, "estimated_mw": 57.4, "score": 57.4342, "implied_flow_m3_s": 62.5, "flow_limited": false, "basin_bounded": false, "dam_start_lon": 26.942646, "dam_start_lat": 47.918682, "dam_end_lon": 26.934016, "dam_end_lat": 47.914512 }, "geometry": { "type": "LineString", "coordinates": [ [ 26.953895029105873, 47.930713846635335 ], [ 26.938330921986985, 47.916596736801822 ] ] } },
{ "type": "Feature", "properties": { "type": "lake-new", "rank": 128, "lake_id": 1351965, "lake_elevation_m": 282.0, "new_site_elevation_m": 452.6, "head_m": 170.6, "distance_m": 805.8, "direction": "higher", "volume_million_m3": 1.14, "basin_volume_million_m3": 17.773, "empirical_volume_million_m3": 9.813, "lake_volume_million_m3": 1.14, "limited_by_existing_lake": true, "surface_area_km2": 0.5183, "storage_mwh": 450.4, "estimated_mw": 56.3, "score": 56.3049, "implied_flow_m3_s": 39.6, "flow_limited": false, "basin_bounded": false, "dam_start_lon": 23.960801, "dam_start_lat": 46.953645, "dam_end_lon": 23.97018, "dam_end_lat": 46.952734 }, "geometry": { "type": "LineString", "coordinates": [ [ 23.969446138927303, 46.946473076909996 ], [ 23.965490104278679, 46.953189300409818 ] ] } },
{ "type": "Feature", "properties": { "type": "lake-new", "rank": 129, "lake_id": 1352316, "lake_elevation_m": 133.5, "new_site_elevation_m": 286.2, "head_m": 152.7, "distance_m": 1225.5, "direction": "higher", "volume_million_m3": 1.27, "basin_volume_million_m3": 3.32, "empirical_volume_million_m3": 4.627, "lake_volume_million_m3": 1.27, "limited_by_existing_lake": true, "surface_area_km2": 0.2341, "storage_mwh": 449.2, "estimated_mw": 56.2, "score": 56.1513, "implied_flow_m3_s": 44.1, "flow_limited": false, "basin_bounded": false, "dam_start_lon": 27.459036, "dam_start_lat": 46.859271, "dam_end_lon": 27.461336, "dam_end_lat": 46.863323 }, "geometry": { "type": "LineString", "coordinates": [ [ 27.447430538156851, 46.854580826867604 ], [ 27.460186236875735, 46.861297050367426 ] ] } },
{ "type": "Feature", "properties": { "type": "lake-new", "rank": 130, "lake_id": 1353052, "lake_elevation_m": 343.5, "new_site_elevation_m": 488.6, "head_m": 145.1, "distance_m": 1083.4, "direction": "higher", "volume_million_m3": 1.32, "basin_volume_million_m3": 2.624, "empirical_volume_million_m3": 3.242, "lake_volume_million_m3": 1.32, "limited_by_existing_lake": true, "surface_area_km2": 0.1607, "storage_mwh": 443.6, "estimated_mw": 55.5, "score": 55.4501, "implied_flow_m3_s": 45.8, "flow_limited": false, "basin_bounded": false, "dam_start_lon": 24.587262, "dam_start_lat": 46.68035, "dam_end_lon": 24.591379, "dam_end_lat": 46.682584 }, "geometry": { "type": "LineString", "coordinates": [ [ 24.586198439506958, 46.67197263235019 ], [ 24.589320816611636, 46.681466633627785 ] ] } },
{ "type": "Feature", "properties": { "type": "lake-new", "rank": 131, "lake_id": 1353154, "lake_elevation_m": 307.5, "new_site_elevation_m": 431.1, "head_m": 123.6, "distance_m": 1248.0, "direction": "higher", "volume_million_m3": 1.52, "basin_volume_million_m3": 1.944, "empirical_volume_million_m3": 3.319, "lake_volume_million_m3": 1.52, "limited_by_existing_lake": true, "surface_area_km2": 0.1647, "storage_mwh": 435.3, "estimated_mw": 54.4, "score": 54.4122, "implied_flow_m3_s": 52.8, "flow_limited": false, "basin_bounded": false, "dam_start_lon": 24.218585, "dam_start_lat": 46.661198, "dam_end_lon": 24.222698, "dam_end_lat": 46.663504 }, "geometry": { "type": "LineString", "coordinates": [ [ 24.211954617714458, 46.65285701600169 ], [ 24.220641806456829, 46.662351017279285 ] ] } },
{ "type": "Feature", "properties": { "type": "lake-new", "rank": 132, "lake_id": 1348079, "lake_elevation_m": 101.7, "new_site_elevation_m": 214.1, "head_m": 112.4, "distance_m": 1749.9, "direction": "higher", "volume_million_m3": 1.67, "basin_volume_million_m3": 2.248, "empirical_volume_million_m3": 7.34, "lake_volume_million_m3": 1.67, "limited_by_existing_lake": true, "surface_area_km2": 0.3813, "storage_mwh": 434.9, "estimated_mw": 54.4, "score": 54.3566, "implied_flow_m3_s": 58.0, "flow_limited": false, "basin_bounded": false, "dam_start_lon": 27.105598, "dam_start_lat": 47.914636, "dam_end_lon": 27.101424, "dam_end_lat": 47.919426 }, "geometry": { "type": "LineString", "coordinates": [ [ 27.080179959768955, 47.918647900884132 ], [ 27.103510995656507, 47.917030791050614 ] ] } },
{ "type": "Feature", "properties": { "type": "lake-new", "rank": 133, "lake_id": 1354652, "lake_elevation_m": 136.5, "new_site_elevation_m": 300.8, "head_m": 164.3, "distance_m": 1428.1, "direction": "higher", "volume_million_m3": 1.14, "basin_volume_million_m3": 1.94, "empirical_volume_million_m3": 5.579, "lake_volume_million_m3": 1.14, "limited_by_existing_lake": true, "surface_area_km2": 0.2853, "storage_mwh": 433.9, "estimated_mw": 54.2, "score": 54.2432, "implied_flow_m3_s": 39.6, "flow_limited": false, "basin_bounded": false, "dam_start_lon": 27.415892, "dam_start_lat": 46.316228, "dam_end_lon": 27.409172, "dam_end_lat": 46.315012 }, "geometry": { "type": "LineString", "coordinates": [ [ 27.393961116500922, 46.315848174575088 ], [ 27.412532170901912, 46.31561995363046 ] ] } },
{ "type": "Feature", "properties": { "type": "lake-new", "rank": 134, "lake_id": 1355338, "lake_elevation_m": 93.5, "new_site_elevation_m": 249.4, "head_m": 155.9, "distance_m": 1636.6, "direction": "higher", "volume_million_m3": 1.2, "basin_volume_million_m3": 1.436, "empirical_volume_million_m3": 3.898, "lake_volume_million_m3": 1.2, "limited_by_existing_lake": true, "surface_area_km2": 0.1953, "storage_mwh": 433.2, "estimated_mw": 54.2, "score": 54.153, "implied_flow_m3_s": 41.7, "flow_limited": false, "basin_bounded": false, "dam_start_lon": 27.20373, "dam_start_lat": 46.190753, "dam_end_lon": 27.209432, "dam_end_lat": 46.191169 }, "geometry": { "type": "LineString", "coordinates": [ [ 27.194888940874758, 46.178689239973323 ], [ 27.206580511681285, 46.190961019028698 ] ] } },
{ "type": "Feature", "properties": { "type": "lake-new", "rank": 135, "lake_id": 1351868, "lake_elevation_m": 326.0, "new_site_elevation_m": 480.0, "head_m": 154.0, "distance_m": 921.9, "direction": "higher", "volume_million_m3": 1.2, "basin_volume_million_m3": 31.647, "empirical_volume_million_m3": 12.176, "lake_volume_million_m3": 1.2, "limited_by_existing_lake": true, "surface_area_km2": 0.6511, "storage_mwh": 428.1, "estimated_mw": 53.5, "score": 53.518, "implied_flow_m3_s": 41.7, "flow_limited": false, "basin_bounded": false, "dam_start_lon": 24.201287, "dam_start_lat": 46.967901, "dam_end_lon": 24.210796, "dam_end_lat": 46.970989 }, "geometry": { "type": "LineString", "coordinates": [ [ 24.194732496058389, 46.972450849600186 ], [ 24.206041458576074, 46.969444850877785 ] ] } },
{ "type": "Feature", "properties": { "type": "lake-new", "rank": 136, "lake_id": 1352143, "lake_elevation_m": 148.0, "new_site_elevation_m": 307.0, "head_m": 159.0, "distance_m": 1652.4, "direction": "higher", "volume_million_m3": 1.145, "basin_volume_million_m3": 1.145, "empirical_volume_million_m3": 2.539, "lake_volume_million_m3": 1.15, "limited_by_existing_lake": false, "surface_area_km2": 0.1241, "storage_mwh": 421.8, "estimated_mw": 52.7, "score": 52.7269, "implied_flow_m3_s": 39.8, "flow_limited": false, "basin_bounded": false, "dam_start_lon": 27.695202, "dam_start_lat": 46.887629, "dam_end_lon": 27.690818, "dam_end_lat": 46.886607 }, "geometry": { "type": "LineString", "coordinates": [ [ 27.699721444902973, 46.901235292665184 ], [ 27.693009846194016, 46.887118182831671 ] ] } },
{ "type": "Feature", "properties": { "type": "lake-new", "rank": 137, "lake_id": 1352819, "lake_elevation_m": 113.0, "new_site_elevation_m": 222.8, "head_m": 109.8, "distance_m": 1193.1, "direction": "higher", "volume_million_m3": 1.62, "basin_volume_million_m3": 1.787, "empirical_volume_million_m3": 5.757, "lake_volume_million_m3": 1.62, "limited_by_existing_lake": true, "surface_area_km2": 0.2949, "storage_mwh": 412.2, "estimated_mw": 51.5, "score": 51.5189, "implied_flow_m3_s": 56.2, "flow_limited": false, "basin_bounded": false, "dam_start_lon": 27.734776, "dam_start_lat": 46.724539, "dam_end_lon": 27.731996, "dam_end_lat": 46.720048 }, "geometry": { "type": "LineString", "coordinates": [ [ 27.742791906752089, 46.730855128779616 ], [ 27.733385712488534, 46.722293574501656 ] ] } },
{ "type": "Feature", "properties": { "type": "lake-new", "rank": 138, "lake_id": 1353135, "lake_elevation_m": 311.5, "new_site_elevation_m": 412.7, "head_m": 101.2, "distance_m": 1639.2, "direction": "higher", "volume_million_m3": 1.748, "basin_volume_million_m3": 1.748, "empirical_volume_million_m3": 3.368, "lake_volume_million_m3": 2.03, "limited_by_existing_lake": false, "surface_area_km2": 0.1674, "storage_mwh": 409.8, "estimated_mw": 51.2, "score": 51.2198, "implied_flow_m3_s": 60.7, "flow_limited": false, "basin_bounded": false, "dam_start_lon": 24.235415, "dam_start_lat": 46.664049, "dam_end_lon": 24.236803, "dam_end_lat": 46.6605 }, "geometry": { "type": "LineString", "coordinates": [ [ 24.255201131406071, 46.65555852266894 ], [ 24.236109234832508, 46.662274746168762 ] ] } },
{ "type": "Feature", "properties": { "type": "lake-new", "rank": 139, "lake_id": 1360317, "lake_elevation_m": 1.0, "new_site_elevation_m": 107.5, "head_m": 106.5, "distance_m": 1996.2, "direction": "higher", "volume_million_m3": 1.61, "basin_volume_million_m3": 2.98, "empirical_volume_million_m3": 2.899, "lake_volume_million_m3": 1.61, "limited_by_existing_lake": true, "surface_area_km2": 0.1428, "storage_mwh": 397.2, "estimated_mw": 49.6, "score": 49.647, "implied_flow_m3_s": 55.9, "flow_limited": false, "basin_bounded": false, "dam_start_lon": 28.689201, "dam_start_lat": 44.92941, "dam_end_lon": 28.68966, "dam_end_lat": 44.926031 }, "geometry": { "type": "LineString", "coordinates": [ [ 28.710505442917562, 44.937670651137488 ], [ 28.689430516728599, 44.927720207970637 ] ] } },
{ "type": "Feature", "properties": { "type": "lake-new", "rank": 140, "lake_id": 1352754, "lake_elevation_m": 368.5, "new_site_elevation_m": 480.8, "head_m": 112.3, "distance_m": 1146.1, "direction": "higher", "volume_million_m3": 1.52, "basin_volume_million_m3": 1.875, "empirical_volume_million_m3": 3.35, "lake_volume_million_m3": 1.52, "limited_by_existing_lake": true, "surface_area_km2": 0.1664, "storage_mwh": 395.3, "estimated_mw": 49.4, "score": 49.4181, "implied_flow_m3_s": 52.8, "flow_limited": false, "basin_bounded": false, "dam_start_lon": 24.525154, "dam_start_lat": 46.739301, "dam_end_lon": 24.521031, "dam_end_lat": 46.736967 }, "geometry": { "type": "LineString", "coordinates": [ [ 24.526951294148255, 46.748084244315834 ], [ 24.523092278375298, 46.738133801148983 ] ] } },
{ "type": "Feature", "properties": { "type": "lake-new", "rank": 141, "lake_id": 168929, "lake_elevation_m": 43.0, "new_site_elevation_m": 148.3, "head_m": 105.3, "distance_m": 1983.6, "direction": "higher", "volume_million_m3": 1.62, "basin_volume_million_m3": 11.608, "empirical_volume_million_m3": 12.857, "lake_volume_million_m3": 1.62, "limited_by_existing_lake": true, "surface_area_km2": 0.6897, "storage_mwh": 395.0, "estimated_mw": 49.4, "score": 49.3805, "implied_flow_m3_s": 56.2, "flow_limited": false, "basin_bounded": false, "dam_start_lon": 27.365705, "dam_start_lat": 47.378295, "dam_end_lon": 27.374509, "dam_end_lat": 47.382306 }, "geometry": { "type": "LineString", "coordinates": [ [ 27.349273056402502, 47.369417643445523 ], [ 27.370106702825453, 47.380300533612008 ] ] } },
{ "type": "Feature", "properties": { "type": "lake-new", "rank": 142, "lake_id": 1352328, "lake_elevation_m": 314.0, "new_site_elevation_m": 471.3, "head_m": 157.3, "distance_m": 1250.4, "direction": "higher", "volume_million_m3": 1.08, "basin_volume_million_m3": 6.945, "empirical_volume_million_m3": 6.838, "lake_volume_million_m3": 1.08, "limited_by_existing_lake": true, "surface_area_km2": 0.3538, "storage_mwh": 393.4, "estimated_mw": 49.2, "score": 49.1777, "implied_flow_m3_s": 37.5, "flow_limited": false, "basin_bounded": false, "dam_start_lon": 23.710217, "dam_start_lat": 46.855385, "dam_end_lon": 23.716711, "dam_end_lat": 46.858355 }, "geometry": { "type": "LineString", "coordinates": [ [ 23.70209458718826, 46.848764673843817 ], [ 23.713464241967731, 46.856869786232522 ] ] } },
{ "type": "Feature", "properties": { "type": "lake-new", "rank": 143, "lake_id": 1354925, "lake_elevation_m": 85.5, "new_site_elevation_m": 207.7, "head_m": 122.2, "distance_m": 1589.9, "direction": "higher", "volume_million_m3": 1.39, "basin_volume_million_m3": 2.504, "empirical_volume_million_m3": 3.856, "lake_volume_million_m3": 1.39, "limited_by_existing_lake": true, "surface_area_km2": 0.1931, "storage_mwh": 393.3, "estimated_mw": 49.2, "score": 49.1663, "implied_flow_m3_s": 48.3, "flow_limited": false, "basin_bounded": false, "dam_start_lon": 27.5403, "dam_start_lat": 46.267652, "dam_end_lon": 27.545288, "dam_end_lat": 46.269571 }, "geometry": { "type": "LineString", "coordinates": [ [ 27.553361544522694, 46.256339966242059 ], [ 27.542794174569696, 46.268611745297434 ] ] } },
{ "type": "Feature", "properties": { "type": "lake-new", "rank": 144, "lake_id": 1349264, "lake_elevation_m": 83.0, "new_site_elevation_m": 185.5, "head_m": 102.5, "distance_m": 1994.3, "direction": "higher", "volume_million_m3": 1.615, "basin_volume_million_m3": 1.615, "empirical_volume_million_m3": 3.271, "lake_volume_million_m3": 5.02, "limited_by_existing_lake": false, "surface_area_km2": 0.1622, "storage_mwh": 383.6, "estimated_mw": 47.9, "score": 47.9457, "implied_flow_m3_s": 56.1, "flow_limited": false, "basin_bounded": false, "dam_start_lon": 26.907549, "dam_start_lat": 47.691239, "dam_end_lon": 26.911476, "dam_end_lat": 47.693709 }, "geometry": { "type": "LineString", "coordinates": [ [ 26.906889309983921, 47.674646687319466 ], [ 26.909512609010111, 47.692474021930394 ] ] } },
{ "type": "Feature", "properties": { "type": "lake-new", "rank": 145, "lake_id": 1352295, "lake_elevation_m": 318.0, "new_site_elevation_m": 484.4, "head_m": 166.4, "distance_m": 1398.8, "direction": "higher", "volume_million_m3": 0.98, "basin_volume_million_m3": 1.02, "empirical_volume_million_m3": 2.019, "lake_volume_million_m3": 0.98, "limited_by_existing_lake": true, "surface_area_km2": 0.0974, "storage_mwh": 377.8, "estimated_mw": 47.2, "score": 47.2211, "implied_flow_m3_s": 34.0, "flow_limited": false, "basin_bounded": false, "dam_start_lon": 23.712162, "dam_start_lat": 46.866358, "dam_end_lon": 23.709078, "dam_end_lat": 46.86451 }, "geometry": { "type": "LineString", "coordinates": [ [ 23.695088287392291, 46.858717644491939 ], [ 23.710619739840276, 46.865433867991761 ] ] } },
{ "type": "Feature", "properties": { "type": "lake-new", "rank": 146, "lake_id": 1351410, "lake_elevation_m": 67.3, "new_site_elevation_m": 169.8, "head_m": 102.5, "distance_m": 1672.4, "direction": "higher", "volume_million_m3": 1.58, "basin_volume_million_m3": 1.7, "empirical_volume_million_m3": 4.593, "lake_volume_million_m3": 1.58, "limited_by_existing_lake": true, "surface_area_km2": 0.2323, "storage_mwh": 375.0, "estimated_mw": 46.9, "score": 46.8767, "implied_flow_m3_s": 54.9, "flow_limited": false, "basin_bounded": false, "dam_start_lon": 27.52933, "dam_start_lat": 47.103343, "dam_end_lon": 27.529767, "dam_end_lat": 47.107662 }, "geometry": { "type": "LineString", "coordinates": [ [ 27.546087853365314, 47.115452829836741 ], [ 27.529548363423874, 47.10550238666989 ] ] } },
{ "type": "Feature", "properties": { "type": "lake-new", "rank": 147, "lake_id": 1358102, "lake_elevation_m": 462.0, "new_site_elevation_m": 601.1, "head_m": 139.1, "distance_m": 1944.3, "direction": "higher", "volume_million_m3": 1.16, "basin_volume_million_m3": 4.602, "empirical_volume_million_m3": 4.785, "lake_volume_million_m3": 1.16, "limited_by_existing_lake": true, "surface_area_km2": 0.2426, "storage_mwh": 373.8, "estimated_mw": 46.7, "score": 46.7299, "implied_flow_m3_s": 40.3, "flow_limited": false, "basin_bounded": false, "dam_start_lon": 22.873614, "dam_start_lat": 45.500799, "dam_end_lon": 22.867329, "dam_end_lat": 45.50122 }, "geometry": { "type": "LineString", "coordinates": [ [ 22.848747356846204, 45.509571419481837 ], [ 22.870471371491394, 45.501009865203876 ] ] } },
{ "type": "Feature", "properties": { "type": "lake-new", "rank": 148, "lake_id": 1359605, "lake_elevation_m": 38.5, "new_site_elevation_m": 142.9, "head_m": 104.4, "distance_m": 1946.7, "direction": "higher", "volume_million_m3": 1.51, "basin_volume_million_m3": 2.267, "empirical_volume_million_m3": 1.907, "lake_volume_million_m3": 1.51, "limited_by_existing_lake": true, "surface_area_km2": 0.0917, "storage_mwh": 365.0, "estimated_mw": 45.6, "score": 45.6253, "implied_flow_m3_s": 52.4, "flow_limited": false, "basin_bounded": false, "dam_start_lon": 28.714242, "dam_start_lat": 45.148643, "dam_end_lon": 28.71707, "dam_end_lat": 45.146793 }, "geometry": { "type": "LineString", "coordinates": [ [ 28.732663421800886, 45.160445899828275 ], [ 28.715656116721238, 45.147717678883652 ] ] } },
{ "type": "Feature", "properties": { "type": "lake-new", "rank": 149, "lake_id": 1352017, "lake_elevation_m": 179.0, "new_site_elevation_m": 331.6, "head_m": 152.6, "distance_m": 1801.8, "direction": "higher", "volume_million_m3": 1.03, "basin_volume_million_m3": 10.457, "empirical_volume_million_m3": 9.908, "lake_volume_million_m3": 1.03, "limited_by_existing_lake": true, "surface_area_km2": 0.5236, "storage_mwh": 364.0, "estimated_mw": 45.5, "score": 45.4953, "implied_flow_m3_s": 35.8, "flow_limited": false, "basin_bounded": false, "dam_start_lon": 27.669206, "dam_start_lat": 46.949494, "dam_end_lon": 27.676686, "dam_end_lat": 46.953515 }, "geometry": { "type": "LineString", "coordinates": [ [ 27.660230988470147, 46.937844127840371 ], [ 27.672945861839594, 46.951504795784636 ] ] } },
{ "type": "Feature", "properties": { "type": "lake-new", "rank": 150, "lake_id": 1351939, "lake_elevation_m": 328.0, "new_site_elevation_m": 482.3, "head_m": 154.3, "distance_m": 1597.5, "direction": "higher", "volume_million_m3": 1.01, "basin_volume_million_m3": 6.724, "empirical_volume_million_m3": 5.999, "lake_volume_million_m3": 1.01, "limited_by_existing_lake": true, "surface_area_km2": 0.3081, "storage_mwh": 360.9, "estimated_mw": 45.1, "score": 45.1146, "implied_flow_m3_s": 35.1, "flow_limited": false, "basin_bounded": false, "dam_start_lon": 24.205721, "dam_start_lat": 46.944979, "dam_end_lon": 24.204012, "dam_end_lat": 46.949826 }, "geometry": { "type": "LineString", "coordinates": [ [ 24.187993901607602, 46.955963923799004 ], [ 24.204866533027023, 46.947402369521043 ] ] } },
{ "type": "Feature", "properties": { "type": "lake-new", "rank": 151, "lake_id": 1354121, "lake_elevation_m": 139.5, "new_site_elevation_m": 326.5, "head_m": 187.0, "distance_m": 1185.2, "direction": "higher", "volume_million_m3": 0.81, "basin_volume_million_m3": 3.364, "empirical_volume_million_m3": 7.007, "lake_volume_million_m3": 0.81, "limited_by_existing_lake": true, "surface_area_km2": 0.3631, "storage_mwh": 350.8, "estimated_mw": 43.8, "score": 43.8485, "implied_flow_m3_s": 28.1, "flow_limited": false, "basin_bounded": false, "dam_start_lon": 27.614813, "dam_start_lat": 46.440905, "dam_end_lon": 27.610264, "dam_end_lat": 46.436492 }, "geometry": { "type": "LineString", "coordinates": [ [ 27.627360960014791, 46.44170457755073 ], [ 27.612538654720154, 46.43869857882833 ] ] } },
{ "type": "Feature", "properties": { "type": "lake-new", "rank": 152, "lake_id": 169512, "lake_elevation_m": 97.5, "new_site_elevation_m": 198.6, "head_m": 101.1, "distance_m": 1787.4, "direction": "higher", "volume_million_m3": 1.484, "basin_volume_million_m3": 1.484, "empirical_volume_million_m3": 3.945, "lake_volume_million_m3": 40.9, "limited_by_existing_lake": false, "surface_area_km2": 0.1978, "storage_mwh": 347.6, "estimated_mw": 43.5, "score": 43.4537, "implied_flow_m3_s": 51.5, "flow_limited": false, "basin_bounded": false, "dam_start_lon": 27.864076, "dam_start_lat": 46.593148, "dam_end_lon": 27.866074, "dam_end_lat": 46.589396 }, "geometry": { "type": "LineString", "coordinates": [ [ 27.843855004769718, 46.584556038108822 ], [ 27.865075188772376, 46.591272261608644 ] ] } },
{ "type": "Feature", "properties": { "type": "lake-new", "rank": 153, "lake_id": 1352236, "lake_elevation_m": 24.8, "new_site_elevation_m": 158.5, "head_m": 133.6, "distance_m": 1851.4, "direction": "higher", "volume_million_m3": 1.1, "basin_volume_million_m3": 2.171, "empirical_volume_million_m3": 7.585, "lake_volume_million_m3": 1.1, "limited_by_existing_lake": true, "surface_area_km2": 0.3948, "storage_mwh": 340.5, "estimated_mw": 42.6, "score": 42.5598, "implied_flow_m3_s": 38.2, "flow_limited": false, "basin_bounded": false, "dam_start_lon": 28.07198, "dam_start_lat": 46.889586, "dam_end_lon": 28.073814, "dam_end_lat": 46.884083 }, "geometry": { "type": "LineString", "coordinates": [ [ 28.089317953544189, 46.874562787301251 ], [ 28.072897204734208, 46.886834566356626 ] ] } },
{ "type": "Feature", "properties": { "type": "lake-new", "rank": 154, "lake_id": 1353321, "lake_elevation_m": 514.5, "new_site_elevation_m": 697.2, "head_m": 182.7, "distance_m": 1959.5, "direction": "higher", "volume_million_m3": 0.8, "basin_volume_million_m3": 1.529, "empirical_volume_million_m3": 1.976, "lake_volume_million_m3": 0.8, "limited_by_existing_lake": true, "surface_area_km2": 0.0952, "storage_mwh": 338.6, "estimated_mw": 42.3, "score": 42.3249, "implied_flow_m3_s": 27.8, "flow_limited": false, "basin_bounded": false, "dam_start_lon": 23.550882, "dam_start_lat": 46.607577, "dam_end_lon": 23.546978, "dam_end_lat": 46.60828 }, "geometry": { "type": "LineString", "coordinates": [ [ 23.561061496726097, 46.623434444465893 ], [ 23.548929580538172, 46.607928445743489 ] ] } },
{ "type": "Feature", "properties": { "type": "lake-new", "rank": 155, "lake_id": 1360914, "lake_elevation_m": 87.9, "new_site_elevation_m": 211.3, "head_m": 123.4, "distance_m": 1866.0, "direction": "higher", "volume_million_m3": 1.18, "basin_volume_million_m3": 3.383, "empirical_volume_million_m3": 2.504, "lake_volume_million_m3": 1.18, "limited_by_existing_lake": true, "surface_area_km2": 0.1223, "storage_mwh": 337.4, "estimated_mw": 42.2, "score": 42.1719, "implied_flow_m3_s": 41.0, "flow_limited": false, "basin_bounded": false, "dam_start_lon": 21.678446, "dam_start_lat": 44.698948, "dam_end_lon": 21.678268, "dam_end_lat": 44.702087 }, "geometry": { "type": "LineString", "coordinates": [ [ 21.654883799157847, 44.702134778103833 ], [ 21.67835678837567, 44.700517668270315 ] ] } },
{ "type": "Feature", "properties": { "type": "lake-new", "rank": 156, "lake_id": 168587, "lake_elevation_m": 113.4, "new_site_elevation_m": 214.2, "head_m": 100.8, "distance_m": 1972.7, "direction": "higher", "volume_million_m3": 1.428, "basin_volume_million_m3": 1.428, "empirical_volume_million_m3": 3.907, "lake_volume_million_m3": 7.63, "limited_by_existing_lake": false, "surface_area_km2": 0.1958, "storage_mwh": 333.7, "estimated_mw": 41.7, "score": 41.7079, "implied_flow_m3_s": 49.6, "flow_limited": false, "basin_bounded": false, "dam_start_lon": 26.656123, "dam_start_lat": 47.983909, "dam_end_lon": 26.650866, "dam_end_lat": 47.982057 }, "geometry": { "type": "LineString", "coordinates": [ [ 26.666316073542685, 47.998489051040337 ], [ 26.653494537963724, 47.982983052317934 ] ] } },
{ "type": "Feature", "properties": { "type": "lake-new", "rank": 157, "lake_id": 1349368, "lake_elevation_m": 74.5, "new_site_elevation_m": 175.9, "head_m": 101.4, "distance_m": 1845.2, "direction": "higher", "volume_million_m3": 1.42, "basin_volume_million_m3": 1.76, "empirical_volume_million_m3": 4.96, "lake_volume_million_m3": 1.42, "limited_by_existing_lake": true, "surface_area_km2": 0.2519, "storage_mwh": 333.6, "estimated_mw": 41.7, "score": 41.7054, "implied_flow_m3_s": 49.3, "flow_limited": false, "basin_bounded": false, "dam_start_lon": 26.956437, "dam_start_lat": 47.643281, "dam_end_lon": 26.962309, "dam_end_lat": 47.645443 }, "geometry": { "type": "LineString", "coordinates": [ [ 26.942838864059812, 47.632090279464762 ], [ 26.959372787492313, 47.644362058520137 ] ] } },
{ "type": "Feature", "properties": { "type": "lake-new", "rank": 158, "lake_id": 1360411, "lake_elevation_m": 287.3, "new_site_elevation_m": 395.4, "head_m": 108.1, "distance_m": 1429.2, "direction": "higher", "volume_million_m3": 1.32, "basin_volume_million_m3": 1.455, "empirical_volume_million_m3": 2.679, "lake_volume_million_m3": 1.32, "limited_by_existing_lake": true, "surface_area_km2": 0.1314, "storage_mwh": 330.5, "estimated_mw": 41.3, "score": 41.3148, "implied_flow_m3_s": 45.8, "flow_limited": false, "basin_bounded": false, "dam_start_lon": 24.845237, "dam_start_lat": 44.918284, "dam_end_lon": 24.846341, "dam_end_lat": 44.915123 }, "geometry": { "type": "LineString", "coordinates": [ [ 24.840459937976888, 44.904431700357698 ], [ 24.845788579866884, 44.916703479413073 ] ] } },
{ "type": "Feature", "properties": { "type": "lake-new", "rank": 159, "lake_id": 1352184, "lake_elevation_m": 286.0, "new_site_elevation_m": 514.4, "head_m": 228.4, "distance_m": 1950.3, "direction": "higher", "volume_million_m3": 0.62, "basin_volume_million_m3": 1.661, "empirical_volume_million_m3": 2.742, "lake_volume_million_m3": 0.62, "limited_by_existing_lake": true, "surface_area_km2": 0.1346, "storage_mwh": 328.0, "estimated_mw": 41.0, "score": 40.9992, "implied_flow_m3_s": 21.5, "flow_limited": false, "basin_bounded": false, "dam_start_lon": 24.092989, "dam_start_lat": 46.89824, "dam_end_lon": 24.097494, "dam_end_lat": 46.899415 }, "geometry": { "type": "LineString", "coordinates": [ [ 24.07694584562946, 46.886555698954552 ], [ 24.095241443662225, 46.898827478009927 ] ] } },
{ "type": "Feature", "properties": { "type": "lake-new", "rank": 160, "lake_id": 168961, "lake_elevation_m": 40.0, "new_site_elevation_m": 147.7, "head_m": 107.7, "distance_m": 1926.5, "direction": "higher", "volume_million_m3": 1.29, "basin_volume_million_m3": 1.904, "empirical_volume_million_m3": 2.407, "lake_volume_million_m3": 1.29, "limited_by_existing_lake": true, "surface_area_km2": 0.1173, "storage_mwh": 321.8, "estimated_mw": 40.2, "score": 40.2278, "implied_flow_m3_s": 44.8, "flow_limited": false, "basin_bounded": false, "dam_start_lon": 27.530974, "dam_start_lat": 47.308512, "dam_end_lon": 27.526509, "dam_end_lat": 47.307956 }, "geometry": { "type": "LineString", "coordinates": [ [ 27.534274692739537, 47.325128789761131 ], [ 27.528741699214308, 47.308233902149837 ] ] } },
{ "type": "Feature", "properties": { "type": "lake-new", "rank": 161, "lake_id": 1353082, "lake_elevation_m": 340.0, "new_site_elevation_m": 480.7, "head_m": 140.7, "distance_m": 1438.5, "direction": "higher", "volume_million_m3": 0.97, "basin_volume_million_m3": 1.113, "empirical_volume_million_m3": 1.625, "lake_volume_million_m3": 0.97, "limited_by_existing_lake": true, "surface_area_km2": 0.0774, "storage_mwh": 316.2, "estimated_mw": 39.5, "score": 39.528, "implied_flow_m3_s": 33.7, "flow_limited": false, "basin_bounded": false, "dam_start_lon": 24.577661, "dam_start_lat": 46.660772, "dam_end_lon": 24.575927, "dam_end_lat": 46.658573 }, "geometry": { "type": "LineString", "coordinates": [ [ 24.5945012693598, 46.664067383401694 ], [ 24.576794142124154, 46.659672495790403 ] ] } },
{ "type": "Feature", "properties": { "type": "lake-new", "rank": 162, "lake_id": 1353609, "lake_elevation_m": 211.6, "new_site_elevation_m": 370.0, "head_m": 158.4, "distance_m": 1152.9, "direction": "higher", "volume_million_m3": 0.86, "basin_volume_million_m3": 1.572, "empirical_volume_million_m3": 2.859, "lake_volume_million_m3": 0.86, "limited_by_existing_lake": true, "surface_area_km2": 0.1407, "storage_mwh": 315.5, "estimated_mw": 39.4, "score": 39.4406, "implied_flow_m3_s": 29.9, "flow_limited": false, "basin_bounded": false, "dam_start_lon": 27.221821, "dam_start_lat": 46.551864, "dam_end_lon": 27.225425, "dam_end_lat": 46.554147 }, "geometry": { "type": "LineString", "coordinates": [ [ 27.238499626268254, 46.554622735568032 ], [ 27.223623121630126, 46.553005625734514 ] ] } },
{ "type": "Feature", "properties": { "type": "lake-new", "rank": 163, "lake_id": 1355297, "lake_elevation_m": 283.0, "new_site_elevation_m": 409.7, "head_m": 126.7, "distance_m": 957.1, "direction": "higher", "volume_million_m3": 1.06, "basin_volume_million_m3": 1.141, "empirical_volume_million_m3": 2.004, "lake_volume_million_m3": 1.06, "limited_by_existing_lake": true, "surface_area_km2": 0.0967, "storage_mwh": 311.1, "estimated_mw": 38.9, "score": 38.8866, "implied_flow_m3_s": 36.8, "flow_limited": false, "basin_bounded": false, "dam_start_lon": 22.735169, "dam_start_lat": 46.186196, "dam_end_lon": 22.738568, "dam_end_lat": 46.184693 }, "geometry": { "type": "LineString", "coordinates": [ [ 22.74462144917992, 46.178728418540253 ], [ 22.736868557053892, 46.185444642040075 ] ] } },
{ "type": "Feature", "properties": { "type": "lake-new", "rank": 164, "lake_id": 1359373, "lake_elevation_m": 12.1, "new_site_elevation_m": 188.4, "head_m": 176.3, "distance_m": 1980.5, "direction": "higher", "volume_million_m3": 0.76, "basin_volume_million_m3": 30.459, "empirical_volume_million_m3": 9.613, "lake_volume_million_m3": 0.76, "limited_by_existing_lake": true, "surface_area_km2": 0.5071, "storage_mwh": 310.4, "estimated_mw": 38.8, "score": 38.803, "implied_flow_m3_s": 26.4, "flow_limited": false, "basin_bounded": true, "dam_start_lon": 28.201081, "dam_start_lat": 45.227184, "dam_end_lon": 28.209549, "dam_end_lat": 45.224871 }, "geometry": { "type": "LineString", "coordinates": [ [ 28.180682975638067, 45.222089247510951 ], [ 28.205314725735732, 45.226027693232993 ] ] } },
{ "type": "Feature", "properties": { "type": "lake-new", "rank": 165, "lake_id": 1359465, "lake_elevation_m": 462.2, "new_site_elevation_m": 643.2, "head_m": 181.0, "distance_m": 1891.4, "direction": "higher", "volume_million_m3": 0.74, "basin_volume_million_m3": 1.157, "empirical_volume_million_m3": 1.545, "lake_volume_million_m3": 0.74, "limited_by_existing_lake": true, "surface_area_km2": 0.0734, "storage_mwh": 310.3, "estimated_mw": 38.8, "score": 38.7814, "implied_flow_m3_s": 25.7, "flow_limited": false, "basin_bounded": false, "dam_start_lon": 24.641591, "dam_start_lat": 45.20988, "dam_end_lon": 24.644539, "dam_end_lat": 45.208611 }, "geometry": { "type": "LineString", "coordinates": [ [ 24.664257506412397, 45.201140480453134 ], [ 24.643065316638332, 45.209245592841839 ] ] } },
{ "type": "Feature", "properties": { "type": "lake-new", "rank": 166, "lake_id": 1352670, "lake_elevation_m": 341.0, "new_site_elevation_m": 467.9, "head_m": 126.9, "distance_m": 870.8, "direction": "higher", "volume_million_m3": 1.05, "basin_volume_million_m3": 1.384, "empirical_volume_million_m3": 2.278, "lake_volume_million_m3": 1.05, "limited_by_existing_lake": true, "surface_area_km2": 0.1107, "storage_mwh": 308.6, "estimated_mw": 38.6, "score": 38.5723, "implied_flow_m3_s": 36.5, "flow_limited": false, "basin_bounded": false, "dam_start_lon": 23.986741, "dam_start_lat": 46.77219, "dam_end_lon": 23.98733, "dam_end_lat": 46.769229 }, "geometry": { "type": "LineString", "coordinates": [ [ 23.981180063522007, 46.76399342192245 ], [ 23.987035527817785, 46.770709645422272 ] ] } },
{ "type": "Feature", "properties": { "type": "lake-new", "rank": 167, "lake_id": 1352010, "lake_elevation_m": 280.5, "new_site_elevation_m": 446.5, "head_m": 166.0, "distance_m": 1221.9, "direction": "higher", "volume_million_m3": 0.8, "basin_volume_million_m3": 2.113, "empirical_volume_million_m3": 4.326, "lake_volume_million_m3": 0.8, "limited_by_existing_lake": true, "surface_area_km2": 0.2181, "storage_mwh": 307.5, "estimated_mw": 38.4, "score": 38.4428, "implied_flow_m3_s": 27.8, "flow_limited": false, "basin_bounded": false, "dam_start_lon": 24.072718, "dam_start_lat": 46.943105, "dam_end_lon": 24.074562, "dam_end_lat": 46.947107 }, "geometry": { "type": "LineString", "coordinates": [ [ 24.060925484184398, 46.938389662340384 ], [ 24.073640089467698, 46.945105885840206 ] ] } },
{ "type": "Feature", "properties": { "type": "lake-new", "rank": 168, "lake_id": 1356426, "lake_elevation_m": 330.6, "new_site_elevation_m": 481.2, "head_m": 150.6, "distance_m": 1533.9, "direction": "higher", "volume_million_m3": 0.88, "basin_volume_million_m3": 1.224, "empirical_volume_million_m3": 1.959, "lake_volume_million_m3": 0.88, "limited_by_existing_lake": true, "surface_area_km2": 0.0944, "storage_mwh": 307.0, "estimated_mw": 38.4, "score": 38.3729, "implied_flow_m3_s": 30.6, "flow_limited": false, "basin_bounded": false, "dam_start_lon": 22.990221, "dam_start_lat": 45.975104, "dam_end_lon": 22.994032, "dam_end_lat": 45.975877 }, "geometry": { "type": "LineString", "coordinates": [ [ 22.983111391863062, 45.963218702771179 ], [ 22.992126284740664, 45.975490481826554 ] ] } },
{ "type": "Feature", "properties": { "type": "lake-new", "rank": 169, "lake_id": 1351949, "lake_elevation_m": 304.5, "new_site_elevation_m": 428.4, "head_m": 123.9, "distance_m": 1882.9, "direction": "higher", "volume_million_m3": 1.06, "basin_volume_million_m3": 1.537, "empirical_volume_million_m3": 2.612, "lake_volume_million_m3": 1.06, "limited_by_existing_lake": true, "surface_area_km2": 0.1279, "storage_mwh": 304.2, "estimated_mw": 38.0, "score": 38.0189, "implied_flow_m3_s": 36.8, "flow_limited": false, "basin_bounded": false, "dam_start_lon": 26.632189, "dam_start_lat": 46.938513, "dam_end_lon": 26.62979, "dam_end_lat": 46.935749 }, "geometry": { "type": "LineString", "coordinates": [ [ 26.632171539938131, 46.954025988531932 ], [ 26.630989569003702, 46.937131100920638 ] ] } },
{ "type": "Feature", "properties": { "type": "lake-new", "rank": 170, "lake_id": 1353251, "lake_elevation_m": 516.5, "new_site_elevation_m": 653.8, "head_m": 137.3, "distance_m": 1485.9, "direction": "higher", "volume_million_m3": 0.95, "basin_volume_million_m3": 2.59, "empirical_volume_million_m3": 5.085, "lake_volume_million_m3": 0.95, "limited_by_existing_lake": true, "surface_area_km2": 0.2587, "storage_mwh": 302.1, "estimated_mw": 37.8, "score": 37.7685, "implied_flow_m3_s": 33.0, "flow_limited": false, "basin_bounded": false, "dam_start_lon": 23.659934, "dam_start_lat": 46.63976, "dam_end_lon": 23.666523, "dam_end_lat": 46.639124 }, "geometry": { "type": "LineString", "coordinates": [ [ 23.682311123681988, 46.636892717868612 ], [ 23.663228257566235, 46.639442274701764 ] ] } },
{ "type": "Feature", "properties": { "type": "lake-new", "rank": 171, "lake_id": 1350114, "lake_elevation_m": 174.6, "new_site_elevation_m": 295.4, "head_m": 120.8, "distance_m": 1658.4, "direction": "higher", "volume_million_m3": 1.07, "basin_volume_million_m3": 1.516, "empirical_volume_million_m3": 2.988, "lake_volume_million_m3": 1.07, "limited_by_existing_lake": true, "surface_area_km2": 0.1475, "storage_mwh": 299.4, "estimated_mw": 37.4, "score": 37.4196, "implied_flow_m3_s": 37.2, "flow_limited": false, "basin_bounded": false, "dam_start_lon": 23.169499, "dam_start_lat": 47.42367, "dam_end_lon": 23.17114, "dam_end_lat": 47.426936 }, "geometry": { "type": "LineString", "coordinates": [ [ 23.152295658916668, 47.433864605288271 ], [ 23.170319056813852, 47.42530305101031 ] ] } },
{ "type": "Feature", "properties": { "type": "lake-new", "rank": 172, "lake_id": 1353130, "lake_elevation_m": 29.6, "new_site_elevation_m": 138.0, "head_m": 108.4, "distance_m": 1880.9, "direction": "higher", "volume_million_m3": 1.192, "basin_volume_million_m3": 1.192, "empirical_volume_million_m3": 2.525, "lake_volume_million_m3": 1.21, "limited_by_existing_lake": false, "surface_area_km2": 0.1234, "storage_mwh": 299.2, "estimated_mw": 37.4, "score": 37.4053, "implied_flow_m3_s": 41.4, "flow_limited": false, "basin_bounded": false, "dam_start_lon": 28.152539, "dam_start_lat": 46.641433, "dam_end_lon": 28.150622, "dam_end_lat": 46.638565 }, "geometry": { "type": "LineString", "coordinates": [ [ 28.151228604464873, 46.656893858401638 ], [ 28.151580505959103, 46.639998970790344 ] ] } },
{ "type": "Feature", "properties": { "type": "lake-new", "rank": 173, "lake_id": 1356331, "lake_elevation_m": 270.0, "new_site_elevation_m": 393.3, "head_m": 123.3, "distance_m": 1246.9, "direction": "higher", "volume_million_m3": 1.04, "basin_volume_million_m3": 6.689, "empirical_volume_million_m3": 7.499, "lake_volume_million_m3": 1.04, "limited_by_existing_lake": true, "surface_area_km2": 0.39, "storage_mwh": 297.1, "estimated_mw": 37.1, "score": 37.1417, "implied_flow_m3_s": 36.1, "flow_limited": false, "basin_bounded": false, "dam_start_lon": 23.670743, "dam_start_lat": 45.979822, "dam_end_lon": 23.662669, "dam_end_lat": 45.979773 }, "geometry": { "type": "LineString", "coordinates": [ [ 23.65075519250902, 45.981414482958165 ], [ 23.666706036866685, 45.979797373124647 ] ] } },
{ "type": "Feature", "properties": { "type": "lake-new", "rank": 174, "lake_id": 1356485, "lake_elevation_m": 283.0, "new_site_elevation_m": 391.0, "head_m": 108.0, "distance_m": 1442.7, "direction": "higher", "volume_million_m3": 1.18, "basin_volume_million_m3": 25.432, "empirical_volume_million_m3": 13.334, "lake_volume_million_m3": 1.18, "limited_by_existing_lake": true, "surface_area_km2": 0.7168, "storage_mwh": 295.2, "estimated_mw": 36.9, "score": 36.9008, "implied_flow_m3_s": 41.0, "flow_limited": false, "basin_bounded": false, "dam_start_lon": 23.778038, "dam_start_lat": 45.930905, "dam_end_lon": 23.768261, "dam_end_lat": 45.933235 }, "geometry": { "type": "LineString", "coordinates": [ [ 23.764125270319198, 45.943409328677269 ], [ 23.773149400010418, 45.932069996621536 ] ] } },
{ "type": "Feature", "properties": { "type": "lake-new", "rank": 175, "lake_id": 1359166, "lake_elevation_m": 141.7, "new_site_elevation_m": 321.0, "head_m": 179.3, "distance_m": 1929.0, "direction": "higher", "volume_million_m3": 0.71, "basin_volume_million_m3": 7.599, "empirical_volume_million_m3": 3.857, "lake_volume_million_m3": 0.71, "limited_by_existing_lake": true, "surface_area_km2": 0.1931, "storage_mwh": 294.9, "estimated_mw": 36.9, "score": 36.8619, "implied_flow_m3_s": 24.7, "flow_limited": false, "basin_bounded": false, "dam_start_lon": 26.678054, "dam_start_lat": 45.259985, "dam_end_lon": 26.68145, "dam_end_lat": 45.263127 }, "geometry": { "type": "LineString", "coordinates": [ [ 26.694033511738642, 45.275672711875693 ], [ 26.679752298969976, 45.261555602042179 ] ] } },
{ "type": "Feature", "properties": { "type": "lake-new", "rank": 176, "lake_id": 1351045, "lake_elevation_m": 55.0, "new_site_elevation_m": 163.3, "head_m": 108.3, "distance_m": 1121.5, "direction": "higher", "volume_million_m3": 1.17, "basin_volume_million_m3": 28.858, "empirical_volume_million_m3": 23.594, "lake_volume_million_m3": 1.17, "limited_by_existing_lake": true, "surface_area_km2": 1.3104, "storage_mwh": 293.5, "estimated_mw": 36.7, "score": 36.6903, "implied_flow_m3_s": 40.6, "flow_limited": false, "basin_bounded": false, "dam_start_lon": 27.601231, "dam_start_lat": 47.204811, "dam_end_lon": 27.611807, "dam_end_lat": 47.204897 }, "geometry": { "type": "LineString", "coordinates": [ [ 27.593933960835756, 47.199526316561538 ], [ 27.606519332200577, 47.204853651172471 ] ] } },
{ "type": "Feature", "properties": { "type": "lake-new", "rank": 177, "lake_id": 1351902, "lake_elevation_m": 279.0, "new_site_elevation_m": 446.0, "head_m": 167.0, "distance_m": 1930.9, "direction": "higher", "volume_million_m3": 0.74, "basin_volume_million_m3": 10.986, "empirical_volume_million_m3": 7.632, "lake_volume_million_m3": 0.74, "limited_by_existing_lake": true, "surface_area_km2": 0.3974, "storage_mwh": 286.3, "estimated_mw": 35.8, "score": 35.7873, "implied_flow_m3_s": 25.7, "flow_limited": false, "basin_bounded": false, "dam_start_lon": 23.909434, "dam_start_lat": 46.948462, "dam_end_lon": 23.904296, "dam_end_lat": 46.952908 }, "geometry": { "type": "LineString", "coordinates": [ [ 23.901109158617366, 46.967579871821435 ], [ 23.906864963373479, 46.950684984210142 ] ] } },
{ "type": "Feature", "properties": { "type": "lake-new", "rank": 178, "lake_id": 169670, "lake_elevation_m": 109.0, "new_site_elevation_m": 268.9, "head_m": 159.9, "distance_m": 1965.0, "direction": "higher", "volume_million_m3": 0.77, "basin_volume_million_m3": 1.164, "empirical_volume_million_m3": 0.982, "lake_volume_million_m3": 0.77, "limited_by_existing_lake": true, "surface_area_km2": 0.0455, "storage_mwh": 285.2, "estimated_mw": 35.6, "score": 35.6467, "implied_flow_m3_s": 26.7, "flow_limited": false, "basin_bounded": false, "dam_start_lon": 21.843456, "dam_start_lat": 46.39087, "dam_end_lon": 21.842177, "dam_end_lat": 46.392571 }, "geometry": { "type": "LineString", "coordinates": [ [ 21.835400831908558, 46.408614957909478 ], [ 21.842816569720842, 46.391720070298184 ] ] } },
{ "type": "Feature", "properties": { "type": "lake-new", "rank": 179, "lake_id": 1350397, "lake_elevation_m": 43.0, "new_site_elevation_m": 157.0, "head_m": 114.0, "distance_m": 1846.5, "direction": "higher", "volume_million_m3": 1.07, "basin_volume_million_m3": 4.59, "empirical_volume_million_m3": 9.74, "lake_volume_million_m3": 1.07, "limited_by_existing_lake": true, "surface_area_km2": 0.5142, "storage_mwh": 282.6, "estimated_mw": 35.3, "score": 35.3253, "implied_flow_m3_s": 37.2, "flow_limited": false, "basin_bounded": false, "dam_start_lon": 27.373747, "dam_start_lat": 47.377685, "dam_end_lon": 27.382121, "dam_end_lat": 47.380739 }, "geometry": { "type": "LineString", "coordinates": [ [ 27.364043051903646, 47.365551306554188 ], [ 27.377934198293978, 47.379211974498453 ] ] } },
{ "type": "Feature", "properties": { "type": "lake-new", "rank": 180, "lake_id": 1351958, "lake_elevation_m": 290.5, "new_site_elevation_m": 405.7, "head_m": 115.2, "distance_m": 1800.4, "direction": "higher", "volume_million_m3": 1.05, "basin_volume_million_m3": 1.127, "empirical_volume_million_m3": 1.759, "lake_volume_million_m3": 1.05, "limited_by_existing_lake": true, "surface_area_km2": 0.0842, "storage_mwh": 280.1, "estimated_mw": 35.0, "score": 35.0154, "implied_flow_m3_s": 36.5, "flow_limited": false, "basin_bounded": false, "dam_start_lon": 26.655907, "dam_start_lat": 46.935929, "dam_end_lon": 26.652296, "dam_end_lat": 46.936777 }, "geometry": { "type": "LineString", "coordinates": [ [ 26.660837722144006, 46.951859014180187 ], [ 26.654101261394523, 46.936353015457783 ] ] } },
{ "type": "Feature", "properties": { "type": "lake-new", "rank": 181, "lake_id": 1352361, "lake_elevation_m": 125.0, "new_site_elevation_m": 260.8, "head_m": 135.8, "distance_m": 1993.6, "direction": "higher", "volume_million_m3": 0.89, "basin_volume_million_m3": 7.462, "empirical_volume_million_m3": 9.421, "lake_volume_million_m3": 0.89, "limited_by_existing_lake": true, "surface_area_km2": 0.4964, "storage_mwh": 279.9, "estimated_mw": 35.0, "score": 34.9894, "implied_flow_m3_s": 30.9, "flow_limited": false, "basin_bounded": false, "dam_start_lon": 27.460455, "dam_start_lat": 46.852336, "dam_end_lon": 27.469216, "dam_end_lat": 46.854372 }, "geometry": { "type": "LineString", "coordinates": [ [ 27.447905634109322, 46.839693190765345 ], [ 27.464835279956411, 46.85335385870961 ] ] } },
{ "type": "Feature", "properties": { "type": "lake-new", "rank": 182, "lake_id": 1352293, "lake_elevation_m": 170.5, "new_site_elevation_m": 320.9, "head_m": 150.4, "distance_m": 1053.3, "direction": "higher", "volume_million_m3": 0.79, "basin_volume_million_m3": 4.936, "empirical_volume_million_m3": 7.505, "lake_volume_million_m3": 0.79, "limited_by_existing_lake": true, "surface_area_km2": 0.3904, "storage_mwh": 275.2, "estimated_mw": 34.4, "score": 34.4041, "implied_flow_m3_s": 27.4, "flow_limited": false, "basin_bounded": false, "dam_start_lon": 27.155232, "dam_start_lat": 46.854615, "dam_end_lon": 27.149516, "dam_end_lat": 46.850588 }, "geometry": { "type": "LineString", "coordinates": [ [ 27.166007020398808, 46.854218480540688 ], [ 27.152374007495062, 46.85260137070717 ] ] } },
{ "type": "Feature", "properties": { "type": "lake-new", "rank": 183, "lake_id": 1347931, "lake_elevation_m": 107.0, "new_site_elevation_m": 207.6, "head_m": 100.6, "distance_m": 1957.9, "direction": "higher", "volume_million_m3": 1.139, "basin_volume_million_m3": 1.139, "empirical_volume_million_m3": 5.336, "lake_volume_million_m3": 2.67, "limited_by_existing_lake": false, "surface_area_km2": 0.2722, "storage_mwh": 265.6, "estimated_mw": 33.2, "score": 33.2011, "implied_flow_m3_s": 39.6, "flow_limited": false, "basin_bounded": false, "dam_start_lon": 26.748777, "dam_start_lat": 47.966474, "dam_end_lon": 26.755421, "dam_end_lat": 47.967944 }, "geometry": { "type": "LineString", "coordinates": [ [ 26.738507437796834, 47.952159212390377 ], [ 26.752098871468437, 47.967208769223532 ] ] } },
{ "type": "Feature", "properties": { "type": "lake-new", "rank": 184, "lake_id": 1350071, "lake_elevation_m": 173.2, "new_site_elevation_m": 287.3, "head_m": 114.1, "distance_m": 1873.9, "direction": "higher", "volume_million_m3": 0.96, "basin_volume_million_m3": 1.065, "empirical_volume_million_m3": 2.15, "lake_volume_million_m3": 0.96, "limited_by_existing_lake": true, "surface_area_km2": 0.1041, "storage_mwh": 253.7, "estimated_mw": 31.7, "score": 31.7142, "implied_flow_m3_s": 33.3, "flow_limited": false, "basin_bounded": false, "dam_start_lon": 23.169006, "dam_start_lat": 47.424554, "dam_end_lon": 23.170414, "dam_end_lat": 47.427292 }, "geometry": { "type": "LineString", "coordinates": [ [ 23.160024152149692, 47.441428655748531 ], [ 23.169710398248892, 47.425922657026128 ] ] } },
{ "type": "Feature", "properties": { "type": "lake-new", "rank": 185, "lake_id": 1349710, "lake_elevation_m": 56.0, "new_site_elevation_m": 167.1, "head_m": 111.1, "distance_m": 1673.6, "direction": "higher", "volume_million_m3": 0.98, "basin_volume_million_m3": 1.253, "empirical_volume_million_m3": 3.879, "lake_volume_million_m3": 0.98, "limited_by_existing_lake": true, "surface_area_km2": 0.1943, "storage_mwh": 252.2, "estimated_mw": 31.5, "score": 31.5209, "implied_flow_m3_s": 34.0, "flow_limited": false, "basin_bounded": false, "dam_start_lon": 27.31322, "dam_start_lat": 47.530727, "dam_end_lon": 27.315515, "dam_end_lat": 47.534371 }, "geometry": { "type": "LineString", "coordinates": [ [ 27.292227920671696, 47.534166068792445 ], [ 27.314367224153624, 47.532548958958927 ] ] } },
{ "type": "Feature", "properties": { "type": "lake-new", "rank": 186, "lake_id": 1356427, "lake_elevation_m": 303.0, "new_site_elevation_m": 431.8, "head_m": 128.8, "distance_m": 1162.7, "direction": "higher", "volume_million_m3": 0.84, "basin_volume_million_m3": 8.122, "empirical_volume_million_m3": 7.67, "lake_volume_million_m3": 0.84, "limited_by_existing_lake": true, "surface_area_km2": 0.3995, "storage_mwh": 250.6, "estimated_mw": 31.3, "score": 31.3264, "implied_flow_m3_s": 29.2, "flow_limited": false, "basin_bounded": false, "dam_start_lon": 23.810139, "dam_start_lat": 45.974631, "dam_end_lon": 23.805311, "dam_end_lat": 45.970051 }, "geometry": { "type": "LineString", "coordinates": [ [ 23.813987754120205, 45.962846927033922 ], [ 23.807725042662732, 45.972340928311517 ] ] } },
{ "type": "Feature", "properties": { "type": "lake-new", "rank": 187, "lake_id": 1352350, "lake_elevation_m": 310.0, "new_site_elevation_m": 459.1, "head_m": 149.1, "distance_m": 1226.1, "direction": "higher", "volume_million_m3": 0.72, "basin_volume_million_m3": 3.142, "empirical_volume_million_m3": 4.726, "lake_volume_million_m3": 0.72, "limited_by_existing_lake": true, "surface_area_km2": 0.2394, "storage_mwh": 248.7, "estimated_mw": 31.1, "score": 31.0849, "implied_flow_m3_s": 25.0, "flow_limited": false, "basin_bounded": false, "dam_start_lon": 23.723509, "dam_start_lat": 46.849862, "dam_end_lon": 23.721162, "dam_end_lat": 46.845771 }, "geometry": { "type": "LineString", "coordinates": [ [ 23.709573425472026, 46.841100511330893 ], [ 23.722335716682753, 46.847816734830715 ] ] } },
{ "type": "Feature", "properties": { "type": "lake-new", "rank": 188, "lake_id": 1352784, "lake_elevation_m": 139.0, "new_site_elevation_m": 325.5, "head_m": 186.5, "distance_m": 1539.4, "direction": "higher", "volume_million_m3": 0.57, "basin_volume_million_m3": 17.757, "empirical_volume_million_m3": 15.689, "lake_volume_million_m3": 0.57, "limited_by_existing_lake": true, "surface_area_km2": 0.8513, "storage_mwh": 246.2, "estimated_mw": 30.8, "score": 30.7806, "implied_flow_m3_s": 19.8, "flow_limited": false, "basin_bounded": false, "dam_start_lon": 27.904474, "dam_start_lat": 46.7358, "dam_end_lon": 27.911565, "dam_end_lat": 46.730506 }, "geometry": { "type": "LineString", "coordinates": [ [ 27.927151295932415, 46.737548148060249 ], [ 27.908019626113614, 46.733153260448958 ] ] } },
{ "type": "Feature", "properties": { "type": "lake-new", "rank": 189, "lake_id": 1352114, "lake_elevation_m": 335.5, "new_site_elevation_m": 515.5, "head_m": 180.0, "distance_m": 1628.9, "direction": "higher", "volume_million_m3": 0.59, "basin_volume_million_m3": 0.86, "empirical_volume_million_m3": 1.953, "lake_volume_million_m3": 0.59, "limited_by_existing_lake": true, "surface_area_km2": 0.0941, "storage_mwh": 245.9, "estimated_mw": 30.7, "score": 30.7437, "implied_flow_m3_s": 20.5, "flow_limited": false, "basin_bounded": false, "dam_start_lon": 24.413003, "dam_start_lat": 46.899939, "dam_end_lon": 24.410169, "dam_end_lat": 46.901899 }, "geometry": { "type": "LineString", "coordinates": [ [ 24.391911637348262, 46.906702749830728 ], [ 24.4115862456324, 46.900918973330548 ] ] } },
{ "type": "Feature", "properties": { "type": "lake-new", "rank": 190, "lake_id": 1352387, "lake_elevation_m": 151.5, "new_site_elevation_m": 346.8, "head_m": 195.3, "distance_m": 1989.6, "direction": "higher", "volume_million_m3": 0.54, "basin_volume_million_m3": 1.088, "empirical_volume_million_m3": 2.148, "lake_volume_million_m3": 0.54, "limited_by_existing_lake": true, "surface_area_km2": 0.104, "storage_mwh": 244.3, "estimated_mw": 30.5, "score": 30.5313, "implied_flow_m3_s": 18.8, "flow_limited": false, "basin_bounded": false, "dam_start_lon": 27.928701, "dam_start_lat": 46.830151, "dam_end_lon": 27.92522, "dam_end_lat": 46.828501 }, "geometry": { "type": "LineString", "coordinates": [ [ 27.953081722301707, 46.829554154969358 ], [ 27.926960767535242, 46.82932593402473 ] ] } },
{ "type": "Feature", "properties": { "type": "lake-new", "rank": 191, "lake_id": 1350421, "lake_elevation_m": 43.0, "new_site_elevation_m": 151.9, "head_m": 108.9, "distance_m": 1789.4, "direction": "higher", "volume_million_m3": 0.93, "basin_volume_million_m3": 1.11, "empirical_volume_million_m3": 3.388, "lake_volume_million_m3": 0.93, "limited_by_existing_lake": true, "surface_area_km2": 0.1684, "storage_mwh": 234.5, "estimated_mw": 29.3, "score": 29.3125, "implied_flow_m3_s": 32.3, "flow_limited": false, "basin_bounded": false, "dam_start_lon": 27.388867, "dam_start_lat": 47.378751, "dam_end_lon": 27.388457, "dam_end_lat": 47.375075 }, "geometry": { "type": "LineString", "coordinates": [ [ 27.380324700545025, 47.361863395563653 ], [ 27.388662145681678, 47.376912952396808 ] ] } },
{ "type": "Feature", "properties": { "type": "lake-new", "rank": 192, "lake_id": 1347037, "lake_elevation_m": 138.0, "new_site_elevation_m": 255.4, "head_m": 117.4, "distance_m": 1821.2, "direction": "higher", "volume_million_m3": 0.85, "basin_volume_million_m3": 0.934, "empirical_volume_million_m3": 3.583, "lake_volume_million_m3": 0.85, "limited_by_existing_lake": true, "surface_area_km2": 0.1786, "storage_mwh": 231.2, "estimated_mw": 28.9, "score": 28.9012, "implied_flow_m3_s": 29.5, "flow_limited": false, "basin_bounded": false, "dam_start_lon": 26.506554, "dam_start_lat": 48.158622, "dam_end_lon": 26.511767, "dam_end_lat": 48.1571 }, "geometry": { "type": "LineString", "coordinates": [ [ 26.495669087442455, 48.144200019977838 ], [ 26.509160308522059, 48.157860687922103 ] ] } },
{ "type": "Feature", "properties": { "type": "lake-new", "rank": 193, "lake_id": 1350145, "lake_elevation_m": 69.5, "new_site_elevation_m": 197.1, "head_m": 127.6, "distance_m": 1578.8, "direction": "higher", "volume_million_m3": 0.78, "basin_volume_million_m3": 2.255, "empirical_volume_million_m3": 4.021, "lake_volume_million_m3": 0.78, "limited_by_existing_lake": true, "surface_area_km2": 0.2018, "storage_mwh": 230.5, "estimated_mw": 28.8, "score": 28.8144, "implied_flow_m3_s": 27.1, "flow_limited": false, "basin_bounded": false, "dam_start_lon": 27.418268, "dam_start_lat": 47.425287, "dam_end_lon": 27.414255, "dam_end_lat": 47.4223 }, "geometry": { "type": "LineString", "coordinates": [ [ 27.434347740467832, 47.430966160056705 ], [ 27.41626149002607, 47.423793494667635 ] ] } },
{ "type": "Feature", "properties": { "type": "lake-new", "rank": 194, "lake_id": 1352804, "lake_elevation_m": 221.0, "new_site_elevation_m": 357.9, "head_m": 136.9, "distance_m": 964.2, "direction": "higher", "volume_million_m3": 0.69, "basin_volume_million_m3": 0.86, "empirical_volume_million_m3": 1.882, "lake_volume_million_m3": 0.69, "limited_by_existing_lake": true, "surface_area_km2": 0.0904, "storage_mwh": 218.8, "estimated_mw": 27.4, "score": 27.3505, "implied_flow_m3_s": 24.0, "flow_limited": false, "basin_bounded": false, "dam_start_lon": 27.261114, "dam_start_lat": 46.724069, "dam_end_lon": 27.263345, "dam_end_lat": 46.726296 }, "geometry": { "type": "LineString", "coordinates": [ [ 27.271635727716177, 46.73096598101138 ], [ 27.262229479579222, 46.725182204511199 ] ] } },
{ "type": "Feature", "properties": { "type": "lake-new", "rank": 195, "lake_id": 1352256, "lake_elevation_m": 288.5, "new_site_elevation_m": 431.4, "head_m": 142.9, "distance_m": 1190.3, "direction": "higher", "volume_million_m3": 0.63, "basin_volume_million_m3": 71.608, "empirical_volume_million_m3": 19.133, "lake_volume_million_m3": 0.63, "limited_by_existing_lake": true, "surface_area_km2": 1.05, "storage_mwh": 208.5, "estimated_mw": 26.1, "score": 26.0629, "implied_flow_m3_s": 21.9, "flow_limited": false, "basin_bounded": false, "dam_start_lon": 24.088844, "dam_start_lat": 46.870147, "dam_end_lon": 24.093156, "dam_end_lat": 46.8767 }, "geometry": { "type": "LineString", "coordinates": [ [ 24.083804265642573, 46.863929572719101 ], [ 24.090999834042876, 46.873423573996696 ] ] } },
{ "type": "Feature", "properties": { "type": "lake-new", "rank": 196, "lake_id": 1347143, "lake_elevation_m": 151.0, "new_site_elevation_m": 269.0, "head_m": 118.0, "distance_m": 1203.3, "direction": "higher", "volume_million_m3": 0.75, "basin_volume_million_m3": 1.13, "empirical_volume_million_m3": 3.766, "lake_volume_million_m3": 0.75, "limited_by_existing_lake": true, "surface_area_km2": 0.1883, "storage_mwh": 204.9, "estimated_mw": 25.6, "score": 25.6178, "implied_flow_m3_s": 26.0, "flow_limited": false, "basin_bounded": false, "dam_start_lon": 26.458513, "dam_start_lat": 48.11164, "dam_end_lon": 26.458176, "dam_end_lat": 48.115531 }, "geometry": { "type": "LineString", "coordinates": [ [ 26.446230153496696, 48.120758309804472 ], [ 26.458344774584848, 48.113585644415402 ] ] } },
{ "type": "Feature", "properties": { "type": "lake-new", "rank": 197, "lake_id": 1352022, "lake_elevation_m": 294.5, "new_site_elevation_m": 429.9, "head_m": 135.4, "distance_m": 879.9, "direction": "higher", "volume_million_m3": 0.65, "basin_volume_million_m3": 16.043, "empirical_volume_million_m3": 11.804, "lake_volume_million_m3": 0.65, "limited_by_existing_lake": true, "surface_area_km2": 0.6301, "storage_mwh": 203.8, "estimated_mw": 25.5, "score": 25.4801, "implied_flow_m3_s": 22.6, "flow_limited": false, "basin_bounded": false, "dam_start_lon": 24.123287, "dam_start_lat": 46.933719, "dam_end_lon": 24.118193, "dam_end_lat": 46.939943 }, "geometry": { "type": "LineString", "coordinates": [ [ 24.112188774306777, 46.931503734268638 ], [ 24.120740096225315, 46.93683106887957 ] ] } },
{ "type": "Feature", "properties": { "type": "lake-new", "rank": 198, "lake_id": 168942, "lake_elevation_m": 41.8, "new_site_elevation_m": 149.2, "head_m": 107.4, "distance_m": 1996.9, "direction": "higher", "volume_million_m3": 0.81, "basin_volume_million_m3": 0.958, "empirical_volume_million_m3": 6.552, "lake_volume_million_m3": 0.81, "limited_by_existing_lake": true, "surface_area_km2": 0.3382, "storage_mwh": 201.6, "estimated_mw": 25.2, "score": 25.1975, "implied_flow_m3_s": 28.1, "flow_limited": false, "basin_bounded": false, "dam_start_lon": 27.415162, "dam_start_lat": 47.357124, "dam_end_lon": 27.419857, "dam_end_lat": 47.361268 }, "geometry": { "type": "LineString", "coordinates": [ [ 27.39388911163315, 47.351090811271078 ], [ 27.417509748948586, 47.359195923659783 ] ] } },
{ "type": "Feature", "properties": { "type": "lake-new", "rank": 199, "lake_id": 1352587, "lake_elevation_m": 133.2, "new_site_elevation_m": 257.7, "head_m": 124.5, "distance_m": 1052.0, "direction": "higher", "volume_million_m3": 0.69, "basin_volume_million_m3": 6.743, "empirical_volume_million_m3": 8.049, "lake_volume_million_m3": 0.69, "limited_by_existing_lake": true, "surface_area_km2": 0.4203, "storage_mwh": 198.9, "estimated_mw": 24.9, "score": 24.865, "implied_flow_m3_s": 24.0, "flow_limited": false, "basin_bounded": false, "dam_start_lon": 27.734918, "dam_start_lat": 46.788686, "dam_end_lon": 27.735624, "dam_end_lat": 46.79449 }, "geometry": { "type": "LineString", "coordinates": [ [ 27.72387072769768, 46.78626025170459 ], [ 27.735270900383693, 46.791587586315522 ] ] } },
{ "type": "Feature", "properties": { "type": "lake-new", "rank": 200, "lake_id": 1355943, "lake_elevation_m": 10.3, "new_site_elevation_m": 138.0, "head_m": 127.7, "distance_m": 1973.2, "direction": "higher", "volume_million_m3": 0.67, "basin_volume_million_m3": 4.389, "empirical_volume_million_m3": 6.57, "lake_volume_million_m3": 0.67, "limited_by_existing_lake": true, "surface_area_km2": 0.3391, "storage_mwh": 198.2, "estimated_mw": 24.8, "score": 24.779, "implied_flow_m3_s": 23.3, "flow_limited": false, "basin_bounded": false, "dam_start_lon": 28.06746, "dam_start_lat": 46.053551, "dam_end_lon": 28.070115, "dam_end_lat": 46.048655 }, "geometry": { "type": "LineString", "coordinates": [ [ 28.093144725808521, 46.045776022178096 ], [ 28.06878768553576, 46.051103356789028 ] ] } },
{ "type": "Feature", "properties": { "type": "lake-new", "rank": 201, "lake_id": 1348536, "lake_elevation_m": 108.6, "new_site_elevation_m": 244.6, "head_m": 136.0, "distance_m": 1448.1, "direction": "higher", "volume_million_m3": 0.629, "basin_volume_million_m3": 0.629, "empirical_volume_million_m3": 4.222, "lake_volume_million_m3": 0.63, "limited_by_existing_lake": false, "surface_area_km2": 0.2125, "storage_mwh": 198.2, "estimated_mw": 24.8, "score": 24.772, "implied_flow_m3_s": 21.8, "flow_limited": false, "basin_bounded": false, "dam_start_lon": 27.036238, "dam_start_lat": 47.808562, "dam_end_lon": 27.04204, "dam_end_lat": 47.807158 }, "geometry": { "type": "LineString", "coordinates": [ [ 27.029645485257834, 47.819199342275624 ], [ 27.039139023193616, 47.807860010219891 ] ] } },
{ "type": "Feature", "properties": { "type": "lake-new", "rank": 202, "lake_id": 1354220, "lake_elevation_m": 110.5, "new_site_elevation_m": 271.2, "head_m": 160.7, "distance_m": 1687.2, "direction": "higher", "volume_million_m3": 0.52, "basin_volume_million_m3": 4.699, "empirical_volume_million_m3": 5.777, "lake_volume_million_m3": 0.52, "limited_by_existing_lake": true, "surface_area_km2": 0.296, "storage_mwh": 193.5, "estimated_mw": 24.2, "score": 24.1913, "implied_flow_m3_s": 18.1, "flow_limited": false, "basin_bounded": false, "dam_start_lon": 27.529961, "dam_start_lat": 46.419551, "dam_end_lon": 27.531533, "dam_end_lat": 46.424317 }, "geometry": { "type": "LineString", "coordinates": [ [ 27.513610823316242, 46.412439891235323 ], [ 27.530746955990576, 46.421933892512918 ] ] } },
{ "type": "Feature", "properties": { "type": "lake-new", "rank": 203, "lake_id": 1352863, "lake_elevation_m": 353.5, "new_site_elevation_m": 494.7, "head_m": 141.2, "distance_m": 997.6, "direction": "higher", "volume_million_m3": 0.59, "basin_volume_million_m3": 6.015, "empirical_volume_million_m3": 6.614, "lake_volume_million_m3": 0.59, "limited_by_existing_lake": true, "surface_area_km2": 0.3415, "storage_mwh": 192.9, "estimated_mw": 24.1, "score": 24.1184, "implied_flow_m3_s": 20.5, "flow_limited": false, "basin_bounded": false, "dam_start_lon": 24.553518, "dam_start_lat": 46.724712, "dam_end_lon": 24.559869, "dam_end_lat": 46.727645 }, "geometry": { "type": "LineString", "coordinates": [ [ 24.548038201982237, 46.719461963224823 ], [ 24.556693098568381, 46.726178186724646 ] ] } },
{ "type": "Feature", "properties": { "type": "lake-new", "rank": 204, "lake_id": 1353511, "lake_elevation_m": 105.0, "new_site_elevation_m": 272.6, "head_m": 167.6, "distance_m": 1881.0, "direction": "higher", "volume_million_m3": 0.49, "basin_volume_million_m3": 0.611, "empirical_volume_million_m3": 1.14, "lake_volume_million_m3": 0.49, "limited_by_existing_lake": true, "surface_area_km2": 0.0532, "storage_mwh": 190.2, "estimated_mw": 23.8, "score": 23.7787, "implied_flow_m3_s": 17.0, "flow_limited": false, "basin_bounded": false, "dam_start_lon": 27.741051, "dam_start_lat": 46.561809, "dam_end_lon": 27.739857, "dam_end_lat": 46.559905 }, "geometry": { "type": "LineString", "coordinates": [ [ 27.740064035222201, 46.577751763349475 ], [ 27.740454166353455, 46.560856875738182 ] ] } },
{ "type": "Feature", "properties": { "type": "lake-new", "rank": 205, "lake_id": 1360418, "lake_elevation_m": 148.5, "new_site_elevation_m": 278.0, "head_m": 129.5, "distance_m": 1847.7, "direction": "higher", "volume_million_m3": 0.63, "basin_volume_million_m3": 0.898, "empirical_volume_million_m3": 2.575, "lake_volume_million_m3": 0.63, "limited_by_existing_lake": true, "surface_area_km2": 0.126, "storage_mwh": 188.9, "estimated_mw": 23.6, "score": 23.6136, "implied_flow_m3_s": 21.9, "flow_limited": false, "basin_bounded": false, "dam_start_lon": 23.222094, "dam_start_lat": 44.909557, "dam_end_lon": 23.22347, "dam_end_lat": 44.906521 }, "geometry": { "type": "LineString", "coordinates": [ [ 23.203561578351074, 44.898544722316089 ], [ 23.222781706314095, 44.908038723593684 ] ] } },
{ "type": "Feature", "properties": { "type": "lake-new", "rank": 206, "lake_id": 1352056, "lake_elevation_m": 338.5, "new_site_elevation_m": 533.2, "head_m": 194.7, "distance_m": 1960.3, "direction": "higher", "volume_million_m3": 0.41, "basin_volume_million_m3": 0.746, "empirical_volume_million_m3": 1.344, "lake_volume_million_m3": 0.41, "limited_by_existing_lake": true, "surface_area_km2": 0.0633, "storage_mwh": 184.9, "estimated_mw": 23.1, "score": 23.1089, "implied_flow_m3_s": 14.2, "flow_limited": false, "basin_bounded": false, "dam_start_lon": 24.467438, "dam_start_lat": 46.929089, "dam_end_lon": 24.464934, "dam_end_lat": 46.92761 }, "geometry": { "type": "LineString", "coordinates": [ [ 24.442351709692133, 46.921633053490631 ], [ 24.466185657026013, 46.928349276990453 ] ] } },
{ "type": "Feature", "properties": { "type": "lake-new", "rank": 207, "lake_id": 1360496, "lake_elevation_m": -0.9, "new_site_elevation_m": 155.0, "head_m": 155.9, "distance_m": 1546.4, "direction": "higher", "volume_million_m3": 0.49, "basin_volume_million_m3": 0.695, "empirical_volume_million_m3": 2.563, "lake_volume_million_m3": 0.49, "limited_by_existing_lake": true, "surface_area_km2": 0.1254, "storage_mwh": 176.9, "estimated_mw": 22.1, "score": 22.1156, "implied_flow_m3_s": 17.0, "flow_limited": false, "basin_bounded": false, "dam_start_lon": 28.841973, "dam_start_lat": 44.859492, "dam_end_lon": 28.845925, "dam_end_lat": 44.857983 }, "geometry": { "type": "LineString", "coordinates": [ [ 28.855271908971865, 44.870077021073598 ], [ 28.843949029325589, 44.858737689017865 ] ] } },
{ "type": "Feature", "properties": { "type": "lake-new", "rank": 208, "lake_id": 1349774, "lake_elevation_m": 271.5, "new_site_elevation_m": 372.2, "head_m": 100.7, "distance_m": 1869.5, "direction": "higher", "volume_million_m3": 0.753, "basin_volume_million_m3": 0.753, "empirical_volume_million_m3": 2.786, "lake_volume_million_m3": 1.0, "limited_by_existing_lake": false, "surface_area_km2": 0.1369, "storage_mwh": 175.8, "estimated_mw": 22.0, "score": 21.9772, "implied_flow_m3_s": 26.2, "flow_limited": false, "basin_bounded": false, "dam_start_lon": 26.264189, "dam_start_lat": 47.5312, "dam_end_lon": 26.266603, "dam_end_lat": 47.534097 }, "geometry": { "type": "LineString", "coordinates": [ [ 26.254359653629212, 47.517599258300258 ], [ 26.265396249212941, 47.532648815133413 ] ] } },
{ "type": "Feature", "properties": { "type": "lake-new", "rank": 209, "lake_id": 1353025, "lake_elevation_m": 344.0, "new_site_elevation_m": 501.8, "head_m": 157.8, "distance_m": 919.5, "direction": "higher", "volume_million_m3": 0.48, "basin_volume_million_m3": 0.648, "empirical_volume_million_m3": 1.546, "lake_volume_million_m3": 0.48, "limited_by_existing_lake": true, "surface_area_km2": 0.0735, "storage_mwh": 175.5, "estimated_mw": 21.9, "score": 21.9332, "implied_flow_m3_s": 16.7, "flow_limited": false, "basin_bounded": false, "dam_start_lon": 24.587759, "dam_start_lat": 46.682524, "dam_end_lon": 24.591205, "dam_end_lat": 46.681941 }, "geometry": { "type": "LineString", "coordinates": [ [ 24.578029842723176, 46.679682649975042 ], [ 24.589481817171265, 46.682232206808195 ] ] } },
{ "type": "Feature", "properties": { "type": "lake-new", "rank": 210, "lake_id": 1352625, "lake_elevation_m": 144.0, "new_site_elevation_m": 328.0, "head_m": 184.0, "distance_m": 1800.2, "direction": "higher", "volume_million_m3": 0.41, "basin_volume_million_m3": 0.44, "empirical_volume_million_m3": 1.622, "lake_volume_million_m3": 0.41, "limited_by_existing_lake": true, "surface_area_km2": 0.0773, "storage_mwh": 174.8, "estimated_mw": 21.8, "score": 21.8481, "implied_flow_m3_s": 14.2, "flow_limited": false, "basin_bounded": false, "dam_start_lon": 27.927241, "dam_start_lat": 46.778906, "dam_end_lon": 27.92527, "dam_end_lat": 46.776804 }, "geometry": { "type": "LineString", "coordinates": [ [ 27.949572308392735, 46.775305415442077 ], [ 27.926255597061722, 46.777854972275229 ] ] } },
{ "type": "Feature", "properties": { "type": "lake-new", "rank": 211, "lake_id": 1361845, "lake_elevation_m": 10.0, "new_site_elevation_m": 125.8, "head_m": 115.8, "distance_m": 1838.0, "direction": "higher", "volume_million_m3": 0.64, "basin_volume_million_m3": 1.015, "empirical_volume_million_m3": 3.306, "lake_volume_million_m3": 0.64, "limited_by_existing_lake": true, "surface_area_km2": 0.1641, "storage_mwh": 171.6, "estimated_mw": 21.5, "score": 21.4559, "implied_flow_m3_s": 22.2, "flow_limited": false, "basin_bounded": false, "dam_start_lon": 27.649052, "dam_start_lat": 44.121087, "dam_end_lon": 27.648499, "dam_end_lat": 44.124704 }, "geometry": { "type": "LineString", "coordinates": [ [ 27.626440941638268, 44.118957387256309 ], [ 27.648775832468857, 44.122895832978351 ] ] } },
{ "type": "Feature", "properties": { "type": "lake-new", "rank": 212, "lake_id": 1356651, "lake_elevation_m": 372.0, "new_site_elevation_m": 481.7, "head_m": 109.7, "distance_m": 1990.3, "direction": "higher", "volume_million_m3": 0.67, "basin_volume_million_m3": 1.482, "empirical_volume_million_m3": 3.019, "lake_volume_million_m3": 0.67, "limited_by_existing_lake": true, "surface_area_km2": 0.149, "storage_mwh": 170.2, "estimated_mw": 21.3, "score": 21.2762, "implied_flow_m3_s": 23.3, "flow_limited": false, "basin_bounded": false, "dam_start_lon": 24.028476, "dam_start_lat": 45.916016, "dam_end_lon": 24.027995, "dam_end_lat": 45.912564 }, "geometry": { "type": "LineString", "coordinates": [ [ 24.051138239656034, 45.90618519355715 ], [ 24.028235255766596, 45.914290305945855 ] ] } },
{ "type": "Feature", "properties": { "type": "lake-new", "rank": 213, "lake_id": 1351969, "lake_elevation_m": 276.0, "new_site_elevation_m": 378.3, "head_m": 102.3, "distance_m": 1574.1, "direction": "higher", "volume_million_m3": 0.684, "basin_volume_million_m3": 0.684, "empirical_volume_million_m3": 1.694, "lake_volume_million_m3": 1.24, "limited_by_existing_lake": false, "surface_area_km2": 0.0809, "storage_mwh": 162.1, "estimated_mw": 20.3, "score": 20.2599, "implied_flow_m3_s": 23.7, "flow_limited": false, "basin_bounded": false, "dam_start_lon": 26.695282, "dam_start_lat": 46.935941, "dam_end_lon": 26.693912, "dam_end_lat": 46.933563 }, "geometry": { "type": "LineString", "coordinates": [ [ 26.695776691732757, 46.948869154748451 ], [ 26.694597256779286, 46.934752044914937 ] ] } },
{ "type": "Feature", "properties": { "type": "lake-new", "rank": 214, "lake_id": 1350823, "lake_elevation_m": 85.0, "new_site_elevation_m": 185.2, "head_m": 100.2, "distance_m": 1338.7, "direction": "higher", "volume_million_m3": 0.698, "basin_volume_million_m3": 0.698, "empirical_volume_million_m3": 2.372, "lake_volume_million_m3": 1.29, "limited_by_existing_lake": false, "surface_area_km2": 0.1155, "storage_mwh": 161.9, "estimated_mw": 20.2, "score": 20.2392, "implied_flow_m3_s": 24.2, "flow_limited": false, "basin_bounded": false, "dam_start_lon": 27.04222, "dam_start_lat": 47.242242, "dam_end_lon": 27.041078, "dam_end_lat": 47.245196 }, "geometry": { "type": "LineString", "coordinates": [ [ 27.054090010698541, 47.252280568017227 ], [ 27.041649053321002, 47.243719013739266 ] ] } },
{ "type": "Feature", "properties": { "type": "lake-new", "rank": 215, "lake_id": 1356619, "lake_elevation_m": 182.9, "new_site_elevation_m": 307.5, "head_m": 124.5, "distance_m": 1676.2, "direction": "higher", "volume_million_m3": 0.56, "basin_volume_million_m3": 1.685, "empirical_volume_million_m3": 2.544, "lake_volume_million_m3": 0.56, "limited_by_existing_lake": true, "surface_area_km2": 0.1244, "storage_mwh": 161.5, "estimated_mw": 20.2, "score": 20.1923, "implied_flow_m3_s": 19.4, "flow_limited": false, "basin_bounded": false, "dam_start_lon": 22.928744, "dam_start_lat": 45.927682, "dam_end_lon": 22.924445, "dam_end_lat": 45.928726 }, "geometry": { "type": "LineString", "coordinates": [ [ 22.927278560473294, 45.913154199811984 ], [ 22.926594556764954, 45.928203756645139 ] ] } },
{ "type": "Feature", "properties": { "type": "lake-new", "rank": 216, "lake_id": 1352613, "lake_elevation_m": 220.0, "new_site_elevation_m": 320.3, "head_m": 100.3, "distance_m": 1701.5, "direction": "higher", "volume_million_m3": 0.69, "basin_volume_million_m3": 0.744, "empirical_volume_million_m3": 3.199, "lake_volume_million_m3": 0.69, "limited_by_existing_lake": true, "surface_area_km2": 0.1585, "storage_mwh": 160.2, "estimated_mw": 20.0, "score": 20.0282, "implied_flow_m3_s": 24.0, "flow_limited": false, "basin_bounded": false, "dam_start_lon": 27.031283, "dam_start_lat": 46.793635, "dam_end_lon": 27.035549, "dam_end_lat": 46.795697 }, "geometry": { "type": "LineString", "coordinates": [ [ 27.023402054852813, 46.781005627345763 ], [ 27.033415899577669, 46.794666295290028 ] ] } },
{ "type": "Feature", "properties": { "type": "lake-new", "rank": 217, "lake_id": 1347518, "lake_elevation_m": 111.6, "new_site_elevation_m": 231.4, "head_m": 119.8, "distance_m": 1931.1, "direction": "higher", "volume_million_m3": 0.57, "basin_volume_million_m3": 3.124, "empirical_volume_million_m3": 7.649, "lake_volume_million_m3": 0.57, "limited_by_existing_lake": true, "surface_area_km2": 0.3983, "storage_mwh": 158.2, "estimated_mw": 19.8, "score": 19.7748, "implied_flow_m3_s": 19.8, "flow_limited": false, "basin_bounded": false, "dam_start_lon": 26.860253, "dam_start_lat": 48.03107, "dam_end_lon": 26.855291, "dam_end_lat": 48.026473 }, "geometry": { "type": "LineString", "coordinates": [ [ 26.880335821638461, 48.037332953785011 ], [ 26.857771827465342, 48.02877139950705 ] ] } },
{ "type": "Feature", "properties": { "type": "lake-new", "rank": 218, "lake_id": 1350152, "lake_elevation_m": 175.4, "new_site_elevation_m": 295.2, "head_m": 119.7, "distance_m": 1266.0, "direction": "higher", "volume_million_m3": 0.57, "basin_volume_million_m3": 1.555, "empirical_volume_million_m3": 3.039, "lake_volume_million_m3": 0.57, "limited_by_existing_lake": true, "surface_area_km2": 0.1501, "storage_mwh": 158.1, "estimated_mw": 19.8, "score": 19.7624, "implied_flow_m3_s": 19.8, "flow_limited": false, "basin_bounded": false, "dam_start_lon": 23.17224, "dam_start_lat": 47.425029, "dam_end_lon": 23.171366, "dam_end_lat": 47.421599 }, "geometry": { "type": "LineString", "coordinates": [ [ 23.155163931292517, 47.424931232183496 ], [ 23.171802948013806, 47.423314122349979 ] ] } },
{ "type": "Feature", "properties": { "type": "lake-new", "rank": 219, "lake_id": 1349867, "lake_elevation_m": 268.0, "new_site_elevation_m": 371.1, "head_m": 103.1, "distance_m": 1987.2, "direction": "higher", "volume_million_m3": 0.66, "basin_volume_million_m3": 12.932, "empirical_volume_million_m3": 12.108, "lake_volume_million_m3": 0.66, "limited_by_existing_lake": true, "surface_area_km2": 0.6473, "storage_mwh": 157.6, "estimated_mw": 19.7, "score": 19.706, "implied_flow_m3_s": 22.9, "flow_limited": false, "basin_bounded": false, "dam_start_lon": 26.296196, "dam_start_lat": 47.50738, "dam_end_lon": 26.301672, "dam_end_lat": 47.513541 }, "geometry": { "type": "LineString", "coordinates": [ [ 26.275389466978027, 47.502355792417532 ], [ 26.298933787881818, 47.510460904806237 ] ] } },
{ "type": "Feature", "properties": { "type": "lake-new", "rank": 220, "lake_id": 1352147, "lake_elevation_m": 141.4, "new_site_elevation_m": 266.2, "head_m": 124.7, "distance_m": 1968.9, "direction": "higher", "volume_million_m3": 0.52, "basin_volume_million_m3": 0.689, "empirical_volume_million_m3": 1.735, "lake_volume_million_m3": 0.52, "limited_by_existing_lake": true, "surface_area_km2": 0.083, "storage_mwh": 150.3, "estimated_mw": 18.8, "score": 18.7817, "implied_flow_m3_s": 18.1, "flow_limited": false, "basin_bounded": false, "dam_start_lon": 27.39802, "dam_start_lat": 46.903479, "dam_end_lon": 27.396233, "dam_end_lat": 46.901197 }, "geometry": { "type": "LineString", "coordinates": [ [ 27.371892180864055, 46.898399689987478 ], [ 27.397126417209012, 46.90233813570952 ] ] } },
{ "type": "Feature", "properties": { "type": "lake-new", "rank": 221, "lake_id": 1355843, "lake_elevation_m": 10.2, "new_site_elevation_m": 136.8, "head_m": 126.6, "distance_m": 1667.6, "direction": "higher", "volume_million_m3": 0.51, "basin_volume_million_m3": 6.066, "empirical_volume_million_m3": 8.977, "lake_volume_million_m3": 0.51, "limited_by_existing_lake": true, "surface_area_km2": 0.4717, "storage_mwh": 149.5, "estimated_mw": 18.7, "score": 18.6876, "implied_flow_m3_s": 17.7, "flow_limited": false, "basin_bounded": false, "dam_start_lon": 28.070877, "dam_start_lat": 46.065598, "dam_end_lon": 28.072464, "dam_end_lat": 46.059528 }, "geometry": { "type": "LineString", "coordinates": [ [ 28.093257475574024, 46.062791190793099 ], [ 28.071670236587199, 46.062562969848472 ] ] } },
{ "type": "Feature", "properties": { "type": "lake-new", "rank": 222, "lake_id": 1350864, "lake_elevation_m": 236.0, "new_site_elevation_m": 355.0, "head_m": 119.0, "distance_m": 771.2, "direction": "higher", "volume_million_m3": 0.54, "basin_volume_million_m3": 0.605, "empirical_volume_million_m3": 1.453, "lake_volume_million_m3": 0.54, "limited_by_existing_lake": true, "surface_area_km2": 0.0688, "storage_mwh": 148.9, "estimated_mw": 18.6, "score": 18.6086, "implied_flow_m3_s": 18.8, "flow_limited": false, "basin_bounded": false, "dam_start_lon": 26.807117, "dam_start_lat": 47.248102, "dam_end_lon": 26.808873, "dam_end_lat": 47.250134 }, "geometry": { "type": "LineString", "coordinates": [ [ 26.799599449832694, 47.245179649110732 ], [ 26.807995374095736, 47.249118094832774 ] ] } },
{ "type": "Feature", "properties": { "type": "lake-new", "rank": 223, "lake_id": 1351752, "lake_elevation_m": 184.5, "new_site_elevation_m": 329.6, "head_m": 145.1, "distance_m": 1372.8, "direction": "higher", "volume_million_m3": 0.44, "basin_volume_million_m3": 1.085, "empirical_volume_million_m3": 3.693, "lake_volume_million_m3": 0.44, "limited_by_existing_lake": true, "surface_area_km2": 0.1845, "storage_mwh": 147.9, "estimated_mw": 18.5, "score": 18.4876, "implied_flow_m3_s": 15.3, "flow_limited": false, "basin_bounded": false, "dam_start_lon": 27.785637, "dam_start_lat": 47.030825, "dam_end_lon": 27.791283, "dam_end_lat": 47.030557 }, "geometry": { "type": "LineString", "coordinates": [ [ 27.779952457724136, 47.019808131401014 ], [ 27.788460297586248, 47.030691021567499 ] ] } },
{ "type": "Feature", "properties": { "type": "lake-new", "rank": 224, "lake_id": 1349929, "lake_elevation_m": 168.8, "new_site_elevation_m": 269.3, "head_m": 100.5, "distance_m": 1547.7, "direction": "higher", "volume_million_m3": 0.633, "basin_volume_million_m3": 0.633, "empirical_volume_million_m3": 1.499, "lake_volume_million_m3": 0.65, "limited_by_existing_lake": false, "surface_area_km2": 0.0711, "storage_mwh": 147.3, "estimated_mw": 18.4, "score": 18.407, "implied_flow_m3_s": 22.0, "flow_limited": false, "basin_bounded": false, "dam_start_lon": 23.222246, "dam_start_lat": 47.465757, "dam_end_lon": 23.219858, "dam_end_lat": 47.467527 }, "geometry": { "type": "LineString", "coordinates": [ [ 23.212773736388872, 47.479370078126252 ], [ 23.221051916535007, 47.466641857181628 ] ] } },
{ "type": "Feature", "properties": { "type": "lake-new", "rank": 225, "lake_id": 1349655, "lake_elevation_m": 319.5, "new_site_elevation_m": 420.3, "head_m": 100.8, "distance_m": 1597.4, "direction": "higher", "volume_million_m3": 0.63, "basin_volume_million_m3": 0.656, "empirical_volume_million_m3": 3.597, "lake_volume_million_m3": 0.63, "limited_by_existing_lake": true, "surface_area_km2": 0.1794, "storage_mwh": 147.1, "estimated_mw": 18.4, "score": 18.3817, "implied_flow_m3_s": 21.9, "flow_limited": false, "basin_bounded": false, "dam_start_lon": 26.303313, "dam_start_lat": 47.565186, "dam_end_lon": 26.30823, "dam_end_lat": 47.563324 }, "geometry": { "type": "LineString", "coordinates": [ [ 26.294752073514239, 47.55198319665206 ], [ 26.305771220059782, 47.564254975707435 ] ] } },
{ "type": "Feature", "properties": { "type": "lake-new", "rank": 226, "lake_id": 1349908, "lake_elevation_m": 62.5, "new_site_elevation_m": 169.5, "head_m": 107.0, "distance_m": 1876.8, "direction": "higher", "volume_million_m3": 0.56, "basin_volume_million_m3": 0.564, "empirical_volume_million_m3": 2.587, "lake_volume_million_m3": 0.56, "limited_by_existing_lake": true, "surface_area_km2": 0.1266, "storage_mwh": 138.8, "estimated_mw": 17.4, "score": 17.354, "implied_flow_m3_s": 19.4, "flow_limited": false, "basin_bounded": false, "dam_start_lon": 27.166749, "dam_start_lat": 47.498973, "dam_end_lon": 27.164425, "dam_end_lat": 47.496188 }, "geometry": { "type": "LineString", "coordinates": [ [ 27.189259679761214, 47.492253318056648 ], [ 27.165586894822965, 47.49758065266758 ] ] } },
{ "type": "Feature", "properties": { "type": "lake-new", "rank": 227, "lake_id": 1361725, "lake_elevation_m": 8.5, "new_site_elevation_m": 108.9, "head_m": 100.4, "distance_m": 1939.1, "direction": "higher", "volume_million_m3": 0.59, "basin_volume_million_m3": 2.186, "empirical_volume_million_m3": 8.034, "lake_volume_million_m3": 0.59, "limited_by_existing_lake": true, "surface_area_km2": 0.4195, "storage_mwh": 137.1, "estimated_mw": 17.1, "score": 17.1435, "implied_flow_m3_s": 20.5, "flow_limited": false, "basin_bounded": false, "dam_start_lon": 27.841859, "dam_start_lat": 44.189631, "dam_end_lon": 27.835502, "dam_end_lat": 44.186014 }, "geometry": { "type": "LineString", "coordinates": [ [ 27.855269056572769, 44.200550903124238 ], [ 27.83868042560189, 44.187822682179615 ] ] } },
{ "type": "Feature", "properties": { "type": "lake-new", "rank": 228, "lake_id": 1353440, "lake_elevation_m": 344.3, "new_site_elevation_m": 452.8, "head_m": 108.4, "distance_m": 1703.6, "direction": "higher", "volume_million_m3": 0.54, "basin_volume_million_m3": 0.852, "empirical_volume_million_m3": 3.472, "lake_volume_million_m3": 0.54, "limited_by_existing_lake": true, "surface_area_km2": 0.1728, "storage_mwh": 135.6, "estimated_mw": 17.0, "score": 16.9519, "implied_flow_m3_s": 18.8, "flow_limited": false, "basin_bounded": false, "dam_start_lon": 23.779319, "dam_start_lat": 46.607309, "dam_end_lon": 23.776386, "dam_end_lat": 46.610453 }, "geometry": { "type": "LineString", "coordinates": [ [ 23.762194057704875, 46.597998025723989 ], [ 23.777852202025734, 46.608880915890474 ] ] } },
{ "type": "Feature", "properties": { "type": "lake-new", "rank": 229, "lake_id": 1350762, "lake_elevation_m": 105.0, "new_site_elevation_m": 242.3, "head_m": 137.3, "distance_m": 1855.4, "direction": "higher", "volume_million_m3": 0.42, "basin_volume_million_m3": 0.636, "empirical_volume_million_m3": 1.375, "lake_volume_million_m3": 0.42, "limited_by_existing_lake": true, "surface_area_km2": 0.0649, "storage_mwh": 133.5, "estimated_mw": 16.7, "score": 16.6915, "implied_flow_m3_s": 14.6, "flow_limited": false, "basin_bounded": false, "dam_start_lon": 26.962201, "dam_start_lat": 47.263025, "dam_end_lon": 26.961237, "dam_end_lat": 47.260832 }, "geometry": { "type": "LineString", "coordinates": [ [ 26.983890691495152, 47.269101212132121 ], [ 26.961719101250804, 47.26192854674305 ] ] } },
{ "type": "Feature", "properties": { "type": "lake-new", "rank": 230, "lake_id": 1349025, "lake_elevation_m": 83.2, "new_site_elevation_m": 187.8, "head_m": 104.7, "distance_m": 1453.7, "direction": "higher", "volume_million_m3": 0.55, "basin_volume_million_m3": 1.781, "empirical_volume_million_m3": 7.344, "lake_volume_million_m3": 0.55, "limited_by_existing_lake": true, "surface_area_km2": 0.3815, "storage_mwh": 133.3, "estimated_mw": 16.7, "score": 16.6675, "implied_flow_m3_s": 19.1, "flow_limited": false, "basin_bounded": false, "dam_start_lon": 27.166603, "dam_start_lat": 47.701567, "dam_end_lon": 27.158428, "dam_end_lat": 47.700836 }, "geometry": { "type": "LineString", "coordinates": [ [ 27.166856727339574, 47.71392976401745 ], [ 27.162515473679573, 47.701201543072827 ] ] } },
{ "type": "Feature", "properties": { "type": "lake-new", "rank": 231, "lake_id": 1354609, "lake_elevation_m": 45.3, "new_site_elevation_m": 153.9, "head_m": 108.7, "distance_m": 1641.2, "direction": "higher", "volume_million_m3": 0.52, "basin_volume_million_m3": 4.493, "empirical_volume_million_m3": 10.71, "lake_volume_million_m3": 0.52, "limited_by_existing_lake": true, "surface_area_km2": 0.5686, "storage_mwh": 130.9, "estimated_mw": 16.4, "score": 16.3582, "implied_flow_m3_s": 18.1, "flow_limited": false, "basin_bounded": false, "dam_start_lon": 27.999895, "dam_start_lat": 46.318907, "dam_end_lon": 27.994217, "dam_end_lat": 46.32443 }, "geometry": { "type": "LineString", "coordinates": [ [ 27.975710499410646, 46.321896413785034 ], [ 27.997056456114674, 46.321668192840406 ] ] } },
{ "type": "Feature", "properties": { "type": "lake-new", "rank": 232, "lake_id": 1347716, "lake_elevation_m": 119.5, "new_site_elevation_m": 231.0, "head_m": 111.5, "distance_m": 1842.6, "direction": "higher", "volume_million_m3": 0.5, "basin_volume_million_m3": 4.293, "empirical_volume_million_m3": 8.212, "lake_volume_million_m3": 0.5, "limited_by_existing_lake": true, "surface_area_km2": 0.4294, "storage_mwh": 129.2, "estimated_mw": 16.1, "score": 16.1476, "implied_flow_m3_s": 17.4, "flow_limited": false, "basin_bounded": false, "dam_start_lon": 26.616673, "dam_start_lat": 47.979167, "dam_end_lon": 26.625345, "dam_end_lat": 47.980152 }, "geometry": { "type": "LineString", "coordinates": [ [ 26.629662500726042, 47.995165387331994 ], [ 26.621009361342704, 47.979659388609591 ] ] } },
{ "type": "Feature", "properties": { "type": "lake-new", "rank": 233, "lake_id": 1349387, "lake_elevation_m": 72.5, "new_site_elevation_m": 173.5, "head_m": 101.0, "distance_m": 1832.4, "direction": "higher", "volume_million_m3": 0.55, "basin_volume_million_m3": 0.626, "empirical_volume_million_m3": 2.693, "lake_volume_million_m3": 0.55, "limited_by_existing_lake": true, "surface_area_km2": 0.1321, "storage_mwh": 128.7, "estimated_mw": 16.1, "score": 16.0852, "implied_flow_m3_s": 19.1, "flow_limited": false, "basin_bounded": false, "dam_start_lon": 26.956801, "dam_start_lat": 47.643252, "dam_end_lon": 26.960428, "dam_end_lat": 47.645416 }, "geometry": { "type": "LineString", "coordinates": [ [ 26.957356004502071, 47.627895771061731 ], [ 26.958614289772452, 47.644334216783768 ] ] } },
{ "type": "Feature", "properties": { "type": "lake-new", "rank": 234, "lake_id": 1347372, "lake_elevation_m": 106.5, "new_site_elevation_m": 207.6, "head_m": 101.1, "distance_m": 1696.4, "direction": "higher", "volume_million_m3": 0.54, "basin_volume_million_m3": 0.614, "empirical_volume_million_m3": 2.819, "lake_volume_million_m3": 0.54, "limited_by_existing_lake": true, "surface_area_km2": 0.1386, "storage_mwh": 126.4, "estimated_mw": 15.8, "score": 15.805, "implied_flow_m3_s": 18.8, "flow_limited": false, "basin_bounded": false, "dam_start_lon": 26.687014, "dam_start_lat": 48.079686, "dam_end_lon": 26.682047, "dam_end_lat": 48.080104 }, "geometry": { "type": "LineString", "coordinates": [ [ 26.664057525507697, 48.073178626773739 ], [ 26.684530374440939, 48.079894850273561 ] ] } },
{ "type": "Feature", "properties": { "type": "lake-new", "rank": 235, "lake_id": 1351077, "lake_elevation_m": 60.5, "new_site_elevation_m": 180.3, "head_m": 119.8, "distance_m": 1420.8, "direction": "higher", "volume_million_m3": 0.45, "basin_volume_million_m3": 10.74, "empirical_volume_million_m3": 13.208, "lake_volume_million_m3": 0.45, "limited_by_existing_lake": true, "surface_area_km2": 0.7096, "storage_mwh": 124.8, "estimated_mw": 15.6, "score": 15.6046, "implied_flow_m3_s": 15.6, "flow_limited": false, "basin_bounded": false, "dam_start_lon": 27.530704, "dam_start_lat": 47.197808, "dam_end_lon": 27.539119, "dam_end_lat": 47.202161 }, "geometry": { "type": "LineString", "coordinates": [ [ 27.52509908382925, 47.189101725420947 ], [ 27.534911871303567, 47.199984615587432 ] ] } },
{ "type": "Feature", "properties": { "type": "lake-new", "rank": 236, "lake_id": 1356717, "lake_elevation_m": 375.5, "new_site_elevation_m": 482.2, "head_m": 106.7, "distance_m": 1992.0, "direction": "higher", "volume_million_m3": 0.5, "basin_volume_million_m3": 0.576, "empirical_volume_million_m3": 1.086, "lake_volume_million_m3": 0.5, "limited_by_existing_lake": true, "surface_area_km2": 0.0506, "storage_mwh": 123.6, "estimated_mw": 15.5, "score": 15.4508, "implied_flow_m3_s": 17.4, "flow_limited": false, "basin_bounded": false, "dam_start_lon": 24.10709, "dam_start_lat": 45.880449, "dam_end_lon": 24.109182, "dam_end_lat": 45.88185 }, "geometry": { "type": "LineString", "coordinates": [ [ 24.083807763586197, 45.886933481804199 ], [ 24.108135951766361, 45.881149705304018 ] ] } },
{ "type": "Feature", "properties": { "type": "lake-new", "rank": 237, "lake_id": 1349960, "lake_elevation_m": 170.0, "new_site_elevation_m": 270.2, "head_m": 100.2, "distance_m": 1755.7, "direction": "higher", "volume_million_m3": 0.503, "basin_volume_million_m3": 0.503, "empirical_volume_million_m3": 1.292, "lake_volume_million_m3": 0.99, "limited_by_existing_lake": false, "surface_area_km2": 0.0608, "storage_mwh": 116.7, "estimated_mw": 14.6, "score": 14.5858, "implied_flow_m3_s": 17.5, "flow_limited": false, "basin_bounded": false, "dam_start_lon": 23.223225, "dam_start_lat": 47.467963, "dam_end_lon": 23.225212, "dam_end_lat": 47.466202 }, "geometry": { "type": "LineString", "coordinates": [ [ 23.203437650179673, 47.474255311464184 ], [ 23.224218417821376, 47.467082646075113 ] ] } },
{ "type": "Feature", "properties": { "type": "lake-new", "rank": 238, "lake_id": 1350066, "lake_elevation_m": 79.0, "new_site_elevation_m": 187.0, "head_m": 108.0, "distance_m": 1280.0, "direction": "higher", "volume_million_m3": 0.464, "basin_volume_million_m3": 0.464, "empirical_volume_million_m3": 3.198, "lake_volume_million_m3": 0.47, "limited_by_existing_lake": false, "surface_area_km2": 0.1584, "storage_mwh": 116.0, "estimated_mw": 14.5, "score": 14.5056, "implied_flow_m3_s": 16.1, "flow_limited": false, "basin_bounded": false, "dam_start_lon": 27.409222, "dam_start_lat": 47.439313, "dam_end_lon": 27.404237, "dam_end_lat": 47.438123 }, "geometry": { "type": "LineString", "coordinates": [ [ 27.409547526511034, 47.450057038353613 ], [ 27.406729414945925, 47.438717706297879 ] ] } },
{ "type": "Feature", "properties": { "type": "lake-new", "rank": 239, "lake_id": 1353071, "lake_elevation_m": 120.5, "new_site_elevation_m": 230.3, "head_m": 109.8, "distance_m": 1333.4, "direction": "higher", "volume_million_m3": 0.44, "basin_volume_million_m3": 0.706, "empirical_volume_million_m3": 3.08, "lake_volume_million_m3": 0.44, "limited_by_existing_lake": true, "surface_area_km2": 0.1522, "storage_mwh": 111.9, "estimated_mw": 14.0, "score": 13.9848, "implied_flow_m3_s": 15.3, "flow_limited": false, "basin_bounded": false, "dam_start_lon": 27.720561, "dam_start_lat": 46.678011, "dam_end_lon": 27.723783, "dam_end_lat": 46.68073 }, "geometry": { "type": "LineString", "coordinates": [ [ 27.714881298115184, 46.668487519739102 ], [ 27.722172030138065, 46.679370409905587 ] ] } },
{ "type": "Feature", "properties": { "type": "lake-new", "rank": 240, "lake_id": 168922, "lake_elevation_m": 44.0, "new_site_elevation_m": 147.0, "head_m": 103.0, "distance_m": 1832.4, "direction": "higher", "volume_million_m3": 0.45, "basin_volume_million_m3": 0.45, "empirical_volume_million_m3": 2.342, "lake_volume_million_m3": 0.81, "limited_by_existing_lake": false, "surface_area_km2": 0.1139, "storage_mwh": 107.4, "estimated_mw": 13.4, "score": 13.4232, "implied_flow_m3_s": 15.6, "flow_limited": false, "basin_bounded": false, "dam_start_lon": 27.361696, "dam_start_lat": 47.385171, "dam_end_lon": 27.364657, "dam_end_lat": 47.387446 }, "geometry": { "type": "LineString", "coordinates": [ [ 27.339571465374345, 47.382370235967549 ], [ 27.363176372654188, 47.386308681689592 ] ] } },
{ "type": "Feature", "properties": { "type": "lake-new", "rank": 241, "lake_id": 1351054, "lake_elevation_m": 64.0, "new_site_elevation_m": 169.1, "head_m": 105.1, "distance_m": 1873.6, "direction": "higher", "volume_million_m3": 0.439, "basin_volume_million_m3": 0.439, "empirical_volume_million_m3": 1.285, "lake_volume_million_m3": 1.0, "limited_by_existing_lake": false, "surface_area_km2": 0.0604, "storage_mwh": 106.8, "estimated_mw": 13.3, "score": 13.3454, "implied_flow_m3_s": 15.2, "flow_limited": false, "basin_bounded": false, "dam_start_lon": 27.274631, "dam_start_lat": 47.176756, "dam_end_lon": 27.271432, "dam_end_lat": 47.176365 }, "geometry": { "type": "LineString", "coordinates": [ [ 27.282664547996529, 47.192066726330275 ], [ 27.273031414058416, 47.176560727607871 ] ] } },
{ "type": "Feature", "properties": { "type": "lake-new", "rank": 242, "lake_id": 1347984, "lake_elevation_m": 98.7, "new_site_elevation_m": 207.8, "head_m": 109.1, "distance_m": 1953.5, "direction": "higher", "volume_million_m3": 0.42, "basin_volume_million_m3": 5.408, "empirical_volume_million_m3": 10.716, "lake_volume_million_m3": 0.42, "limited_by_existing_lake": true, "surface_area_km2": 0.5689, "storage_mwh": 106.2, "estimated_mw": 13.3, "score": 13.2722, "implied_flow_m3_s": 14.6, "flow_limited": false, "basin_bounded": false, "dam_start_lon": 26.766581, "dam_start_lat": 47.939953, "dam_end_lon": 26.7689, "dam_end_lat": 47.946548 }, "geometry": { "type": "LineString", "coordinates": [ [ 26.747194333039193, 47.932368070884223 ], [ 26.767740479280501, 47.943250961050708 ] ] } },
{ "type": "Feature", "properties": { "type": "lake-new", "rank": 243, "lake_id": 1351994, "lake_elevation_m": 269.8, "new_site_elevation_m": 378.5, "head_m": 108.7, "distance_m": 1262.7, "direction": "higher", "volume_million_m3": 0.42, "basin_volume_million_m3": 0.667, "empirical_volume_million_m3": 1.669, "lake_volume_million_m3": 0.42, "limited_by_existing_lake": true, "surface_area_km2": 0.0796, "storage_mwh": 105.8, "estimated_mw": 13.2, "score": 13.2227, "implied_flow_m3_s": 14.6, "flow_limited": false, "basin_bounded": false, "dam_start_lon": 26.695152, "dam_start_lat": 46.936793, "dam_end_lon": 26.692038, "dam_end_lat": 46.935413 }, "geometry": { "type": "LineString", "coordinates": [ [ 26.704494592619458, 46.944664910272309 ], [ 26.69359500244968, 46.936103355994348 ] ] } },
{ "type": "Feature", "properties": { "type": "lake-new", "rank": 244, "lake_id": 1360356, "lake_elevation_m": 162.8, "new_site_elevation_m": 280.8, "head_m": 118.0, "distance_m": 1999.9, "direction": "higher", "volume_million_m3": 0.37, "basin_volume_million_m3": 1.181, "empirical_volume_million_m3": 1.58, "lake_volume_million_m3": 0.37, "limited_by_existing_lake": true, "surface_area_km2": 0.0752, "storage_mwh": 101.1, "estimated_mw": 12.6, "score": 12.638, "implied_flow_m3_s": 12.8, "flow_limited": false, "basin_bounded": false, "dam_start_lon": 23.119144, "dam_start_lat": 44.910976, "dam_end_lon": 23.115925, "dam_end_lat": 44.910042 }, "geometry": { "type": "LineString", "coordinates": [ [ 23.137213533988053, 44.92184851204744 ], [ 23.117534487341672, 44.910509179991706 ] ] } },
{ "type": "Feature", "properties": { "type": "lake-new", "rank": 245, "lake_id": 1354323, "lake_elevation_m": 263.8, "new_site_elevation_m": 419.6, "head_m": 155.7, "distance_m": 1934.4, "direction": "higher", "volume_million_m3": 0.28, "basin_volume_million_m3": 0.599, "empirical_volume_million_m3": 1.05, "lake_volume_million_m3": 0.28, "limited_by_existing_lake": true, "surface_area_km2": 0.0488, "storage_mwh": 101.0, "estimated_mw": 12.6, "score": 12.6235, "implied_flow_m3_s": 9.7, "flow_limited": false, "basin_bounded": false, "dam_start_lon": 23.850143, "dam_start_lat": 46.372129, "dam_end_lon": 23.847266, "dam_end_lat": 46.372108 }, "geometry": { "type": "LineString", "coordinates": [ [ 23.831555300229283, 46.384846541676836 ], [ 23.848704607270964, 46.372118320732213 ] ] } },
{ "type": "Feature", "properties": { "type": "lake-new", "rank": 246, "lake_id": 1353072, "lake_elevation_m": 306.8, "new_site_elevation_m": 426.4, "head_m": 119.6, "distance_m": 937.1, "direction": "higher", "volume_million_m3": 0.36, "basin_volume_million_m3": 0.522, "empirical_volume_million_m3": 1.573, "lake_volume_million_m3": 0.36, "limited_by_existing_lake": true, "surface_area_km2": 0.0748, "storage_mwh": 99.7, "estimated_mw": 12.5, "score": 12.4669, "implied_flow_m3_s": 12.5, "flow_limited": false, "basin_bounded": false, "dam_start_lon": 24.188812, "dam_start_lat": 46.664701, "dam_end_lon": 24.185431, "dam_end_lat": 46.663892 }, "geometry": { "type": "LineString", "coordinates": [ [ 24.175663475657835, 46.667302678501038 ], [ 24.18712144823424, 46.664296679778637 ] ] } },
{ "type": "Feature", "properties": { "type": "lake-new", "rank": 247, "lake_id": 1360000, "lake_elevation_m": 217.0, "new_site_elevation_m": 394.4, "head_m": 177.4, "distance_m": 1954.1, "direction": "higher", "volume_million_m3": 0.24, "basin_volume_million_m3": 8.703, "empirical_volume_million_m3": 5.362, "lake_volume_million_m3": 0.24, "limited_by_existing_lake": true, "surface_area_km2": 0.2736, "storage_mwh": 98.6, "estimated_mw": 12.3, "score": 12.3258, "implied_flow_m3_s": 8.3, "flow_limited": false, "basin_bounded": false, "dam_start_lon": 22.9304, "dam_start_lat": 45.063448, "dam_end_lon": 22.935411, "dam_end_lat": 45.060358 }, "geometry": { "type": "LineString", "coordinates": [ [ 22.945695640240967, 45.046853547811011 ], [ 22.932905649258959, 45.061903104644166 ] ] } },
{ "type": "Feature", "properties": { "type": "lake-new", "rank": 248, "lake_id": 1354937, "lake_elevation_m": 192.6, "new_site_elevation_m": 303.7, "head_m": 111.1, "distance_m": 1458.0, "direction": "higher", "volume_million_m3": 0.38, "basin_volume_million_m3": 0.628, "empirical_volume_million_m3": 2.466, "lake_volume_million_m3": 0.38, "limited_by_existing_lake": true, "surface_area_km2": 0.1203, "storage_mwh": 97.8, "estimated_mw": 12.2, "score": 12.2249, "implied_flow_m3_s": 13.2, "flow_limited": false, "basin_bounded": false, "dam_start_lon": 26.860116, "dam_start_lat": 46.259855, "dam_end_lon": 26.862259, "dam_end_lat": 46.257114 }, "geometry": { "type": "LineString", "coordinates": [ [ 26.848140262135157, 46.248990424053211 ], [ 26.86118748515328, 46.258484425330806 ] ] } },
{ "type": "Feature", "properties": { "type": "lake-new", "rank": 249, "lake_id": 1350232, "lake_elevation_m": 47.0, "new_site_elevation_m": 159.0, "head_m": 112.0, "distance_m": 1669.6, "direction": "higher", "volume_million_m3": 0.36, "basin_volume_million_m3": 0.513, "empirical_volume_million_m3": 2.891, "lake_volume_million_m3": 0.36, "limited_by_existing_lake": true, "surface_area_km2": 0.1424, "storage_mwh": 93.4, "estimated_mw": 11.7, "score": 11.6788, "implied_flow_m3_s": 12.5, "flow_limited": false, "basin_bounded": false, "dam_start_lon": 27.281019, "dam_start_lat": 47.398808, "dam_end_lon": 27.277773, "dam_end_lat": 47.396227 }, "geometry": { "type": "LineString", "coordinates": [ [ 27.298858079623376, 47.404689916875263 ], [ 27.279396190803542, 47.397517251486192 ] ] } },
{ "type": "Feature", "properties": { "type": "lake-new", "rank": 250, "lake_id": 1353283, "lake_elevation_m": 524.0, "new_site_elevation_m": 655.8, "head_m": 131.8, "distance_m": 1857.6, "direction": "higher", "volume_million_m3": 0.3, "basin_volume_million_m3": 0.421, "empirical_volume_million_m3": 2.22, "lake_volume_million_m3": 0.3, "limited_by_existing_lake": true, "surface_area_km2": 0.1077, "storage_mwh": 91.6, "estimated_mw": 11.4, "score": 11.4486, "implied_flow_m3_s": 10.4, "flow_limited": false, "basin_bounded": false, "dam_start_lon": 23.552312, "dam_start_lat": 46.639979, "dam_end_lon": 23.554962, "dam_end_lat": 46.642298 }, "geometry": { "type": "LineString", "coordinates": [ [ 23.535216644340732, 46.630255520696615 ], [ 23.553636987109513, 46.6411384108631 ] ] } },
{ "type": "Feature", "properties": { "type": "lake-new", "rank": 251, "lake_id": 1349980, "lake_elevation_m": 171.0, "new_site_elevation_m": 278.4, "head_m": 107.4, "distance_m": 1873.3, "direction": "higher", "volume_million_m3": 0.35, "basin_volume_million_m3": 0.431, "empirical_volume_million_m3": 1.602, "lake_volume_million_m3": 0.35, "limited_by_existing_lake": true, "surface_area_km2": 0.0763, "storage_mwh": 87.1, "estimated_mw": 10.9, "score": 10.8835, "implied_flow_m3_s": 12.2, "flow_limited": false, "basin_bounded": false, "dam_start_lon": 23.205674, "dam_start_lat": 47.454998, "dam_end_lon": 23.206332, "dam_end_lat": 47.452557 }, "geometry": { "type": "LineString", "coordinates": [ [ 23.196330484146529, 47.469283516768385 ], [ 23.206002655159256, 47.453777518045982 ] ] } },
{ "type": "Feature", "properties": { "type": "lake-new", "rank": 252, "lake_id": 1351945, "lake_elevation_m": 308.5, "new_site_elevation_m": 408.6, "head_m": 100.1, "distance_m": 1979.6, "direction": "higher", "volume_million_m3": 0.37, "basin_volume_million_m3": 0.39, "empirical_volume_million_m3": 1.447, "lake_volume_million_m3": 0.37, "limited_by_existing_lake": true, "surface_area_km2": 0.0685, "storage_mwh": 85.8, "estimated_mw": 10.7, "score": 10.7211, "implied_flow_m3_s": 12.8, "flow_limited": false, "basin_bounded": false, "dam_start_lon": 26.615671, "dam_start_lat": 46.942633, "dam_end_lon": 26.612226, "dam_end_lat": 46.942588 }, "geometry": { "type": "LineString", "coordinates": [ [ 26.622077966282895, 46.959505355892276 ], [ 26.61394885554115, 46.942610468280982 ] ] } },
{ "type": "Feature", "properties": { "type": "lake-new", "rank": 253, "lake_id": 1355407, "lake_elevation_m": 110.0, "new_site_elevation_m": 216.2, "head_m": 106.2, "distance_m": 1911.4, "direction": "higher", "volume_million_m3": 0.33, "basin_volume_million_m3": 0.618, "empirical_volume_million_m3": 1.135, "lake_volume_million_m3": 0.33, "limited_by_existing_lake": true, "surface_area_km2": 0.053, "storage_mwh": 81.2, "estimated_mw": 10.1, "score": 10.1444, "implied_flow_m3_s": 11.5, "flow_limited": false, "basin_bounded": false, "dam_start_lon": 21.597803, "dam_start_lat": 46.16184, "dam_end_lon": 21.598767, "dam_end_lat": 46.163797 }, "geometry": { "type": "LineString", "coordinates": [ [ 21.575471622733303, 46.156102418517165 ], [ 21.598284956821878, 46.162818642016987 ] ] } },
{ "type": "Feature", "properties": { "type": "lake-new", "rank": 254, "lake_id": 1355651, "lake_elevation_m": 10.9, "new_site_elevation_m": 115.0, "head_m": 104.1, "distance_m": 1924.9, "direction": "higher", "volume_million_m3": 0.32, "basin_volume_million_m3": 19.693, "empirical_volume_million_m3": 12.199, "lake_volume_million_m3": 0.32, "limited_by_existing_lake": true, "surface_area_km2": 0.6524, "storage_mwh": 77.2, "estimated_mw": 9.6, "score": 9.6451, "implied_flow_m3_s": 11.1, "flow_limited": false, "basin_bounded": false, "dam_start_lon": 28.066217, "dam_start_lat": 46.0907, "dam_end_lon": 28.060946, "dam_end_lat": 46.084513 }, "geometry": { "type": "LineString", "coordinates": [ [ 28.082407734080874, 46.098945660990715 ], [ 28.063581300200724, 46.087606328934982 ] ] } },
{ "type": "Feature", "properties": { "type": "lake-new", "rank": 255, "lake_id": 1350243, "lake_elevation_m": 47.0, "new_site_elevation_m": 147.7, "head_m": 100.7, "distance_m": 1789.3, "direction": "higher", "volume_million_m3": 0.33, "basin_volume_million_m3": 0.873, "empirical_volume_million_m3": 2.629, "lake_volume_million_m3": 0.33, "limited_by_existing_lake": true, "surface_area_km2": 0.1288, "storage_mwh": 77.0, "estimated_mw": 9.6, "score": 9.6222, "implied_flow_m3_s": 11.5, "flow_limited": false, "basin_bounded": false, "dam_start_lon": 27.286667, "dam_start_lat": 47.402261, "dam_end_lon": 27.282478, "dam_end_lat": 47.400725 }, "geometry": { "type": "LineString", "coordinates": [ [ 27.308200206809225, 47.403110200211756 ], [ 27.284572447338647, 47.401493090378239 ] ] } },
{ "type": "Feature", "properties": { "type": "lake-new", "rank": 256, "lake_id": 1349751, "lake_elevation_m": 273.5, "new_site_elevation_m": 375.9, "head_m": 102.4, "distance_m": 1975.5, "direction": "higher", "volume_million_m3": 0.296, "basin_volume_million_m3": 0.296, "empirical_volume_million_m3": 1.677, "lake_volume_million_m3": 0.6, "limited_by_existing_lake": false, "surface_area_km2": 0.0801, "storage_mwh": 70.2, "estimated_mw": 8.8, "score": 8.7776, "implied_flow_m3_s": 10.3, "flow_limited": false, "basin_bounded": false, "dam_start_lon": 26.265075, "dam_start_lat": 47.531411, "dam_end_lon": 26.26703, "dam_end_lat": 47.533583 }, "geometry": { "type": "LineString", "coordinates": [ [ 26.245295583012386, 47.521614193596264 ], [ 26.266052365006999, 47.532497083762749 ] ] } },
{ "type": "Feature", "properties": { "type": "lake-new", "rank": 257, "lake_id": 1357027, "lake_elevation_m": 513.0, "new_site_elevation_m": 615.7, "head_m": 102.7, "distance_m": 1837.5, "direction": "higher", "volume_million_m3": 0.283, "basin_volume_million_m3": 0.283, "empirical_volume_million_m3": 0.965, "lake_volume_million_m3": 0.6, "limited_by_existing_lake": false, "surface_area_km2": 0.0447, "storage_mwh": 67.2, "estimated_mw": 8.4, "score": 8.3988, "implied_flow_m3_s": 9.8, "flow_limited": false, "basin_bounded": false, "dam_start_lon": 23.92377, "dam_start_lat": 45.820233, "dam_end_lon": 23.926493, "dam_end_lat": 45.820213 }, "geometry": { "type": "LineString", "coordinates": [ [ 23.922986915555132, 45.803784603225758 ], [ 23.925131431698354, 45.820223048947796 ] ] } },
{ "type": "Feature", "properties": { "type": "lake-new", "rank": 258, "lake_id": 1360014, "lake_elevation_m": 205.0, "new_site_elevation_m": 308.5, "head_m": 103.5, "distance_m": 1951.5, "direction": "higher", "volume_million_m3": 0.23, "basin_volume_million_m3": 0.432, "empirical_volume_million_m3": 1.047, "lake_volume_million_m3": 0.23, "limited_by_existing_lake": true, "surface_area_km2": 0.0486, "storage_mwh": 55.1, "estimated_mw": 6.9, "score": 6.8903, "implied_flow_m3_s": 8.0, "flow_limited": false, "basin_bounded": false, "dam_start_lon": 23.256216, "dam_start_lat": 45.058127, "dam_end_lon": 23.25704, "dam_end_lat": 45.060021 }, "geometry": { "type": "LineString", "coordinates": [ [ 23.265249603516388, 45.042635320353597 ], [ 23.256628154182149, 45.059073766075635 ] ] } },
{ "type": "Feature", "properties": { "type": "lake-new", "rank": 259, "lake_id": 1354313, "lake_elevation_m": 254.5, "new_site_elevation_m": 439.5, "head_m": 185.0, "distance_m": 1708.3, "direction": "higher", "volume_million_m3": 0.12, "basin_volume_million_m3": 0.279, "empirical_volume_million_m3": 0.942, "lake_volume_million_m3": 0.12, "limited_by_existing_lake": true, "surface_area_km2": 0.0435, "storage_mwh": 51.4, "estimated_mw": 6.4, "score": 6.4282, "implied_flow_m3_s": 4.2, "flow_limited": false, "basin_bounded": false, "dam_start_lon": 23.87692, "dam_start_lat": 46.381932, "dam_end_lon": 23.874416, "dam_end_lat": 46.381203 }, "geometry": { "type": "LineString", "coordinates": [ [ 23.854352709202267, 46.385962694568441 ], [ 23.875668150382293, 46.38156780695715 ] ] } },
{ "type": "Feature", "properties": { "type": "lake-new", "rank": 260, "lake_id": 169805, "lake_elevation_m": 157.5, "new_site_elevation_m": 258.7, "head_m": 101.2, "distance_m": 1921.4, "direction": "higher", "volume_million_m3": 0.211, "basin_volume_million_m3": 0.211, "empirical_volume_million_m3": 1.399, "lake_volume_million_m3": 14.28, "limited_by_existing_lake": false, "surface_area_km2": 0.0661, "storage_mwh": 49.3, "estimated_mw": 6.2, "score": 6.1684, "implied_flow_m3_s": 7.3, "flow_limited": false, "basin_bounded": false, "dam_start_lon": 21.976373, "dam_start_lat": 46.26726, "dam_end_lon": 21.973324, "dam_end_lat": 46.268203 }, "geometry": { "type": "LineString", "coordinates": [ [ 21.950701323034217, 46.272126540890405 ], [ 21.974848691780402, 46.267731653279114 ] ] } },
{ "type": "Feature", "properties": { "type": "lake-new", "rank": 261, "lake_id": 1349817, "lake_elevation_m": 270.7, "new_site_elevation_m": 371.8, "head_m": 101.1, "distance_m": 1785.4, "direction": "higher", "volume_million_m3": 0.188, "basin_volume_million_m3": 0.188, "empirical_volume_million_m3": 1.536, "lake_volume_million_m3": 0.98, "limited_by_existing_lake": false, "surface_area_km2": 0.073, "storage_mwh": 44.0, "estimated_mw": 5.5, "score": 5.4988, "implied_flow_m3_s": 6.5, "flow_limited": false, "basin_bounded": false, "dam_start_lon": 26.239302, "dam_start_lat": 47.513784, "dam_end_lon": 26.238462, "dam_end_lat": 47.511425 }, "geometry": { "type": "LineString", "coordinates": [ [ 26.262564514385243, 47.511443856867537 ], [ 26.238882008043387, 47.512604524811799 ] ] } },
{ "type": "Feature", "properties": { "type": "lake-new", "rank": 262, "lake_id": 1347220, "lake_elevation_m": 115.0, "new_site_elevation_m": 216.2, "head_m": 101.2, "distance_m": 1882.2, "direction": "higher", "volume_million_m3": 0.177, "basin_volume_million_m3": 0.177, "empirical_volume_million_m3": 0.822, "lake_volume_million_m3": 1.47, "limited_by_existing_lake": false, "surface_area_km2": 0.0377, "storage_mwh": 41.6, "estimated_mw": 5.2, "score": 5.1971, "implied_flow_m3_s": 6.2, "flow_limited": false, "basin_bounded": false, "dam_start_lon": 26.605081, "dam_start_lat": 48.089776, "dam_end_lon": 26.602823, "dam_end_lat": 48.0889 }, "geometry": { "type": "LineString", "coordinates": [ [ 26.602940787989944, 48.106232656863 ], [ 26.603951904894178, 48.089337769251706 ] ] } },
{ "type": "Feature", "properties": { "type": "lake-new", "rank": 263, "lake_id": 1356876, "lake_elevation_m": 192.9, "new_site_elevation_m": 333.6, "head_m": 140.7, "distance_m": 1746.5, "direction": "higher", "volume_million_m3": 0.12, "basin_volume_million_m3": 0.194, "empirical_volume_million_m3": 0.759, "lake_volume_million_m3": 0.12, "limited_by_existing_lake": true, "surface_area_km2": 0.0346, "storage_mwh": 39.1, "estimated_mw": 4.9, "score": 4.889, "implied_flow_m3_s": 4.2, "flow_limited": false, "basin_bounded": false, "dam_start_lon": 23.078016, "dam_start_lat": 45.823825, "dam_end_lon": 23.080316, "dam_end_lat": 45.823347 }, "geometry": { "type": "LineString", "coordinates": [ [ 23.082593452703961, 45.839092289577927 ], [ 23.079166064354375, 45.823586290855523 ] ] } },
{ "type": "Feature", "properties": { "type": "lake-new", "rank": 264, "lake_id": 1360637, "lake_elevation_m": 134.1, "new_site_elevation_m": 236.9, "head_m": 102.8, "distance_m": 1944.2, "direction": "higher", "volume_million_m3": 0.12, "basin_volume_million_m3": 10.329, "empirical_volume_million_m3": 5.043, "lake_volume_million_m3": 0.12, "limited_by_existing_lake": true, "surface_area_km2": 0.2564, "storage_mwh": 28.6, "estimated_mw": 3.6, "score": 3.5716, "implied_flow_m3_s": 4.2, "flow_limited": false, "basin_bounded": false, "dam_start_lon": 23.320126, "dam_start_lat": 44.827172, "dam_end_lon": 23.326519, "dam_end_lat": 44.826825 }, "geometry": { "type": "LineString", "coordinates": [ [ 23.304065846343864, 44.816115601380012 ], [ 23.323322256093519, 44.826998491546497 ] ] } },
{ "type": "Feature", "properties": { "type": "lake-new", "rank": 265, "lake_id": 1357075, "lake_elevation_m": 504.5, "new_site_elevation_m": 609.3, "head_m": 104.8, "distance_m": 1912.8, "direction": "higher", "volume_million_m3": 0.1, "basin_volume_million_m3": 0.1, "empirical_volume_million_m3": 0.452, "lake_volume_million_m3": 0.63, "limited_by_existing_lake": false, "surface_area_km2": 0.02, "storage_mwh": 24.3, "estimated_mw": 3.0, "score": 3.0398, "implied_flow_m3_s": 3.5, "flow_limited": false, "basin_bounded": false, "dam_start_lon": 23.968582, "dam_start_lat": 45.796331, "dam_end_lon": 23.96784, "dam_end_lat": 45.797672 }, "geometry": { "type": "LineString", "coordinates": [ [ 23.943839709340899, 45.794451531162039 ], [ 23.968210764211534, 45.797001087995191 ] ] } }
]
}
