{
"type": "FeatureCollection",
"name": "lakes",
"crs": { "type": "name", "properties": { "name": "urn:ogc:def:crs:OGC:1.3:CRS84" } },
"features": [
{ "type": "Feature", "properties": { "id": 1292, "area_km2": 510.74, "elevation": 0.0, "volume_m3": 255370000.0 }, "geometry": { "type": "Point", "coordinates": [ 28.964641558645841, 44.834608032890593 ] } },
{ "type": "Feature", "properties": { "id": 1293, "area_km2": 118.58, "elevation": 566.23638916015625, "volume_m3": 2550000000.0 }, "geometry": { "type": "Point", "coordinates": [ 22.172266376427853, 44.604278864403724 ] } },
{ "type": "Feature", "properties": { "id": 1294, "area_km2": 139.34, "elevation": 0.0, "volume_m3": 211240000.0 }, "geometry": { "type": "Point", "coordinates": [ 28.853250505339556, 44.592653734457173 ] } },
{ "type": "Feature", "properties": { "id": 13974, "area_km2": 41.31, "elevation": 86.5, "volume_m3": 1290000000.0 }, "geometry": { "type": "Point", "coordinates": [ 27.196365481538585, 47.895424487928061 ] } },
{ "type": "Feature", "properties": { "id": 14030, "area_km2": 19.84, "elevation": 656.67364501953125, "volume_m3": 1230000000.0 }, "geometry": { "type": "Point", "coordinates": [ 26.058759122859421, 47.003944600667538 ] } },
{ "type": "Feature", "properties": { "id": 14090, "area_km2": 11.82, "elevation": 127.0, "volume_m3": 103700000.0 }, "geometry": { "type": "Point", "coordinates": [ 27.016178060271066, 46.365535488869618 ] } },
{ "type": "Feature", "properties": { "id": 14108, "area_km2": 17.97, "elevation": 107.0, "volume_m3": 120000000.0 }, "geometry": { "type": "Point", "coordinates": [ 27.138278762344413, 46.237021997033274 ] } },
{ "type": "Feature", "properties": { "id": 14171, "area_km2": 24.12, "elevation": 5.0, "volume_m3": 75680000.0 }, "geometry": { "type": "Point", "coordinates": [ 28.155147753297598, 45.812623050221148 ] } },
{ "type": "Feature", "properties": { "id": 14204, "area_km2": 22.3, "elevation": 1.0, "volume_m3": 100810000.0 }, "geometry": { "type": "Point", "coordinates": [ 28.072694128270776, 45.483008002179439 ] } },
{ "type": "Feature", "properties": { "id": 14213, "area_km2": 11.78, "elevation": 6.7304139137268066, "volume_m3": 39890000.0 }, "geometry": { "type": "Point", "coordinates": [ 28.126826287359417, 45.340159203959246 ] } },
{ "type": "Feature", "properties": { "id": 14215, "area_km2": 14.55, "elevation": -0.5, "volume_m3": 14550000.0 }, "geometry": { "type": "Point", "coordinates": [ 29.439462621170485, 45.324546138746229 ] } },
{ "type": "Feature", "properties": { "id": 14221, "area_km2": 10.45, "elevation": 25.0, "volume_m3": 73380000.0 }, "geometry": { "type": "Point", "coordinates": [ 27.335663890178456, 45.285628989543135 ] } },
{ "type": "Feature", "properties": { "id": 14234, "area_km2": 14.65, "elevation": 0.0, "volume_m3": 14650000.0 }, "geometry": { "type": "Point", "coordinates": [ 29.186689874159079, 45.149700442639507 ] } },
{ "type": "Feature", "properties": { "id": 14235, "area_km2": 10.59, "elevation": 0.0, "volume_m3": 10590000.0 }, "geometry": { "type": "Point", "coordinates": [ 29.27216360090236, 45.110031521153061 ] } },
{ "type": "Feature", "properties": { "id": 14238, "area_km2": 13.73, "elevation": 0.0, "volume_m3": 13730000.0 }, "geometry": { "type": "Point", "coordinates": [ 29.493953963591419, 45.089768106100557 ] } },
{ "type": "Feature", "properties": { "id": 14242, "area_km2": 13.42, "elevation": 0.0, "volume_m3": 13420000.0 }, "geometry": { "type": "Point", "coordinates": [ 29.572669157906986, 45.054458258669648 ] } },
{ "type": "Feature", "properties": { "id": 14260, "area_km2": 18.81, "elevation": 0.0, "volume_m3": 160430000.0 }, "geometry": { "type": "Point", "coordinates": [ 28.766411364593111, 44.918362815949109 ] } },
{ "type": "Feature", "properties": { "id": 14261, "area_km2": 20.2, "elevation": -1.0, "volume_m3": 20200000.0 }, "geometry": { "type": "Point", "coordinates": [ 29.196371838533913, 44.873238493013851 ] } },
{ "type": "Feature", "properties": { "id": 14266, "area_km2": 10.86, "elevation": 169.0, "volume_m3": 50000000.0 }, "geometry": { "type": "Point", "coordinates": [ 24.270856356118866, 44.813381502672875 ] } },
{ "type": "Feature", "properties": { "id": 14269, "area_km2": 12.17, "elevation": 155.0, "volume_m3": 40000000.0 }, "geometry": { "type": "Point", "coordinates": [ 24.279976803143168, 44.723047172273297 ] } },
{ "type": "Feature", "properties": { "id": 14276, "area_km2": 23.18, "elevation": 138.0, "volume_m3": 225000000.0 }, "geometry": { "type": "Point", "coordinates": [ 24.31942779088838, 44.591444484880881 ] } },
{ "type": "Feature", "properties": { "id": 14293, "area_km2": 19.73, "elevation": 1.0, "volume_m3": 133590000.0 }, "geometry": { "type": "Point", "coordinates": [ 28.59746191555854, 44.360940993926413 ] } },
{ "type": "Feature", "properties": { "id": 14295, "area_km2": 10.29, "elevation": 81.5, "volume_m3": 68000000.0 }, "geometry": { "type": "Point", "coordinates": [ 25.908944673433108, 44.33750658439871 ] } },
{ "type": "Feature", "properties": { "id": 14297, "area_km2": 87.31, "elevation": 57.31256103515625, "volume_m3": 868000000.0 }, "geometry": { "type": "Point", "coordinates": [ 22.589409982602586, 44.510505297968272 ] } },
{ "type": "Feature", "properties": { "id": 14299, "area_km2": 16.83, "elevation": 96.0, "volume_m3": 110000000.0 }, "geometry": { "type": "Point", "coordinates": [ 24.377036757102026, 44.317121334912585 ] } },
{ "type": "Feature", "properties": { "id": 14302, "area_km2": 16.48, "elevation": 1.0, "volume_m3": 63750000.0 }, "geometry": { "type": "Point", "coordinates": [ 28.601027595541737, 44.252031415465503 ] } },
{ "type": "Feature", "properties": { "id": 14303, "area_km2": 28.29, "elevation": 14.0, "volume_m3": 267000000.0 }, "geometry": { "type": "Point", "coordinates": [ 26.888948235052769, 44.259452698593556 ] } },
{ "type": "Feature", "properties": { "id": 14305, "area_km2": 19.59, "elevation": 8.5, "volume_m3": 265250000.0 }, "geometry": { "type": "Point", "coordinates": [ 27.635576152877039, 44.157347297257935 ] } },
{ "type": "Feature", "properties": { "id": 14306, "area_km2": 11.38, "elevation": 83.0, "volume_m3": 76000000.0 }, "geometry": { "type": "Point", "coordinates": [ 24.448092369035187, 44.208319299745973 ] } },
{ "type": "Feature", "properties": { "id": 14309, "area_km2": 13.88, "elevation": 10.0, "volume_m3": 144420000.0 }, "geometry": { "type": "Point", "coordinates": [ 27.440789091593317, 44.082924060995495 ] } },
{ "type": "Feature", "properties": { "id": 14311, "area_km2": 11.86, "elevation": 0.0, "volume_m3": 82000000.0 }, "geometry": { "type": "Point", "coordinates": [ 28.615036339277648, 44.035375914351107 ] } },
{ "type": "Feature", "properties": { "id": 14312, "area_km2": 16.06, "elevation": 69.0, "volume_m3": 96000000.0 }, "geometry": { "type": "Point", "coordinates": [ 24.522086411580112, 44.101615676189191 ] } },
{ "type": "Feature", "properties": { "id": 14317, "area_km2": 11.53, "elevation": 53.0, "volume_m3": 78000000.0 }, "geometry": { "type": "Point", "coordinates": [ 24.600418557126506, 43.97224169260074 ] } },
{ "type": "Feature", "properties": { "id": 14318, "area_km2": 18.81, "elevation": 25.5, "volume_m3": 29550000.0 }, "geometry": { "type": "Point", "coordinates": [ 23.573841792811411, 43.87587279528568 ] } },
{ "type": "Feature", "properties": { "id": 168484, "area_km2": 1.65, "elevation": 123.71474456787109, "volume_m3": 9420000.0 }, "geometry": { "type": "Point", "coordinates": [ 26.554209340407827, 48.120223139082775 ] } },
{ "type": "Feature", "properties": { "id": 168499, "area_km2": 1.21, "elevation": 118.92115783691406, "volume_m3": 6710000.0 }, "geometry": { "type": "Point", "coordinates": [ 26.675743063275046, 48.109453934966382 ] } },
{ "type": "Feature", "properties": { "id": 168542, "area_km2": 1.36, "elevation": 119.93270111083984, "volume_m3": 6720000.0 }, "geometry": { "type": "Point", "coordinates": [ 26.690951521885587, 48.052481419039381 ] } },
{ "type": "Feature", "properties": { "id": 168587, "area_km2": 1.19, "elevation": 113.39027404785156, "volume_m3": 7630000.0 }, "geometry": { "type": "Point", "coordinates": [ 26.666316073542685, 47.998489051040337 ] } },
{ "type": "Feature", "properties": { "id": 168592, "area_km2": 2.41, "elevation": 100.0, "volume_m3": 14750000.0 }, "geometry": { "type": "Point", "coordinates": [ 26.740074128995079, 48.00388272365025 ] } },
{ "type": "Feature", "properties": { "id": 168613, "area_km2": 6.38, "elevation": 296.0, "volume_m3": 55800000.0 }, "geometry": { "type": "Point", "coordinates": [ 26.127061958349543, 47.943797910063097 ] } },
{ "type": "Feature", "properties": { "id": 168621, "area_km2": 2.28, "elevation": 81.0, "volume_m3": 13160000.0 }, "geometry": { "type": "Point", "coordinates": [ 26.973633782755151, 47.922892196738772 ] } },
{ "type": "Feature", "properties": { "id": 168631, "area_km2": 3.44, "elevation": 142.5, "volume_m3": 29000000.0 }, "geometry": { "type": "Point", "coordinates": [ 23.296575123448935, 47.895223555562083 ] } },
{ "type": "Feature", "properties": { "id": 168687, "area_km2": 2.26, "elevation": 269.0, "volume_m3": 25000000.0 }, "geometry": { "type": "Point", "coordinates": [ 26.356954725545091, 47.787404538418322 ] } },
{ "type": "Feature", "properties": { "id": 168728, "area_km2": 1.13, "elevation": 310.0, "volume_m3": 22800000.0 }, "geometry": { "type": "Point", "coordinates": [ 26.231692125092586, 47.704361528785462 ] } },
{ "type": "Feature", "properties": { "id": 168774, "area_km2": 4.85, "elevation": 77.0, "volume_m3": 51760000.0 }, "geometry": { "type": "Point", "coordinates": [ 26.886543005273694, 47.655942615660294 ] } },
{ "type": "Feature", "properties": { "id": 168852, "area_km2": 1.77, "elevation": 279.0, "volume_m3": 10100000.0 }, "geometry": { "type": "Point", "coordinates": [ 26.23900422280364, 47.537341842872699 ] } },
{ "type": "Feature", "properties": { "id": 168879, "area_km2": 1.03, "elevation": 267.0, "volume_m3": 4780000.0 }, "geometry": { "type": "Point", "coordinates": [ 26.282256681960877, 47.490420085214375 ] } },
{ "type": "Feature", "properties": { "id": 168890, "area_km2": 1.5, "elevation": 261.5, "volume_m3": 9590000.0 }, "geometry": { "type": "Point", "coordinates": [ 26.312928522306116, 47.469855873081997 ] } },
{ "type": "Feature", "properties": { "id": 168909, "area_km2": 3.39, "elevation": 52.0, "volume_m3": 41100000.0 }, "geometry": { "type": "Point", "coordinates": [ 27.276266992790461, 47.425960450772763 ] } },
{ "type": "Feature", "properties": { "id": 168922, "area_km2": 1.19, "elevation": 44.0, "volume_m3": 810000.0 }, "geometry": { "type": "Point", "coordinates": [ 27.339571465374345, 47.382370235967549 ] } },
{ "type": "Feature", "properties": { "id": 168929, "area_km2": 1.37, "elevation": 43.0, "volume_m3": 1620000.0 }, "geometry": { "type": "Point", "coordinates": [ 27.349273056402502, 47.369417643445523 ] } },
{ "type": "Feature", "properties": { "id": 168942, "area_km2": 1.61, "elevation": 41.780490875244141, "volume_m3": 810000.0 }, "geometry": { "type": "Point", "coordinates": [ 27.39388911163315, 47.351090811271078 ] } },
{ "type": "Feature", "properties": { "id": 168945, "area_km2": 1.2, "elevation": 42.0, "volume_m3": 1550000.0 }, "geometry": { "type": "Point", "coordinates": [ 27.381293469795533, 47.348958954934986 ] } },
{ "type": "Feature", "properties": { "id": 168961, "area_km2": 1.68, "elevation": 40.0, "volume_m3": 1290000.0 }, "geometry": { "type": "Point", "coordinates": [ 27.534274692739537, 47.325128789761131 ] } },
{ "type": "Feature", "properties": { "id": 168975, "area_km2": 1.11, "elevation": 76.86871337890625, "volume_m3": 8060000.0000000009 }, "geometry": { "type": "Point", "coordinates": [ 27.117178559832503, 47.319673705777298 ] } },
{ "type": "Feature", "properties": { "id": 168984, "area_km2": 2.21, "elevation": 85.0, "volume_m3": 10330000.0 }, "geometry": { "type": "Point", "coordinates": [ 27.0783518908984, 47.293146699524712 ] } },
{ "type": "Feature", "properties": { "id": 169039, "area_km2": 2.25, "elevation": 60.5, "volume_m3": 33000000.0 }, "geometry": { "type": "Point", "coordinates": [ 27.231658308270983, 47.210043323479972 ] } },
{ "type": "Feature", "properties": { "id": 169050, "area_km2": 3.19, "elevation": 239.0, "volume_m3": 50200000.0 }, "geometry": { "type": "Point", "coordinates": [ 22.917706442047034, 47.183107050841386 ] } },
{ "type": "Feature", "properties": { "id": 169061, "area_km2": 3.15, "elevation": 795.5, "volume_m3": 90000000.0 }, "geometry": { "type": "Point", "coordinates": [ 24.902819195707995, 47.169885062700821 ] } },
{ "type": "Feature", "properties": { "id": 169106, "area_km2": 1.04, "elevation": 62.5, "volume_m3": 6000000.0 }, "geometry": { "type": "Point", "coordinates": [ 27.538779837652349, 47.08343565681205 ] } },
{ "type": "Feature", "properties": { "id": 169110, "area_km2": 5.24, "elevation": 191.0, "volume_m3": 52900000.0 }, "geometry": { "type": "Point", "coordinates": [ 22.244951669000695, 47.06878799427448 ] } },
{ "type": "Feature", "properties": { "id": 169119, "area_km2": 4.64, "elevation": 208.0, "volume_m3": 65400000.000000007 }, "geometry": { "type": "Point", "coordinates": [ 22.334100556064477, 47.055251420518118 ] } },
{ "type": "Feature", "properties": { "id": 169192, "area_km2": 2.51, "elevation": 156.5, "volume_m3": 25000000.0 }, "geometry": { "type": "Point", "coordinates": [ 27.339274685053518, 46.952712166010826 ] } },
{ "type": "Feature", "properties": { "id": 169198, "area_km2": 1.63, "elevation": 324.0, "volume_m3": 10000000.0 }, "geometry": { "type": "Point", "coordinates": [ 26.324606342443843, 46.934266729149797 ] } },
{ "type": "Feature", "properties": { "id": 169243, "area_km2": 1.38, "elevation": 131.0, "volume_m3": 21100000.0 }, "geometry": { "type": "Point", "coordinates": [ 27.484253658206196, 46.869078051936896 ] } },
{ "type": "Feature", "properties": { "id": 169290, "area_km2": 4.12, "elevation": 117.5, "volume_m3": 47000000.0 }, "geometry": { "type": "Point", "coordinates": [ 27.792825220472128, 46.806250273954838 ] } },
{ "type": "Feature", "properties": { "id": 169296, "area_km2": 1.67, "elevation": 846.0, "volume_m3": 112000000.0 }, "geometry": { "type": "Point", "coordinates": [ 22.711955572227023, 46.775009927157697 ] } },
{ "type": "Feature", "properties": { "id": 169355, "area_km2": 1.36, "elevation": 515.0, "volume_m3": 74000000.0 }, "geometry": { "type": "Point", "coordinates": [ 23.278707869648212, 46.721549912777185 ] } },
{ "type": "Feature", "properties": { "id": 169386, "area_km2": 1.02, "elevation": 209.44375610351562, "volume_m3": 8700000.0 }, "geometry": { "type": "Point", "coordinates": [ 26.705964253634093, 46.696658307407546 ] } },
{ "type": "Feature", "properties": { "id": 169397, "area_km2": 1.48, "elevation": 193.0, "volume_m3": 1550000.0 }, "geometry": { "type": "Point", "coordinates": [ 26.776079675728809, 46.679702797219555 ] } },
{ "type": "Feature", "properties": { "id": 169407, "area_km2": 4.15, "elevation": 987.5, "volume_m3": 225000000.0 }, "geometry": { "type": "Point", "coordinates": [ 23.005003120220021, 46.658641287422235 ] } },
{ "type": "Feature", "properties": { "id": 169413, "area_km2": 1.19, "elevation": 91.5, "volume_m3": 600000.0 }, "geometry": { "type": "Point", "coordinates": [ 21.590457524528503, 46.66586512028362 ] } },
{ "type": "Feature", "properties": { "id": 169444, "area_km2": 2.35, "elevation": 177.5, "volume_m3": 17170000.0 }, "geometry": { "type": "Point", "coordinates": [ 26.870830895325295, 46.642096519214718 ] } },
{ "type": "Feature", "properties": { "id": 169446, "area_km2": 1.71, "elevation": 111.0, "volume_m3": 11810000.0 }, "geometry": { "type": "Point", "coordinates": [ 27.625597456908917, 46.630457080775571 ] } },
{ "type": "Feature", "properties": { "id": 169456, "area_km2": 1.18, "elevation": 299.5, "volume_m3": 9190000.0 }, "geometry": { "type": "Point", "coordinates": [ 24.140928724135659, 46.6322546054584 ] } },
{ "type": "Feature", "properties": { "id": 169502, "area_km2": 1.34, "elevation": 161.0, "volume_m3": 1720000.0 }, "geometry": { "type": "Point", "coordinates": [ 26.922328514200647, 46.584987650477622 ] } },
{ "type": "Feature", "properties": { "id": 169512, "area_km2": 2.68, "elevation": 97.5, "volume_m3": 40900000.0 }, "geometry": { "type": "Point", "coordinates": [ 27.843855004769718, 46.584556038108822 ] } },
{ "type": "Feature", "properties": { "id": 169527, "area_km2": 2.06, "elevation": 89.414596557617188, "volume_m3": 1660000.0 }, "geometry": { "type": "Point", "coordinates": [ 21.317005595995798, 46.545443065325443 ] } },
{ "type": "Feature", "properties": { "id": 169548, "area_km2": 2.05, "elevation": 91.5, "volume_m3": 1190000.0 }, "geometry": { "type": "Point", "coordinates": [ 21.47470804198457, 46.51908316230562 ] } },
{ "type": "Feature", "properties": { "id": 169624, "area_km2": 5.58, "elevation": 141.11473083496094, "volume_m3": 39600000.0 }, "geometry": { "type": "Point", "coordinates": [ 26.959373713016525, 46.47440734292109 ] } },
{ "type": "Feature", "properties": { "id": 169670, "area_km2": 1.0, "elevation": 109.0, "volume_m3": 770000.0 }, "geometry": { "type": "Point", "coordinates": [ 21.835400831908558, 46.408614957909478 ] } },
{ "type": "Feature", "properties": { "id": 169740, "area_km2": 2.21, "elevation": 499.0, "volume_m3": 90000000.0 }, "geometry": { "type": "Point", "coordinates": [ 26.366750515641296, 46.328086201236779 ] } },
{ "type": "Feature", "properties": { "id": 169796, "area_km2": 2.87, "elevation": 95.5, "volume_m3": 23210000.0 }, "geometry": { "type": "Point", "coordinates": [ 27.562415852784859, 46.302465500130992 ] } },
{ "type": "Feature", "properties": { "id": 169805, "area_km2": 1.42, "elevation": 157.5, "volume_m3": 14280000.0 }, "geometry": { "type": "Point", "coordinates": [ 21.950701323034217, 46.272126540890405 ] } },
{ "type": "Feature", "properties": { "id": 169809, "area_km2": 1.98, "elevation": 77.5, "volume_m3": 16320000.0 }, "geometry": { "type": "Point", "coordinates": [ 27.682351716041072, 46.281245632414958 ] } },
{ "type": "Feature", "properties": { "id": 169939, "area_km2": 1.06, "elevation": 88.5, "volume_m3": 760000.0 }, "geometry": { "type": "Point", "coordinates": [ 20.727211614636889, 46.169238074400518 ] } },
{ "type": "Feature", "properties": { "id": 169950, "area_km2": 2.88, "elevation": 10.0, "volume_m3": 12080000.0 }, "geometry": { "type": "Point", "coordinates": [ 28.106588240686321, 46.169291515447178 ] } },
{ "type": "Feature", "properties": { "id": 169978, "area_km2": 1.01, "elevation": 10.5, "volume_m3": 3370000.0 }, "geometry": { "type": "Point", "coordinates": [ 28.114322192943554, 46.12729780411739 ] } },
{ "type": "Feature", "properties": { "id": 170072, "area_km2": 1.05, "elevation": 474.96481323242188, "volume_m3": 4260000.0 }, "geometry": { "type": "Point", "coordinates": [ 24.813805379147258, 46.069256130226982 ] } },
{ "type": "Feature", "properties": { "id": 170205, "area_km2": 8.82, "elevation": 74.0, "volume_m3": 61820000.0 }, "geometry": { "type": "Point", "coordinates": [ 27.234807908646772, 45.985455569455752 ] } },
{ "type": "Feature", "properties": { "id": 170207, "area_km2": 1.93, "elevation": 10.0, "volume_m3": 8710000.0 }, "geometry": { "type": "Point", "coordinates": [ 28.104917212473747, 45.950783291792177 ] } },
{ "type": "Feature", "properties": { "id": 170228, "area_km2": 1.11, "elevation": 114.0, "volume_m3": 5120000.0 }, "geometry": { "type": "Point", "coordinates": [ 21.341494207198522, 45.935845057924041 ] } },
{ "type": "Feature", "properties": { "id": 170291, "area_km2": 2.04, "elevation": 7.5, "volume_m3": 3230000.0 }, "geometry": { "type": "Point", "coordinates": [ 28.112029064391479, 45.86863537163412 ] } },
{ "type": "Feature", "properties": { "id": 170296, "area_km2": 1.17, "elevation": 7.5, "volume_m3": 5470000.0 }, "geometry": { "type": "Point", "coordinates": [ 28.103351476960707, 45.850700333836549 ] } },
{ "type": "Feature", "properties": { "id": 170318, "area_km2": 1.91, "elevation": 435.556640625, "volume_m3": 12300000.0 }, "geometry": { "type": "Point", "coordinates": [ 24.888941545292685, 45.840754040999187 ] } },
{ "type": "Feature", "properties": { "id": 170343, "area_km2": 1.15, "elevation": 410.5, "volume_m3": 4300000.0 }, "geometry": { "type": "Point", "coordinates": [ 24.766492955265214, 45.812443087373723 ] } },
{ "type": "Feature", "properties": { "id": 170369, "area_km2": 2.06, "elevation": 402.0, "volume_m3": 7300000.0 }, "geometry": { "type": "Point", "coordinates": [ 24.629426881851966, 45.793886461553754 ] } },
{ "type": "Feature", "properties": { "id": 170385, "area_km2": 1.49, "elevation": 390.5, "volume_m3": 5200000.0 }, "geometry": { "type": "Point", "coordinates": [ 24.528425122173175, 45.783654024079389 ] } },
{ "type": "Feature", "properties": { "id": 170394, "area_km2": 1.11, "elevation": 519.5, "volume_m3": 3850000.0 }, "geometry": { "type": "Point", "coordinates": [ 25.460743432275422, 45.762949774723786 ] } },
{ "type": "Feature", "properties": { "id": 170408, "area_km2": 3.31, "elevation": 191.0, "volume_m3": 34800000.0 }, "geometry": { "type": "Point", "coordinates": [ 22.148531662834884, 45.758295682596788 ] } },
{ "type": "Feature", "properties": { "id": 170417, "area_km2": 2.55, "elevation": 382.5, "volume_m3": 10800000.0 }, "geometry": { "type": "Point", "coordinates": [ 24.430390246289853, 45.761188145762198 ] } },
{ "type": "Feature", "properties": { "id": 170420, "area_km2": 1.18, "elevation": 6.5, "volume_m3": 2350000.0 }, "geometry": { "type": "Point", "coordinates": [ 28.162494791058613, 45.746565811672568 ] } },
{ "type": "Feature", "properties": { "id": 170453, "area_km2": 1.39, "elevation": 295.0, "volume_m3": 43000000.0 }, "geometry": { "type": "Point", "coordinates": [ 22.859812693094884, 45.691643603944051 ] } },
{ "type": "Feature", "properties": { "id": 170555, "area_km2": 1.49, "elevation": 1247.5, "volume_m3": 136000000.0 }, "geometry": { "type": "Point", "coordinates": [ 23.615989964612833, 45.569795676555046 ] } },
{ "type": "Feature", "properties": { "id": 170601, "area_km2": 3.1, "elevation": 119.99579620361328, "volume_m3": 10950000.0 }, "geometry": { "type": "Point", "coordinates": [ 21.567848669155381, 45.530854164504021 ] } },
{ "type": "Feature", "properties": { "id": 170630, "area_km2": 1.12, "elevation": 551.0, "volume_m3": 155000000.0 }, "geometry": { "type": "Point", "coordinates": [ 26.234477434843079, 45.502407629998622 ] } },
{ "type": "Feature", "properties": { "id": 170657, "area_km2": 1.17, "elevation": 11.793601036071777, "volume_m3": 670000.0 }, "geometry": { "type": "Point", "coordinates": [ 27.646554430118542, 45.45260825987193 ] } },
{ "type": "Feature", "properties": { "id": 170671, "area_km2": 4.61, "elevation": 1263.5, "volume_m3": 340000000.0 }, "geometry": { "type": "Point", "coordinates": [ 23.730107658077063, 45.431131666273771 ] } },
{ "type": "Feature", "properties": { "id": 170675, "area_km2": 1.13, "elevation": 9.0, "volume_m3": 2660000.0 }, "geometry": { "type": "Point", "coordinates": [ 27.826320966147087, 45.448498354470679 ] } },
{ "type": "Feature", "properties": { "id": 170676, "area_km2": 1.23, "elevation": 10.374616622924805, "volume_m3": 1460000.0 }, "geometry": { "type": "Point", "coordinates": [ 27.564840691880217, 45.436903703054966 ] } },
{ "type": "Feature", "properties": { "id": 170681, "area_km2": 1.69, "elevation": 10.194650650024414, "volume_m3": 1000000.0 }, "geometry": { "type": "Point", "coordinates": [ 27.592262429174383, 45.43305538574289 ] } },
{ "type": "Feature", "properties": { "id": 170683, "area_km2": 2.28, "elevation": 9.3416519165039062, "volume_m3": 1280000.0 }, "geometry": { "type": "Point", "coordinates": [ 27.604221715176294, 45.439760171823607 ] } },
{ "type": "Feature", "properties": { "id": 170686, "area_km2": 1.19, "elevation": 1.2842197418212891, "volume_m3": 990000.0 }, "geometry": { "type": "Point", "coordinates": [ 29.314270027659408, 45.429188869132055 ] } },
{ "type": "Feature", "properties": { "id": 170703, "area_km2": 1.54, "elevation": 0.1717463880777359, "volume_m3": 770000.0 }, "geometry": { "type": "Point", "coordinates": [ 29.352765181869064, 45.398578384334627 ] } },
{ "type": "Feature", "properties": { "id": 170714, "area_km2": 1.06, "elevation": 931.41583251953125, "volume_m3": 24930000.0 }, "geometry": { "type": "Point", "coordinates": [ 25.057666682120811, 45.407199860193025 ] } },
{ "type": "Feature", "properties": { "id": 170723, "area_km2": 1.14, "elevation": 0.0, "volume_m3": 650000.0 }, "geometry": { "type": "Point", "coordinates": [ 28.104970833075239, 45.372561646818603 ] } },
{ "type": "Feature", "properties": { "id": 170726, "area_km2": 1.06, "elevation": 0.5, "volume_m3": 1130000.0 }, "geometry": { "type": "Point", "coordinates": [ 29.137275165464178, 45.375134607622186 ] } },
{ "type": "Feature", "properties": { "id": 170733, "area_km2": 5.32, "elevation": 798.0, "volume_m3": 469000000.0 }, "geometry": { "type": "Point", "coordinates": [ 24.624901160015753, 45.396330999546635 ] } },
{ "type": "Feature", "properties": { "id": 170750, "area_km2": 1.66, "elevation": 453.69171142578125, "volume_m3": 33740000.0 }, "geometry": { "type": "Point", "coordinates": [ 24.079362392753637, 45.352113075675462 ] } },
{ "type": "Feature", "properties": { "id": 170760, "area_km2": 2.02, "elevation": 0.22965323925018311, "volume_m3": 1310000.0 }, "geometry": { "type": "Point", "coordinates": [ 29.596341987421908, 45.339617150107998 ] } },
{ "type": "Feature", "properties": { "id": 170761, "area_km2": 1.01, "elevation": 309.5, "volume_m3": 14200000.0 }, "geometry": { "type": "Point", "coordinates": [ 24.279449441163909, 45.351320804026166 ] } },
{ "type": "Feature", "properties": { "id": 170764, "area_km2": 2.2, "elevation": 0.0, "volume_m3": 1580000.0 }, "geometry": { "type": "Point", "coordinates": [ 29.387366594371475, 45.353190034186817 ] } },
{ "type": "Feature", "properties": { "id": 170783, "area_km2": 5.7, "elevation": 0.037871304899454117, "volume_m3": 6230000.0 }, "geometry": { "type": "Point", "coordinates": [ 29.625233355561537, 45.309743008062242 ] } },
{ "type": "Feature", "properties": { "id": 170789, "area_km2": 8.16, "elevation": 0.0, "volume_m3": 8960000.0 }, "geometry": { "type": "Point", "coordinates": [ 29.343820349538863, 45.309875228889332 ] } },
{ "type": "Feature", "properties": { "id": 170811, "area_km2": 8.43, "elevation": -0.5, "volume_m3": 8870000.0 }, "geometry": { "type": "Point", "coordinates": [ 29.373763297778428, 45.29500998287071 ] } },
{ "type": "Feature", "properties": { "id": 170820, "area_km2": 1.46, "elevation": 43.138385772705078, "volume_m3": 4940000.0 }, "geometry": { "type": "Point", "coordinates": [ 27.240333443188632, 45.310064477719152 ] } },
{ "type": "Feature", "properties": { "id": 170828, "area_km2": 3.36, "elevation": 1.0, "volume_m3": 3440000.0 }, "geometry": { "type": "Point", "coordinates": [ 28.372465200205681, 45.285407038337013 ] } },
{ "type": "Feature", "properties": { "id": 170839, "area_km2": 1.46, "elevation": 27.5, "volume_m3": 1120000.0 }, "geometry": { "type": "Point", "coordinates": [ 27.386890921187682, 45.280596239079806 ] } },
{ "type": "Feature", "properties": { "id": 170844, "area_km2": 1.18, "elevation": 1.0, "volume_m3": 810000.0 }, "geometry": { "type": "Point", "coordinates": [ 29.414164149712072, 45.270145771465124 ] } },
{ "type": "Feature", "properties": { "id": 170845, "area_km2": 2.16, "elevation": -0.5, "volume_m3": 1520000.0 }, "geometry": { "type": "Point", "coordinates": [ 29.386820680219554, 45.276372486147842 ] } },
{ "type": "Feature", "properties": { "id": 170849, "area_km2": 1.33, "elevation": -0.5, "volume_m3": 1050000.0 }, "geometry": { "type": "Point", "coordinates": [ 29.361455801976348, 45.267220727755401 ] } },
{ "type": "Feature", "properties": { "id": 170862, "area_km2": 1.5, "elevation": 5.6031312942504883, "volume_m3": 1980000.0 }, "geometry": { "type": "Point", "coordinates": [ 27.713959472133766, 45.240619119102611 ] } },
{ "type": "Feature", "properties": { "id": 170873, "area_km2": 1.28, "elevation": 1.5, "volume_m3": 1270000.0 }, "geometry": { "type": "Point", "coordinates": [ 29.003298576775883, 45.249498157862249 ] } },
{ "type": "Feature", "properties": { "id": 170876, "area_km2": 3.62, "elevation": 1.0, "volume_m3": 11110000.0 }, "geometry": { "type": "Point", "coordinates": [ 28.510893920491927, 45.231797552996191 ] } },
{ "type": "Feature", "properties": { "id": 170879, "area_km2": 2.46, "elevation": 1.0, "volume_m3": 1910000.0 }, "geometry": { "type": "Point", "coordinates": [ 29.12722870797473, 45.247670840500525 ] } },
{ "type": "Feature", "properties": { "id": 170880, "area_km2": 1.03, "elevation": 9.0, "volume_m3": 2430000.0 }, "geometry": { "type": "Point", "coordinates": [ 27.635402075659112, 45.241828518445992 ] } },
{ "type": "Feature", "properties": { "id": 170881, "area_km2": 5.53, "elevation": 0.5, "volume_m3": 4800000.0 }, "geometry": { "type": "Point", "coordinates": [ 29.31869142258676, 45.237571353757701 ] } },
{ "type": "Feature", "properties": { "id": 170882, "area_km2": 1.31, "elevation": 1.5, "volume_m3": 940000.0 }, "geometry": { "type": "Point", "coordinates": [ 28.952661884945631, 45.238824957719117 ] } },
{ "type": "Feature", "properties": { "id": 170883, "area_km2": 1.36, "elevation": 1.0, "volume_m3": 930000.0 }, "geometry": { "type": "Point", "coordinates": [ 29.457732877900405, 45.238936609098062 ] } },
{ "type": "Feature", "properties": { "id": 170888, "area_km2": 1.96, "elevation": 1.0, "volume_m3": 3800000.0 }, "geometry": { "type": "Point", "coordinates": [ 28.589018341849172, 45.226855636863625 ] } },
{ "type": "Feature", "properties": { "id": 170889, "area_km2": 2.76, "elevation": 0.0, "volume_m3": 1700000.0 }, "geometry": { "type": "Point", "coordinates": [ 29.212021130520601, 45.230160747348535 ] } },
{ "type": "Feature", "properties": { "id": 170890, "area_km2": 1.58, "elevation": 0.0, "volume_m3": 1000000.0 }, "geometry": { "type": "Point", "coordinates": [ 29.292166062226606, 45.233066781599021 ] } },
{ "type": "Feature", "properties": { "id": 170893, "area_km2": 3.99, "elevation": 1.0, "volume_m3": 4660000.0 }, "geometry": { "type": "Point", "coordinates": [ 29.35999137377561, 45.234883749095815 ] } },
{ "type": "Feature", "properties": { "id": 170896, "area_km2": 1.2, "elevation": 1.0, "volume_m3": 700000.0 }, "geometry": { "type": "Point", "coordinates": [ 29.043040931803009, 45.225139867744353 ] } },
{ "type": "Feature", "properties": { "id": 170897, "area_km2": 1.69, "elevation": 1.0, "volume_m3": 970000.0 }, "geometry": { "type": "Point", "coordinates": [ 28.538287859307005, 45.226576553310053 ] } },
{ "type": "Feature", "properties": { "id": 170898, "area_km2": 2.05, "elevation": 1.0, "volume_m3": 2500000.0 }, "geometry": { "type": "Point", "coordinates": [ 28.912670353177987, 45.226217391831085 ] } },
{ "type": "Feature", "properties": { "id": 170902, "area_km2": 7.11, "elevation": 30.0, "volume_m3": 24300000.0 }, "geometry": { "type": "Point", "coordinates": [ 27.300023316603738, 45.227430108984372 ] } },
{ "type": "Feature", "properties": { "id": 170903, "area_km2": 1.98, "elevation": 5.5, "volume_m3": 5260000.0 }, "geometry": { "type": "Point", "coordinates": [ 27.644766832034872, 45.223652634964935 ] } },
{ "type": "Feature", "properties": { "id": 170905, "area_km2": 2.28, "elevation": 1.0, "volume_m3": 1740000.0 }, "geometry": { "type": "Point", "coordinates": [ 28.930845438401274, 45.213833487829788 ] } },
{ "type": "Feature", "properties": { "id": 170906, "area_km2": 1.95, "elevation": 4.5, "volume_m3": 4990000.0 }, "geometry": { "type": "Point", "coordinates": [ 27.902006362983716, 45.212532222716064 ] } },
{ "type": "Feature", "properties": { "id": 170907, "area_km2": 9.22, "elevation": 1.0, "volume_m3": 10160000.0 }, "geometry": { "type": "Point", "coordinates": [ 29.123827619319115, 45.214155040995678 ] } },
{ "type": "Feature", "properties": { "id": 170922, "area_km2": 2.52, "elevation": 7.0, "volume_m3": 6340000.0 }, "geometry": { "type": "Point", "coordinates": [ 27.668863666678767, 45.202894259741747 ] } },
{ "type": "Feature", "properties": { "id": 170932, "area_km2": 2.24, "elevation": 14.0, "volume_m3": 6220000.0 }, "geometry": { "type": "Point", "coordinates": [ 27.608234499412202, 45.186046104529751 ] } },
{ "type": "Feature", "properties": { "id": 170933, "area_km2": 1.22, "elevation": 1.5, "volume_m3": 4090000.0 }, "geometry": { "type": "Point", "coordinates": [ 28.680843380247453, 45.183163430818425 ] } },
{ "type": "Feature", "properties": { "id": 170936, "area_km2": 1.77, "elevation": 1.5, "volume_m3": 5210000.0 }, "geometry": { "type": "Point", "coordinates": [ 28.744830141149404, 45.178084701469686 ] } },
{ "type": "Feature", "properties": { "id": 170943, "area_km2": 2.38, "elevation": 385.71490478515625, "volume_m3": 11200000.0 }, "geometry": { "type": "Point", "coordinates": [ 24.368045543746369, 45.201352871940237 ] } },
{ "type": "Feature", "properties": { "id": 170944, "area_km2": 5.57, "elevation": 0.0, "volume_m3": 4430000.0 }, "geometry": { "type": "Point", "coordinates": [ 29.287768349545242, 45.189488808450626 ] } },
{ "type": "Feature", "properties": { "id": 170948, "area_km2": 1.63, "elevation": 38.0, "volume_m3": 1740000.0 }, "geometry": { "type": "Point", "coordinates": [ 27.233649903877303, 45.167487071915183 ] } },
{ "type": "Feature", "properties": { "id": 170949, "area_km2": 2.82, "elevation": 0.0, "volume_m3": 2300000.0 }, "geometry": { "type": "Point", "coordinates": [ 29.306431568536574, 45.168432499561213 ] } },
{ "type": "Feature", "properties": { "id": 170950, "area_km2": 4.46, "elevation": 39.5, "volume_m3": 10970000.0 }, "geometry": { "type": "Point", "coordinates": [ 27.205099551086199, 45.172194961923111 ] } },
{ "type": "Feature", "properties": { "id": 170952, "area_km2": 1.13, "elevation": 0.26537567377090454, "volume_m3": 720000.0 }, "geometry": { "type": "Point", "coordinates": [ 29.000077148773034, 45.167210022264719 ] } },
{ "type": "Feature", "properties": { "id": 170958, "area_km2": 1.73, "elevation": 683.0, "volume_m3": 124000000.0 }, "geometry": { "type": "Point", "coordinates": [ 22.74257469795791, 45.170556709902733 ] } },
{ "type": "Feature", "properties": { "id": 170961, "area_km2": 3.37, "elevation": 20.034692764282227, "volume_m3": 9500000.0 }, "geometry": { "type": "Point", "coordinates": [ 27.492353674036945, 45.14957230897236 ] } },
{ "type": "Feature", "properties": { "id": 170962, "area_km2": 1.51, "elevation": 0.5, "volume_m3": 940000.0 }, "geometry": { "type": "Point", "coordinates": [ 29.29572753822729, 45.15335872827854 ] } },
{ "type": "Feature", "properties": { "id": 170964, "area_km2": 2.6, "elevation": 17.0, "volume_m3": 6730000.0 }, "geometry": { "type": "Point", "coordinates": [ 27.544529860568307, 45.162610751291957 ] } },
{ "type": "Feature", "properties": { "id": 170976, "area_km2": 2.36, "elevation": 0.75877004861831665, "volume_m3": 2320000.0 }, "geometry": { "type": "Point", "coordinates": [ 29.111422296116654, 45.141027913702672 ] } },
{ "type": "Feature", "properties": { "id": 170986, "area_km2": 1.13, "elevation": 0.5, "volume_m3": 860000.0 }, "geometry": { "type": "Point", "coordinates": [ 29.149915308116242, 45.137966841733892 ] } },
{ "type": "Feature", "properties": { "id": 170987, "area_km2": 1.96, "elevation": 0.5, "volume_m3": 1440000.0 }, "geometry": { "type": "Point", "coordinates": [ 29.338828559899987, 45.130497904608582 ] } },
{ "type": "Feature", "properties": { "id": 170989, "area_km2": 1.75, "elevation": 0.0, "volume_m3": 1500000.0 }, "geometry": { "type": "Point", "coordinates": [ 29.223700596117652, 45.143112642531527 ] } },
{ "type": "Feature", "properties": { "id": 171004, "area_km2": 4.96, "elevation": 0.5, "volume_m3": 5380000.0 }, "geometry": { "type": "Point", "coordinates": [ 29.404271880802639, 45.144161868032199 ] } },
{ "type": "Feature", "properties": { "id": 171006, "area_km2": 2.95, "elevation": 247.18545532226562, "volume_m3": 19000000.0 }, "geometry": { "type": "Point", "coordinates": [ 24.387206977334191, 45.135129915717165 ] } },
{ "type": "Feature", "properties": { "id": 171014, "area_km2": 1.8, "elevation": 0.5, "volume_m3": 1430000.0 }, "geometry": { "type": "Point", "coordinates": [ 29.230784115669234, 45.108841191532321 ] } },
{ "type": "Feature", "properties": { "id": 171016, "area_km2": 1.97, "elevation": 4.7296895980834961, "volume_m3": 2190000.0 }, "geometry": { "type": "Point", "coordinates": [ 28.123285852465994, 45.117969123137314 ] } },
{ "type": "Feature", "properties": { "id": 171030, "area_km2": 1.56, "elevation": 0.5, "volume_m3": 1060000.0 }, "geometry": { "type": "Point", "coordinates": [ 29.240053415057794, 45.098320392629169 ] } },
{ "type": "Feature", "properties": { "id": 171031, "area_km2": 1.33, "elevation": 0.5, "volume_m3": 840000.0 }, "geometry": { "type": "Point", "coordinates": [ 29.436371648060003, 45.107696440875969 ] } },
{ "type": "Feature", "properties": { "id": 171034, "area_km2": 4.67, "elevation": 0.0, "volume_m3": 3870000.0 }, "geometry": { "type": "Point", "coordinates": [ 29.259971161787256, 45.08863328039152 ] } },
{ "type": "Feature", "properties": { "id": 171039, "area_km2": 1.33, "elevation": 0.0, "volume_m3": 700000.0 }, "geometry": { "type": "Point", "coordinates": [ 29.285424986656434, 45.079449251804313 ] } },
{ "type": "Feature", "properties": { "id": 171042, "area_km2": 1.48, "elevation": 387.5, "volume_m3": 13300000.0 }, "geometry": { "type": "Point", "coordinates": [ 24.661872418489402, 45.09175303772173 ] } },
{ "type": "Feature", "properties": { "id": 171045, "area_km2": 2.28, "elevation": 0.5, "volume_m3": 1490000.0 }, "geometry": { "type": "Point", "coordinates": [ 29.324012942325218, 45.087310952678756 ] } },
{ "type": "Feature", "properties": { "id": 171049, "area_km2": 2.06, "elevation": 228.93415832519531, "volume_m3": 4600000.0 }, "geometry": { "type": "Point", "coordinates": [ 24.377112592533503, 45.087901970690375 ] } },
{ "type": "Feature", "properties": { "id": 171051, "area_km2": 3.56, "elevation": 0.72901433706283569, "volume_m3": 2700000.0 }, "geometry": { "type": "Point", "coordinates": [ 29.614731511190858, 45.071422938089064 ] } },
{ "type": "Feature", "properties": { "id": 171052, "area_km2": 4.1, "elevation": 0.0, "volume_m3": 2270000.0 }, "geometry": { "type": "Point", "coordinates": [ 29.433876062266819, 45.083079646341623 ] } },
{ "type": "Feature", "properties": { "id": 171064, "area_km2": 8.42, "elevation": 0.0, "volume_m3": 8340000.0 }, "geometry": { "type": "Point", "coordinates": [ 29.480788474355698, 45.054747165096551 ] } },
{ "type": "Feature", "properties": { "id": 171078, "area_km2": 1.89, "elevation": 1.0, "volume_m3": 2640000.0 }, "geometry": { "type": "Point", "coordinates": [ 29.167959651611596, 45.044993823221205 ] } },
{ "type": "Feature", "properties": { "id": 171082, "area_km2": 1.29, "elevation": 6.0, "volume_m3": 5490000.0 }, "geometry": { "type": "Point", "coordinates": [ 28.198333386709567, 45.031969404747436 ] } },
{ "type": "Feature", "properties": { "id": 171085, "area_km2": 1.17, "elevation": 0.5, "volume_m3": 760000.0 }, "geometry": { "type": "Point", "coordinates": [ 29.311351581112511, 45.031342799948554 ] } },
{ "type": "Feature", "properties": { "id": 171088, "area_km2": 3.14, "elevation": 4.047050952911377, "volume_m3": 3070000.0 }, "geometry": { "type": "Point", "coordinates": [ 27.915707076973675, 45.015006261629701 ] } },
{ "type": "Feature", "properties": { "id": 171089, "area_km2": 1.2, "elevation": -3.0, "volume_m3": 2009999.9999999998 }, "geometry": { "type": "Point", "coordinates": [ 29.117296271236651, 45.027196040210129 ] } },
{ "type": "Feature", "properties": { "id": 171091, "area_km2": 1.11, "elevation": 29.660499572753906, "volume_m3": 1460000.0 }, "geometry": { "type": "Point", "coordinates": [ 27.445504972687313, 45.022529702548461 ] } },
{ "type": "Feature", "properties": { "id": 171099, "area_km2": 4.08, "elevation": 211.5, "volume_m3": 18500000.0 }, "geometry": { "type": "Point", "coordinates": [ 24.311902770073591, 45.025229665779918 ] } },
{ "type": "Feature", "properties": { "id": 171103, "area_km2": 1.04, "elevation": 3.1472878456115723, "volume_m3": 660000.0 }, "geometry": { "type": "Point", "coordinates": [ 27.918057865639845, 44.993032481035101 ] } },
{ "type": "Feature", "properties": { "id": 171105, "area_km2": 1.9, "elevation": -1.0, "volume_m3": 1300000.0 }, "geometry": { "type": "Point", "coordinates": [ 29.085463341191574, 45.007431551165944 ] } },
{ "type": "Feature", "properties": { "id": 171117, "area_km2": 2.48, "elevation": 0.0, "volume_m3": 7290000.0 }, "geometry": { "type": "Point", "coordinates": [ 28.904645693822204, 44.998818501240393 ] } },
{ "type": "Feature", "properties": { "id": 171121, "area_km2": 1.07, "elevation": 0.87112909555435181, "volume_m3": 540000.0 }, "geometry": { "type": "Point", "coordinates": [ 29.420029015025243, 45.000479449071555 ] } },
{ "type": "Feature", "properties": { "id": 171124, "area_km2": 3.98, "elevation": 334.0, "volume_m3": 54800000.0 }, "geometry": { "type": "Point", "coordinates": [ 24.728655407545915, 44.992530529669459 ] } },
{ "type": "Feature", "properties": { "id": 171125, "area_km2": 1.61, "elevation": 48.323871612548828, "volume_m3": 2730000.0 }, "geometry": { "type": "Point", "coordinates": [ 27.09240787576584, 44.975607899610182 ] } },
{ "type": "Feature", "properties": { "id": 171136, "area_km2": 1.01, "elevation": 20.983301162719727, "volume_m3": 4430000.0 }, "geometry": { "type": "Point", "coordinates": [ 27.526891264677609, 44.943068127631065 ] } },
{ "type": "Feature", "properties": { "id": 171162, "area_km2": 8.45, "elevation": 196.0, "volume_m3": 59700000.0 }, "geometry": { "type": "Point", "coordinates": [ 24.263775248155749, 44.946955767938547 ] } },
{ "type": "Feature", "properties": { "id": 171165, "area_km2": 1.03, "elevation": -0.5, "volume_m3": 720000.0 }, "geometry": { "type": "Point", "coordinates": [ 29.18255972956252, 44.920957272743877 ] } },
{ "type": "Feature", "properties": { "id": 171167, "area_km2": 3.59, "elevation": 298.0, "volume_m3": 54900000.0 }, "geometry": { "type": "Point", "coordinates": [ 24.806149982459139, 44.926608975242686 ] } },
{ "type": "Feature", "properties": { "id": 171181, "area_km2": 1.92, "elevation": 74.0, "volume_m3": 4690000.0 }, "geometry": { "type": "Point", "coordinates": [ 26.445138297322867, 44.888942883343582 ] } },
{ "type": "Feature", "properties": { "id": 171183, "area_km2": 1.41, "elevation": 79.0, "volume_m3": 3330000.0 }, "geometry": { "type": "Point", "coordinates": [ 26.404563401162289, 44.891273689852824 ] } },
{ "type": "Feature", "properties": { "id": 171187, "area_km2": 1.03, "elevation": -1.0, "volume_m3": 660000.0 }, "geometry": { "type": "Point", "coordinates": [ 29.153975134511416, 44.887165625662014 ] } },
{ "type": "Feature", "properties": { "id": 171198, "area_km2": 2.43, "elevation": 61.306892395019531, "volume_m3": 6230000.0 }, "geometry": { "type": "Point", "coordinates": [ 26.574079161179725, 44.870227251722973 ] } },
{ "type": "Feature", "properties": { "id": 171199, "area_km2": 2.63, "elevation": -1.5, "volume_m3": 1830000.0 }, "geometry": { "type": "Point", "coordinates": [ 29.130229600853333, 44.856871771119657 ] } },
{ "type": "Feature", "properties": { "id": 171202, "area_km2": 4.63, "elevation": 178.38368225097656, "volume_m3": 24900000.0 }, "geometry": { "type": "Point", "coordinates": [ 24.249964316112987, 44.883292369683588 ] } },
{ "type": "Feature", "properties": { "id": 171203, "area_km2": 3.98, "elevation": 4.6786231994628906, "volume_m3": 5600000.0 }, "geometry": { "type": "Point", "coordinates": [ 27.920473356241338, 44.847227235163302 ] } },
{ "type": "Feature", "properties": { "id": 171210, "area_km2": 1.7, "elevation": 60.5, "volume_m3": 6410000.0 }, "geometry": { "type": "Point", "coordinates": [ 26.572607320254431, 44.852168445806853 ] } },
{ "type": "Feature", "properties": { "id": 171215, "area_km2": 1.07, "elevation": 9.5687017440795898, "volume_m3": 550000.0 }, "geometry": { "type": "Point", "coordinates": [ 27.874219056258326, 44.841165828223396 ] } },
{ "type": "Feature", "properties": { "id": 171219, "area_km2": 1.62, "elevation": 41.449996948242188, "volume_m3": 2570000.0 }, "geometry": { "type": "Point", "coordinates": [ 27.267168539705349, 44.836267252131769 ] } },
{ "type": "Feature", "properties": { "id": 171224, "area_km2": 1.5, "elevation": 4.3536405563354492, "volume_m3": 1840000.0 }, "geometry": { "type": "Point", "coordinates": [ 27.896735367058696, 44.834525923040346 ] } },
{ "type": "Feature", "properties": { "id": 171225, "area_km2": 1.9, "elevation": 221.0, "volume_m3": 6260000.0 }, "geometry": { "type": "Point", "coordinates": [ 25.544226610152609, 44.832950267520424 ] } },
{ "type": "Feature", "properties": { "id": 171226, "area_km2": 1.61, "elevation": 235.38088989257812, "volume_m3": 4200000.0 }, "geometry": { "type": "Point", "coordinates": [ 25.480060970067779, 44.83200444807828 ] } },
{ "type": "Feature", "properties": { "id": 171229, "area_km2": 1.47, "elevation": 43.390575408935547, "volume_m3": 1860000.0 }, "geometry": { "type": "Point", "coordinates": [ 27.320988202410096, 44.810701053922166 ] } },
{ "type": "Feature", "properties": { "id": 171232, "area_km2": 1.58, "elevation": 5.9061460494995117, "volume_m3": 790000.0 }, "geometry": { "type": "Point", "coordinates": [ 27.809047661659292, 44.822913651467161 ] } },
{ "type": "Feature", "properties": { "id": 171235, "area_km2": 5.91, "elevation": 249.5, "volume_m3": 78500000.0 }, "geometry": { "type": "Point", "coordinates": [ 24.970189128554505, 44.818926861220291 ] } },
{ "type": "Feature", "properties": { "id": 171236, "area_km2": 1.16, "elevation": 212.5, "volume_m3": 3130000.0 }, "geometry": { "type": "Point", "coordinates": [ 25.56285694632761, 44.815890193814084 ] } },
{ "type": "Feature", "properties": { "id": 171238, "area_km2": 1.77, "elevation": 30.592006683349609, "volume_m3": 3060000.0 }, "geometry": { "type": "Point", "coordinates": [ 27.42875031177693, 44.815237343287968 ] } },
{ "type": "Feature", "properties": { "id": 171241, "area_km2": 1.9, "elevation": 56.5, "volume_m3": 4810000.0 }, "geometry": { "type": "Point", "coordinates": [ 26.559674081213949, 44.81349776743847 ] } },
{ "type": "Feature", "properties": { "id": 171250, "area_km2": 1.46, "elevation": 40.379177093505859, "volume_m3": 3150000.0 }, "geometry": { "type": "Point", "coordinates": [ 27.26352737825966, 44.79699270082881 ] } },
{ "type": "Feature", "properties": { "id": 171268, "area_km2": 3.47, "elevation": -1.0, "volume_m3": 2830000.0 }, "geometry": { "type": "Point", "coordinates": [ 29.090547973894026, 44.765111298970062 ] } },
{ "type": "Feature", "properties": { "id": 171277, "area_km2": 3.46, "elevation": 85.0, "volume_m3": 14570000.0 }, "geometry": { "type": "Point", "coordinates": [ 26.164731464806984, 44.713859880320605 ] } },
{ "type": "Feature", "properties": { "id": 171290, "area_km2": 7.51, "elevation": -1.0, "volume_m3": 7720000.0 }, "geometry": { "type": "Point", "coordinates": [ 29.010508882343363, 44.718714126318403 ] } },
{ "type": "Feature", "properties": { "id": 171296, "area_km2": 1.03, "elevation": 84.0, "volume_m3": 3780000.0 }, "geometry": { "type": "Point", "coordinates": [ 21.656508837320434, 44.707568639358279 ] } },
{ "type": "Feature", "properties": { "id": 171299, "area_km2": 5.77, "elevation": 65.359092712402344, "volume_m3": 28940000.0 }, "geometry": { "type": "Point", "coordinates": [ 26.43564500534653, 44.694937101303033 ] } },
{ "type": "Feature", "properties": { "id": 171302, "area_km2": 3.19, "elevation": 0.85634452104568481, "volume_m3": 2780000.0 }, "geometry": { "type": "Point", "coordinates": [ 28.736236380830341, 44.718899887884568 ] } },
{ "type": "Feature", "properties": { "id": 171312, "area_km2": 1.24, "elevation": -1.0, "volume_m3": 1740000.0 }, "geometry": { "type": "Point", "coordinates": [ 28.760316643291389, 44.67928648186593 ] } },
{ "type": "Feature", "properties": { "id": 171322, "area_km2": 7.62, "elevation": 11.0, "volume_m3": 46870000.0 }, "geometry": { "type": "Point", "coordinates": [ 27.574849633093788, 44.689913646400733 ] } },
{ "type": "Feature", "properties": { "id": 171323, "area_km2": 1.47, "elevation": 68.5, "volume_m3": 6990000.0 }, "geometry": { "type": "Point", "coordinates": [ 26.276458946230282, 44.670722001828203 ] } },
{ "type": "Feature", "properties": { "id": 171344, "area_km2": 1.42, "elevation": 11.0, "volume_m3": 3610000.0 }, "geometry": { "type": "Point", "coordinates": [ 27.600802263926678, 44.647957870774064 ] } },
{ "type": "Feature", "properties": { "id": 171363, "area_km2": 2.87, "elevation": 29.0, "volume_m3": 10560000.0 }, "geometry": { "type": "Point", "coordinates": [ 27.148061109083173, 44.630093899906576 ] } },
{ "type": "Feature", "properties": { "id": 171366, "area_km2": 2.88, "elevation": -1.0, "volume_m3": 3560000.0 }, "geometry": { "type": "Point", "coordinates": [ 28.774060867569535, 44.611870831138717 ] } },
{ "type": "Feature", "properties": { "id": 171368, "area_km2": 1.5, "elevation": 20.5, "volume_m3": 3150000.0 }, "geometry": { "type": "Point", "coordinates": [ 27.338047771423298, 44.607548434367722 ] } },
{ "type": "Feature", "properties": { "id": 171373, "area_km2": 1.77, "elevation": 20.453310012817383, "volume_m3": 3950000.0 }, "geometry": { "type": "Point", "coordinates": [ 27.426355855688101, 44.600625200867924 ] } },
{ "type": "Feature", "properties": { "id": 171384, "area_km2": 3.57, "elevation": 25.0, "volume_m3": 13750000.0 }, "geometry": { "type": "Point", "coordinates": [ 27.174568866655218, 44.597571835381494 ] } },
{ "type": "Feature", "properties": { "id": 171389, "area_km2": 2.89, "elevation": 103.0, "volume_m3": 8119999.9999999991 }, "geometry": { "type": "Point", "coordinates": [ 25.909621211802044, 44.585864213600694 ] } },
{ "type": "Feature", "properties": { "id": 171397, "area_km2": 3.84, "elevation": 0.0, "volume_m3": 8250000.0 }, "geometry": { "type": "Point", "coordinates": [ 28.738714365201723, 44.555258418116146 ] } },
{ "type": "Feature", "properties": { "id": 171404, "area_km2": 9.89, "elevation": -0.5, "volume_m3": 36560000.0 }, "geometry": { "type": "Point", "coordinates": [ 28.711213123684935, 44.521110923394083 ] } },
{ "type": "Feature", "properties": { "id": 171432, "area_km2": 3.01, "elevation": 83.5, "volume_m3": 8330000.0 }, "geometry": { "type": "Point", "coordinates": [ 26.02399978403875, 44.455091629015442 ] } },
{ "type": "Feature", "properties": { "id": 171433, "area_km2": 8.91, "elevation": 121.0, "volume_m3": 43400000.0 }, "geometry": { "type": "Point", "coordinates": [ 24.313263583368602, 44.493392762206867 ] } },
{ "type": "Feature", "properties": { "id": 171437, "area_km2": 2.9, "elevation": 64.146209716796875, "volume_m3": 11670000.0 }, "geometry": { "type": "Point", "coordinates": [ 26.211166356404402, 44.439366562211426 ] } },
{ "type": "Feature", "properties": { "id": 171447, "area_km2": 2.49, "elevation": 78.022895812988281, "volume_m3": 12730000.0 }, "geometry": { "type": "Point", "coordinates": [ 26.262722412847708, 44.425064819548467 ] } },
{ "type": "Feature", "properties": { "id": 171450, "area_km2": 5.51, "elevation": 107.0, "volume_m3": 19200000.0 }, "geometry": { "type": "Point", "coordinates": [ 24.340236664768344, 44.419373803512983 ] } },
{ "type": "Feature", "properties": { "id": 171455, "area_km2": 4.79, "elevation": 32.0, "volume_m3": 55800000.0 }, "geometry": { "type": "Point", "coordinates": [ 26.65433124598254, 44.39965982072826 ] } },
{ "type": "Feature", "properties": { "id": 171471, "area_km2": 4.67, "elevation": 0.5, "volume_m3": 16690000.000000002 }, "geometry": { "type": "Point", "coordinates": [ 28.658275909278238, 44.367150010486121 ] } },
{ "type": "Feature", "properties": { "id": 171488, "area_km2": 9.11, "elevation": 25.784345626831055, "volume_m3": 142000000.0 }, "geometry": { "type": "Point", "coordinates": [ 26.778858384963399, 44.345990371752229 ] } },
{ "type": "Feature", "properties": { "id": 171511, "area_km2": 1.04, "elevation": 34.003883361816406, "volume_m3": 3020000.0 }, "geometry": { "type": "Point", "coordinates": [ 22.69098443918876, 44.274485817789092 ] } },
{ "type": "Feature", "properties": { "id": 171522, "area_km2": 3.48, "elevation": 10.0, "volume_m3": 6780000.0 }, "geometry": { "type": "Point", "coordinates": [ 27.257187482182061, 44.237078157724333 ] } },
{ "type": "Feature", "properties": { "id": 171528, "area_km2": 1.23, "elevation": 8.0, "volume_m3": 8550000.0 }, "geometry": { "type": "Point", "coordinates": [ 27.907876744858051, 44.206426503258662 ] } },
{ "type": "Feature", "properties": { "id": 171529, "area_km2": 7.04, "elevation": 20.188224792480469, "volume_m3": 43560000.0 }, "geometry": { "type": "Point", "coordinates": [ 27.116695908870472, 44.243439870420531 ] } },
{ "type": "Feature", "properties": { "id": 171530, "area_km2": 3.45, "elevation": 8.5, "volume_m3": 5080000.0 }, "geometry": { "type": "Point", "coordinates": [ 27.771101460993098, 44.192283952894968 ] } },
{ "type": "Feature", "properties": { "id": 171532, "area_km2": 1.77, "elevation": 92.0, "volume_m3": 13740000.0 }, "geometry": { "type": "Point", "coordinates": [ 23.588443238641137, 44.20706210090998 ] } },
{ "type": "Feature", "properties": { "id": 171539, "area_km2": 1.41, "elevation": 11.480175018310547, "volume_m3": 1250000.0 }, "geometry": { "type": "Point", "coordinates": [ 27.049734957769651, 44.185787156780435 ] } },
{ "type": "Feature", "properties": { "id": 171541, "area_km2": 1.07, "elevation": 45.976005554199219, "volume_m3": 1040000.0 }, "geometry": { "type": "Point", "coordinates": [ 26.050863346064247, 44.164464340124034 ] } },
{ "type": "Feature", "properties": { "id": 171553, "area_km2": 1.26, "elevation": 29.874792098999023, "volume_m3": 2320000.0 }, "geometry": { "type": "Point", "coordinates": [ 22.931470468772652, 44.113570376228594 ] } },
{ "type": "Feature", "properties": { "id": 171604, "area_km2": 1.35, "elevation": 29.000789642333984, "volume_m3": 2730000.0 }, "geometry": { "type": "Point", "coordinates": [ 22.879511521276822, 43.948741898491818 ] } },
{ "type": "Feature", "properties": { "id": 171647, "area_km2": 8.03, "elevation": 40.5, "volume_m3": 74000000.0 }, "geometry": { "type": "Point", "coordinates": [ 24.665460444614428, 43.841573518090556 ] } },
{ "type": "Feature", "properties": { "id": 171690, "area_km2": 9.55, "elevation": 18.5, "volume_m3": 56480000.0 }, "geometry": { "type": "Point", "coordinates": [ 25.199175073279584, 43.743441178607512 ] } },
{ "type": "Feature", "properties": { "id": 1346551, "area_km2": 0.32, "elevation": 107.29805755615234, "volume_m3": 960000.0 }, "geometry": { "type": "Point", "coordinates": [ 26.797367544653245, 48.260049795947104 ] } },
{ "type": "Feature", "properties": { "id": 1346956, "area_km2": 0.15, "elevation": 145.49803161621094, "volume_m3": 460000.0 }, "geometry": { "type": "Point", "coordinates": [ 26.757343635583936, 48.159142892854462 ] } },
{ "type": "Feature", "properties": { "id": 1347037, "area_km2": 0.2, "elevation": 138.0, "volume_m3": 850000.0 }, "geometry": { "type": "Point", "coordinates": [ 26.495669087442455, 48.144200019977838 ] } },
{ "type": "Feature", "properties": { "id": 1347100, "area_km2": 0.21, "elevation": 132.0, "volume_m3": 870000.0 }, "geometry": { "type": "Point", "coordinates": [ 26.525810876281884, 48.133087665618092 ] } },
{ "type": "Feature", "properties": { "id": 1347143, "area_km2": 0.22, "elevation": 151.0, "volume_m3": 750000.0 }, "geometry": { "type": "Point", "coordinates": [ 26.446230153496696, 48.120758309804472 ] } },
{ "type": "Feature", "properties": { "id": 1347200, "area_km2": 0.52, "elevation": 117.51411437988281, "volume_m3": 2200000.0 }, "geometry": { "type": "Point", "coordinates": [ 26.585809673531664, 48.108486989217674 ] } },
{ "type": "Feature", "properties": { "id": 1347220, "area_km2": 0.32, "elevation": 115.0, "volume_m3": 1470000.0 }, "geometry": { "type": "Point", "coordinates": [ 26.602940787989944, 48.106232656863 ] } },
{ "type": "Feature", "properties": { "id": 1347348, "area_km2": 0.17, "elevation": 113.40664672851562, "volume_m3": 580000.0 }, "geometry": { "type": "Point", "coordinates": [ 26.713815248962216, 48.077623459523082 ] } },
{ "type": "Feature", "properties": { "id": 1347372, "area_km2": 0.2, "elevation": 106.5, "volume_m3": 540000.0 }, "geometry": { "type": "Point", "coordinates": [ 26.664057525507697, 48.073178626773739 ] } },
{ "type": "Feature", "properties": { "id": 1347496, "area_km2": 0.38, "elevation": 152.0, "volume_m3": 1610000.0 }, "geometry": { "type": "Point", "coordinates": [ 26.438329356011202, 48.045704200524305 ] } },
{ "type": "Feature", "properties": { "id": 1347498, "area_km2": 0.13, "elevation": 145.0, "volume_m3": 470000.0 }, "geometry": { "type": "Point", "coordinates": [ 26.609053211395647, 48.045540454709453 ] } },
{ "type": "Feature", "properties": { "id": 1347499, "area_km2": 0.46, "elevation": 112.79559326171875, "volume_m3": 2250000.0 }, "geometry": { "type": "Point", "coordinates": [ 26.849153406494029, 48.053785586943647 ] } },
{ "type": "Feature", "properties": { "id": 1347518, "area_km2": 0.18, "elevation": 111.55435180664062, "volume_m3": 570000.0 }, "geometry": { "type": "Point", "coordinates": [ 26.880335821638461, 48.037332953785011 ] } },
{ "type": "Feature", "properties": { "id": 1347556, "area_km2": 0.18, "elevation": 144.69552612304688, "volume_m3": 800000.0 }, "geometry": { "type": "Point", "coordinates": [ 26.471494166619987, 48.029718897653567 ] } },
{ "type": "Feature", "properties": { "id": 1347716, "area_km2": 0.18, "elevation": 119.5, "volume_m3": 500000.0 }, "geometry": { "type": "Point", "coordinates": [ 26.629662500726042, 47.995165387331994 ] } },
{ "type": "Feature", "properties": { "id": 1347847, "area_km2": 0.18, "elevation": 132.0, "volume_m3": 670000.0 }, "geometry": { "type": "Point", "coordinates": [ 26.487182229482819, 47.964732576998117 ] } },
{ "type": "Feature", "properties": { "id": 1347896, "area_km2": 0.23, "elevation": 124.0, "volume_m3": 330000.0 }, "geometry": { "type": "Point", "coordinates": [ 22.988706737560729, 47.951753776674018 ] } },
{ "type": "Feature", "properties": { "id": 1347931, "area_km2": 0.47, "elevation": 106.99666595458984, "volume_m3": 2670000.0 }, "geometry": { "type": "Point", "coordinates": [ 26.738507437796834, 47.952159212390377 ] } },
{ "type": "Feature", "properties": { "id": 1347984, "area_km2": 0.11, "elevation": 98.683982849121094, "volume_m3": 420000.0 }, "geometry": { "type": "Point", "coordinates": [ 26.747194333039193, 47.932368070884223 ] } },
{ "type": "Feature", "properties": { "id": 1347990, "area_km2": 0.56, "elevation": 81.5, "volume_m3": 1800000.0 }, "geometry": { "type": "Point", "coordinates": [ 26.953895029105873, 47.930713846635335 ] } },
{ "type": "Feature", "properties": { "id": 1348057, "area_km2": 0.19, "elevation": 96.242172241210938, "volume_m3": 770000.0 }, "geometry": { "type": "Point", "coordinates": [ 26.751392455725934, 47.918471698378838 ] } },
{ "type": "Feature", "properties": { "id": 1348079, "area_km2": 0.39, "elevation": 101.70022583007812, "volume_m3": 1670000.0 }, "geometry": { "type": "Point", "coordinates": [ 27.080179959768955, 47.918647900884132 ] } },
{ "type": "Feature", "properties": { "id": 1348095, "area_km2": 0.27, "elevation": 130.61978149414062, "volume_m3": 230000.0 }, "geometry": { "type": "Point", "coordinates": [ 23.134789189356223, 47.910150731293008 ] } },
{ "type": "Feature", "properties": { "id": 1348107, "area_km2": 0.4, "elevation": 129.72395324707031, "volume_m3": 1000000.0 }, "geometry": { "type": "Point", "coordinates": [ 23.151797571400444, 47.901053095611701 ] } },
{ "type": "Feature", "properties": { "id": 1348272, "area_km2": 0.29, "elevation": 130.0, "volume_m3": 1140000.0 }, "geometry": { "type": "Point", "coordinates": [ 26.54324908041783, 47.87971813795766 ] } },
{ "type": "Feature", "properties": { "id": 1348394, "area_km2": 0.41, "elevation": 127.0, "volume_m3": 2160000.0 }, "geometry": { "type": "Point", "coordinates": [ 26.563450227780898, 47.856628067407208 ] } },
{ "type": "Feature", "properties": { "id": 1348410, "area_km2": 0.15, "elevation": 120.57742309570312, "volume_m3": 570000.0 }, "geometry": { "type": "Point", "coordinates": [ 26.75231330892348, 47.846119245655622 ] } },
{ "type": "Feature", "properties": { "id": 1348461, "area_km2": 0.35, "elevation": 65.5, "volume_m3": 1080000.0 }, "geometry": { "type": "Point", "coordinates": [ 27.230734907678517, 47.834838054324699 ] } },
{ "type": "Feature", "properties": { "id": 1348532, "area_km2": 0.15, "elevation": 109.5, "volume_m3": 600000.0 }, "geometry": { "type": "Point", "coordinates": [ 26.644806179249503, 47.818064851956002 ] } },
{ "type": "Feature", "properties": { "id": 1348536, "area_km2": 0.17, "elevation": 108.57697296142578, "volume_m3": 630000.0 }, "geometry": { "type": "Point", "coordinates": [ 27.029645485257834, 47.819199342275624 ] } },
{ "type": "Feature", "properties": { "id": 1348600, "area_km2": 0.36, "elevation": 105.0, "volume_m3": 1580000.0 }, "geometry": { "type": "Point", "coordinates": [ 26.658155668032407, 47.805242389269551 ] } },
{ "type": "Feature", "properties": { "id": 1348636, "area_km2": 0.76, "elevation": 101.0, "volume_m3": 3610000.0 }, "geometry": { "type": "Point", "coordinates": [ 26.685055729283299, 47.795051005879976 ] } },
{ "type": "Feature", "properties": { "id": 1348637, "area_km2": 0.36, "elevation": 109.76423645019531, "volume_m3": 1590000.0 }, "geometry": { "type": "Point", "coordinates": [ 26.786139942463645, 47.797271370420823 ] } },
{ "type": "Feature", "properties": { "id": 1348664, "area_km2": 0.77, "elevation": 114.5, "volume_m3": 17500000.0 }, "geometry": { "type": "Point", "coordinates": [ 26.622039787596108, 47.791463710632009 ] } },
{ "type": "Feature", "properties": { "id": 1348702, "area_km2": 0.21, "elevation": 104.0, "volume_m3": 940000.0 }, "geometry": { "type": "Point", "coordinates": [ 27.140185828432593, 47.784819994495983 ] } },
{ "type": "Feature", "properties": { "id": 1348728, "area_km2": 0.76, "elevation": 133.5, "volume_m3": 1820000.0 }, "geometry": { "type": "Point", "coordinates": [ 23.178026416024274, 47.777451329046563 ] } },
{ "type": "Feature", "properties": { "id": 1348914, "area_km2": 0.99, "elevation": 88.5, "volume_m3": 5680000.0 }, "geometry": { "type": "Point", "coordinates": [ 26.75954121680396, 47.738646472702285 ] } },
{ "type": "Feature", "properties": { "id": 1348931, "area_km2": 0.14, "elevation": 119.5, "volume_m3": 530000.0 }, "geometry": { "type": "Point", "coordinates": [ 27.092114608860989, 47.738651483057822 ] } },
{ "type": "Feature", "properties": { "id": 1348956, "area_km2": 0.24, "elevation": 86.0, "volume_m3": 930000.0 }, "geometry": { "type": "Point", "coordinates": [ 26.753456856716525, 47.732552399824989 ] } },
{ "type": "Feature", "properties": { "id": 1348998, "area_km2": 0.65, "elevation": 367.5, "volume_m3": 5810000.0 }, "geometry": { "type": "Point", "coordinates": [ 23.607645395929065, 47.729748034257369 ] } },
{ "type": "Feature", "properties": { "id": 1349025, "area_km2": 0.15, "elevation": 83.158180236816406, "volume_m3": 550000.0 }, "geometry": { "type": "Point", "coordinates": [ 27.166856727339574, 47.71392976401745 ] } },
{ "type": "Feature", "properties": { "id": 1349264, "area_km2": 0.81, "elevation": 83.0, "volume_m3": 5020000.0 }, "geometry": { "type": "Point", "coordinates": [ 26.906889309983921, 47.674646687319466 ] } },
{ "type": "Feature", "properties": { "id": 1349368, "area_km2": 0.39, "elevation": 74.5, "volume_m3": 1420000.0 }, "geometry": { "type": "Point", "coordinates": [ 26.942838864059812, 47.632090279464762 ] } },
{ "type": "Feature", "properties": { "id": 1349379, "area_km2": 0.65, "elevation": 185.5, "volume_m3": 3830000.0 }, "geometry": { "type": "Point", "coordinates": [ 23.458702715183286, 47.632338038983967 ] } },
{ "type": "Feature", "properties": { "id": 1349387, "area_km2": 0.19, "elevation": 72.5, "volume_m3": 550000.0 }, "geometry": { "type": "Point", "coordinates": [ 26.957356004502071, 47.627895771061731 ] } },
{ "type": "Feature", "properties": { "id": 1349543, "area_km2": 0.13, "elevation": 334.0, "volume_m3": 410000.0 }, "geometry": { "type": "Point", "coordinates": [ 26.278729335175537, 47.589247964103507 ] } },
{ "type": "Feature", "properties": { "id": 1349617, "area_km2": 0.14, "elevation": 303.0, "volume_m3": 490000.0 }, "geometry": { "type": "Point", "coordinates": [ 26.179487691402109, 47.561820855974382 ] } },
{ "type": "Feature", "properties": { "id": 1349655, "area_km2": 0.16, "elevation": 319.5, "volume_m3": 630000.0 }, "geometry": { "type": "Point", "coordinates": [ 26.294752073514239, 47.55198319665206 ] } },
{ "type": "Feature", "properties": { "id": 1349710, "area_km2": 0.26, "elevation": 56.0, "volume_m3": 980000.0 }, "geometry": { "type": "Point", "coordinates": [ 27.292227920671696, 47.534166068792445 ] } },
{ "type": "Feature", "properties": { "id": 1349751, "area_km2": 0.2, "elevation": 273.5, "volume_m3": 600000.0 }, "geometry": { "type": "Point", "coordinates": [ 26.245295583012386, 47.521614193596264 ] } },
{ "type": "Feature", "properties": { "id": 1349761, "area_km2": 0.1, "elevation": 117.5, "volume_m3": 170000.0 }, "geometry": { "type": "Point", "coordinates": [ 22.277255656706721, 47.521002864349306 ] } },
{ "type": "Feature", "properties": { "id": 1349774, "area_km2": 0.27, "elevation": 271.5, "volume_m3": 1000000.0 }, "geometry": { "type": "Point", "coordinates": [ 26.254359653629212, 47.517599258300258 ] } },
{ "type": "Feature", "properties": { "id": 1349789, "area_km2": 0.2, "elevation": 77.109687805175781, "volume_m3": 990000.0 }, "geometry": { "type": "Point", "coordinates": [ 27.38365549707898, 47.519365052143748 ] } },
{ "type": "Feature", "properties": { "id": 1349815, "area_km2": 0.14, "elevation": 120.56414794921875, "volume_m3": 290000.0 }, "geometry": { "type": "Point", "coordinates": [ 22.210857446527694, 47.509689864930138 ] } },
{ "type": "Feature", "properties": { "id": 1349817, "area_km2": 0.31, "elevation": 270.72442626953125, "volume_m3": 980000.0 }, "geometry": { "type": "Point", "coordinates": [ 26.262564514385243, 47.511443856867537 ] } },
{ "type": "Feature", "properties": { "id": 1349855, "area_km2": 0.25, "elevation": 72.0, "volume_m3": 1400000.0 }, "geometry": { "type": "Point", "coordinates": [ 27.400277977846081, 47.506005068847585 ] } },
{ "type": "Feature", "properties": { "id": 1349867, "area_km2": 0.27, "elevation": 268.0, "volume_m3": 660000.0 }, "geometry": { "type": "Point", "coordinates": [ 26.275389466978027, 47.502355792417532 ] } },
{ "type": "Feature", "properties": { "id": 1349891, "area_km2": 0.22, "elevation": 94.0, "volume_m3": 820000.0 }, "geometry": { "type": "Point", "coordinates": [ 26.946551929434477, 47.492998596133795 ] } },
{ "type": "Feature", "properties": { "id": 1349908, "area_km2": 0.15, "elevation": 62.5, "volume_m3": 560000.0 }, "geometry": { "type": "Point", "coordinates": [ 27.189259679761214, 47.492253318056648 ] } },
{ "type": "Feature", "properties": { "id": 1349922, "area_km2": 0.35, "elevation": 117.0, "volume_m3": 710000.0 }, "geometry": { "type": "Point", "coordinates": [ 22.075771327022721, 47.482100408542244 ] } },
{ "type": "Feature", "properties": { "id": 1349929, "area_km2": 0.25, "elevation": 168.84332275390625, "volume_m3": 650000.0 }, "geometry": { "type": "Point", "coordinates": [ 23.212773736388872, 47.479370078126252 ] } },
{ "type": "Feature", "properties": { "id": 1349959, "area_km2": 0.13, "elevation": 129.0, "volume_m3": 330000.0 }, "geometry": { "type": "Point", "coordinates": [ 22.451277923112855, 47.474387128625871 ] } },
{ "type": "Feature", "properties": { "id": 1349960, "area_km2": 0.39, "elevation": 170.0, "volume_m3": 990000.0 }, "geometry": { "type": "Point", "coordinates": [ 23.203437650179673, 47.474255311464184 ] } },
{ "type": "Feature", "properties": { "id": 1349980, "area_km2": 0.2, "elevation": 171.0, "volume_m3": 350000.0 }, "geometry": { "type": "Point", "coordinates": [ 23.196330484146529, 47.469283516768385 ] } },
{ "type": "Feature", "properties": { "id": 1350046, "area_km2": 0.27, "elevation": 123.0, "volume_m3": 1330000.0 }, "geometry": { "type": "Point", "coordinates": [ 26.921725463639653, 47.449270872513743 ] } },
{ "type": "Feature", "properties": { "id": 1350050, "area_km2": 0.59, "elevation": 169.5, "volume_m3": 9400000.0 }, "geometry": { "type": "Point", "coordinates": [ 26.811477460569154, 47.455630319720953 ] } },
{ "type": "Feature", "properties": { "id": 1350052, "area_km2": 0.1, "elevation": 116.99423980712891, "volume_m3": 150000.0 }, "geometry": { "type": "Point", "coordinates": [ 22.044463047485621, 47.452175293645382 ] } },
{ "type": "Feature", "properties": { "id": 1350066, "area_km2": 0.12, "elevation": 79.0, "volume_m3": 470000.0 }, "geometry": { "type": "Point", "coordinates": [ 27.409547526511034, 47.450057038353613 ] } },
{ "type": "Feature", "properties": { "id": 1350071, "area_km2": 0.35, "elevation": 173.23173522949219, "volume_m3": 960000.0 }, "geometry": { "type": "Point", "coordinates": [ 23.160024152149692, 47.441428655748531 ] } },
{ "type": "Feature", "properties": { "id": 1350072, "area_km2": 0.18, "elevation": 113.0, "volume_m3": 820000.0 }, "geometry": { "type": "Point", "coordinates": [ 26.944637240316599, 47.447976575275597 ] } },
{ "type": "Feature", "properties": { "id": 1350095, "area_km2": 0.51, "elevation": 111.5, "volume_m3": 2410000.0 }, "geometry": { "type": "Point", "coordinates": [ 26.964683467581295, 47.439495158810544 ] } },
{ "type": "Feature", "properties": { "id": 1350114, "area_km2": 0.41, "elevation": 174.5748291015625, "volume_m3": 1070000.0 }, "geometry": { "type": "Point", "coordinates": [ 23.152295658916668, 47.433864605288271 ] } },
{ "type": "Feature", "properties": { "id": 1350135, "area_km2": 0.15, "elevation": 138.5, "volume_m3": 370000.0 }, "geometry": { "type": "Point", "coordinates": [ 22.298186330566317, 47.4319886655476 ] } },
{ "type": "Feature", "properties": { "id": 1350145, "area_km2": 0.16, "elevation": 69.5, "volume_m3": 780000.0 }, "geometry": { "type": "Point", "coordinates": [ 27.434347740467832, 47.430966160056705 ] } },
{ "type": "Feature", "properties": { "id": 1350152, "area_km2": 0.25, "elevation": 175.43453979492188, "volume_m3": 570000.0 }, "geometry": { "type": "Point", "coordinates": [ 23.155163931292517, 47.424931232183496 ] } },
{ "type": "Feature", "properties": { "id": 1350192, "area_km2": 0.96, "elevation": 45.59466552734375, "volume_m3": 3710000.0 }, "geometry": { "type": "Point", "coordinates": [ 27.354670093056377, 47.420340293781166 ] } },
{ "type": "Feature", "properties": { "id": 1350232, "area_km2": 0.23, "elevation": 47.0, "volume_m3": 360000.0 }, "geometry": { "type": "Point", "coordinates": [ 27.298858079623376, 47.404689916875263 ] } },
{ "type": "Feature", "properties": { "id": 1350243, "area_km2": 0.2, "elevation": 47.0, "volume_m3": 330000.0 }, "geometry": { "type": "Point", "coordinates": [ 27.308200206809225, 47.403110200211756 ] } },
{ "type": "Feature", "properties": { "id": 1350270, "area_km2": 0.31, "elevation": 47.0, "volume_m3": 510000.0 }, "geometry": { "type": "Point", "coordinates": [ 27.314102545013448, 47.396721915221555 ] } },
{ "type": "Feature", "properties": { "id": 1350286, "area_km2": 0.32, "elevation": 75.5, "volume_m3": 1670000.0 }, "geometry": { "type": "Point", "coordinates": [ 27.395669059288476, 47.402150457359092 ] } },
{ "type": "Feature", "properties": { "id": 1350305, "area_km2": 0.36, "elevation": 44.876838684082031, "volume_m3": 520000.0 }, "geometry": { "type": "Point", "coordinates": [ 27.331818600756119, 47.385501511373363 ] } },
{ "type": "Feature", "properties": { "id": 1350339, "area_km2": 0.12, "elevation": 128.90611267089844, "volume_m3": 340000.0 }, "geometry": { "type": "Point", "coordinates": [ 22.243213661792822, 47.382925622603963 ] } },
{ "type": "Feature", "properties": { "id": 1350361, "area_km2": 0.17, "elevation": 68.866409301757812, "volume_m3": 720000.0 }, "geometry": { "type": "Point", "coordinates": [ 27.161022185050168, 47.375289505945567 ] } },
{ "type": "Feature", "properties": { "id": 1350397, "area_km2": 0.73, "elevation": 43.0, "volume_m3": 1070000.0 }, "geometry": { "type": "Point", "coordinates": [ 27.364043051903646, 47.365551306554188 ] } },
{ "type": "Feature", "properties": { "id": 1350419, "area_km2": 0.65, "elevation": 128.0, "volume_m3": 2670000.0 }, "geometry": { "type": "Point", "coordinates": [ 22.228801188309266, 47.371381949696755 ] } },
{ "type": "Feature", "properties": { "id": 1350421, "area_km2": 0.56, "elevation": 43.0, "volume_m3": 930000.0 }, "geometry": { "type": "Point", "coordinates": [ 27.380324700545025, 47.361863395563653 ] } },
{ "type": "Feature", "properties": { "id": 1350449, "area_km2": 0.36, "elevation": 80.0, "volume_m3": 1740000.0 }, "geometry": { "type": "Point", "coordinates": [ 27.077316284492067, 47.35889023718785 ] } },
{ "type": "Feature", "properties": { "id": 1350450, "area_km2": 0.63, "elevation": 56.5, "volume_m3": 3510000.0 }, "geometry": { "type": "Point", "coordinates": [ 27.231188593155004, 47.360263071008951 ] } },
{ "type": "Feature", "properties": { "id": 1350464, "area_km2": 0.17, "elevation": 115.0, "volume_m3": 440000.0 }, "geometry": { "type": "Point", "coordinates": [ 21.957750352208546, 47.354831214894837 ] } },
{ "type": "Feature", "properties": { "id": 1350469, "area_km2": 0.61, "elevation": 53.5, "volume_m3": 3360000.0 }, "geometry": { "type": "Point", "coordinates": [ 27.268569722473913, 47.352404818093589 ] } },
{ "type": "Feature", "properties": { "id": 1350508, "area_km2": 0.39, "elevation": 44.5, "volume_m3": 1580000.0 }, "geometry": { "type": "Point", "coordinates": [ 27.366872394817502, 47.339597403539599 ] } },
{ "type": "Feature", "properties": { "id": 1350522, "area_km2": 0.41, "elevation": 78.0, "volume_m3": 2029999.9999999998 }, "geometry": { "type": "Point", "coordinates": [ 27.103164024741361, 47.340520607064079 ] } },
{ "type": "Feature", "properties": { "id": 1350655, "area_km2": 0.21, "elevation": 73.0, "volume_m3": 880000.0 }, "geometry": { "type": "Point", "coordinates": [ 27.133788459570837, 47.295382027693101 ] } },
{ "type": "Feature", "properties": { "id": 1350762, "area_km2": 0.12, "elevation": 105.0, "volume_m3": 420000.0 }, "geometry": { "type": "Point", "coordinates": [ 26.983890691495152, 47.269101212132121 ] } },
{ "type": "Feature", "properties": { "id": 1350823, "area_km2": 0.27, "elevation": 85.0, "volume_m3": 1290000.0 }, "geometry": { "type": "Point", "coordinates": [ 27.054090010698541, 47.252280568017227 ] } },
{ "type": "Feature", "properties": { "id": 1350825, "area_km2": 0.64, "elevation": 114.98262786865234, "volume_m3": 3210000.0 }, "geometry": { "type": "Point", "coordinates": [ 22.03751695173624, 47.259661757189534 ] } },
{ "type": "Feature", "properties": { "id": 1350833, "area_km2": 0.25, "elevation": 84.703231811523438, "volume_m3": 1280000.0 }, "geometry": { "type": "Point", "coordinates": [ 27.071429866660154, 47.250718392946446 ] } },
{ "type": "Feature", "properties": { "id": 1350845, "area_km2": 0.25, "elevation": 75.0, "volume_m3": 970000.0 }, "geometry": { "type": "Point", "coordinates": [ 27.102462035025361, 47.249360633642205 ] } },
{ "type": "Feature", "properties": { "id": 1350864, "area_km2": 0.14, "elevation": 236.0, "volume_m3": 540000.0 }, "geometry": { "type": "Point", "coordinates": [ 26.799599449832694, 47.245179649110732 ] } },
{ "type": "Feature", "properties": { "id": 1350868, "area_km2": 0.75, "elevation": 71.5, "volume_m3": 3690000.0 }, "geometry": { "type": "Point", "coordinates": [ 27.135690328154883, 47.244089867188329 ] } },
{ "type": "Feature", "properties": { "id": 1350934, "area_km2": 0.2, "elevation": 65.0, "volume_m3": 870000.0 }, "geometry": { "type": "Point", "coordinates": [ 27.173329186617167, 47.229242549471202 ] } },
{ "type": "Feature", "properties": { "id": 1350989, "area_km2": 0.53, "elevation": 58.0, "volume_m3": 2880000.0 }, "geometry": { "type": "Point", "coordinates": [ 27.589217564555469, 47.220200238493177 ] } },
{ "type": "Feature", "properties": { "id": 1350994, "area_km2": 0.36, "elevation": 130.0, "volume_m3": 1430000.0 }, "geometry": { "type": "Point", "coordinates": [ 22.137452713347752, 47.207741402210587 ] } },
{ "type": "Feature", "properties": { "id": 1351011, "area_km2": 0.28, "elevation": 56.5, "volume_m3": 1240000.0 }, "geometry": { "type": "Point", "coordinates": [ 27.264196018467491, 47.205869767678287 ] } },
{ "type": "Feature", "properties": { "id": 1351045, "area_km2": 0.22, "elevation": 55.0, "volume_m3": 1170000.0 }, "geometry": { "type": "Point", "coordinates": [ 27.593933960835756, 47.199526316561538 ] } },
{ "type": "Feature", "properties": { "id": 1351054, "area_km2": 0.21, "elevation": 64.0, "volume_m3": 1000000.0 }, "geometry": { "type": "Point", "coordinates": [ 27.282664547996529, 47.192066726330275 ] } },
{ "type": "Feature", "properties": { "id": 1351077, "area_km2": 0.11, "elevation": 60.5, "volume_m3": 450000.0 }, "geometry": { "type": "Point", "coordinates": [ 27.52509908382925, 47.189101725420947 ] } },
{ "type": "Feature", "properties": { "id": 1351087, "area_km2": 0.22, "elevation": 129.5, "volume_m3": 950000.0 }, "geometry": { "type": "Point", "coordinates": [ 22.025193621822535, 47.181079471585264 ] } },
{ "type": "Feature", "properties": { "id": 1351089, "area_km2": 0.12, "elevation": 133.0, "volume_m3": 330000.0 }, "geometry": { "type": "Point", "coordinates": [ 22.051960468533007, 47.181449875845466 ] } },
{ "type": "Feature", "properties": { "id": 1351103, "area_km2": 0.12, "elevation": 130.5, "volume_m3": 440000.0 }, "geometry": { "type": "Point", "coordinates": [ 22.042188907782066, 47.180140930826923 ] } },
{ "type": "Feature", "properties": { "id": 1351155, "area_km2": 0.14, "elevation": 46.0, "volume_m3": 760000.0 }, "geometry": { "type": "Point", "coordinates": [ 27.616074783573492, 47.167098191338773 ] } },
{ "type": "Feature", "properties": { "id": 1351165, "area_km2": 0.86, "elevation": 71.629547119140625, "volume_m3": 5420000.0 }, "geometry": { "type": "Point", "coordinates": [ 27.402774233994986, 47.162191591810711 ] } },
{ "type": "Feature", "properties": { "id": 1351182, "area_km2": 0.71, "elevation": 50.0, "volume_m3": 3840000.0 }, "geometry": { "type": "Point", "coordinates": [ 27.649667720457934, 47.168630836781844 ] } },
{ "type": "Feature", "properties": { "id": 1351255, "area_km2": 0.15, "elevation": 123.29083251953125, "volume_m3": 470000.0 }, "geometry": { "type": "Point", "coordinates": [ 21.856665814630851, 47.14551539847875 ] } },
{ "type": "Feature", "properties": { "id": 1351343, "area_km2": 0.18, "elevation": 213.0, "volume_m3": 820000.0 }, "geometry": { "type": "Point", "coordinates": [ 26.901724563208798, 47.128798928481402 ] } },
{ "type": "Feature", "properties": { "id": 1351368, "area_km2": 0.19, "elevation": 98.0, "volume_m3": 300000.0 }, "geometry": { "type": "Point", "coordinates": [ 21.795062576968185, 47.121277056732168 ] } },
{ "type": "Feature", "properties": { "id": 1351391, "area_km2": 0.16, "elevation": 101.0, "volume_m3": 250000.0 }, "geometry": { "type": "Point", "coordinates": [ 21.857095306870526, 47.11811239272604 ] } },
{ "type": "Feature", "properties": { "id": 1351410, "area_km2": 0.32, "elevation": 67.308135986328125, "volume_m3": 1580000.0 }, "geometry": { "type": "Point", "coordinates": [ 27.546087853365314, 47.115452829836741 ] } },
{ "type": "Feature", "properties": { "id": 1351419, "area_km2": 0.74, "elevation": 100.0, "volume_m3": 1120000.0 }, "geometry": { "type": "Point", "coordinates": [ 21.78415860397191, 47.111669357939419 ] } },
{ "type": "Feature", "properties": { "id": 1351540, "area_km2": 0.63, "elevation": 112.0, "volume_m3": 960000.0 }, "geometry": { "type": "Point", "coordinates": [ 21.866321996298492, 47.079874609026419 ] } },
{ "type": "Feature", "properties": { "id": 1351549, "area_km2": 0.4, "elevation": 70.0, "volume_m3": 2190000.0 }, "geometry": { "type": "Point", "coordinates": [ 27.492545475075037, 47.07716292929792 ] } },
{ "type": "Feature", "properties": { "id": 1351752, "area_km2": 0.14, "elevation": 184.5, "volume_m3": 440000.0 }, "geometry": { "type": "Point", "coordinates": [ 27.779952457724136, 47.019808131401014 ] } },
{ "type": "Feature", "properties": { "id": 1351770, "area_km2": 0.23, "elevation": 112.0, "volume_m3": 550000.0 }, "geometry": { "type": "Point", "coordinates": [ 21.778756450784407, 47.007795390747511 ] } },
{ "type": "Feature", "properties": { "id": 1351868, "area_km2": 0.22, "elevation": 326.0, "volume_m3": 1200000.0 }, "geometry": { "type": "Point", "coordinates": [ 24.194732496058389, 46.972450849600186 ] } },
{ "type": "Feature", "properties": { "id": 1351902, "area_km2": 0.19, "elevation": 279.0, "volume_m3": 740000.0 }, "geometry": { "type": "Point", "coordinates": [ 23.901109158617366, 46.967579871821435 ] } },
{ "type": "Feature", "properties": { "id": 1351928, "area_km2": 0.23, "elevation": 118.5, "volume_m3": 640000.0 }, "geometry": { "type": "Point", "coordinates": [ 21.811017495482485, 46.961583762926701 ] } },
{ "type": "Feature", "properties": { "id": 1351939, "area_km2": 0.2, "elevation": 328.0, "volume_m3": 1010000.0 }, "geometry": { "type": "Point", "coordinates": [ 24.187993901607602, 46.955963923799004 ] } },
{ "type": "Feature", "properties": { "id": 1351945, "area_km2": 0.14, "elevation": 308.5, "volume_m3": 370000.0 }, "geometry": { "type": "Point", "coordinates": [ 26.622077966282895, 46.959505355892276 ] } },
{ "type": "Feature", "properties": { "id": 1351949, "area_km2": 0.26, "elevation": 304.5, "volume_m3": 1060000.0 }, "geometry": { "type": "Point", "coordinates": [ 26.632171539938131, 46.954025988531932 ] } },
{ "type": "Feature", "properties": { "id": 1351958, "area_km2": 0.35, "elevation": 290.5, "volume_m3": 1050000.0 }, "geometry": { "type": "Point", "coordinates": [ 26.660837722144006, 46.951859014180187 ] } },
{ "type": "Feature", "properties": { "id": 1351965, "area_km2": 0.19, "elevation": 282.0, "volume_m3": 1140000.0 }, "geometry": { "type": "Point", "coordinates": [ 23.969446138927303, 46.946473076909996 ] } },
{ "type": "Feature", "properties": { "id": 1351969, "area_km2": 0.35, "elevation": 276.0, "volume_m3": 1240000.0 }, "geometry": { "type": "Point", "coordinates": [ 26.695776691732757, 46.948869154748451 ] } },
{ "type": "Feature", "properties": { "id": 1351981, "area_km2": 0.48, "elevation": 331.0, "volume_m3": 2410000.0 }, "geometry": { "type": "Point", "coordinates": [ 24.438626263659675, 46.939453093830757 ] } },
{ "type": "Feature", "properties": { "id": 1351990, "area_km2": 0.14, "elevation": 160.5, "volume_m3": 620000.0 }, "geometry": { "type": "Point", "coordinates": [ 21.921583022503405, 46.946365704958545 ] } },
{ "type": "Feature", "properties": { "id": 1351991, "area_km2": 0.18, "elevation": 215.45756530761719, "volume_m3": 720000.0 }, "geometry": { "type": "Point", "coordinates": [ 26.804491262471277, 46.947020687926987 ] } },
{ "type": "Feature", "properties": { "id": 1351994, "area_km2": 0.12, "elevation": 269.7752685546875, "volume_m3": 420000.0 }, "geometry": { "type": "Point", "coordinates": [ 26.704494592619458, 46.944664910272309 ] } },
{ "type": "Feature", "properties": { "id": 1352003, "area_km2": 0.97, "elevation": 349.5, "volume_m3": 6780000.0 }, "geometry": { "type": "Point", "coordinates": [ 26.241016762087696, 46.936232177680495 ] } },
{ "type": "Feature", "properties": { "id": 1352010, "area_km2": 0.15, "elevation": 280.5, "volume_m3": 800000.0 }, "geometry": { "type": "Point", "coordinates": [ 24.060925484184398, 46.938389662340384 ] } },
{ "type": "Feature", "properties": { "id": 1352015, "area_km2": 0.88, "elevation": 288.71624755859375, "volume_m3": 5980000.0 }, "geometry": { "type": "Point", "coordinates": [ 24.079388897297012, 46.927005067667487 ] } },
{ "type": "Feature", "properties": { "id": 1352017, "area_km2": 0.27, "elevation": 179.0, "volume_m3": 1030000.0 }, "geometry": { "type": "Point", "coordinates": [ 27.660230988470147, 46.937844127840371 ] } },
{ "type": "Feature", "properties": { "id": 1352022, "area_km2": 0.13, "elevation": 294.5, "volume_m3": 650000.0 }, "geometry": { "type": "Point", "coordinates": [ 24.112188774306777, 46.931503734268638 ] } },
{ "type": "Feature", "properties": { "id": 1352029, "area_km2": 0.17, "elevation": 189.62440490722656, "volume_m3": 380000.0 }, "geometry": { "type": "Point", "coordinates": [ 26.895146909866416, 46.934125715929596 ] } },
{ "type": "Feature", "properties": { "id": 1352036, "area_km2": 0.23, "elevation": 92.0, "volume_m3": 300000.0 }, "geometry": { "type": "Point", "coordinates": [ 21.672156789653332, 46.92801335120312 ] } },
{ "type": "Feature", "properties": { "id": 1352046, "area_km2": 0.81, "elevation": 364.0, "volume_m3": 4980000.0 }, "geometry": { "type": "Point", "coordinates": [ 26.201137962798519, 46.924165957566558 ] } },
{ "type": "Feature", "properties": { "id": 1352050, "area_km2": 0.28, "elevation": 93.0, "volume_m3": 370000.0 }, "geometry": { "type": "Point", "coordinates": [ 21.664056274617714, 46.926746892119226 ] } },
{ "type": "Feature", "properties": { "id": 1352056, "area_km2": 0.11, "elevation": 338.5, "volume_m3": 410000.0 }, "geometry": { "type": "Point", "coordinates": [ 24.442351709692133, 46.921633053490631 ] } },
{ "type": "Feature", "properties": { "id": 1352062, "area_km2": 0.19, "elevation": 93.5, "volume_m3": 200000.0 }, "geometry": { "type": "Point", "coordinates": [ 21.677579983616614, 46.920395579755997 ] } },
{ "type": "Feature", "properties": { "id": 1352081, "area_km2": 0.34, "elevation": 93.0, "volume_m3": 300000.0 }, "geometry": { "type": "Point", "coordinates": [ 21.674736366809125, 46.916311899407582 ] } },
{ "type": "Feature", "properties": { "id": 1352086, "area_km2": 0.92, "elevation": 93.0, "volume_m3": 1000000.0 }, "geometry": { "type": "Point", "coordinates": [ 21.653285775800917, 46.91623967926224 ] } },
{ "type": "Feature", "properties": { "id": 1352087, "area_km2": 0.18, "elevation": 126.28470611572266, "volume_m3": 480000.0 }, "geometry": { "type": "Point", "coordinates": [ 21.837675621134952, 46.914763501925989 ] } },
{ "type": "Feature", "properties": { "id": 1352095, "area_km2": 0.2, "elevation": 92.5, "volume_m3": 130000.0 }, "geometry": { "type": "Point", "coordinates": [ 21.662192449197228, 46.912028189509968 ] } },
{ "type": "Feature", "properties": { "id": 1352109, "area_km2": 0.4, "elevation": 93.5, "volume_m3": 340000.0 }, "geometry": { "type": "Point", "coordinates": [ 21.650073713330176, 46.908945684443651 ] } },
{ "type": "Feature", "properties": { "id": 1352110, "area_km2": 0.12, "elevation": 93.5, "volume_m3": 130000.0 }, "geometry": { "type": "Point", "coordinates": [ 21.679123099004396, 46.90895714485729 ] } },
{ "type": "Feature", "properties": { "id": 1352113, "area_km2": 0.64, "elevation": 93.0, "volume_m3": 590000.0 }, "geometry": { "type": "Point", "coordinates": [ 21.671537857606818, 46.907928809065893 ] } },
{ "type": "Feature", "properties": { "id": 1352114, "area_km2": 0.15, "elevation": 335.5, "volume_m3": 590000.0 }, "geometry": { "type": "Point", "coordinates": [ 24.391911637348262, 46.906702749830728 ] } },
{ "type": "Feature", "properties": { "id": 1352128, "area_km2": 0.16, "elevation": 92.0, "volume_m3": 190000.0 }, "geometry": { "type": "Point", "coordinates": [ 21.65003363352039, 46.903154536291851 ] } },
{ "type": "Feature", "properties": { "id": 1352132, "area_km2": 0.41, "elevation": 283.5, "volume_m3": 2260000.0 }, "geometry": { "type": "Point", "coordinates": [ 24.070937458502566, 46.898074099615179 ] } },
{ "type": "Feature", "properties": { "id": 1352134, "area_km2": 0.15, "elevation": 93.5, "volume_m3": 220000.0 }, "geometry": { "type": "Point", "coordinates": [ 21.676116830064178, 46.902032536913048 ] } },
{ "type": "Feature", "properties": { "id": 1352142, "area_km2": 0.47, "elevation": 201.0, "volume_m3": 2060000.0 }, "geometry": { "type": "Point", "coordinates": [ 26.845837483393446, 46.906184541457357 ] } },
{ "type": "Feature", "properties": { "id": 1352143, "area_km2": 0.36, "elevation": 148.0, "volume_m3": 1150000.0 }, "geometry": { "type": "Point", "coordinates": [ 27.699721444902973, 46.901235292665184 ] } },
{ "type": "Feature", "properties": { "id": 1352147, "area_km2": 0.15, "elevation": 141.42218017578125, "volume_m3": 520000.0 }, "geometry": { "type": "Point", "coordinates": [ 27.371892180864055, 46.898399689987478 ] } },
{ "type": "Feature", "properties": { "id": 1352184, "area_km2": 0.16, "elevation": 286.0, "volume_m3": 620000.0 }, "geometry": { "type": "Point", "coordinates": [ 24.07694584562946, 46.886555698954552 ] } },
{ "type": "Feature", "properties": { "id": 1352191, "area_km2": 0.25, "elevation": 139.73333740234375, "volume_m3": 830000.0 }, "geometry": { "type": "Point", "coordinates": [ 21.864178695937934, 46.884881711063038 ] } },
{ "type": "Feature", "properties": { "id": 1352236, "area_km2": 0.37, "elevation": 24.826112747192383, "volume_m3": 1100000.0 }, "geometry": { "type": "Point", "coordinates": [ 28.089317953544189, 46.874562787301251 ] } },
{ "type": "Feature", "properties": { "id": 1352256, "area_km2": 0.13, "elevation": 288.5, "volume_m3": 630000.0 }, "geometry": { "type": "Point", "coordinates": [ 24.083804265642573, 46.863929572719101 ] } },
{ "type": "Feature", "properties": { "id": 1352293, "area_km2": 0.18, "elevation": 170.5, "volume_m3": 790000.0 }, "geometry": { "type": "Point", "coordinates": [ 27.166007020398808, 46.854218480540688 ] } },
{ "type": "Feature", "properties": { "id": 1352295, "area_km2": 0.19, "elevation": 318.0, "volume_m3": 980000.0 }, "geometry": { "type": "Point", "coordinates": [ 23.695088287392291, 46.858717644491939 ] } },
{ "type": "Feature", "properties": { "id": 1352316, "area_km2": 0.33, "elevation": 133.5, "volume_m3": 1270000.0 }, "geometry": { "type": "Point", "coordinates": [ 27.447430538156851, 46.854580826867604 ] } },
{ "type": "Feature", "properties": { "id": 1352318, "area_km2": 0.91, "elevation": 293.0, "volume_m3": 5250000.0 }, "geometry": { "type": "Point", "coordinates": [ 24.123171367541488, 46.843751721525123 ] } },
{ "type": "Feature", "properties": { "id": 1352328, "area_km2": 0.25, "elevation": 314.0, "volume_m3": 1080000.0 }, "geometry": { "type": "Point", "coordinates": [ 23.70209458718826, 46.848764673843817 ] } },
{ "type": "Feature", "properties": { "id": 1352350, "area_km2": 0.17, "elevation": 310.0, "volume_m3": 720000.0 }, "geometry": { "type": "Point", "coordinates": [ 23.709573425472026, 46.841100511330893 ] } },
{ "type": "Feature", "properties": { "id": 1352355, "area_km2": 0.27, "elevation": 276.0, "volume_m3": 1330000.0 }, "geometry": { "type": "Point", "coordinates": [ 26.660553090068969, 46.839699410894148 ] } },
{ "type": "Feature", "properties": { "id": 1352361, "area_km2": 0.26, "elevation": 125.0, "volume_m3": 890000.0 }, "geometry": { "type": "Point", "coordinates": [ 27.447905634109322, 46.839693190765345 ] } },
{ "type": "Feature", "properties": { "id": 1352364, "area_km2": 0.17, "elevation": 94.617118835449219, "volume_m3": 180000.0 }, "geometry": { "type": "Point", "coordinates": [ 21.709153112244163, 46.836573439319899 ] } },
{ "type": "Feature", "properties": { "id": 1352381, "area_km2": 0.22, "elevation": 94.865623474121094, "volume_m3": 290000.0 }, "geometry": { "type": "Point", "coordinates": [ 21.711857684543581, 46.831223334831463 ] } },
{ "type": "Feature", "properties": { "id": 1352387, "area_km2": 0.13, "elevation": 151.5, "volume_m3": 540000.0 }, "geometry": { "type": "Point", "coordinates": [ 27.953081722301707, 46.829554154969358 ] } },
{ "type": "Feature", "properties": { "id": 1352441, "area_km2": 0.75, "elevation": 23.916996002197266, "volume_m3": 2360000.0 }, "geometry": { "type": "Point", "coordinates": [ 28.110163788047739, 46.82024428994562 ] } },
{ "type": "Feature", "properties": { "id": 1352457, "area_km2": 0.81, "elevation": 551.77294921875, "volume_m3": 8680000.0 }, "geometry": { "type": "Point", "coordinates": [ 22.570910801990383, 46.800988761122888 ] } },
{ "type": "Feature", "properties": { "id": 1352587, "area_km2": 0.17, "elevation": 133.18708801269531, "volume_m3": 690000.0 }, "geometry": { "type": "Point", "coordinates": [ 27.72387072769768, 46.78626025170459 ] } },
{ "type": "Feature", "properties": { "id": 1352613, "area_km2": 0.17, "elevation": 220.0, "volume_m3": 690000.0 }, "geometry": { "type": "Point", "coordinates": [ 27.023402054852813, 46.781005627345763 ] } },
{ "type": "Feature", "properties": { "id": 1352625, "area_km2": 0.1, "elevation": 143.96493530273438, "volume_m3": 410000.0 }, "geometry": { "type": "Point", "coordinates": [ 27.949572308392735, 46.775305415442077 ] } },
{ "type": "Feature", "properties": { "id": 1352670, "area_km2": 0.22, "elevation": 341.0, "volume_m3": 1050000.0 }, "geometry": { "type": "Point", "coordinates": [ 23.981180063522007, 46.76399342192245 ] } },
{ "type": "Feature", "properties": { "id": 1352720, "area_km2": 0.25, "elevation": 373.5, "volume_m3": 1270000.0 }, "geometry": { "type": "Point", "coordinates": [ 23.469348931632766, 46.750927929141092 ] } },
{ "type": "Feature", "properties": { "id": 1352734, "area_km2": 0.35, "elevation": 147.5, "volume_m3": 1620000.0 }, "geometry": { "type": "Point", "coordinates": [ 27.91006480847852, 46.750625301126163 ] } },
{ "type": "Feature", "properties": { "id": 1352751, "area_km2": 0.5, "elevation": 419.0, "volume_m3": 4080000.0 }, "geometry": { "type": "Point", "coordinates": [ 23.363934383978211, 46.74102742196964 ] } },
{ "type": "Feature", "properties": { "id": 1352754, "area_km2": 0.31, "elevation": 368.5, "volume_m3": 1520000.0 }, "geometry": { "type": "Point", "coordinates": [ 24.526951294148255, 46.748084244315834 ] } },
{ "type": "Feature", "properties": { "id": 1352784, "area_km2": 0.12, "elevation": 139.0, "volume_m3": 570000.0 }, "geometry": { "type": "Point", "coordinates": [ 27.927151295932415, 46.737548148060249 ] } },
{ "type": "Feature", "properties": { "id": 1352799, "area_km2": 0.76, "elevation": 440.5, "volume_m3": 7300000.0 }, "geometry": { "type": "Point", "coordinates": [ 23.329300932170735, 46.733016597438585 ] } },
{ "type": "Feature", "properties": { "id": 1352804, "area_km2": 0.15, "elevation": 221.0, "volume_m3": 690000.0 }, "geometry": { "type": "Point", "coordinates": [ 27.271635727716177, 46.73096598101138 ] } },
{ "type": "Feature", "properties": { "id": 1352819, "area_km2": 0.36, "elevation": 113.0, "volume_m3": 1620000.0 }, "geometry": { "type": "Point", "coordinates": [ 27.742791906752089, 46.730855128779616 ] } },
{ "type": "Feature", "properties": { "id": 1352852, "area_km2": 0.3, "elevation": 182.5, "volume_m3": 1360000.0 }, "geometry": { "type": "Point", "coordinates": [ 27.341244523035073, 46.724065611048509 ] } },
{ "type": "Feature", "properties": { "id": 1352863, "area_km2": 0.13, "elevation": 353.5, "volume_m3": 590000.0 }, "geometry": { "type": "Point", "coordinates": [ 24.548038201982237, 46.719461963224823 ] } },
{ "type": "Feature", "properties": { "id": 1352906, "area_km2": 0.35, "elevation": 350.5, "volume_m3": 1960000.0 }, "geometry": { "type": "Point", "coordinates": [ 24.559671345041913, 46.707787563681649 ] } },
{ "type": "Feature", "properties": { "id": 1352932, "area_km2": 0.13, "elevation": 164.5, "volume_m3": 540000.0 }, "geometry": { "type": "Point", "coordinates": [ 22.033217416942893, 46.693660765898755 ] } },
{ "type": "Feature", "properties": { "id": 1352966, "area_km2": 0.25, "elevation": 348.0, "volume_m3": 1320000.0 }, "geometry": { "type": "Point", "coordinates": [ 24.569570888470661, 46.692134587580213 ] } },
{ "type": "Feature", "properties": { "id": 1353025, "area_km2": 0.12, "elevation": 344.0, "volume_m3": 480000.0 }, "geometry": { "type": "Point", "coordinates": [ 24.578029842723176, 46.679682649975042 ] } },
{ "type": "Feature", "properties": { "id": 1353052, "area_km2": 0.25, "elevation": 343.5, "volume_m3": 1320000.0 }, "geometry": { "type": "Point", "coordinates": [ 24.586198439506958, 46.67197263235019 ] } },
{ "type": "Feature", "properties": { "id": 1353070, "area_km2": 0.17, "elevation": 90.0, "volume_m3": 110000.0 }, "geometry": { "type": "Point", "coordinates": [ 21.570388924574956, 46.667010833374576 ] } },
{ "type": "Feature", "properties": { "id": 1353071, "area_km2": 0.1, "elevation": 120.5, "volume_m3": 440000.0 }, "geometry": { "type": "Point", "coordinates": [ 27.714881298115184, 46.668487519739102 ] } },
{ "type": "Feature", "properties": { "id": 1353072, "area_km2": 0.11, "elevation": 306.82217407226562, "volume_m3": 360000.0 }, "geometry": { "type": "Point", "coordinates": [ 24.175663475657835, 46.667302678501038 ] } },
{ "type": "Feature", "properties": { "id": 1353082, "area_km2": 0.22, "elevation": 340.0, "volume_m3": 970000.0 }, "geometry": { "type": "Point", "coordinates": [ 24.5945012693598, 46.664067383401694 ] } },
{ "type": "Feature", "properties": { "id": 1353111, "area_km2": 0.38, "elevation": 88.0, "volume_m3": 470000.0 }, "geometry": { "type": "Point", "coordinates": [ 21.432932704712854, 46.657428581077568 ] } },
{ "type": "Feature", "properties": { "id": 1353119, "area_km2": 0.96, "elevation": 91.5, "volume_m3": 840000.0 }, "geometry": { "type": "Point", "coordinates": [ 21.579430804683412, 46.660510863168909 ] } },
{ "type": "Feature", "properties": { "id": 1353130, "area_km2": 0.33, "elevation": 29.585458755493164, "volume_m3": 1210000.0 }, "geometry": { "type": "Point", "coordinates": [ 28.151228604464873, 46.656893858401638 ] } },
{ "type": "Feature", "properties": { "id": 1353135, "area_km2": 0.46, "elevation": 311.5, "volume_m3": 2029999.9999999998 }, "geometry": { "type": "Point", "coordinates": [ 24.255201131406071, 46.65555852266894 ] } },
{ "type": "Feature", "properties": { "id": 1353148, "area_km2": 0.4, "elevation": 304.5, "volume_m3": 1950000.0 }, "geometry": { "type": "Point", "coordinates": [ 24.193660106375685, 46.654461601595926 ] } },
{ "type": "Feature", "properties": { "id": 1353153, "area_km2": 0.12, "elevation": 87.0, "volume_m3": 70000.0 }, "geometry": { "type": "Point", "coordinates": [ 21.42683191846163, 46.653785821616054 ] } },
{ "type": "Feature", "properties": { "id": 1353154, "area_km2": 0.32, "elevation": 307.4874267578125, "volume_m3": 1520000.0 }, "geometry": { "type": "Point", "coordinates": [ 24.211954617714458, 46.65285701600169 ] } },
{ "type": "Feature", "properties": { "id": 1353163, "area_km2": 0.63, "elevation": 309.5, "volume_m3": 2920000.0 }, "geometry": { "type": "Point", "coordinates": [ 24.235225168328114, 46.650812532490228 ] } },
{ "type": "Feature", "properties": { "id": 1353171, "area_km2": 0.35, "elevation": 521.5, "volume_m3": 1960000.0 }, "geometry": { "type": "Point", "coordinates": [ 23.674737457661816, 46.653668947208594 ] } },
{ "type": "Feature", "properties": { "id": 1353180, "area_km2": 0.34, "elevation": 301.0, "volume_m3": 1670000.0 }, "geometry": { "type": "Point", "coordinates": [ 24.154554769979221, 46.647927339723125 ] } },
{ "type": "Feature", "properties": { "id": 1353185, "area_km2": 0.38, "elevation": 313.5726318359375, "volume_m3": 1690000.0 }, "geometry": { "type": "Point", "coordinates": [ 24.174385462219849, 46.652215616263256 ] } },
{ "type": "Feature", "properties": { "id": 1353251, "area_km2": 0.23, "elevation": 516.5, "volume_m3": 950000.0 }, "geometry": { "type": "Point", "coordinates": [ 23.682311123681988, 46.636892717868612 ] } },
{ "type": "Feature", "properties": { "id": 1353283, "area_km2": 0.11, "elevation": 524.0, "volume_m3": 300000.0 }, "geometry": { "type": "Point", "coordinates": [ 23.535216644340732, 46.630255520696615 ] } },
{ "type": "Feature", "properties": { "id": 1353321, "area_km2": 0.24, "elevation": 514.5, "volume_m3": 800000.0 }, "geometry": { "type": "Point", "coordinates": [ 23.561061496726097, 46.623434444465893 ] } },
{ "type": "Feature", "properties": { "id": 1353368, "area_km2": 0.39, "elevation": 845.2869873046875, "volume_m3": 2190000.0 }, "geometry": { "type": "Point", "coordinates": [ 25.784913654290843, 46.614367609655986 ] } },
{ "type": "Feature", "properties": { "id": 1353440, "area_km2": 0.13, "elevation": 344.33404541015625, "volume_m3": 540000.0 }, "geometry": { "type": "Point", "coordinates": [ 23.762194057704875, 46.597998025723989 ] } },
{ "type": "Feature", "properties": { "id": 1353496, "area_km2": 0.86, "elevation": 290.98043823242188, "volume_m3": 3890000.0 }, "geometry": { "type": "Point", "coordinates": [ 24.092437123010377, 46.587563822952923 ] } },
{ "type": "Feature", "properties": { "id": 1353511, "area_km2": 0.1, "elevation": 104.97934722900391, "volume_m3": 490000.0 }, "geometry": { "type": "Point", "coordinates": [ 27.740064035222201, 46.577751763349475 ] } },
{ "type": "Feature", "properties": { "id": 1353550, "area_km2": 0.5, "elevation": 288.5, "volume_m3": 2330000.0 }, "geometry": { "type": "Point", "coordinates": [ 24.087062144842033, 46.570115333445472 ] } },
{ "type": "Feature", "properties": { "id": 1353578, "area_km2": 0.57, "elevation": 154.5, "volume_m3": 1350000.0 }, "geometry": { "type": "Point", "coordinates": [ 26.927492811772201, 46.56466704808382 ] } },
{ "type": "Feature", "properties": { "id": 1353609, "area_km2": 0.18, "elevation": 211.61006164550781, "volume_m3": 860000.0 }, "geometry": { "type": "Point", "coordinates": [ 27.238499626268254, 46.554622735568032 ] } },
{ "type": "Feature", "properties": { "id": 1353755, "area_km2": 0.2, "elevation": 301.5, "volume_m3": 270000.0 }, "geometry": { "type": "Point", "coordinates": [ 24.494607240819594, 46.518456382671822 ] } },
{ "type": "Feature", "properties": { "id": 1353776, "area_km2": 0.51, "elevation": 188.0, "volume_m3": 3160000.0 }, "geometry": { "type": "Point", "coordinates": [ 27.087540547891908, 46.523151059712795 ] } },
{ "type": "Feature", "properties": { "id": 1353800, "area_km2": 0.37, "elevation": 92.031822204589844, "volume_m3": 430000.0 }, "geometry": { "type": "Point", "coordinates": [ 21.457657859488805, 46.5082390534428 ] } },
{ "type": "Feature", "properties": { "id": 1353807, "area_km2": 0.63, "elevation": 106.80187225341797, "volume_m3": 1070000.0 }, "geometry": { "type": "Point", "coordinates": [ 21.883757828508369, 46.510898777314353 ] } },
{ "type": "Feature", "properties": { "id": 1354000, "area_km2": 0.98, "elevation": 616.5565185546875, "volume_m3": 44000000.0 }, "geometry": { "type": "Point", "coordinates": [ 25.408521325820104, 46.470326117193331 ] } },
{ "type": "Feature", "properties": { "id": 1354036, "area_km2": 0.97, "elevation": 278.0, "volume_m3": 4170000.0 }, "geometry": { "type": "Point", "coordinates": [ 24.206140257270846, 46.457512464647358 ] } },
{ "type": "Feature", "properties": { "id": 1354067, "area_km2": 0.12, "elevation": 143.64051818847656, "volume_m3": 490000.0 }, "geometry": { "type": "Point", "coordinates": [ 27.898884412658372, 46.454084693978061 ] } },
{ "type": "Feature", "properties": { "id": 1354086, "area_km2": 0.4, "elevation": 854.225341796875, "volume_m3": 3160000.0 }, "geometry": { "type": "Point", "coordinates": [ 25.886002662666879, 46.445378826671231 ] } },
{ "type": "Feature", "properties": { "id": 1354102, "area_km2": 0.51, "elevation": 162.5, "volume_m3": 3130000.0 }, "geometry": { "type": "Point", "coordinates": [ 27.080759426695955, 46.451639915187521 ] } },
{ "type": "Feature", "properties": { "id": 1354108, "area_km2": 0.71, "elevation": 279.5, "volume_m3": 1390000.0 }, "geometry": { "type": "Point", "coordinates": [ 24.259739561333561, 46.439408925200276 ] } },
{ "type": "Feature", "properties": { "id": 1354121, "area_km2": 0.14, "elevation": 139.5, "volume_m3": 810000.0 }, "geometry": { "type": "Point", "coordinates": [ 27.627360960014791, 46.44170457755073 ] } },
{ "type": "Feature", "properties": { "id": 1354178, "area_km2": 0.88, "elevation": 26.529441833496094, "volume_m3": 3850000.0 }, "geometry": { "type": "Point", "coordinates": [ 28.149300904398164, 46.432969075185966 ] } },
{ "type": "Feature", "properties": { "id": 1354205, "area_km2": 0.15, "elevation": 111.5, "volume_m3": 280000.0 }, "geometry": { "type": "Point", "coordinates": [ 21.86717276654467, 46.414609167329978 ] } },
{ "type": "Feature", "properties": { "id": 1354220, "area_km2": 0.18, "elevation": 110.5, "volume_m3": 520000.0 }, "geometry": { "type": "Point", "coordinates": [ 27.513610823316242, 46.412439891235323 ] } },
{ "type": "Feature", "properties": { "id": 1354224, "area_km2": 0.33, "elevation": 114.0, "volume_m3": 1030000.0 }, "geometry": { "type": "Point", "coordinates": [ 21.878838038691793, 46.409807094355962 ] } },
{ "type": "Feature", "properties": { "id": 1354273, "area_km2": 0.18, "elevation": 33.021881103515625, "volume_m3": 690000.0 }, "geometry": { "type": "Point", "coordinates": [ 28.135199189240122, 46.398260502106943 ] } },
{ "type": "Feature", "properties": { "id": 1354287, "area_km2": 0.19, "elevation": 258.96890258789062, "volume_m3": 390000.0 }, "geometry": { "type": "Point", "coordinates": [ 23.826977388854111, 46.39324590308221 ] } },
{ "type": "Feature", "properties": { "id": 1354304, "area_km2": 0.25, "elevation": 267.61834716796875, "volume_m3": 630000.0 }, "geometry": { "type": "Point", "coordinates": [ 23.822277693926335, 46.38902651268053 ] } },
{ "type": "Feature", "properties": { "id": 1354313, "area_km2": 0.13, "elevation": 254.5, "volume_m3": 120000.0 }, "geometry": { "type": "Point", "coordinates": [ 23.854352709202267, 46.385962694568441 ] } },
{ "type": "Feature", "properties": { "id": 1354314, "area_km2": 0.46, "elevation": 105.5, "volume_m3": 2130000.0 }, "geometry": { "type": "Point", "coordinates": [ 27.540582032821256, 46.388565228836107 ] } },
{ "type": "Feature", "properties": { "id": 1354323, "area_km2": 0.12, "elevation": 263.84030151367188, "volume_m3": 280000.0 }, "geometry": { "type": "Point", "coordinates": [ 23.831555300229283, 46.384846541676836 ] } },
{ "type": "Feature", "properties": { "id": 1354346, "area_km2": 0.17, "elevation": 105.96376800537109, "volume_m3": 160000.0 }, "geometry": { "type": "Point", "coordinates": [ 21.724693425852276, 46.377192491720507 ] } },
{ "type": "Feature", "properties": { "id": 1354367, "area_km2": 0.18, "elevation": 104.5, "volume_m3": 210000.0 }, "geometry": { "type": "Point", "coordinates": [ 21.729535409337476, 46.374180795081543 ] } },
{ "type": "Feature", "properties": { "id": 1354379, "area_km2": 0.39, "elevation": 104.0, "volume_m3": 580000.0 }, "geometry": { "type": "Point", "coordinates": [ 21.722421232766461, 46.371009153437555 ] } },
{ "type": "Feature", "properties": { "id": 1354549, "area_km2": 0.35, "elevation": 692.0, "volume_m3": 2880000.0 }, "geometry": { "type": "Point", "coordinates": [ 23.220102219012727, 46.332067705403091 ] } },
{ "type": "Feature", "properties": { "id": 1354562, "area_km2": 0.17, "elevation": 157.0, "volume_m3": 980000.0 }, "geometry": { "type": "Point", "coordinates": [ 27.243526206398354, 46.334158409548266 ] } },
{ "type": "Feature", "properties": { "id": 1354603, "area_km2": 0.44, "elevation": 140.0, "volume_m3": 2310000.0 }, "geometry": { "type": "Point", "coordinates": [ 27.394391782174765, 46.327558235651267 ] } },
{ "type": "Feature", "properties": { "id": 1354609, "area_km2": 0.14, "elevation": 45.263607025146484, "volume_m3": 520000.0 }, "geometry": { "type": "Point", "coordinates": [ 27.975710499410646, 46.321896413785034 ] } },
{ "type": "Feature", "properties": { "id": 1354652, "area_km2": 0.23, "elevation": 136.5, "volume_m3": 1140000.0 }, "geometry": { "type": "Point", "coordinates": [ 27.393961116500922, 46.315848174575088 ] } },
{ "type": "Feature", "properties": { "id": 1354831, "area_km2": 0.13, "elevation": 13.22029972076416, "volume_m3": 330000.0 }, "geometry": { "type": "Point", "coordinates": [ 28.13293986068868, 46.277485937759394 ] } },
{ "type": "Feature", "properties": { "id": 1354925, "area_km2": 0.38, "elevation": 85.497657775878906, "volume_m3": 1390000.0 }, "geometry": { "type": "Point", "coordinates": [ 27.553361544522694, 46.256339966242059 ] } },
{ "type": "Feature", "properties": { "id": 1354937, "area_km2": 0.17, "elevation": 192.62986755371094, "volume_m3": 380000.0 }, "geometry": { "type": "Point", "coordinates": [ 26.848140262135157, 46.248990424053211 ] } },
{ "type": "Feature", "properties": { "id": 1355121, "area_km2": 0.18, "elevation": 13.0, "volume_m3": 280000.0 }, "geometry": { "type": "Point", "coordinates": [ 28.115826626939835, 46.21513959514148 ] } },
{ "type": "Feature", "properties": { "id": 1355268, "area_km2": 0.57, "elevation": 483.0, "volume_m3": 1910000.0 }, "geometry": { "type": "Point", "coordinates": [ 25.398788824800732, 46.184132342727544 ] } },
{ "type": "Feature", "properties": { "id": 1355276, "area_km2": 0.47, "elevation": 10.509983062744141, "volume_m3": 840000.0 }, "geometry": { "type": "Point", "coordinates": [ 28.106090806370023, 46.18411750741565 ] } },
{ "type": "Feature", "properties": { "id": 1355293, "area_km2": 0.43, "elevation": 481.0, "volume_m3": 1370000.0 }, "geometry": { "type": "Point", "coordinates": [ 25.384128994336891, 46.180285287375789 ] } },
{ "type": "Feature", "properties": { "id": 1355297, "area_km2": 0.23, "elevation": 282.96636962890625, "volume_m3": 1060000.0 }, "geometry": { "type": "Point", "coordinates": [ 22.74462144917992, 46.178728418540253 ] } },
{ "type": "Feature", "properties": { "id": 1355338, "area_km2": 0.44, "elevation": 93.5, "volume_m3": 1200000.0 }, "geometry": { "type": "Point", "coordinates": [ 27.194888940874758, 46.178689239973323 ] } },
{ "type": "Feature", "properties": { "id": 1355357, "area_km2": 0.1, "elevation": 106.5, "volume_m3": 140000.0 }, "geometry": { "type": "Point", "coordinates": [ 21.500778510358892, 46.166128231027784 ] } },
{ "type": "Feature", "properties": { "id": 1355358, "area_km2": 0.79, "elevation": 87.124069213867188, "volume_m3": 2440000.0 }, "geometry": { "type": "Point", "coordinates": [ 27.486404574084364, 46.172521909774979 ] } },
{ "type": "Feature", "properties": { "id": 1355407, "area_km2": 0.16, "elevation": 110.0, "volume_m3": 330000.0 }, "geometry": { "type": "Point", "coordinates": [ 21.575471622733303, 46.156102418517165 ] } },
{ "type": "Feature", "properties": { "id": 1355417, "area_km2": 0.5, "elevation": 9.8778800964355469, "volume_m3": 1250000.0 }, "geometry": { "type": "Point", "coordinates": [ 28.114541095644345, 46.153268345554068 ] } },
{ "type": "Feature", "properties": { "id": 1355453, "area_km2": 0.46, "elevation": 111.0, "volume_m3": 1280000.0 }, "geometry": { "type": "Point", "coordinates": [ 21.577402318368538, 46.149584001521646 ] } },
{ "type": "Feature", "properties": { "id": 1355458, "area_km2": 0.56, "elevation": 11.5, "volume_m3": 1780000.0 }, "geometry": { "type": "Point", "coordinates": [ 28.114942416430043, 46.142264386386145 ] } },
{ "type": "Feature", "properties": { "id": 1355494, "area_km2": 0.39, "elevation": 319.0, "volume_m3": 2390000.0 }, "geometry": { "type": "Point", "coordinates": [ 24.335814973680609, 46.136091222770133 ] } },
{ "type": "Feature", "properties": { "id": 1355556, "area_km2": 0.17, "elevation": 942.97705078125, "volume_m3": 1330000.0 }, "geometry": { "type": "Point", "coordinates": [ 25.887325520923103, 46.126279512515985 ] } },
{ "type": "Feature", "properties": { "id": 1355593, "area_km2": 0.62, "elevation": 10.0, "volume_m3": 2040000.0 }, "geometry": { "type": "Point", "coordinates": [ 28.106365158293595, 46.1115251916303 ] } },
{ "type": "Feature", "properties": { "id": 1355651, "area_km2": 0.21, "elevation": 10.932263374328613, "volume_m3": 320000.0 }, "geometry": { "type": "Point", "coordinates": [ 28.082407734080874, 46.098945660990715 ] } },
{ "type": "Feature", "properties": { "id": 1355843, "area_km2": 0.19, "elevation": 10.209327697753906, "volume_m3": 510000.0 }, "geometry": { "type": "Point", "coordinates": [ 28.093257475574024, 46.062791190793099 ] } },
{ "type": "Feature", "properties": { "id": 1355943, "area_km2": 0.21, "elevation": 10.308211326599121, "volume_m3": 670000.0 }, "geometry": { "type": "Point", "coordinates": [ 28.093144725808521, 46.045776022178096 ] } },
{ "type": "Feature", "properties": { "id": 1356331, "area_km2": 0.27, "elevation": 270.0, "volume_m3": 1040000.0 }, "geometry": { "type": "Point", "coordinates": [ 23.65075519250902, 45.981414482958165 ] } },
{ "type": "Feature", "properties": { "id": 1356363, "area_km2": 0.22, "elevation": 148.09176635742188, "volume_m3": 290000.0 }, "geometry": { "type": "Point", "coordinates": [ 22.166879878707032, 45.973586666137194 ] } },
{ "type": "Feature", "properties": { "id": 1356426, "area_km2": 0.15, "elevation": 330.59808349609375, "volume_m3": 880000.0 }, "geometry": { "type": "Point", "coordinates": [ 22.983111391863062, 45.963218702771179 ] } },
{ "type": "Feature", "properties": { "id": 1356427, "area_km2": 0.19, "elevation": 303.0, "volume_m3": 840000.0 }, "geometry": { "type": "Point", "coordinates": [ 23.813987754120205, 45.962846927033922 ] } },
{ "type": "Feature", "properties": { "id": 1356485, "area_km2": 0.24, "elevation": 283.0, "volume_m3": 1180000.0 }, "geometry": { "type": "Point", "coordinates": [ 23.764125270319198, 45.943409328677269 ] } },
{ "type": "Feature", "properties": { "id": 1356509, "area_km2": 0.28, "elevation": 89.067771911621094, "volume_m3": 660000.0 }, "geometry": { "type": "Point", "coordinates": [ 21.02843587078117, 45.937351933438059 ] } },
{ "type": "Feature", "properties": { "id": 1356514, "area_km2": 0.43, "elevation": 250.5, "volume_m3": 2620000.0 }, "geometry": { "type": "Point", "coordinates": [ 22.821583463175987, 45.940194267622218 ] } },
{ "type": "Feature", "properties": { "id": 1356619, "area_km2": 0.17, "elevation": 182.92240905761719, "volume_m3": 560000.0 }, "geometry": { "type": "Point", "coordinates": [ 22.927278560473294, 45.913154199811984 ] } },
{ "type": "Feature", "properties": { "id": 1356636, "area_km2": 0.45, "elevation": 366.0, "volume_m3": 1850000.0 }, "geometry": { "type": "Point", "coordinates": [ 24.069978573474582, 45.908665292346249 ] } },
{ "type": "Feature", "properties": { "id": 1356648, "area_km2": 0.21, "elevation": 368.5, "volume_m3": 740000.0 }, "geometry": { "type": "Point", "coordinates": [ 24.060405655398032, 45.906992500001053 ] } },
{ "type": "Feature", "properties": { "id": 1356650, "area_km2": 0.32, "elevation": 202.61476135253906, "volume_m3": 450000.0 }, "geometry": { "type": "Point", "coordinates": [ 23.254709587127412, 45.906979755725217 ] } },
{ "type": "Feature", "properties": { "id": 1356651, "area_km2": 0.17, "elevation": 372.0, "volume_m3": 670000.0 }, "geometry": { "type": "Point", "coordinates": [ 24.051138239656034, 45.90618519355715 ] } },
{ "type": "Feature", "properties": { "id": 1356659, "area_km2": 0.18, "elevation": 292.5, "volume_m3": 13000000.0 }, "geometry": { "type": "Point", "coordinates": [ 23.561136262796115, 45.901841990391091 ] } },
{ "type": "Feature", "properties": { "id": 1356686, "area_km2": 0.2, "elevation": 329.54739379882812, "volume_m3": 1590000.0 }, "geometry": { "type": "Point", "coordinates": [ 22.856028648863905, 45.898561118984261 ] } },
{ "type": "Feature", "properties": { "id": 1356717, "area_km2": 0.11, "elevation": 375.5, "volume_m3": 500000.0 }, "geometry": { "type": "Point", "coordinates": [ 24.083807763586197, 45.886933481804199 ] } },
{ "type": "Feature", "properties": { "id": 1356750, "area_km2": 0.61, "elevation": 551.5, "volume_m3": 3670000.0 }, "geometry": { "type": "Point", "coordinates": [ 25.937467111222084, 45.883235243377023 ] } },
{ "type": "Feature", "properties": { "id": 1356783, "area_km2": 0.27, "elevation": 100.8828125, "volume_m3": 910000.0 }, "geometry": { "type": "Point", "coordinates": [ 21.211381838469102, 45.87004417221646 ] } },
{ "type": "Feature", "properties": { "id": 1356842, "area_km2": 0.48, "elevation": 116.0, "volume_m3": 2720000.0 }, "geometry": { "type": "Point", "coordinates": [ 21.473369480419265, 45.850858914253216 ] } },
{ "type": "Feature", "properties": { "id": 1356868, "area_km2": 0.48, "elevation": 46.833892822265625, "volume_m3": 970000.0 }, "geometry": { "type": "Point", "coordinates": [ 27.293388173078906, 45.843632092979526 ] } },
{ "type": "Feature", "properties": { "id": 1356876, "area_km2": 0.1, "elevation": 192.90756225585938, "volume_m3": 120000.0 }, "geometry": { "type": "Point", "coordinates": [ 23.082593452703961, 45.839092289577927 ] } },
{ "type": "Feature", "properties": { "id": 1356896, "area_km2": 0.16, "elevation": 117.5, "volume_m3": 480000.0 }, "geometry": { "type": "Point", "coordinates": [ 21.363143787936213, 45.837809530712931 ] } },
{ "type": "Feature", "properties": { "id": 1356898, "area_km2": 0.24, "elevation": 485.0, "volume_m3": 620000.0 }, "geometry": { "type": "Point", "coordinates": [ 25.566297436300143, 45.833140046602708 ] } },
{ "type": "Feature", "properties": { "id": 1356904, "area_km2": 0.11, "elevation": 541.0, "volume_m3": 440000.0 }, "geometry": { "type": "Point", "coordinates": [ 25.495899108333667, 45.834224498276079 ] } },
{ "type": "Feature", "properties": { "id": 1356913, "area_km2": 0.29, "elevation": 530.5, "volume_m3": 950000.0 }, "geometry": { "type": "Point", "coordinates": [ 25.518709657507458, 45.832581862831006 ] } },
{ "type": "Feature", "properties": { "id": 1356927, "area_km2": 0.28, "elevation": 47.0, "volume_m3": 470000.0 }, "geometry": { "type": "Point", "coordinates": [ 27.309283360215723, 45.831543756276432 ] } },
{ "type": "Feature", "properties": { "id": 1356991, "area_km2": 0.86, "elevation": 72.0, "volume_m3": 1670000.0 }, "geometry": { "type": "Point", "coordinates": [ 20.710415477748818, 45.808671708957284 ] } },
{ "type": "Feature", "properties": { "id": 1357027, "area_km2": 0.15, "elevation": 513.0, "volume_m3": 600000.0 }, "geometry": { "type": "Point", "coordinates": [ 23.922986915555132, 45.803784603225758 ] } },
{ "type": "Feature", "properties": { "id": 1357075, "area_km2": 0.16, "elevation": 504.5, "volume_m3": 630000.0 }, "geometry": { "type": "Point", "coordinates": [ 23.943839709340899, 45.794451531162039 ] } },
{ "type": "Feature", "properties": { "id": 1357088, "area_km2": 0.19, "elevation": 107.5, "volume_m3": 610000.0 }, "geometry": { "type": "Point", "coordinates": [ 21.631464559068345, 45.786265586179788 ] } },
{ "type": "Feature", "properties": { "id": 1357137, "area_km2": 0.38, "elevation": 6.5, "volume_m3": 670000.0 }, "geometry": { "type": "Point", "coordinates": [ 28.147233453721118, 45.775848939516422 ] } },
{ "type": "Feature", "properties": { "id": 1357153, "area_km2": 0.21, "elevation": 516.5, "volume_m3": 500000.0 }, "geometry": { "type": "Point", "coordinates": [ 25.471160131706302, 45.763490057123512 ] } },
{ "type": "Feature", "properties": { "id": 1357156, "area_km2": 0.75, "elevation": 512.0, "volume_m3": 1750000.0 }, "geometry": { "type": "Point", "coordinates": [ 25.49884816004727, 45.763133169872795 ] } },
{ "type": "Feature", "properties": { "id": 1357168, "area_km2": 0.54, "elevation": 515.0, "volume_m3": 1580000.0 }, "geometry": { "type": "Point", "coordinates": [ 25.479378286901152, 45.762565536691021 ] } },
{ "type": "Feature", "properties": { "id": 1357181, "area_km2": 0.13, "elevation": 5.0, "volume_m3": 200000.0 }, "geometry": { "type": "Point", "coordinates": [ 28.15302521536448, 45.759220017598722 ] } },
{ "type": "Feature", "properties": { "id": 1357186, "area_km2": 0.16, "elevation": 88.5, "volume_m3": 170000.0 }, "geometry": { "type": "Point", "coordinates": [ 21.290890384874672, 45.756531428225514 ] } },
{ "type": "Feature", "properties": { "id": 1357256, "area_km2": 0.31, "elevation": 6.0, "volume_m3": 600000.0 }, "geometry": { "type": "Point", "coordinates": [ 28.159161389374017, 45.733074218426182 ] } },
{ "type": "Feature", "properties": { "id": 1357311, "area_km2": 0.18, "elevation": 84.912666320800781, "volume_m3": 150000.0 }, "geometry": { "type": "Point", "coordinates": [ 21.14049723184554, 45.720849607032342 ] } },
{ "type": "Feature", "properties": { "id": 1357313, "area_km2": 0.67, "elevation": 5.5, "volume_m3": 1760000.0 }, "geometry": { "type": "Point", "coordinates": [ 28.160984823532612, 45.714232439703224 ] } },
{ "type": "Feature", "properties": { "id": 1357337, "area_km2": 0.28, "elevation": 649.5, "volume_m3": 17500000.0 }, "geometry": { "type": "Point", "coordinates": [ 23.916063608557703, 45.712179299625362 ] } },
{ "type": "Feature", "properties": { "id": 1357409, "area_km2": 0.24, "elevation": 89.679374694824219, "volume_m3": 320000.0 }, "geometry": { "type": "Point", "coordinates": [ 21.129169870872758, 45.690424459487318 ] } },
{ "type": "Feature", "properties": { "id": 1357428, "area_km2": 0.34, "elevation": 773.39300537109375, "volume_m3": 3210000.0 }, "geometry": { "type": "Point", "coordinates": [ 23.603310326670606, 45.684209978750225 ] } },
{ "type": "Feature", "properties": { "id": 1357443, "area_km2": 0.1, "elevation": 75.0, "volume_m3": 320000.0 }, "geometry": { "type": "Point", "coordinates": [ 27.745934466800236, 45.68331135056728 ] } },
{ "type": "Feature", "properties": { "id": 1357458, "area_km2": 0.97, "elevation": 91.0, "volume_m3": 1420000.0 }, "geometry": { "type": "Point", "coordinates": [ 21.400200740562781, 45.679749122655743 ] } },
{ "type": "Feature", "properties": { "id": 1357459, "area_km2": 0.19, "elevation": 33.5, "volume_m3": 290000.0 }, "geometry": { "type": "Point", "coordinates": [ 27.257232018046516, 45.684192718968752 ] } },
{ "type": "Feature", "properties": { "id": 1357491, "area_km2": 0.14, "elevation": 546.5, "volume_m3": 400000.0 }, "geometry": { "type": "Point", "coordinates": [ 25.477352151838055, 45.669546448517828 ] } },
{ "type": "Feature", "properties": { "id": 1357571, "area_km2": 0.18, "elevation": 39.5, "volume_m3": 510000.0 }, "geometry": { "type": "Point", "coordinates": [ 27.639228842610287, 45.651456217516426 ] } },
{ "type": "Feature", "properties": { "id": 1357809, "area_km2": 0.88, "elevation": 327.0, "volume_m3": 12500000.0 }, "geometry": { "type": "Point", "coordinates": [ 22.951182496609388, 45.590795102723256 ] } },
{ "type": "Feature", "properties": { "id": 1357813, "area_km2": 0.12, "elevation": 327.0, "volume_m3": 260000.0 }, "geometry": { "type": "Point", "coordinates": [ 22.938146447536795, 45.588863262170044 ] } },
{ "type": "Feature", "properties": { "id": 1357845, "area_km2": 0.51, "elevation": 740.0, "volume_m3": 18300000.0 }, "geometry": { "type": "Point", "coordinates": [ 25.769923167433422, 45.577893783567596 ] } },
{ "type": "Feature", "properties": { "id": 1357846, "area_km2": 0.86, "elevation": 76.5, "volume_m3": 1480000.0 }, "geometry": { "type": "Point", "coordinates": [ 20.773281292640011, 45.575737243387628 ] } },
{ "type": "Feature", "properties": { "id": 1357861, "area_km2": 0.24, "elevation": 13.07123851776123, "volume_m3": 380000.0 }, "geometry": { "type": "Point", "coordinates": [ 27.558736575783527, 45.576852984861908 ] } },
{ "type": "Feature", "properties": { "id": 1357899, "area_km2": 0.56, "elevation": 1071.58642578125, "volume_m3": 6130000.0 }, "geometry": { "type": "Point", "coordinates": [ 25.084416652016149, 45.570433530856903 ] } },
{ "type": "Feature", "properties": { "id": 1357901, "area_km2": 0.54, "elevation": 13.0, "volume_m3": 830000.0 }, "geometry": { "type": "Point", "coordinates": [ 27.618121580848854, 45.565696765037885 ] } },
{ "type": "Feature", "properties": { "id": 1357922, "area_km2": 0.95, "elevation": 385.0, "volume_m3": 3540000.0 }, "geometry": { "type": "Point", "coordinates": [ 22.89057353588775, 45.556235357148758 ] } },
{ "type": "Feature", "properties": { "id": 1357996, "area_km2": 0.58, "elevation": 91.092041015625, "volume_m3": 1110000.0 }, "geometry": { "type": "Point", "coordinates": [ 21.340882367414743, 45.547851673892858 ] } },
{ "type": "Feature", "properties": { "id": 1358043, "area_km2": 0.74, "elevation": 6.1848964691162109, "volume_m3": 1500000.0 }, "geometry": { "type": "Point", "coordinates": [ 28.158931119771889, 45.532109039614525 ] } },
{ "type": "Feature", "properties": { "id": 1358102, "area_km2": 0.42, "elevation": 462.0, "volume_m3": 1160000.0 }, "geometry": { "type": "Point", "coordinates": [ 22.848747356846204, 45.509571419481837 ] } },
{ "type": "Feature", "properties": { "id": 1358353, "area_km2": 0.28, "elevation": 10.5, "volume_m3": 270000.0 }, "geometry": { "type": "Point", "coordinates": [ 27.637348369077781, 45.455124253461371 ] } },
{ "type": "Feature", "properties": { "id": 1358355, "area_km2": 0.39, "elevation": 38.744529724121094, "volume_m3": 920000.0 }, "geometry": { "type": "Point", "coordinates": [ 27.259139278018264, 45.455506710251612 ] } },
{ "type": "Feature", "properties": { "id": 1358405, "area_km2": 0.54, "elevation": 9.1528377532958984, "volume_m3": 700000.0 }, "geometry": { "type": "Point", "coordinates": [ 27.641972137042973, 45.441881198585769 ] } },
{ "type": "Feature", "properties": { "id": 1358443, "area_km2": 0.84, "elevation": 6.5, "volume_m3": 5020000.0 }, "geometry": { "type": "Point", "coordinates": [ 27.941831851142904, 45.446641558708031 ] } },
{ "type": "Feature", "properties": { "id": 1358452, "area_km2": 0.14, "elevation": 2.0, "volume_m3": 170000.0 }, "geometry": { "type": "Point", "coordinates": [ 28.172508770903224, 45.43425762452199 ] } },
{ "type": "Feature", "properties": { "id": 1358458, "area_km2": 0.15, "elevation": 0.026658764109015465, "volume_m3": 70000.0 }, "geometry": { "type": "Point", "coordinates": [ 29.338111320329553, 45.434358278628245 ] } },
{ "type": "Feature", "properties": { "id": 1358470, "area_km2": 0.14, "elevation": 10.5, "volume_m3": 300000.0 }, "geometry": { "type": "Point", "coordinates": [ 27.943848560317743, 45.431908811930803 ] } },
{ "type": "Feature", "properties": { "id": 1358471, "area_km2": 0.18, "elevation": 1.0, "volume_m3": 130000.0 }, "geometry": { "type": "Point", "coordinates": [ 29.352229286791697, 45.428896551850819 ] } },
{ "type": "Feature", "properties": { "id": 1358481, "area_km2": 0.73, "elevation": 0.0, "volume_m3": 600000.0 }, "geometry": { "type": "Point", "coordinates": [ 29.341784464799961, 45.426523860888643 ] } },
{ "type": "Feature", "properties": { "id": 1358489, "area_km2": 0.14, "elevation": 1.9822262525558472, "volume_m3": 140000.0 }, "geometry": { "type": "Point", "coordinates": [ 29.330854915481805, 45.426246364658304 ] } },
{ "type": "Feature", "properties": { "id": 1358490, "area_km2": 0.37, "elevation": -0.5, "volume_m3": 520000.0 }, "geometry": { "type": "Point", "coordinates": [ 29.441165422758065, 45.425640755091898 ] } },
{ "type": "Feature", "properties": { "id": 1358492, "area_km2": 0.63, "elevation": 614.5, "volume_m3": 96000000.0 }, "geometry": { "type": "Point", "coordinates": [ 22.491185586925496, 45.42284128400388 ] } },
{ "type": "Feature", "properties": { "id": 1358511, "area_km2": 0.19, "elevation": 0.22237744927406311, "volume_m3": 220000.0 }, "geometry": { "type": "Point", "coordinates": [ 29.440273155639982, 45.419943375371922 ] } },
{ "type": "Feature", "properties": { "id": 1358522, "area_km2": 0.15, "elevation": 0.36441829800605774, "volume_m3": 120000.0 }, "geometry": { "type": "Point", "coordinates": [ 29.467861210367268, 45.419948165502788 ] } },
{ "type": "Feature", "properties": { "id": 1358530, "area_km2": 0.58, "elevation": -0.21195679903030396, "volume_m3": 670000.0 }, "geometry": { "type": "Point", "coordinates": [ 29.353788170587926, 45.417003353418039 ] } },
{ "type": "Feature", "properties": { "id": 1358531, "area_km2": 0.25, "elevation": 0.94523590803146362, "volume_m3": 190000.0 }, "geometry": { "type": "Point", "coordinates": [ 29.427194389218901, 45.418874338920268 ] } },
{ "type": "Feature", "properties": { "id": 1358536, "area_km2": 0.25, "elevation": 65.0, "volume_m3": 590000.0 }, "geometry": { "type": "Point", "coordinates": [ 27.153426179963922, 45.417630636949696 ] } },
{ "type": "Feature", "properties": { "id": 1358546, "area_km2": 0.72, "elevation": 0.48844119906425476, "volume_m3": 880000.0 }, "geometry": { "type": "Point", "coordinates": [ 29.457421516809777, 45.416244556464179 ] } },
{ "type": "Feature", "properties": { "id": 1358577, "area_km2": 0.35, "elevation": 7.0, "volume_m3": 1650000.0 }, "geometry": { "type": "Point", "coordinates": [ 27.998798909230686, 45.414785669215988 ] } },
{ "type": "Feature", "properties": { "id": 1358579, "area_km2": 0.62, "elevation": 7.5, "volume_m3": 2640000.0 }, "geometry": { "type": "Point", "coordinates": [ 27.949347734657191, 45.414063216637956 ] } },
{ "type": "Feature", "properties": { "id": 1358585, "area_km2": 0.27, "elevation": 1.0727016925811768, "volume_m3": 290000.0 }, "geometry": { "type": "Point", "coordinates": [ 29.350376334461025, 45.408773671511632 ] } },
{ "type": "Feature", "properties": { "id": 1358624, "area_km2": 0.29, "elevation": -1.5, "volume_m3": 400000.0 }, "geometry": { "type": "Point", "coordinates": [ 29.540964851488667, 45.395910403196808 ] } },
{ "type": "Feature", "properties": { "id": 1358643, "area_km2": 0.22, "elevation": 0.35916164517402649, "volume_m3": 260000.0 }, "geometry": { "type": "Point", "coordinates": [ 29.339660275829196, 45.400473727896596 ] } },
{ "type": "Feature", "properties": { "id": 1358687, "area_km2": 0.2, "elevation": 0.5, "volume_m3": 170000.0 }, "geometry": { "type": "Point", "coordinates": [ 29.344474299824274, 45.388776746439227 ] } },
{ "type": "Feature", "properties": { "id": 1358695, "area_km2": 0.15, "elevation": 0.77447015047073364, "volume_m3": 130000.0 }, "geometry": { "type": "Point", "coordinates": [ 29.355314100964943, 45.385755427130668 ] } },
{ "type": "Feature", "properties": { "id": 1358702, "area_km2": 0.44, "elevation": 0.5, "volume_m3": 470000.0 }, "geometry": { "type": "Point", "coordinates": [ 29.387863242026288, 45.384000818962647 ] } },
{ "type": "Feature", "properties": { "id": 1358707, "area_km2": 0.82, "elevation": -1.5, "volume_m3": 1420000.0 }, "geometry": { "type": "Point", "coordinates": [ 29.552480723668104, 45.390095310472638 ] } },
{ "type": "Feature", "properties": { "id": 1358726, "area_km2": 0.29, "elevation": -0.5, "volume_m3": 560000.0 }, "geometry": { "type": "Point", "coordinates": [ 29.15449342849216, 45.380394558263845 ] } },
{ "type": "Feature", "properties": { "id": 1358729, "area_km2": 0.16, "elevation": 0.0, "volume_m3": 150000.0 }, "geometry": { "type": "Point", "coordinates": [ 29.358514667816994, 45.377315128283009 ] } },
{ "type": "Feature", "properties": { "id": 1358746, "area_km2": 0.17, "elevation": -0.5, "volume_m3": 250000.0 }, "geometry": { "type": "Point", "coordinates": [ 29.150520895714891, 45.376764051409538 ] } },
{ "type": "Feature", "properties": { "id": 1358751, "area_km2": 0.2, "elevation": -1.0, "volume_m3": 270000.0 }, "geometry": { "type": "Point", "coordinates": [ 29.565543673906873, 45.37307585976626 ] } },
{ "type": "Feature", "properties": { "id": 1358754, "area_km2": 0.44, "elevation": 0.0, "volume_m3": 470000.0 }, "geometry": { "type": "Point", "coordinates": [ 29.341875686611203, 45.376842113615545 ] } },
{ "type": "Feature", "properties": { "id": 1358765, "area_km2": 0.34, "elevation": 0.11862757056951523, "volume_m3": 380000.0 }, "geometry": { "type": "Point", "coordinates": [ 29.583151776498173, 45.371330754959281 ] } },
{ "type": "Feature", "properties": { "id": 1358784, "area_km2": 0.11, "elevation": -1.0, "volume_m3": 100000.0 }, "geometry": { "type": "Point", "coordinates": [ 29.556024533978828, 45.367747084059125 ] } },
{ "type": "Feature", "properties": { "id": 1358787, "area_km2": 0.2, "elevation": 0.0, "volume_m3": 160000.0 }, "geometry": { "type": "Point", "coordinates": [ 29.352845485361694, 45.366853012769987 ] } },
{ "type": "Feature", "properties": { "id": 1358794, "area_km2": 0.15, "elevation": -0.031169509515166283, "volume_m3": 150000.0 }, "geometry": { "type": "Point", "coordinates": [ 29.579791924870662, 45.364359215952412 ] } },
{ "type": "Feature", "properties": { "id": 1358799, "area_km2": 0.36, "elevation": 0.64135581254959106, "volume_m3": 270000.0 }, "geometry": { "type": "Point", "coordinates": [ 29.34031151111596, 45.366220354373588 ] } },
{ "type": "Feature", "properties": { "id": 1358815, "area_km2": 0.68, "elevation": -0.5, "volume_m3": 870000.0 }, "geometry": { "type": "Point", "coordinates": [ 29.370458420285857, 45.359001229474195 ] } },
{ "type": "Feature", "properties": { "id": 1358816, "area_km2": 0.33, "elevation": -0.5, "volume_m3": 390000.0 }, "geometry": { "type": "Point", "coordinates": [ 29.570359402670896, 45.363607837023658 ] } },
{ "type": "Feature", "properties": { "id": 1358824, "area_km2": 0.21, "elevation": 0.82321971654891968, "volume_m3": 190000.0 }, "geometry": { "type": "Point", "coordinates": [ 29.325647807966597, 45.355532589440678 ] } },
{ "type": "Feature", "properties": { "id": 1358833, "area_km2": 0.16, "elevation": 0.57358580827713013, "volume_m3": 140000.0 }, "geometry": { "type": "Point", "coordinates": [ 29.337555848284769, 45.355936200483356 ] } },
{ "type": "Feature", "properties": { "id": 1358838, "area_km2": 0.22, "elevation": 479.0, "volume_m3": 1880000.0 }, "geometry": { "type": "Point", "coordinates": [ 24.01756467502199, 45.358719814013895 ] } },
{ "type": "Feature", "properties": { "id": 1358859, "area_km2": 0.43, "elevation": -0.5, "volume_m3": 570000.0 }, "geometry": { "type": "Point", "coordinates": [ 29.343056412837782, 45.347063072355965 ] } },
{ "type": "Feature", "properties": { "id": 1358865, "area_km2": 0.26, "elevation": 0.0, "volume_m3": 330000.0 }, "geometry": { "type": "Point", "coordinates": [ 29.421222146091544, 45.349332032623288 ] } },
{ "type": "Feature", "properties": { "id": 1358884, "area_km2": 0.14, "elevation": 0.65874177217483521, "volume_m3": 140000.0 }, "geometry": { "type": "Point", "coordinates": [ 29.305570645459923, 45.345641768038469 ] } },
{ "type": "Feature", "properties": { "id": 1358885, "area_km2": 0.25, "elevation": -0.5, "volume_m3": 270000.0 }, "geometry": { "type": "Point", "coordinates": [ 29.43800553687506, 45.345423309204293 ] } },
{ "type": "Feature", "properties": { "id": 1358890, "area_km2": 0.1, "elevation": 0.12925642728805542, "volume_m3": 80000.0 }, "geometry": { "type": "Point", "coordinates": [ 29.581472336815047, 45.342343180214485 ] } },
{ "type": "Feature", "properties": { "id": 1358899, "area_km2": 0.34, "elevation": 1413.80517578125, "volume_m3": 2470000.0 }, "geometry": { "type": "Point", "coordinates": [ 25.428347587969114, 45.346097809624531 ] } },
{ "type": "Feature", "properties": { "id": 1358902, "area_km2": 0.16, "elevation": -0.66343587636947632, "volume_m3": 170000.0 }, "geometry": { "type": "Point", "coordinates": [ 29.561613224589532, 45.343565747952674 ] } },
{ "type": "Feature", "properties": { "id": 1358910, "area_km2": 0.22, "elevation": 83.0, "volume_m3": 240000.0 }, "geometry": { "type": "Point", "coordinates": [ 21.1661077584304, 45.335685317028663 ] } },
{ "type": "Feature", "properties": { "id": 1358917, "area_km2": 0.1, "elevation": 0.5, "volume_m3": 100000.0 }, "geometry": { "type": "Point", "coordinates": [ 29.362721994873265, 45.338646049430196 ] } },
{ "type": "Feature", "properties": { "id": 1358923, "area_km2": 0.99, "elevation": 1032.5, "volume_m3": 210000000.0 }, "geometry": { "type": "Point", "coordinates": [ 22.713993936526897, 45.330110819069198 ] } },
{ "type": "Feature", "properties": { "id": 1358924, "area_km2": 0.48, "elevation": -0.61130332946777344, "volume_m3": 530000.0 }, "geometry": { "type": "Point", "coordinates": [ 29.576817584943434, 45.335498763789722 ] } },
{ "type": "Feature", "properties": { "id": 1358931, "area_km2": 0.53, "elevation": 30.850597381591797, "volume_m3": 1550000.0 }, "geometry": { "type": "Point", "coordinates": [ 27.36169235531036, 45.335281611125545 ] } },
{ "type": "Feature", "properties": { "id": 1358935, "area_km2": 0.62, "elevation": 595.20941162109375, "volume_m3": 60000000.0 }, "geometry": { "type": "Point", "coordinates": [ 25.983760353912356, 45.334437246845269 ] } },
{ "type": "Feature", "properties": { "id": 1358958, "area_km2": 0.35, "elevation": 0.0, "volume_m3": 260000.0 }, "geometry": { "type": "Point", "coordinates": [ 29.384172154459993, 45.323074588731188 ] } },
{ "type": "Feature", "properties": { "id": 1358991, "area_km2": 0.82, "elevation": -1.0, "volume_m3": 1310000.0 }, "geometry": { "type": "Point", "coordinates": [ 29.604323246933934, 45.320987860669646 ] } },
{ "type": "Feature", "properties": { "id": 1359007, "area_km2": 0.28, "elevation": -1.0, "volume_m3": 380000.0 }, "geometry": { "type": "Point", "coordinates": [ 29.596503994350122, 45.318404835144364 ] } },
{ "type": "Feature", "properties": { "id": 1359052, "area_km2": 0.4, "elevation": 1.0, "volume_m3": 250000.0 }, "geometry": { "type": "Point", "coordinates": [ 29.431239332607181, 45.303632107931001 ] } },
{ "type": "Feature", "properties": { "id": 1359055, "area_km2": 0.54, "elevation": 1.1050482988357544, "volume_m3": 410000.0 }, "geometry": { "type": "Point", "coordinates": [ 28.082532131984294, 45.301571794963259 ] } },
{ "type": "Feature", "properties": { "id": 1359061, "area_km2": 0.5, "elevation": 297.0, "volume_m3": 4540000.0 }, "geometry": { "type": "Point", "coordinates": [ 21.98753369582187, 45.305068908943014 ] } },
{ "type": "Feature", "properties": { "id": 1359064, "area_km2": 0.2, "elevation": 0.79555618762969971, "volume_m3": 190000.0 }, "geometry": { "type": "Point", "coordinates": [ 29.644294835614158, 45.302202222600492 ] } },
{ "type": "Feature", "properties": { "id": 1359069, "area_km2": 0.14, "elevation": 827.0, "volume_m3": 1000000.0 }, "geometry": { "type": "Point", "coordinates": [ 23.05640480377, 45.296907237832727 ] } },
{ "type": "Feature", "properties": { "id": 1359078, "area_km2": 0.17, "elevation": 4.1183247566223145, "volume_m3": 420000.0 }, "geometry": { "type": "Point", "coordinates": [ 27.985753722453406, 45.293620890178765 ] } },
{ "type": "Feature", "properties": { "id": 1359082, "area_km2": 0.18, "elevation": 2.0544912815093994, "volume_m3": 220000.0 }, "geometry": { "type": "Point", "coordinates": [ 28.342540249861642, 45.295455021928063 ] } },
{ "type": "Feature", "properties": { "id": 1359101, "area_km2": 0.54, "elevation": 26.5, "volume_m3": 2160000.0 }, "geometry": { "type": "Point", "coordinates": [ 27.389507333861566, 45.303691920416917 ] } },
{ "type": "Feature", "properties": { "id": 1359117, "area_km2": 0.19, "elevation": 1.0, "volume_m3": 160000.0 }, "geometry": { "type": "Point", "coordinates": [ 29.402548047167798, 45.28593111101177 ] } },
{ "type": "Feature", "properties": { "id": 1359132, "area_km2": 0.51, "elevation": 3.687610387802124, "volume_m3": 440000.0 }, "geometry": { "type": "Point", "coordinates": [ 28.974779396781067, 45.276310124887168 ] } },
{ "type": "Feature", "properties": { "id": 1359140, "area_km2": 0.6, "elevation": 1.930317759513855, "volume_m3": 840000.0 }, "geometry": { "type": "Point", "coordinates": [ 29.398922727473426, 45.273731750090185 ] } },
{ "type": "Feature", "properties": { "id": 1359151, "area_km2": 0.35, "elevation": 330.44390869140625, "volume_m3": 3540000.0 }, "geometry": { "type": "Point", "coordinates": [ 24.303707620627623, 45.285265247033962 ] } },
{ "type": "Feature", "properties": { "id": 1359166, "area_km2": 0.35, "elevation": 141.68978881835938, "volume_m3": 710000.0 }, "geometry": { "type": "Point", "coordinates": [ 26.694033511738642, 45.275672711875693 ] } },
{ "type": "Feature", "properties": { "id": 1359170, "area_km2": 0.42, "elevation": 1.5, "volume_m3": 580000.0 }, "geometry": { "type": "Point", "coordinates": [ 29.000897946661571, 45.270369785329926 ] } },
{ "type": "Feature", "properties": { "id": 1359172, "area_km2": 0.39, "elevation": 52.168930053710938, "volume_m3": 890000.0 }, "geometry": { "type": "Point", "coordinates": [ 27.194063619215225, 45.274443785899791 ] } },
{ "type": "Feature", "properties": { "id": 1359176, "area_km2": 0.68, "elevation": 0.082150653004646301, "volume_m3": 1010000.0 }, "geometry": { "type": "Point", "coordinates": [ 29.62474166310702, 45.272142593824711 ] } },
{ "type": "Feature", "properties": { "id": 1359184, "area_km2": 0.18, "elevation": 1.0, "volume_m3": 250000.0 }, "geometry": { "type": "Point", "coordinates": [ 28.953728401952119, 45.26518440162841 ] } },
{ "type": "Feature", "properties": { "id": 1359188, "area_km2": 0.15, "elevation": 1.5, "volume_m3": 200000.0 }, "geometry": { "type": "Point", "coordinates": [ 28.933453071990421, 45.263020192423561 ] } },
{ "type": "Feature", "properties": { "id": 1359192, "area_km2": 0.34, "elevation": 1.1839624643325806, "volume_m3": 440000.0 }, "geometry": { "type": "Point", "coordinates": [ 29.301935459388247, 45.260876037606721 ] } },
{ "type": "Feature", "properties": { "id": 1359198, "area_km2": 0.28, "elevation": 1.0, "volume_m3": 360000.0 }, "geometry": { "type": "Point", "coordinates": [ 29.049235779878838, 45.262372714727334 ] } },
{ "type": "Feature", "properties": { "id": 1359199, "area_km2": 0.26, "elevation": 3.2106864452362061, "volume_m3": 370000.0 }, "geometry": { "type": "Point", "coordinates": [ 28.049958686114461, 45.261979430836725 ] } },
{ "type": "Feature", "properties": { "id": 1359204, "area_km2": 0.23, "elevation": 1.0, "volume_m3": 270000.0 }, "geometry": { "type": "Point", "coordinates": [ 29.337831081843184, 45.262977393270049 ] } },
{ "type": "Feature", "properties": { "id": 1359210, "area_km2": 0.25, "elevation": 2.54115891456604, "volume_m3": 180000.0 }, "geometry": { "type": "Point", "coordinates": [ 28.9790579691471, 45.259497965769583 ] } },
{ "type": "Feature", "properties": { "id": 1359221, "area_km2": 0.18, "elevation": 0.5, "volume_m3": 190000.0 }, "geometry": { "type": "Point", "coordinates": [ 29.264969883771695, 45.256544763436686 ] } },
{ "type": "Feature", "properties": { "id": 1359225, "area_km2": 0.26, "elevation": 4.8589081764221191, "volume_m3": 370000.0 }, "geometry": { "type": "Point", "coordinates": [ 28.954365089478159, 45.250596160124559 ] } },
{ "type": "Feature", "properties": { "id": 1359229, "area_km2": 0.11, "elevation": 0.5, "volume_m3": 60000.0 }, "geometry": { "type": "Point", "coordinates": [ 29.07599922880695, 45.252527666458576 ] } },
{ "type": "Feature", "properties": { "id": 1359232, "area_km2": 0.18, "elevation": 2.0, "volume_m3": 250000.0 }, "geometry": { "type": "Point", "coordinates": [ 28.944459510095992, 45.249653518716094 ] } },
{ "type": "Feature", "properties": { "id": 1359233, "area_km2": 0.25, "elevation": 2.8462941646575928, "volume_m3": 260000.0 }, "geometry": { "type": "Point", "coordinates": [ 28.969024295732201, 45.252823013156139 ] } },
{ "type": "Feature", "properties": { "id": 1359234, "area_km2": 0.11, "elevation": 1.5, "volume_m3": 70000.0 }, "geometry": { "type": "Point", "coordinates": [ 28.990886403212897, 45.253082922365557 ] } },
{ "type": "Feature", "properties": { "id": 1359237, "area_km2": 0.22, "elevation": 1.5, "volume_m3": 300000.0 }, "geometry": { "type": "Point", "coordinates": [ 28.939282798128726, 45.251052338075112 ] } },
{ "type": "Feature", "properties": { "id": 1359238, "area_km2": 0.29, "elevation": 0.5, "volume_m3": 320000.0 }, "geometry": { "type": "Point", "coordinates": [ 29.338998385376076, 45.252680811770361 ] } },
{ "type": "Feature", "properties": { "id": 1359242, "area_km2": 0.29, "elevation": 1.3423354625701904, "volume_m3": 150000.0 }, "geometry": { "type": "Point", "coordinates": [ 29.167458720577947, 45.249078876988911 ] } },
{ "type": "Feature", "properties": { "id": 1359243, "area_km2": 0.44, "elevation": 1.0, "volume_m3": 590000.0 }, "geometry": { "type": "Point", "coordinates": [ 29.34483608820922, 45.248722604468369 ] } },
{ "type": "Feature", "properties": { "id": 1359246, "area_km2": 0.56, "elevation": 1.5, "volume_m3": 680000.0 }, "geometry": { "type": "Point", "coordinates": [ 28.892566255970646, 45.248713569274955 ] } },
{ "type": "Feature", "properties": { "id": 1359247, "area_km2": 0.13, "elevation": 1.0, "volume_m3": 120000.0 }, "geometry": { "type": "Point", "coordinates": [ 29.028521879441989, 45.250196961026418 ] } },
{ "type": "Feature", "properties": { "id": 1359248, "area_km2": 0.56, "elevation": 0.5, "volume_m3": 880000.0 }, "geometry": { "type": "Point", "coordinates": [ 29.384347757225502, 45.250298077141743 ] } },
{ "type": "Feature", "properties": { "id": 1359252, "area_km2": 0.24, "elevation": 0.5, "volume_m3": 260000.0 }, "geometry": { "type": "Point", "coordinates": [ 29.412763149559375, 45.252682151589525 ] } },
{ "type": "Feature", "properties": { "id": 1359257, "area_km2": 0.35, "elevation": 1.0, "volume_m3": 490000.0 }, "geometry": { "type": "Point", "coordinates": [ 29.373510002064201, 45.250804543135025 ] } },
{ "type": "Feature", "properties": { "id": 1359260, "area_km2": 0.92, "elevation": 632.056884765625, "volume_m3": 53700000.0 }, "geometry": { "type": "Point", "coordinates": [ 25.734026949481585, 45.25730442956818 ] } },
{ "type": "Feature", "properties": { "id": 1359261, "area_km2": 0.18, "elevation": 0.5, "volume_m3": 130000.0 }, "geometry": { "type": "Point", "coordinates": [ 29.245954888081076, 45.249086413322487 ] } },
{ "type": "Feature", "properties": { "id": 1359269, "area_km2": 0.13, "elevation": 1.5, "volume_m3": 160000.0 }, "geometry": { "type": "Point", "coordinates": [ 28.915885799280989, 45.246145051085733 ] } },
{ "type": "Feature", "properties": { "id": 1359275, "area_km2": 0.16, "elevation": 0.5, "volume_m3": 170000.0 }, "geometry": { "type": "Point", "coordinates": [ 28.968801546572717, 45.247007706317362 ] } },
{ "type": "Feature", "properties": { "id": 1359276, "area_km2": 0.46, "elevation": 1.0, "volume_m3": 310000.0 }, "geometry": { "type": "Point", "coordinates": [ 29.105543557206651, 45.245757061899525 ] } },
{ "type": "Feature", "properties": { "id": 1359277, "area_km2": 0.26, "elevation": 1.0, "volume_m3": 370000.0 }, "geometry": { "type": "Point", "coordinates": [ 29.056795717960931, 45.245415685951663 ] } },
{ "type": "Feature", "properties": { "id": 1359279, "area_km2": 0.78, "elevation": 2.8857691287994385, "volume_m3": 1200000.0 }, "geometry": { "type": "Point", "coordinates": [ 28.905551051770551, 45.239452841027713 ] } },
{ "type": "Feature", "properties": { "id": 1359280, "area_km2": 0.5, "elevation": 3.4597663879394531, "volume_m3": 780000.0 }, "geometry": { "type": "Point", "coordinates": [ 28.775517526504963, 45.250444301177048 ] } },
{ "type": "Feature", "properties": { "id": 1359290, "area_km2": 0.45, "elevation": 274.5, "volume_m3": 3160000.0 }, "geometry": { "type": "Point", "coordinates": [ 24.338287441365768, 45.251044987125617 ] } },
{ "type": "Feature", "properties": { "id": 1359291, "area_km2": 0.32, "elevation": 1.5, "volume_m3": 540000.0 }, "geometry": { "type": "Point", "coordinates": [ 28.502578584147621, 45.244002400417301 ] } },
{ "type": "Feature", "properties": { "id": 1359293, "area_km2": 0.15, "elevation": 3.0, "volume_m3": 160000.0 }, "geometry": { "type": "Point", "coordinates": [ 28.932129820567024, 45.240851299101514 ] } },
{ "type": "Feature", "properties": { "id": 1359298, "area_km2": 0.43, "elevation": 1.5, "volume_m3": 580000.0 }, "geometry": { "type": "Point", "coordinates": [ 28.890644522139528, 45.239358871849227 ] } },
{ "type": "Feature", "properties": { "id": 1359307, "area_km2": 0.25, "elevation": 1.0, "volume_m3": 240000.0 }, "geometry": { "type": "Point", "coordinates": [ 29.38448136299975, 45.236536431468565 ] } },
{ "type": "Feature", "properties": { "id": 1359308, "area_km2": 0.16, "elevation": 0.5, "volume_m3": 140000.0 }, "geometry": { "type": "Point", "coordinates": [ 29.010182291608654, 45.236886838211348 ] } },
{ "type": "Feature", "properties": { "id": 1359310, "area_km2": 0.52, "elevation": 0.5, "volume_m3": 460000.0 }, "geometry": { "type": "Point", "coordinates": [ 29.184683908603088, 45.238293913252519 ] } },
{ "type": "Feature", "properties": { "id": 1359320, "area_km2": 0.11, "elevation": 1.5, "volume_m3": 110000.0 }, "geometry": { "type": "Point", "coordinates": [ 28.873799685607516, 45.235370928258668 ] } },
{ "type": "Feature", "properties": { "id": 1359328, "area_km2": 0.55, "elevation": 1.5, "volume_m3": 1100000.0 }, "geometry": { "type": "Point", "coordinates": [ 28.826702790675327, 45.233412548333568 ] } },
{ "type": "Feature", "properties": { "id": 1359329, "area_km2": 0.34, "elevation": 1.5, "volume_m3": 470000.0 }, "geometry": { "type": "Point", "coordinates": [ 28.940762484696094, 45.231494179091897 ] } },
{ "type": "Feature", "properties": { "id": 1359332, "area_km2": 0.84, "elevation": 0.5, "volume_m3": 1230000.0 }, "geometry": { "type": "Point", "coordinates": [ 29.329314607973334, 45.22824601373852 ] } },
{ "type": "Feature", "properties": { "id": 1359334, "area_km2": 0.13, "elevation": 1.5, "volume_m3": 100000.0 }, "geometry": { "type": "Point", "coordinates": [ 28.950920670378267, 45.230607331828388 ] } },
{ "type": "Feature", "properties": { "id": 1359339, "area_km2": 0.94, "elevation": 1.5, "volume_m3": 1620000.0 }, "geometry": { "type": "Point", "coordinates": [ 28.986415455025394, 45.228803895597601 ] } },
{ "type": "Feature", "properties": { "id": 1359344, "area_km2": 0.35, "elevation": 1.0, "volume_m3": 330000.0 }, "geometry": { "type": "Point", "coordinates": [ 29.4769375247635, 45.231020210237993 ] } },
{ "type": "Feature", "properties": { "id": 1359346, "area_km2": 0.18, "elevation": 0.5, "volume_m3": 210000.0 }, "geometry": { "type": "Point", "coordinates": [ 29.378399332659566, 45.228183530278109 ] } },
{ "type": "Feature", "properties": { "id": 1359349, "area_km2": 0.21, "elevation": 1.0, "volume_m3": 520000.0 }, "geometry": { "type": "Point", "coordinates": [ 28.571099586757004, 45.224585382320818 ] } },
{ "type": "Feature", "properties": { "id": 1359352, "area_km2": 0.36, "elevation": 1.0, "volume_m3": 430000.0 }, "geometry": { "type": "Point", "coordinates": [ 28.951874362123441, 45.222482489382671 ] } },
{ "type": "Feature", "properties": { "id": 1359353, "area_km2": 0.3, "elevation": 1.0, "volume_m3": 360000.0 }, "geometry": { "type": "Point", "coordinates": [ 29.336025540497506, 45.221847434189392 ] } },
{ "type": "Feature", "properties": { "id": 1359361, "area_km2": 0.22, "elevation": 1.0, "volume_m3": 240000.0 }, "geometry": { "type": "Point", "coordinates": [ 28.991993164512341, 45.219266014867245 ] } },
{ "type": "Feature", "properties": { "id": 1359362, "area_km2": 0.37, "elevation": 0.25749379396438599, "volume_m3": 350000.0 }, "geometry": { "type": "Point", "coordinates": [ 29.25612408503012, 45.221168322721518 ] } },
{ "type": "Feature", "properties": { "id": 1359364, "area_km2": 0.19, "elevation": 1.0, "volume_m3": 90000.0 }, "geometry": { "type": "Point", "coordinates": [ 29.092272567053868, 45.225856170645592 ] } },
{ "type": "Feature", "properties": { "id": 1359366, "area_km2": 0.55, "elevation": 5.7587981224060059, "volume_m3": 1010000.0 }, "geometry": { "type": "Point", "coordinates": [ 27.71072291802092, 45.219495898230626 ] } },
{ "type": "Feature", "properties": { "id": 1359367, "area_km2": 0.46, "elevation": 1.0, "volume_m3": 690000.0 }, "geometry": { "type": "Point", "coordinates": [ 28.646701619184515, 45.222371922306579 ] } },
{ "type": "Feature", "properties": { "id": 1359370, "area_km2": 0.32, "elevation": 1.5, "volume_m3": 440000.0 }, "geometry": { "type": "Point", "coordinates": [ 28.629087812949418, 45.218387754108562 ] } },
{ "type": "Feature", "properties": { "id": 1359371, "area_km2": 0.1, "elevation": 58.0, "volume_m3": 260000.0 }, "geometry": { "type": "Point", "coordinates": [ 27.117053503595411, 45.221058398627392 ] } },
{ "type": "Feature", "properties": { "id": 1359373, "area_km2": 0.28, "elevation": 12.10332202911377, "volume_m3": 760000.0 }, "geometry": { "type": "Point", "coordinates": [ 28.180682975638067, 45.222089247510951 ] } },
{ "type": "Feature", "properties": { "id": 1359374, "area_km2": 0.21, "elevation": 0.20596395432949066, "volume_m3": 180000.0 }, "geometry": { "type": "Point", "coordinates": [ 29.457681844110255, 45.22143739863327 ] } },
{ "type": "Feature", "properties": { "id": 1359375, "area_km2": 0.23, "elevation": 1.5, "volume_m3": 280000.0 }, "geometry": { "type": "Point", "coordinates": [ 28.927772044043419, 45.22021497513596 ] } },
{ "type": "Feature", "properties": { "id": 1359382, "area_km2": 0.14, "elevation": 64.5, "volume_m3": 290000.0 }, "geometry": { "type": "Point", "coordinates": [ 27.090304420756468, 45.217388415347244 ] } },
{ "type": "Feature", "properties": { "id": 1359383, "area_km2": 0.4, "elevation": 590.0, "volume_m3": 3230000.0 }, "geometry": { "type": "Point", "coordinates": [ 22.022097033993507, 45.211351280198265 ] } },
{ "type": "Feature", "properties": { "id": 1359391, "area_km2": 0.93, "elevation": 1.5, "volume_m3": 1650000.0 }, "geometry": { "type": "Point", "coordinates": [ 28.903489595206675, 45.214424100511231 ] } },
{ "type": "Feature", "properties": { "id": 1359394, "area_km2": 0.11, "elevation": 1.5, "volume_m3": 160000.0 }, "geometry": { "type": "Point", "coordinates": [ 28.88845447311958, 45.213426024348408 ] } },
{ "type": "Feature", "properties": { "id": 1359395, "area_km2": 0.15, "elevation": 831.0, "volume_m3": 890000.0 }, "geometry": { "type": "Point", "coordinates": [ 22.142490917910049, 45.213580367805726 ] } },
{ "type": "Feature", "properties": { "id": 1359396, "area_km2": 0.72, "elevation": 5.6648797988891602, "volume_m3": 1690000.0 }, "geometry": { "type": "Point", "coordinates": [ 27.721202950710023, 45.202911286773663 ] } },
{ "type": "Feature", "properties": { "id": 1359399, "area_km2": 0.66, "elevation": 1.5, "volume_m3": 930000.0 }, "geometry": { "type": "Point", "coordinates": [ 28.662597190838433, 45.210427659921059 ] } },
{ "type": "Feature", "properties": { "id": 1359402, "area_km2": 0.1, "elevation": 54.0, "volume_m3": 250000.0 }, "geometry": { "type": "Point", "coordinates": [ 27.128897725925821, 45.211409031692618 ] } },
{ "type": "Feature", "properties": { "id": 1359407, "area_km2": 0.24, "elevation": 1.0, "volume_m3": 360000.0 }, "geometry": { "type": "Point", "coordinates": [ 28.739081938931513, 45.209600838753282 ] } },
{ "type": "Feature", "properties": { "id": 1359408, "area_km2": 0.71, "elevation": 1.5, "volume_m3": 1100000.0 }, "geometry": { "type": "Point", "coordinates": [ 28.681049082879706, 45.20708516045611 ] } },
{ "type": "Feature", "properties": { "id": 1359427, "area_km2": 0.43, "elevation": 17.079898834228516, "volume_m3": 1160000.0 }, "geometry": { "type": "Point", "coordinates": [ 28.196396573157859, 45.207542577199149 ] } },
{ "type": "Feature", "properties": { "id": 1359428, "area_km2": 0.21, "elevation": 1.8312537670135498, "volume_m3": 320000.0 }, "geometry": { "type": "Point", "coordinates": [ 28.895468079237656, 45.20778206212043 ] } },
{ "type": "Feature", "properties": { "id": 1359431, "area_km2": 0.42, "elevation": 0.5, "volume_m3": 510000.0 }, "geometry": { "type": "Point", "coordinates": [ 29.19985622766432, 45.206859669087279 ] } },
{ "type": "Feature", "properties": { "id": 1359446, "area_km2": 0.56, "elevation": 1.0, "volume_m3": 1590000.0 }, "geometry": { "type": "Point", "coordinates": [ 28.650917049148894, 45.202258488695122 ] } },
{ "type": "Feature", "properties": { "id": 1359459, "area_km2": 0.13, "elevation": 1.7919842004776001, "volume_m3": 130000.0 }, "geometry": { "type": "Point", "coordinates": [ 28.94632164058341, 45.202580035869474 ] } },
{ "type": "Feature", "properties": { "id": 1359461, "area_km2": 0.32, "elevation": 1.0, "volume_m3": 620000.0 }, "geometry": { "type": "Point", "coordinates": [ 28.900583000429716, 45.201446447392605 ] } },
{ "type": "Feature", "properties": { "id": 1359465, "area_km2": 0.21, "elevation": 462.2066650390625, "volume_m3": 740000.0 }, "geometry": { "type": "Point", "coordinates": [ 24.664257506412397, 45.201140480453134 ] } },
{ "type": "Feature", "properties": { "id": 1359469, "area_km2": 0.82, "elevation": 0.0, "volume_m3": 1220000.0 }, "geometry": { "type": "Point", "coordinates": [ 29.165700022343401, 45.195730112982446 ] } },
{ "type": "Feature", "properties": { "id": 1359470, "area_km2": 0.91, "elevation": 3.0638184547424316, "volume_m3": 1670000.0 }, "geometry": { "type": "Point", "coordinates": [ 27.972379097860681, 45.192031507090178 ] } },
{ "type": "Feature", "properties": { "id": 1359473, "area_km2": 0.65, "elevation": -0.5, "volume_m3": 1120000.0 }, "geometry": { "type": "Point", "coordinates": [ 29.245467757686306, 45.196897401644883 ] } },
{ "type": "Feature", "properties": { "id": 1359475, "area_km2": 0.26, "elevation": 1.0, "volume_m3": 190000.0 }, "geometry": { "type": "Point", "coordinates": [ 29.185416866531227, 45.199151182046378 ] } },
{ "type": "Feature", "properties": { "id": 1359487, "area_km2": 0.14, "elevation": 2.0, "volume_m3": 180000.0 }, "geometry": { "type": "Point", "coordinates": [ 28.715353136736635, 45.191918908850788 ] } },
{ "type": "Feature", "properties": { "id": 1359512, "area_km2": 0.12, "elevation": 0.5, "volume_m3": 110000.0 }, "geometry": { "type": "Point", "coordinates": [ 29.081273546348317, 45.185245161590103 ] } },
{ "type": "Feature", "properties": { "id": 1359518, "area_km2": 0.13, "elevation": -0.5, "volume_m3": 100000.0 }, "geometry": { "type": "Point", "coordinates": [ 29.31530092049282, 45.186320093069313 ] } },
{ "type": "Feature", "properties": { "id": 1359530, "area_km2": 0.25, "elevation": 3.5, "volume_m3": 920000.0 }, "geometry": { "type": "Point", "coordinates": [ 28.785234217285911, 45.182405245118765 ] } },
{ "type": "Feature", "properties": { "id": 1359532, "area_km2": 0.84, "elevation": 33.5, "volume_m3": 2550000.0 }, "geometry": { "type": "Point", "coordinates": [ 27.329623210939879, 45.180214856608224 ] } },
{ "type": "Feature", "properties": { "id": 1359537, "area_km2": 0.64, "elevation": 0.20627915859222412, "volume_m3": 750000.0 }, "geometry": { "type": "Point", "coordinates": [ 28.954669392209258, 45.174108659205487 ] } },
{ "type": "Feature", "properties": { "id": 1359541, "area_km2": 0.24, "elevation": 2.5959796905517578, "volume_m3": 120000.0 }, "geometry": { "type": "Point", "coordinates": [ 27.975130473902205, 45.178789420941236 ] } },
{ "type": "Feature", "properties": { "id": 1359569, "area_km2": 0.25, "elevation": 1.2183165550231934, "volume_m3": 240000.0 }, "geometry": { "type": "Point", "coordinates": [ 29.381370472902471, 45.168671186805419 ] } },
{ "type": "Feature", "properties": { "id": 1359583, "area_km2": 0.64, "elevation": 0.5, "volume_m3": 1070000.0 }, "geometry": { "type": "Point", "coordinates": [ 29.092765294835516, 45.165306077400693 ] } },
{ "type": "Feature", "properties": { "id": 1359589, "area_km2": 0.17, "elevation": 0.2078743577003479, "volume_m3": 160000.0 }, "geometry": { "type": "Point", "coordinates": [ 29.019872901046529, 45.165369986967107 ] } },
{ "type": "Feature", "properties": { "id": 1359590, "area_km2": 0.6, "elevation": 1.0, "volume_m3": 810000.0 }, "geometry": { "type": "Point", "coordinates": [ 29.451313272869999, 45.163287907442239 ] } },
{ "type": "Feature", "properties": { "id": 1359605, "area_km2": 0.32, "elevation": 38.5, "volume_m3": 1510000.0 }, "geometry": { "type": "Point", "coordinates": [ 28.732663421800886, 45.160445899828275 ] } },
{ "type": "Feature", "properties": { "id": 1359607, "area_km2": 0.92, "elevation": 0.5, "volume_m3": 1380000.0 }, "geometry": { "type": "Point", "coordinates": [ 29.258831723671669, 45.158124298736112 ] } },
{ "type": "Feature", "properties": { "id": 1359618, "area_km2": 0.26, "elevation": 6.5, "volume_m3": 630000.0 }, "geometry": { "type": "Point", "coordinates": [ 27.897473571353878, 45.162632626465459 ] } },
{ "type": "Feature", "properties": { "id": 1359632, "area_km2": 0.22, "elevation": 0.31904095411300659, "volume_m3": 200000.0 }, "geometry": { "type": "Point", "coordinates": [ 29.103225840754888, 45.156085225764407 ] } },
{ "type": "Feature", "properties": { "id": 1359635, "area_km2": 0.87, "elevation": 0.0, "volume_m3": 950000.0 }, "geometry": { "type": "Point", "coordinates": [ 29.233046718909719, 45.168054791475569 ] } },
{ "type": "Feature", "properties": { "id": 1359636, "area_km2": 0.9, "elevation": 0.5, "volume_m3": 1000000.0 }, "geometry": { "type": "Point", "coordinates": [ 29.143823489121605, 45.155657872139884 ] } },
{ "type": "Feature", "properties": { "id": 1359640, "area_km2": 0.36, "elevation": 0.5, "volume_m3": 510000.0 }, "geometry": { "type": "Point", "coordinates": [ 29.39275435879129, 45.157804482612605 ] } },
{ "type": "Feature", "properties": { "id": 1359645, "area_km2": 0.43, "elevation": 0.5, "volume_m3": 600000.0 }, "geometry": { "type": "Point", "coordinates": [ 29.40003868896973, 45.157997992592158 ] } },
{ "type": "Feature", "properties": { "id": 1359657, "area_km2": 0.27, "elevation": 0.0, "volume_m3": 260000.0 }, "geometry": { "type": "Point", "coordinates": [ 29.154686318219234, 45.154809882694884 ] } },
{ "type": "Feature", "properties": { "id": 1359668, "area_km2": 0.2, "elevation": -1.5354292392730713, "volume_m3": 170000.0 }, "geometry": { "type": "Point", "coordinates": [ 29.6209573846773, 45.150266480309838 ] } },
{ "type": "Feature", "properties": { "id": 1359670, "area_km2": 0.76, "elevation": 0.5, "volume_m3": 1170000.0 }, "geometry": { "type": "Point", "coordinates": [ 29.128046884291489, 45.147034288455195 ] } },
{ "type": "Feature", "properties": { "id": 1359676, "area_km2": 0.12, "elevation": -1.7660137414932251, "volume_m3": 140000.0 }, "geometry": { "type": "Point", "coordinates": [ 29.650729533202519, 45.148960539892542 ] } },
{ "type": "Feature", "properties": { "id": 1359701, "area_km2": 0.21, "elevation": 0.0, "volume_m3": 280000.0 }, "geometry": { "type": "Point", "coordinates": [ 29.338678885096385, 45.143739569018869 ] } },
{ "type": "Feature", "properties": { "id": 1359723, "area_km2": 0.12, "elevation": 1.0, "volume_m3": 130000.0 }, "geometry": { "type": "Point", "coordinates": [ 29.174153558148639, 45.134590805021617 ] } },
{ "type": "Feature", "properties": { "id": 1359730, "area_km2": 0.78, "elevation": 0.0, "volume_m3": 1000000.0 }, "geometry": { "type": "Point", "coordinates": [ 29.481034574993817, 45.137101300721454 ] } },
{ "type": "Feature", "properties": { "id": 1359732, "area_km2": 0.59, "elevation": 0.5, "volume_m3": 980000.0 }, "geometry": { "type": "Point", "coordinates": [ 29.164572297980008, 45.132414298487824 ] } },
{ "type": "Feature", "properties": { "id": 1359734, "area_km2": 0.2, "elevation": 0.5, "volume_m3": 180000.0 }, "geometry": { "type": "Point", "coordinates": [ 29.447446483573479, 45.1337446524917 ] } },
{ "type": "Feature", "properties": { "id": 1359747, "area_km2": 0.21, "elevation": 0.5, "volume_m3": 240000.0 }, "geometry": { "type": "Point", "coordinates": [ 29.461907948377814, 45.127190188998249 ] } },
{ "type": "Feature", "properties": { "id": 1359751, "area_km2": 0.79, "elevation": 5.5, "volume_m3": 2550000.0 }, "geometry": { "type": "Point", "coordinates": [ 28.192186307435126, 45.12765930016819 ] } },
{ "type": "Feature", "properties": { "id": 1359758, "area_km2": 0.12, "elevation": 471.5, "volume_m3": 840000.0 }, "geometry": { "type": "Point", "coordinates": [ 22.81052570531552, 45.129693917520093 ] } },
{ "type": "Feature", "properties": { "id": 1359759, "area_km2": 0.27, "elevation": 0.5, "volume_m3": 320000.0 }, "geometry": { "type": "Point", "coordinates": [ 29.490861637975115, 45.12841751004386 ] } },
{ "type": "Feature", "properties": { "id": 1359765, "area_km2": 0.15, "elevation": 3.0687515735626221, "volume_m3": 200000.0 }, "geometry": { "type": "Point", "coordinates": [ 27.953684711029304, 45.127669415804576 ] } },
{ "type": "Feature", "properties": { "id": 1359768, "area_km2": 0.11, "elevation": 51.5, "volume_m3": 180000.0 }, "geometry": { "type": "Point", "coordinates": [ 27.098701828479712, 45.126367701461625 ] } },
{ "type": "Feature", "properties": { "id": 1359771, "area_km2": 0.9, "elevation": 0.0, "volume_m3": 1280000.0 }, "geometry": { "type": "Point", "coordinates": [ 29.307013570464413, 45.123546252211163 ] } },
{ "type": "Feature", "properties": { "id": 1359772, "area_km2": 0.44, "elevation": 1.1070278882980347, "volume_m3": 440000.0 }, "geometry": { "type": "Point", "coordinates": [ 29.481735725383533, 45.12109157884781 ] } },
{ "type": "Feature", "properties": { "id": 1359774, "area_km2": 0.19, "elevation": 0.0, "volume_m3": 220000.0 }, "geometry": { "type": "Point", "coordinates": [ 29.297987450164715, 45.122536631979877 ] } },
{ "type": "Feature", "properties": { "id": 1359795, "area_km2": 0.71, "elevation": 0.0, "volume_m3": 710000.0 }, "geometry": { "type": "Point", "coordinates": [ 29.532809424479115, 45.115710938389363 ] } },
{ "type": "Feature", "properties": { "id": 1359804, "area_km2": 0.68, "elevation": 4.0255126953125, "volume_m3": 2390000.0 }, "geometry": { "type": "Point", "coordinates": [ 28.184737960865213, 45.116388882823657 ] } },
{ "type": "Feature", "properties": { "id": 1359807, "area_km2": 0.21, "elevation": 0.5, "volume_m3": 180000.0 }, "geometry": { "type": "Point", "coordinates": [ 29.478219094794831, 45.111366211331031 ] } },
{ "type": "Feature", "properties": { "id": 1359825, "area_km2": 0.51, "elevation": 1.0, "volume_m3": 590000.0 }, "geometry": { "type": "Point", "coordinates": [ 29.303997074183748, 45.107898429647882 ] } },
{ "type": "Feature", "properties": { "id": 1359826, "area_km2": 0.91, "elevation": 0.5, "volume_m3": 1400000.0 }, "geometry": { "type": "Point", "coordinates": [ 29.315743851520434, 45.101000950318422 ] } },
{ "type": "Feature", "properties": { "id": 1359827, "area_km2": 0.12, "elevation": 0.5, "volume_m3": 130000.0 }, "geometry": { "type": "Point", "coordinates": [ 29.323265358962825, 45.105893239663274 ] } },
{ "type": "Feature", "properties": { "id": 1359833, "area_km2": 0.29, "elevation": 0.0, "volume_m3": 200000.0 }, "geometry": { "type": "Point", "coordinates": [ 29.564255589196854, 45.10576644987151 ] } },
{ "type": "Feature", "properties": { "id": 1359851, "area_km2": 0.19, "elevation": 8.9889307022094727, "volume_m3": 310000.0 }, "geometry": { "type": "Point", "coordinates": [ 28.146710941182516, 45.096881312430476 ] } },
{ "type": "Feature", "properties": { "id": 1359862, "area_km2": 0.36, "elevation": -0.5, "volume_m3": 360000.0 }, "geometry": { "type": "Point", "coordinates": [ 29.40407741752222, 45.091145310038961 ] } },
{ "type": "Feature", "properties": { "id": 1359876, "area_km2": 0.11, "elevation": 4.027623176574707, "volume_m3": 130000.0 }, "geometry": { "type": "Point", "coordinates": [ 27.915886805034258, 45.087695008760186 ] } },
{ "type": "Feature", "properties": { "id": 1359885, "area_km2": 0.26, "elevation": 0.45320451259613037, "volume_m3": 220000.0 }, "geometry": { "type": "Point", "coordinates": [ 29.391643667802995, 45.086425790263625 ] } },
{ "type": "Feature", "properties": { "id": 1359892, "area_km2": 0.3, "elevation": 98.5, "volume_m3": 330000.0 }, "geometry": { "type": "Point", "coordinates": [ 21.565791300250378, 45.088143823478084 ] } },
{ "type": "Feature", "properties": { "id": 1359893, "area_km2": 0.57, "elevation": 416.0, "volume_m3": 2480000.0 }, "geometry": { "type": "Point", "coordinates": [ 25.42661547924029, 45.090024966724712 ] } },
{ "type": "Feature", "properties": { "id": 1359901, "area_km2": 0.24, "elevation": 1.2055439949035645, "volume_m3": 150000.0 }, "geometry": { "type": "Point", "coordinates": [ 29.305615794440207, 45.08487047474577 ] } },
{ "type": "Feature", "properties": { "id": 1359905, "area_km2": 0.33, "elevation": 0.0, "volume_m3": 390000.0 }, "geometry": { "type": "Point", "coordinates": [ 29.277467854063065, 45.082708435670845 ] } },
{ "type": "Feature", "properties": { "id": 1359931, "area_km2": 0.85, "elevation": 0.5, "volume_m3": 1310000.0 }, "geometry": { "type": "Point", "coordinates": [ 29.264505741458617, 45.070316500277769 ] } },
{ "type": "Feature", "properties": { "id": 1359936, "area_km2": 0.19, "elevation": 1.9147084951400757, "volume_m3": 130000.0 }, "geometry": { "type": "Point", "coordinates": [ 29.542885899206652, 45.071725442945784 ] } },
{ "type": "Feature", "properties": { "id": 1359943, "area_km2": 0.51, "elevation": 0.54157847166061401, "volume_m3": 690000.0 }, "geometry": { "type": "Point", "coordinates": [ 29.399170587926974, 45.072439248827401 ] } },
{ "type": "Feature", "properties": { "id": 1359955, "area_km2": 0.14, "elevation": 1.0, "volume_m3": 210000.0 }, "geometry": { "type": "Point", "coordinates": [ 29.120698687098599, 45.066477241119763 ] } },
{ "type": "Feature", "properties": { "id": 1359959, "area_km2": 0.22, "elevation": 0.0, "volume_m3": 280000.0 }, "geometry": { "type": "Point", "coordinates": [ 29.528117192253614, 45.064128644084619 ] } },
{ "type": "Feature", "properties": { "id": 1359962, "area_km2": 0.2, "elevation": 0.5, "volume_m3": 180000.0 }, "geometry": { "type": "Point", "coordinates": [ 29.316858244886166, 45.061691428032411 ] } },
{ "type": "Feature", "properties": { "id": 1359971, "area_km2": 0.97, "elevation": 220.5, "volume_m3": 4800000.0 }, "geometry": { "type": "Point", "coordinates": [ 23.277107440344981, 45.067599951319977 ] } },
{ "type": "Feature", "properties": { "id": 1359974, "area_km2": 0.46, "elevation": 0.0, "volume_m3": 230000.0 }, "geometry": { "type": "Point", "coordinates": [ 29.513693826108366, 45.056411600889675 ] } },
{ "type": "Feature", "properties": { "id": 1359976, "area_km2": 0.24, "elevation": 1.0, "volume_m3": 610000.0 }, "geometry": { "type": "Point", "coordinates": [ 29.128165095847276, 45.054522927489778 ] } },
{ "type": "Feature", "properties": { "id": 1359977, "area_km2": 0.6, "elevation": 1.0722851753234863, "volume_m3": 700000.0 }, "geometry": { "type": "Point", "coordinates": [ 29.324836390478428, 45.062780911665627 ] } },
{ "type": "Feature", "properties": { "id": 1359979, "area_km2": 0.12, "elevation": 1.0, "volume_m3": 210000.0 }, "geometry": { "type": "Point", "coordinates": [ 29.138913416783435, 45.053616128073642 ] } },
{ "type": "Feature", "properties": { "id": 1359981, "area_km2": 0.13, "elevation": 0.5, "volume_m3": 160000.0 }, "geometry": { "type": "Point", "coordinates": [ 29.245949394817668, 45.05622291811796 ] } },
{ "type": "Feature", "properties": { "id": 1359987, "area_km2": 0.36, "elevation": 0.5, "volume_m3": 420000.0 }, "geometry": { "type": "Point", "coordinates": [ 29.335291642184671, 45.052269464918076 ] } },
{ "type": "Feature", "properties": { "id": 1360000, "area_km2": 0.1, "elevation": 217.0, "volume_m3": 240000.0 }, "geometry": { "type": "Point", "coordinates": [ 22.945695640240967, 45.046853547811011 ] } },
{ "type": "Feature", "properties": { "id": 1360014, "area_km2": 0.15, "elevation": 205.0, "volume_m3": 230000.0 }, "geometry": { "type": "Point", "coordinates": [ 23.265249603516388, 45.042635320353597 ] } },
{ "type": "Feature", "properties": { "id": 1360017, "area_km2": 0.49, "elevation": 0.0, "volume_m3": 570000.0 }, "geometry": { "type": "Point", "coordinates": [ 29.517149109571513, 45.038460993796257 ] } },
{ "type": "Feature", "properties": { "id": 1360028, "area_km2": 0.18, "elevation": -0.5, "volume_m3": 110000.0 }, "geometry": { "type": "Point", "coordinates": [ 29.61696097563464, 45.037838718245126 ] } },
{ "type": "Feature", "properties": { "id": 1360036, "area_km2": 0.68, "elevation": 63.5, "volume_m3": 3090000.0 }, "geometry": { "type": "Point", "coordinates": [ 28.426725306831173, 45.042741923997553 ] } },
{ "type": "Feature", "properties": { "id": 1360037, "area_km2": 0.2, "elevation": -0.5, "volume_m3": 190000.0 }, "geometry": { "type": "Point", "coordinates": [ 29.637977075982505, 45.038411709009438 ] } },
{ "type": "Feature", "properties": { "id": 1360042, "area_km2": 0.25, "elevation": 3.2147340774536133, "volume_m3": 410000.0 }, "geometry": { "type": "Point", "coordinates": [ 27.909988567008629, 45.037102562591478 ] } },
{ "type": "Feature", "properties": { "id": 1360051, "area_km2": 0.72, "elevation": 0.0, "volume_m3": 2770000.0 }, "geometry": { "type": "Point", "coordinates": [ 29.146209292641448, 45.033454552289541 ] } },
{ "type": "Feature", "properties": { "id": 1360061, "area_km2": 0.25, "elevation": 6.0, "volume_m3": 540000.0 }, "geometry": { "type": "Point", "coordinates": [ 28.220864057313804, 45.02897297717184 ] } },
{ "type": "Feature", "properties": { "id": 1360075, "area_km2": 0.25, "elevation": 227.87794494628906, "volume_m3": 670000.0 }, "geometry": { "type": "Point", "coordinates": [ 24.294919895533045, 45.022032207797729 ] } },
{ "type": "Feature", "properties": { "id": 1360090, "area_km2": 0.39, "elevation": 9.0, "volume_m3": 1900000.0 }, "geometry": { "type": "Point", "coordinates": [ 28.160410989162628, 45.011252400469907 ] } },
{ "type": "Feature", "properties": { "id": 1360108, "area_km2": 0.13, "elevation": 0.5, "volume_m3": 110000.0 }, "geometry": { "type": "Point", "coordinates": [ 29.070821055666414, 45.005929648969129 ] } },
{ "type": "Feature", "properties": { "id": 1360111, "area_km2": 0.26, "elevation": 25.760223388671875, "volume_m3": 410000.0 }, "geometry": { "type": "Point", "coordinates": [ 27.441933186800934, 45.005639779424705 ] } },
{ "type": "Feature", "properties": { "id": 1360117, "area_km2": 0.25, "elevation": 19.726156234741211, "volume_m3": 500000.0 }, "geometry": { "type": "Point", "coordinates": [ 27.543598539363771, 45.004507118359093 ] } },
{ "type": "Feature", "properties": { "id": 1360118, "area_km2": 0.62, "elevation": 0.13014842569828033, "volume_m3": 1020000.0 }, "geometry": { "type": "Point", "coordinates": [ 28.989730324789583, 45.008388615425979 ] } },
{ "type": "Feature", "properties": { "id": 1360122, "area_km2": 0.22, "elevation": -0.5, "volume_m3": 300000.0 }, "geometry": { "type": "Point", "coordinates": [ 29.051518346248994, 45.003537066091404 ] } },
{ "type": "Feature", "properties": { "id": 1360123, "area_km2": 0.26, "elevation": -0.5, "volume_m3": 390000.0 }, "geometry": { "type": "Point", "coordinates": [ 29.060712437430666, 45.002521516941677 ] } },
{ "type": "Feature", "properties": { "id": 1360141, "area_km2": 0.14, "elevation": 0.0, "volume_m3": 140000.0 }, "geometry": { "type": "Point", "coordinates": [ 29.091579836309702, 44.994504455279021 ] } },
{ "type": "Feature", "properties": { "id": 1360146, "area_km2": 0.18, "elevation": 216.5, "volume_m3": 660000.0 }, "geometry": { "type": "Point", "coordinates": [ 25.948605614750797, 44.997034661720228 ] } },
{ "type": "Feature", "properties": { "id": 1360147, "area_km2": 0.43, "elevation": -0.44530996680259705, "volume_m3": 420000.0 }, "geometry": { "type": "Point", "coordinates": [ 29.075785522754355, 44.997300149300656 ] } },
{ "type": "Feature", "properties": { "id": 1360150, "area_km2": 0.87, "elevation": 0.0, "volume_m3": 1820000.0 }, "geometry": { "type": "Point", "coordinates": [ 28.939642369013935, 45.00050982409924 ] } },
{ "type": "Feature", "properties": { "id": 1360183, "area_km2": 0.36, "elevation": 201.65950012207031, "volume_m3": 790000.0 }, "geometry": { "type": "Point", "coordinates": [ 24.257337765918074, 44.983302258448283 ] } },
{ "type": "Feature", "properties": { "id": 1360185, "area_km2": 0.87, "elevation": 0.31856736540794373, "volume_m3": 1440000.0 }, "geometry": { "type": "Point", "coordinates": [ 28.928171012504993, 44.990096944576969 ] } },
{ "type": "Feature", "properties": { "id": 1360191, "area_km2": 0.53, "elevation": 0.0, "volume_m3": 730000.0 }, "geometry": { "type": "Point", "coordinates": [ 28.918253515659213, 44.983335184983879 ] } },
{ "type": "Feature", "properties": { "id": 1360196, "area_km2": 0.87, "elevation": 47.949951171875, "volume_m3": 2089999.9999999998 }, "geometry": { "type": "Point", "coordinates": [ 27.1085454460618, 44.973366226763581 ] } },
{ "type": "Feature", "properties": { "id": 1360198, "area_km2": 0.8, "elevation": 0.0, "volume_m3": 2060000.0 }, "geometry": { "type": "Point", "coordinates": [ 29.176073821323907, 44.981779590750818 ] } },
{ "type": "Feature", "properties": { "id": 1360213, "area_km2": 0.33, "elevation": 0.5, "volume_m3": 410000.0 }, "geometry": { "type": "Point", "coordinates": [ 29.214039790246797, 44.977172479624095 ] } },
{ "type": "Feature", "properties": { "id": 1360217, "area_km2": 0.16, "elevation": 0.0, "volume_m3": 220000.0 }, "geometry": { "type": "Point", "coordinates": [ 28.889993682121151, 44.971205654235618 ] } },
{ "type": "Feature", "properties": { "id": 1360241, "area_km2": 0.23, "elevation": 23.300901412963867, "volume_m3": 530000.0 }, "geometry": { "type": "Point", "coordinates": [ 27.502117035948618, 44.958342170438733 ] } },
{ "type": "Feature", "properties": { "id": 1360253, "area_km2": 0.83, "elevation": 0.24464115500450134, "volume_m3": 1110000.0 }, "geometry": { "type": "Point", "coordinates": [ 29.424968933325392, 44.952345121096997 ] } },
{ "type": "Feature", "properties": { "id": 1360258, "area_km2": 0.58, "elevation": 32.0, "volume_m3": 1940000.0 }, "geometry": { "type": "Point", "coordinates": [ 27.370730661202767, 44.946287466942088 ] } },
{ "type": "Feature", "properties": { "id": 1360268, "area_km2": 0.2, "elevation": 33.720710754394531, "volume_m3": 590000.0 }, "geometry": { "type": "Point", "coordinates": [ 27.353597017881892, 44.945249704051648 ] } },
{ "type": "Feature", "properties": { "id": 1360278, "area_km2": 0.87, "elevation": -0.5, "volume_m3": 2550000.0 }, "geometry": { "type": "Point", "coordinates": [ 28.730110983315875, 44.949836376299068 ] } },
{ "type": "Feature", "properties": { "id": 1360288, "area_km2": 0.36, "elevation": 18.407527923583984, "volume_m3": 700000.0 }, "geometry": { "type": "Point", "coordinates": [ 27.588927660400696, 44.940840144390883 ] } },
{ "type": "Feature", "properties": { "id": 1360289, "area_km2": 0.26, "elevation": 12.55561351776123, "volume_m3": 380000.0 }, "geometry": { "type": "Point", "coordinates": [ 27.916368449381029, 44.942438997926708 ] } },
{ "type": "Feature", "properties": { "id": 1360305, "area_km2": 0.26, "elevation": 4.9898886680603027, "volume_m3": 360000.0 }, "geometry": { "type": "Point", "coordinates": [ 27.911395148494755, 44.93524581228327 ] } },
{ "type": "Feature", "properties": { "id": 1360309, "area_km2": 0.15, "elevation": -1.5, "volume_m3": 210000.0 }, "geometry": { "type": "Point", "coordinates": [ 29.306555632761302, 44.932305990909121 ] } },
{ "type": "Feature", "properties": { "id": 1360316, "area_km2": 0.28, "elevation": 231.0, "volume_m3": 15800000.0 }, "geometry": { "type": "Point", "coordinates": [ 22.459207980926859, 44.936658555804371 ] } },
{ "type": "Feature", "properties": { "id": 1360317, "area_km2": 0.47, "elevation": 1.0, "volume_m3": 1610000.0 }, "geometry": { "type": "Point", "coordinates": [ 28.710505442917562, 44.937670651137488 ] } },
{ "type": "Feature", "properties": { "id": 1360327, "area_km2": 0.16, "elevation": 13.430150985717773, "volume_m3": 380000.0 }, "geometry": { "type": "Point", "coordinates": [ 27.687917470058466, 44.930306822313803 ] } },
{ "type": "Feature", "properties": { "id": 1360333, "area_km2": 0.43, "elevation": 4.3424510955810547, "volume_m3": 600000.0 }, "geometry": { "type": "Point", "coordinates": [ 27.909631655215307, 44.923624813032724 ] } },
{ "type": "Feature", "properties": { "id": 1360335, "area_km2": 0.28, "elevation": 1.2023810148239136, "volume_m3": 300000.0 }, "geometry": { "type": "Point", "coordinates": [ 29.102981414022484, 44.924873105985377 ] } },
{ "type": "Feature", "properties": { "id": 1360336, "area_km2": 0.4, "elevation": 65.5, "volume_m3": 1140000.0 }, "geometry": { "type": "Point", "coordinates": [ 26.653282153446188, 44.924286188037399 ] } },
{ "type": "Feature", "properties": { "id": 1360337, "area_km2": 0.42, "elevation": -0.5, "volume_m3": 480000.0 }, "geometry": { "type": "Point", "coordinates": [ 29.129594601803294, 44.924704351163939 ] } },
{ "type": "Feature", "properties": { "id": 1360345, "area_km2": 0.53, "elevation": 174.16957092285156, "volume_m3": 1620000.0 }, "geometry": { "type": "Point", "coordinates": [ 23.157489665774751, 44.921163411753952 ] } },
{ "type": "Feature", "properties": { "id": 1360346, "area_km2": 0.18, "elevation": -0.5, "volume_m3": 170000.0 }, "geometry": { "type": "Point", "coordinates": [ 29.144444751092358, 44.923365792344427 ] } },
{ "type": "Feature", "properties": { "id": 1360349, "area_km2": 0.22, "elevation": -0.5, "volume_m3": 220000.0 }, "geometry": { "type": "Point", "coordinates": [ 29.120153939203338, 44.920906765335836 ] } },
{ "type": "Feature", "properties": { "id": 1360356, "area_km2": 0.2, "elevation": 162.79708862304688, "volume_m3": 370000.0 }, "geometry": { "type": "Point", "coordinates": [ 23.137213533988053, 44.92184851204744 ] } },
{ "type": "Feature", "properties": { "id": 1360371, "area_km2": 0.55, "elevation": -1.0, "volume_m3": 720000.0 }, "geometry": { "type": "Point", "coordinates": [ 29.170716059084796, 44.914255890298591 ] } },
{ "type": "Feature", "properties": { "id": 1360376, "area_km2": 0.76, "elevation": -0.5, "volume_m3": 1110000.0 }, "geometry": { "type": "Point", "coordinates": [ 29.119899523526922, 44.908450788962583 ] } },
{ "type": "Feature", "properties": { "id": 1360380, "area_km2": 0.2, "elevation": 176.945068359375, "volume_m3": 460000.0 }, "geometry": { "type": "Point", "coordinates": [ 23.156596530030985, 44.913732814133553 ] } },
{ "type": "Feature", "properties": { "id": 1360388, "area_km2": 0.11, "elevation": 62.735122680664062, "volume_m3": 230000.0 }, "geometry": { "type": "Point", "coordinates": [ 26.660500979812934, 44.909761283327775 ] } },
{ "type": "Feature", "properties": { "id": 1360411, "area_km2": 0.56, "elevation": 287.30645751953125, "volume_m3": 1320000.0 }, "geometry": { "type": "Point", "coordinates": [ 24.840459937976888, 44.904431700357698 ] } },
{ "type": "Feature", "properties": { "id": 1360416, "area_km2": 0.24, "elevation": 14.0, "volume_m3": 760000.0 }, "geometry": { "type": "Point", "coordinates": [ 27.707598825288912, 44.895764428166871 ] } },
{ "type": "Feature", "properties": { "id": 1360418, "area_km2": 0.26, "elevation": 148.5, "volume_m3": 630000.0 }, "geometry": { "type": "Point", "coordinates": [ 23.203561578351074, 44.898544722316089 ] } },
{ "type": "Feature", "properties": { "id": 1360429, "area_km2": 0.27, "elevation": -0.12286638468503952, "volume_m3": 220000.0 }, "geometry": { "type": "Point", "coordinates": [ 29.617802493322742, 44.894020767280352 ] } },
{ "type": "Feature", "properties": { "id": 1360436, "area_km2": 0.48, "elevation": 84.532402038574219, "volume_m3": 1160000.0 }, "geometry": { "type": "Point", "coordinates": [ 26.374416415230783, 44.894278260368239 ] } },
{ "type": "Feature", "properties": { "id": 1360439, "area_km2": 0.28, "elevation": -1.0, "volume_m3": 250000.0 }, "geometry": { "type": "Point", "coordinates": [ 29.082669135099433, 44.889603577931098 ] } },
{ "type": "Feature", "properties": { "id": 1360441, "area_km2": 0.29, "elevation": -1.5, "volume_m3": 350000.0 }, "geometry": { "type": "Point", "coordinates": [ 29.0704988135994, 44.890026500614901 ] } },
{ "type": "Feature", "properties": { "id": 1360442, "area_km2": 0.44, "elevation": -1.0, "volume_m3": 460000.0 }, "geometry": { "type": "Point", "coordinates": [ 29.059412316217131, 44.890453822532692 ] } },
{ "type": "Feature", "properties": { "id": 1360462, "area_km2": 0.24, "elevation": 0.0, "volume_m3": 650000.0 }, "geometry": { "type": "Point", "coordinates": [ 28.809255871524673, 44.882366559055924 ] } },
{ "type": "Feature", "properties": { "id": 1360464, "area_km2": 0.46, "elevation": -0.5, "volume_m3": 610000.0 }, "geometry": { "type": "Point", "coordinates": [ 29.10948208918612, 44.886663266941341 ] } },
{ "type": "Feature", "properties": { "id": 1360465, "area_km2": 0.31, "elevation": -1.0, "volume_m3": 360000.0 }, "geometry": { "type": "Point", "coordinates": [ 29.137540780292696, 44.882293018165704 ] } },
{ "type": "Feature", "properties": { "id": 1360469, "area_km2": 0.35, "elevation": 0.63086843490600586, "volume_m3": 410000.0 }, "geometry": { "type": "Point", "coordinates": [ 29.090356127557932, 44.883265111675279 ] } },
{ "type": "Feature", "properties": { "id": 1360485, "area_km2": 0.22, "elevation": 225.5, "volume_m3": 390000.0 }, "geometry": { "type": "Point", "coordinates": [ 25.58538519497192, 44.875088611757228 ] } },
{ "type": "Feature", "properties": { "id": 1360487, "area_km2": 0.78, "elevation": -0.023175697773694992, "volume_m3": 1040000.0 }, "geometry": { "type": "Point", "coordinates": [ 29.129768375714519, 44.882176863093015 ] } },
{ "type": "Feature", "properties": { "id": 1360489, "area_km2": 0.52, "elevation": -1.0, "volume_m3": 550000.0 }, "geometry": { "type": "Point", "coordinates": [ 29.065334659743858, 44.876150640736398 ] } },
{ "type": "Feature", "properties": { "id": 1360492, "area_km2": 0.16, "elevation": -1.5, "volume_m3": 110000.0 }, "geometry": { "type": "Point", "coordinates": [ 29.107305697200594, 44.872018023808764 ] } },
{ "type": "Feature", "properties": { "id": 1360493, "area_km2": 0.36, "elevation": 5.9062399864196777, "volume_m3": 380000.0 }, "geometry": { "type": "Point", "coordinates": [ 27.851447850404053, 44.871339741428876 ] } },
{ "type": "Feature", "properties": { "id": 1360494, "area_km2": 0.21, "elevation": -1.5, "volume_m3": 240000.0 }, "geometry": { "type": "Point", "coordinates": [ 29.116726413030154, 44.873044596963737 ] } },
{ "type": "Feature", "properties": { "id": 1360496, "area_km2": 0.22, "elevation": -0.93489396572113037, "volume_m3": 490000.0 }, "geometry": { "type": "Point", "coordinates": [ 28.855271908971865, 44.870077021073598 ] } },
{ "type": "Feature", "properties": { "id": 1360497, "area_km2": 0.2, "elevation": 4.6043634414672852, "volume_m3": 220000.0 }, "geometry": { "type": "Point", "coordinates": [ 27.860730743736315, 44.871900128305533 ] } },
{ "type": "Feature", "properties": { "id": 1360512, "area_km2": 0.29, "elevation": -0.097116507589817047, "volume_m3": 290000.0 }, "geometry": { "type": "Point", "coordinates": [ 29.067745664911357, 44.868022302208026 ] } },
{ "type": "Feature", "properties": { "id": 1360517, "area_km2": 0.11, "elevation": -1.5, "volume_m3": 120000.0 }, "geometry": { "type": "Point", "coordinates": [ 29.141480082206431, 44.86918546412879 ] } },
{ "type": "Feature", "properties": { "id": 1360518, "area_km2": 0.63, "elevation": -1.5, "volume_m3": 800000.0 }, "geometry": { "type": "Point", "coordinates": [ 29.147865927598623, 44.867291189100627 ] } },
{ "type": "Feature", "properties": { "id": 1360521, "area_km2": 0.64, "elevation": 243.0, "volume_m3": 1860000.0 }, "geometry": { "type": "Point", "coordinates": [ 25.504734019820994, 44.865719286069051 ] } },
{ "type": "Feature", "properties": { "id": 1360522, "area_km2": 0.18, "elevation": -1.0, "volume_m3": 170000.0 }, "geometry": { "type": "Point", "coordinates": [ 29.067268818575208, 44.8642041710497 ] } },
{ "type": "Feature", "properties": { "id": 1360526, "area_km2": 0.19, "elevation": 0.60003286600112915, "volume_m3": 200000.0 }, "geometry": { "type": "Point", "coordinates": [ 29.134218368120941, 44.862763331378282 ] } },
{ "type": "Feature", "properties": { "id": 1360532, "area_km2": 0.14, "elevation": 4.3019890785217285, "volume_m3": 170000.0 }, "geometry": { "type": "Point", "coordinates": [ 27.900464951461043, 44.860437029218204 ] } },
{ "type": "Feature", "properties": { "id": 1360534, "area_km2": 0.82, "elevation": 36.080574035644531, "volume_m3": 2250000.0 }, "geometry": { "type": "Point", "coordinates": [ 27.435337624196404, 44.856815183563441 ] } },
{ "type": "Feature", "properties": { "id": 1360535, "area_km2": 0.35, "elevation": -0.5, "volume_m3": 470000.0 }, "geometry": { "type": "Point", "coordinates": [ 29.156761618930481, 44.857611987735773 ] } },
{ "type": "Feature", "properties": { "id": 1360542, "area_km2": 0.28, "elevation": -1.5, "volume_m3": 370000.0 }, "geometry": { "type": "Point", "coordinates": [ 29.066282543083787, 44.8545858827516 ] } },
{ "type": "Feature", "properties": { "id": 1360548, "area_km2": 0.15, "elevation": 4.4664878845214844, "volume_m3": 260000.0 }, "geometry": { "type": "Point", "coordinates": [ 27.872110766433384, 44.852260932188941 ] } },
{ "type": "Feature", "properties": { "id": 1360555, "area_km2": 0.81, "elevation": 235.5, "volume_m3": 2510000.0 }, "geometry": { "type": "Point", "coordinates": [ 25.514907249364871, 44.852949472560574 ] } },
{ "type": "Feature", "properties": { "id": 1360556, "area_km2": 0.28, "elevation": 4.5351591110229492, "volume_m3": 390000.0 }, "geometry": { "type": "Point", "coordinates": [ 27.892628717035997, 44.854708589819175 ] } },
{ "type": "Feature", "properties": { "id": 1360565, "area_km2": 0.14, "elevation": 4.4726285934448242, "volume_m3": 180000.0 }, "geometry": { "type": "Point", "coordinates": [ 27.901144177743816, 44.847148552850634 ] } },
{ "type": "Feature", "properties": { "id": 1360569, "area_km2": 0.71, "elevation": 264.02603149414062, "volume_m3": 4500000.0 }, "geometry": { "type": "Point", "coordinates": [ 24.894037842867121, 44.851923263113854 ] } },
{ "type": "Feature", "properties": { "id": 1360570, "area_km2": 0.55, "elevation": 21.0, "volume_m3": 1310000.0 }, "geometry": { "type": "Point", "coordinates": [ 27.610634662082457, 44.845902157502842 ] } },
{ "type": "Feature", "properties": { "id": 1360580, "area_km2": 0.71, "elevation": 41.563362121582031, "volume_m3": 1670000.0 }, "geometry": { "type": "Point", "coordinates": [ 27.340732587926148, 44.841439053860185 ] } },
{ "type": "Feature", "properties": { "id": 1360586, "area_km2": 0.29, "elevation": 5.9593353271484375, "volume_m3": 320000.0 }, "geometry": { "type": "Point", "coordinates": [ 27.826849858970274, 44.836847658516625 ] } },
{ "type": "Feature", "properties": { "id": 1360591, "area_km2": 0.59, "elevation": 97.733070373535156, "volume_m3": 1510000.0 }, "geometry": { "type": "Point", "coordinates": [ 26.124131453230568, 44.836041411992461 ] } },
{ "type": "Feature", "properties": { "id": 1360593, "area_km2": 0.15, "elevation": 0.61668485403060913, "volume_m3": 90000.0 }, "geometry": { "type": "Point", "coordinates": [ 29.213562133376161, 44.833739634739359 ] } },
{ "type": "Feature", "properties": { "id": 1360605, "area_km2": 0.21, "elevation": 4.8464279174804688, "volume_m3": 250000.0 }, "geometry": { "type": "Point", "coordinates": [ 27.853922541074876, 44.827585304633658 ] } },
{ "type": "Feature", "properties": { "id": 1360606, "area_km2": 0.24, "elevation": -1.0, "volume_m3": 310000.0 }, "geometry": { "type": "Point", "coordinates": [ 29.540198466643531, 44.827622174175417 ] } },
{ "type": "Feature", "properties": { "id": 1360617, "area_km2": 0.16, "elevation": 192.0, "volume_m3": 310000.0 }, "geometry": { "type": "Point", "coordinates": [ 25.654338510997274, 44.823252092825946 ] } },
{ "type": "Feature", "properties": { "id": 1360621, "area_km2": 0.34, "elevation": 4.449735164642334, "volume_m3": 570000.0 }, "geometry": { "type": "Point", "coordinates": [ 27.908103112804145, 44.822657943070169 ] } },
{ "type": "Feature", "properties": { "id": 1360633, "area_km2": 0.15, "elevation": -1.5, "volume_m3": 150000.0 }, "geometry": { "type": "Point", "coordinates": [ 29.396280094917078, 44.817516685797223 ] } },
{ "type": "Feature", "properties": { "id": 1360637, "area_km2": 0.1, "elevation": 134.1029052734375, "volume_m3": 120000.0 }, "geometry": { "type": "Point", "coordinates": [ 23.304065846343864, 44.816115601380012 ] } },
{ "type": "Feature", "properties": { "id": 1360638, "area_km2": 0.17, "elevation": -2.0, "volume_m3": 90000.0 }, "geometry": { "type": "Point", "coordinates": [ 29.154181917541315, 44.812746634427789 ] } },
{ "type": "Feature", "properties": { "id": 1360657, "area_km2": 0.85, "elevation": 0.4250621497631073, "volume_m3": 1140000.0 }, "geometry": { "type": "Point", "coordinates": [ 29.211229265546763, 44.812578048585415 ] } },
{ "type": "Feature", "properties": { "id": 1360658, "area_km2": 0.31, "elevation": -1.0, "volume_m3": 300000.0 }, "geometry": { "type": "Point", "coordinates": [ 29.322130818345968, 44.808577047422169 ] } },
{ "type": "Feature", "properties": { "id": 1360675, "area_km2": 0.14, "elevation": 205.55801391601562, "volume_m3": 200000.0 }, "geometry": { "type": "Point", "coordinates": [ 25.561607359185391, 44.804906640374732 ] } },
{ "type": "Feature", "properties": { "id": 1360677, "area_km2": 0.13, "elevation": -1.5, "volume_m3": 130000.0 }, "geometry": { "type": "Point", "coordinates": [ 29.142119360528941, 44.80059065784306 ] } },
{ "type": "Feature", "properties": { "id": 1360681, "area_km2": 0.18, "elevation": 5.2442917823791504, "volume_m3": 200000.0 }, "geometry": { "type": "Point", "coordinates": [ 27.841998098367227, 44.796818627377142 ] } },
{ "type": "Feature", "properties": { "id": 1360684, "area_km2": 0.19, "elevation": 4.6108994483947754, "volume_m3": 150000.0 }, "geometry": { "type": "Point", "coordinates": [ 27.888309141431915, 44.802292065733418 ] } },
{ "type": "Feature", "properties": { "id": 1360687, "area_km2": 0.85, "elevation": -2.0, "volume_m3": 1110000.0 }, "geometry": { "type": "Point", "coordinates": [ 29.15195237979189, 44.794413571430667 ] } },
{ "type": "Feature", "properties": { "id": 1360694, "area_km2": 0.18, "elevation": -0.72882193326950073, "volume_m3": 210000.0 }, "geometry": { "type": "Point", "coordinates": [ 29.190407368935229, 44.797153727509652 ] } },
{ "type": "Feature", "properties": { "id": 1360701, "area_km2": 0.16, "elevation": 202.0, "volume_m3": 260000.0 }, "geometry": { "type": "Point", "coordinates": [ 25.565495264425554, 44.796630409215659 ] } },
{ "type": "Feature", "properties": { "id": 1360708, "area_km2": 0.25, "elevation": 198.5, "volume_m3": 390000.0 }, "geometry": { "type": "Point", "coordinates": [ 25.57234363696783, 44.793959781609203 ] } },
{ "type": "Feature", "properties": { "id": 1360719, "area_km2": 0.2, "elevation": 59.091442108154297, "volume_m3": 420000.0 }, "geometry": { "type": "Point", "coordinates": [ 26.520786636908724, 44.786090564586146 ] } },
{ "type": "Feature", "properties": { "id": 1360720, "area_km2": 0.79, "elevation": 53.411613464355469, "volume_m3": 2990000.0 }, "geometry": { "type": "Point", "coordinates": [ 26.554665487707219, 44.788490769480923 ] } },
{ "type": "Feature", "properties": { "id": 1360731, "area_km2": 0.54, "elevation": 59.5, "volume_m3": 1470000.0 }, "geometry": { "type": "Point", "coordinates": [ 26.485330133279323, 44.780798066287716 ] } },
{ "type": "Feature", "properties": { "id": 1360748, "area_km2": 0.6, "elevation": 38.7783203125, "volume_m3": 1690000.0 }, "geometry": { "type": "Point", "coordinates": [ 27.323702360358229, 44.769926861514016 ] } },
{ "type": "Feature", "properties": { "id": 1360752, "area_km2": 0.14, "elevation": 4.6511363983154297, "volume_m3": 230000.0 }, "geometry": { "type": "Point", "coordinates": [ 27.910213345972256, 44.766308442687993 ] } },
{ "type": "Feature", "properties": { "id": 1360755, "area_km2": 0.18, "elevation": 4.4771900177001953, "volume_m3": 130000.0 }, "geometry": { "type": "Point", "coordinates": [ 27.928119637731896, 44.767746449516707 ] } },
{ "type": "Feature", "properties": { "id": 1360767, "area_km2": 0.48, "elevation": 134.0, "volume_m3": 800000.0 }, "geometry": { "type": "Point", "coordinates": [ 25.874734922172362, 44.763047134371128 ] } },
{ "type": "Feature", "properties": { "id": 1360771, "area_km2": 0.63, "elevation": 56.888648986816406, "volume_m3": 1900000.0 }, "geometry": { "type": "Point", "coordinates": [ 26.536885039799394, 44.766542493098001 ] } },
{ "type": "Feature", "properties": { "id": 1360778, "area_km2": 0.17, "elevation": 130.5, "volume_m3": 240000.0 }, "geometry": { "type": "Point", "coordinates": [ 25.882983275463388, 44.757976025883323 ] } },
{ "type": "Feature", "properties": { "id": 1360779, "area_km2": 0.16, "elevation": 128.0, "volume_m3": 290000.0 }, "geometry": { "type": "Point", "coordinates": [ 25.898938206425552, 44.755527583834677 ] } },
{ "type": "Feature", "properties": { "id": 1360783, "area_km2": 0.69, "elevation": -0.5, "volume_m3": 1510000.0 }, "geometry": { "type": "Point", "coordinates": [ 28.911332758108905, 44.754477388194886 ] } },
{ "type": "Feature", "properties": { "id": 1360785, "area_km2": 0.76, "elevation": 0.0, "volume_m3": 2610000.0 }, "geometry": { "type": "Point", "coordinates": [ 28.893199665880374, 44.754634178868223 ] } },
{ "type": "Feature", "properties": { "id": 1360786, "area_km2": 0.42, "elevation": 273.0, "volume_m3": 980000.0 }, "geometry": { "type": "Point", "coordinates": [ 24.931927719025612, 44.752763568582239 ] } },
{ "type": "Feature", "properties": { "id": 1360787, "area_km2": 0.26, "elevation": 125.0, "volume_m3": 430000.0 }, "geometry": { "type": "Point", "coordinates": [ 25.909154921825351, 44.753282947092607 ] } },
{ "type": "Feature", "properties": { "id": 1360790, "area_km2": 0.2, "elevation": 257.5, "volume_m3": 300000.0 }, "geometry": { "type": "Point", "coordinates": [ 24.997709030198397, 44.751343478121001 ] } },
{ "type": "Feature", "properties": { "id": 1360791, "area_km2": 0.36, "elevation": -0.5, "volume_m3": 440000.0 }, "geometry": { "type": "Point", "coordinates": [ 29.035450965063905, 44.748044056344632 ] } },
{ "type": "Feature", "properties": { "id": 1360793, "area_km2": 0.16, "elevation": 0.053443260490894318, "volume_m3": 190000.0 }, "geometry": { "type": "Point", "coordinates": [ 28.859107966339106, 44.748843220672065 ] } },
{ "type": "Feature", "properties": { "id": 1360811, "area_km2": 0.58, "elevation": -0.5, "volume_m3": 740000.0 }, "geometry": { "type": "Point", "coordinates": [ 29.038212748052615, 44.739945260222306 ] } },
{ "type": "Feature", "properties": { "id": 1360813, "area_km2": 0.51, "elevation": -1.0, "volume_m3": 530000.0 }, "geometry": { "type": "Point", "coordinates": [ 29.064069502274386, 44.741808221392262 ] } },
{ "type": "Feature", "properties": { "id": 1360820, "area_km2": 0.45, "elevation": -1.0, "volume_m3": 550000.0 }, "geometry": { "type": "Point", "coordinates": [ 29.039570837070091, 44.734327123864155 ] } },
{ "type": "Feature", "properties": { "id": 1360821, "area_km2": 0.19, "elevation": 0.0, "volume_m3": 250000.0 }, "geometry": { "type": "Point", "coordinates": [ 28.826900615868819, 44.735126543412086 ] } },
{ "type": "Feature", "properties": { "id": 1360830, "area_km2": 0.22, "elevation": -0.5, "volume_m3": 240000.0 }, "geometry": { "type": "Point", "coordinates": [ 28.980652587304178, 44.732808056496495 ] } },
{ "type": "Feature", "properties": { "id": 1360837, "area_km2": 0.26, "elevation": 260.5, "volume_m3": 620000.0 }, "geometry": { "type": "Point", "coordinates": [ 24.944358643175654, 44.733603434046792 ] } },
{ "type": "Feature", "properties": { "id": 1360838, "area_km2": 0.45, "elevation": -1.0, "volume_m3": 500000.0 }, "geometry": { "type": "Point", "coordinates": [ 29.051332293803711, 44.732740192816912 ] } },
{ "type": "Feature", "properties": { "id": 1360842, "area_km2": 0.9, "elevation": 120.61989593505859, "volume_m3": 4280000.0 }, "geometry": { "type": "Point", "coordinates": [ 26.061254266741223, 44.726004924287658 ] } },
{ "type": "Feature", "properties": { "id": 1360843, "area_km2": 0.14, "elevation": -1.0, "volume_m3": 160000.0 }, "geometry": { "type": "Point", "coordinates": [ 28.814010925043274, 44.729683212469659 ] } },
{ "type": "Feature", "properties": { "id": 1360859, "area_km2": 0.14, "elevation": -1.0, "volume_m3": 140000.0 }, "geometry": { "type": "Point", "coordinates": [ 29.01186146772881, 44.719519193450566 ] } },
{ "type": "Feature", "properties": { "id": 1360865, "area_km2": 0.17, "elevation": 7.5, "volume_m3": 360000.0 }, "geometry": { "type": "Point", "coordinates": [ 28.054856862422977, 44.718790566712848 ] } },
{ "type": "Feature", "properties": { "id": 1360867, "area_km2": 0.17, "elevation": 5.8860983848571777, "volume_m3": 180000.0 }, "geometry": { "type": "Point", "coordinates": [ 27.768839233640374, 44.716446306539915 ] } },
{ "type": "Feature", "properties": { "id": 1360869, "area_km2": 0.56, "elevation": 6.0833959579467773, "volume_m3": 720000.0 }, "geometry": { "type": "Point", "coordinates": [ 27.784593349639799, 44.71549544868035 ] } },
{ "type": "Feature", "properties": { "id": 1360870, "area_km2": 0.17, "elevation": 7.5, "volume_m3": 170000.0 }, "geometry": { "type": "Point", "coordinates": [ 28.063218992319577, 44.717105868392913 ] } },
{ "type": "Feature", "properties": { "id": 1360887, "area_km2": 0.11, "elevation": 120.5, "volume_m3": 180000.0 }, "geometry": { "type": "Point", "coordinates": [ 25.907950367278627, 44.709827904247597 ] } },
{ "type": "Feature", "properties": { "id": 1360888, "area_km2": 0.14, "elevation": 6.5191774368286133, "volume_m3": 230000.0 }, "geometry": { "type": "Point", "coordinates": [ 27.871059848650237, 44.708397065890637 ] } },
{ "type": "Feature", "properties": { "id": 1360902, "area_km2": 0.15, "elevation": 119.0, "volume_m3": 310000.0 }, "geometry": { "type": "Point", "coordinates": [ 25.913223304176999, 44.705417216999678 ] } },
{ "type": "Feature", "properties": { "id": 1360903, "area_km2": 0.89, "elevation": -0.5, "volume_m3": 2500000.0 }, "geometry": { "type": "Point", "coordinates": [ 28.718950628266743, 44.695545002723222 ] } },
{ "type": "Feature", "properties": { "id": 1360914, "area_km2": 0.32, "elevation": 87.903877258300781, "volume_m3": 1180000.0 }, "geometry": { "type": "Point", "coordinates": [ 21.654883799157847, 44.702134778103833 ] } },
{ "type": "Feature", "properties": { "id": 1360929, "area_km2": 0.12, "elevation": 66.139328002929688, "volume_m3": 250000.0 }, "geometry": { "type": "Point", "coordinates": [ 26.403399593341497, 44.694961498775641 ] } },
{ "type": "Feature", "properties": { "id": 1360931, "area_km2": 0.13, "elevation": 128.0, "volume_m3": 220000.0 }, "geometry": { "type": "Point", "coordinates": [ 25.843726397798093, 44.697654460525442 ] } },
{ "type": "Feature", "properties": { "id": 1360932, "area_km2": 0.87, "elevation": 127.01696014404297, "volume_m3": 2110000.0 }, "geometry": { "type": "Point", "coordinates": [ 25.870083608248699, 44.693316265887333 ] } },
{ "type": "Feature", "properties": { "id": 1360941, "area_km2": 0.21, "elevation": 116.5, "volume_m3": 480000.0 }, "geometry": { "type": "Point", "coordinates": [ 25.906561695439571, 44.693042901535932 ] } },
{ "type": "Feature", "properties": { "id": 1360949, "area_km2": 0.16, "elevation": -0.5, "volume_m3": 380000.0 }, "geometry": { "type": "Point", "coordinates": [ 28.749118577038075, 44.689064823573716 ] } },
{ "type": "Feature", "properties": { "id": 1360951, "area_km2": 0.19, "elevation": 114.5, "volume_m3": 410000.0 }, "geometry": { "type": "Point", "coordinates": [ 25.920677914144306, 44.687344107884797 ] } },
{ "type": "Feature", "properties": { "id": 1360965, "area_km2": 0.54, "elevation": 0.0, "volume_m3": 860000.0 }, "geometry": { "type": "Point", "coordinates": [ 28.960776459071177, 44.683095306248525 ] } },
{ "type": "Feature", "properties": { "id": 1360975, "area_km2": 0.14, "elevation": 166.5, "volume_m3": 660000.0 }, "geometry": { "type": "Point", "coordinates": [ 22.653863070897533, 44.676543594239071 ] } },
{ "type": "Feature", "properties": { "id": 1360978, "area_km2": 0.68, "elevation": 99.944686889648438, "volume_m3": 2600000.0 }, "geometry": { "type": "Point", "coordinates": [ 26.062931122917675, 44.674083093479553 ] } },
{ "type": "Feature", "properties": { "id": 1360982, "area_km2": 0.2, "elevation": 168.0, "volume_m3": 1100000.0 }, "geometry": { "type": "Point", "coordinates": [ 22.665451155783618, 44.673481815543099 ] } },
{ "type": "Feature", "properties": { "id": 1360983, "area_km2": 0.16, "elevation": 99.0, "volume_m3": 410000.0 }, "geometry": { "type": "Point", "coordinates": [ 25.988234841343971, 44.67199204434408 ] } },
{ "type": "Feature", "properties": { "id": 1360984, "area_km2": 0.26, "elevation": 97.0, "volume_m3": 750000.0 }, "geometry": { "type": "Point", "coordinates": [ 25.996778932331342, 44.670777640099999 ] } },
{ "type": "Feature", "properties": { "id": 1360985, "area_km2": 0.11, "elevation": 8.6387243270874023, "volume_m3": 160000.0 }, "geometry": { "type": "Point", "coordinates": [ 27.878979563374674, 44.674310180375429 ] } },
{ "type": "Feature", "properties": { "id": 1360987, "area_km2": 0.27, "elevation": 130.5, "volume_m3": 530000.0 }, "geometry": { "type": "Point", "coordinates": [ 25.778217762467801, 44.672370943184447 ] } },
{ "type": "Feature", "properties": { "id": 1360992, "area_km2": 0.38, "elevation": 6.7295875549316406, "volume_m3": 440000.0 }, "geometry": { "type": "Point", "coordinates": [ 27.864356894175543, 44.670144932937859 ] } },
{ "type": "Feature", "properties": { "id": 1361001, "area_km2": 0.29, "elevation": 133.35118103027344, "volume_m3": 570000.0 }, "geometry": { "type": "Point", "coordinates": [ 25.783032317975909, 44.665233629309817 ] } },
{ "type": "Feature", "properties": { "id": 1361009, "area_km2": 0.73, "elevation": 171.0, "volume_m3": 16100000.000000002 }, "geometry": { "type": "Point", "coordinates": [ 25.37768918540332, 44.664005528415359 ] } },
{ "type": "Feature", "properties": { "id": 1361029, "area_km2": 0.26, "elevation": 255.0, "volume_m3": 1030000.0 }, "geometry": { "type": "Point", "coordinates": [ 24.530755987259088, 44.654441620006253 ] } },
{ "type": "Feature", "properties": { "id": 1361034, "area_km2": 0.14, "elevation": 39.0, "volume_m3": 250000.0 }, "geometry": { "type": "Point", "coordinates": [ 26.846944830954872, 44.650925629856062 ] } },
{ "type": "Feature", "properties": { "id": 1361042, "area_km2": 0.1, "elevation": 73.0, "volume_m3": 290000.0 }, "geometry": { "type": "Point", "coordinates": [ 26.216786985030012, 44.644520814897099 ] } },
{ "type": "Feature", "properties": { "id": 1361045, "area_km2": 0.23, "elevation": 65.0, "volume_m3": 1830000.0 }, "geometry": { "type": "Point", "coordinates": [ 22.284492883475348, 44.646921633058824 ] } },
{ "type": "Feature", "properties": { "id": 1361058, "area_km2": 0.25, "elevation": 10.5, "volume_m3": 400000.0 }, "geometry": { "type": "Point", "coordinates": [ 27.619501105548526, 44.640878474664355 ] } },
{ "type": "Feature", "properties": { "id": 1361063, "area_km2": 0.33, "elevation": 252.0, "volume_m3": 1430000.0 }, "geometry": { "type": "Point", "coordinates": [ 24.508402384216755, 44.640073743407569 ] } },
{ "type": "Feature", "properties": { "id": 1361074, "area_km2": 0.19, "elevation": 35.0, "volume_m3": 420000.0 }, "geometry": { "type": "Point", "coordinates": [ 26.944079939575275, 44.636421062606189 ] } },
{ "type": "Feature", "properties": { "id": 1361077, "area_km2": 0.21, "elevation": 246.5, "volume_m3": 810000.0 }, "geometry": { "type": "Point", "coordinates": [ 24.567959359416427, 44.633125199738593 ] } },
{ "type": "Feature", "properties": { "id": 1361104, "area_km2": 0.23, "elevation": -0.30403754115104675, "volume_m3": 310000.0 }, "geometry": { "type": "Point", "coordinates": [ 28.802670782121659, 44.613143705919285 ] } },
{ "type": "Feature", "properties": { "id": 1361129, "area_km2": 0.33, "elevation": 200.5, "volume_m3": 1030000.0 }, "geometry": { "type": "Point", "coordinates": [ 25.081138680126369, 44.60177659306791 ] } },
{ "type": "Feature", "properties": { "id": 1361148, "area_km2": 0.63, "elevation": 181.5, "volume_m3": 1880000.0 }, "geometry": { "type": "Point", "coordinates": [ 25.174861694146831, 44.593725274149399 ] } },
{ "type": "Feature", "properties": { "id": 1361158, "area_km2": 0.79, "elevation": 28.768610000610352, "volume_m3": 2040000.0 }, "geometry": { "type": "Point", "coordinates": [ 27.246078031962799, 44.596265244663243 ] } },
{ "type": "Feature", "properties": { "id": 1361185, "area_km2": 0.53, "elevation": 14.749637603759766, "volume_m3": 1160000.0 }, "geometry": { "type": "Point", "coordinates": [ 27.552831391111827, 44.566757825686828 ] } },
{ "type": "Feature", "properties": { "id": 1361188, "area_km2": 0.43, "elevation": 14.255312919616699, "volume_m3": 1380000.0 }, "geometry": { "type": "Point", "coordinates": [ 27.587486465178451, 44.566356169331989 ] } },
{ "type": "Feature", "properties": { "id": 1361189, "area_km2": 0.1, "elevation": -1.0, "volume_m3": 80000.0 }, "geometry": { "type": "Point", "coordinates": [ 28.895057510343296, 44.567812319638534 ] } },
{ "type": "Feature", "properties": { "id": 1361193, "area_km2": 0.81, "elevation": -1.0, "volume_m3": 1150000.0 }, "geometry": { "type": "Point", "coordinates": [ 28.880958165457262, 44.563009108578541 ] } },
{ "type": "Feature", "properties": { "id": 1361197, "area_km2": 0.45, "elevation": 0.30163535475730896, "volume_m3": 640000.0 }, "geometry": { "type": "Point", "coordinates": [ 28.766389338536602, 44.555965387963724 ] } },
{ "type": "Feature", "properties": { "id": 1361204, "area_km2": 0.26, "elevation": -1.0, "volume_m3": 260000.0 }, "geometry": { "type": "Point", "coordinates": [ 28.858233013505266, 44.557705287748455 ] } },
{ "type": "Feature", "properties": { "id": 1361209, "area_km2": 0.23, "elevation": 55.5, "volume_m3": 690000.0 }, "geometry": { "type": "Point", "coordinates": [ 26.392263402530769, 44.554312872131632 ] } },
{ "type": "Feature", "properties": { "id": 1361222, "area_km2": 0.65, "elevation": 46.0, "volume_m3": 2570000.0 }, "geometry": { "type": "Point", "coordinates": [ 26.455102786164883, 44.548155094592076 ] } },
{ "type": "Feature", "properties": { "id": 1361223, "area_km2": 0.47, "elevation": 189.5, "volume_m3": 1830000.0 }, "geometry": { "type": "Point", "coordinates": [ 24.795406974824662, 44.551693689871122 ] } },
{ "type": "Feature", "properties": { "id": 1361225, "area_km2": 0.17, "elevation": 134.5, "volume_m3": 400000.0 }, "geometry": { "type": "Point", "coordinates": [ 25.499463026846236, 44.547597820562288 ] } },
{ "type": "Feature", "properties": { "id": 1361231, "area_km2": 0.49, "elevation": -1.0, "volume_m3": 700000.0 }, "geometry": { "type": "Point", "coordinates": [ 28.859563817924261, 44.545632813768037 ] } },
{ "type": "Feature", "properties": { "id": 1361232, "area_km2": 0.22, "elevation": 44.0, "volume_m3": 700000.0 }, "geometry": { "type": "Point", "coordinates": [ 26.479928446789557, 44.542978787419827 ] } },
{ "type": "Feature", "properties": { "id": 1361238, "area_km2": 0.28, "elevation": -1.0, "volume_m3": 320000.0 }, "geometry": { "type": "Point", "coordinates": [ 28.866718342251673, 44.537008324227337 ] } },
{ "type": "Feature", "properties": { "id": 1361246, "area_km2": 0.15, "elevation": 30.584859848022461, "volume_m3": 430000.0 }, "geometry": { "type": "Point", "coordinates": [ 27.084776627200387, 44.535585890675975 ] } },
{ "type": "Feature", "properties": { "id": 1361252, "area_km2": 0.37, "elevation": -0.5, "volume_m3": 510000.0 }, "geometry": { "type": "Point", "coordinates": [ 28.849918005846352, 44.532503877753456 ] } },
{ "type": "Feature", "properties": { "id": 1361279, "area_km2": 0.41, "elevation": -1.5, "volume_m3": 460000.0 }, "geometry": { "type": "Point", "coordinates": [ 28.839254173716263, 44.522411133136089 ] } },
{ "type": "Feature", "properties": { "id": 1361283, "area_km2": 0.2, "elevation": 239.0, "volume_m3": 930000.0 }, "geometry": { "type": "Point", "coordinates": [ 23.103759532484546, 44.514868650430515 ] } },
{ "type": "Feature", "properties": { "id": 1361290, "area_km2": 0.77, "elevation": 4.5, "volume_m3": 2250000.0 }, "geometry": { "type": "Point", "coordinates": [ 27.923372249746603, 44.51057004905114 ] } },
{ "type": "Feature", "properties": { "id": 1361315, "area_km2": 0.39, "elevation": 81.5, "volume_m3": 1090000.0 }, "geometry": { "type": "Point", "coordinates": [ 26.046917057550242, 44.497696283368775 ] } },
{ "type": "Feature", "properties": { "id": 1361328, "area_km2": 0.14, "elevation": 49.5, "volume_m3": 300000.0 }, "geometry": { "type": "Point", "coordinates": [ 26.835725692586905, 44.486984155462821 ] } },
{ "type": "Feature", "properties": { "id": 1361345, "area_km2": 0.39, "elevation": 79.0, "volume_m3": 1150000.0 }, "geometry": { "type": "Point", "coordinates": [ 26.083195750425475, 44.475211894884993 ] } },
{ "type": "Feature", "properties": { "id": 1361347, "area_km2": 0.44, "elevation": 83.004196166992188, "volume_m3": 1190000.0 }, "geometry": { "type": "Point", "coordinates": [ 26.09860586966084, 44.471220054837616 ] } },
{ "type": "Feature", "properties": { "id": 1361348, "area_km2": 0.36, "elevation": 74.3204345703125, "volume_m3": 1100000.0 }, "geometry": { "type": "Point", "coordinates": [ 26.120624716851708, 44.469002608685059 ] } },
{ "type": "Feature", "properties": { "id": 1361349, "area_km2": 0.16, "elevation": -0.5, "volume_m3": 180000.0 }, "geometry": { "type": "Point", "coordinates": [ 28.782772837952031, 44.469519949169445 ] } },
{ "type": "Feature", "properties": { "id": 1361360, "area_km2": 0.41, "elevation": 43.937774658203125, "volume_m3": 1090000.0 }, "geometry": { "type": "Point", "coordinates": [ 26.816024584423182, 44.46539633401062 ] } },
{ "type": "Feature", "properties": { "id": 1361367, "area_km2": 0.34, "elevation": 63.0, "volume_m3": 1080000.0 }, "geometry": { "type": "Point", "coordinates": [ 26.155201909019329, 44.453009390583794 ] } },
{ "type": "Feature", "properties": { "id": 1361368, "area_km2": 0.17, "elevation": 63.0, "volume_m3": 510000.0 }, "geometry": { "type": "Point", "coordinates": [ 26.161329941572568, 44.451572783687936 ] } },
{ "type": "Feature", "properties": { "id": 1361373, "area_km2": 0.21, "elevation": 164.62571716308594, "volume_m3": 590000.0 }, "geometry": { "type": "Point", "coordinates": [ 24.982331763785172, 44.450573016115257 ] } },
{ "type": "Feature", "properties": { "id": 1361384, "area_km2": 0.24, "elevation": 72.736976623535156, "volume_m3": 830000.0 }, "geometry": { "type": "Point", "coordinates": [ 26.332537614677413, 44.449159781269785 ] } },
{ "type": "Feature", "properties": { "id": 1361395, "area_km2": 0.21, "elevation": 0.5, "volume_m3": 440000.0 }, "geometry": { "type": "Point", "coordinates": [ 28.739456046324648, 44.442136958888405 ] } },
{ "type": "Feature", "properties": { "id": 1361416, "area_km2": 0.41, "elevation": 29.0, "volume_m3": 1570000.0 }, "geometry": { "type": "Point", "coordinates": [ 26.691493470429112, 44.4314007253734 ] } },
{ "type": "Feature", "properties": { "id": 1361422, "area_km2": 0.18, "elevation": 37.71343994140625, "volume_m3": 620000.0 }, "geometry": { "type": "Point", "coordinates": [ 26.73516262453581, 44.421994630985964 ] } },
{ "type": "Feature", "properties": { "id": 1361425, "area_km2": 0.52, "elevation": 42.068565368652344, "volume_m3": 2180000.0 }, "geometry": { "type": "Point", "coordinates": [ 26.713553316085971, 44.419165775506706 ] } },
{ "type": "Feature", "properties": { "id": 1361441, "area_km2": 0.15, "elevation": 32.5, "volume_m3": 360000.0 }, "geometry": { "type": "Point", "coordinates": [ 26.90068701983807, 44.407492034682278 ] } },
{ "type": "Feature", "properties": { "id": 1361450, "area_km2": 0.28, "elevation": 1.0, "volume_m3": 580000.0 }, "geometry": { "type": "Point", "coordinates": [ 28.542619995857091, 44.400189256547208 ] } },
{ "type": "Feature", "properties": { "id": 1361463, "area_km2": 0.74, "elevation": 46.322505950927734, "volume_m3": 3790000.0 }, "geometry": { "type": "Point", "coordinates": [ 26.758576832032968, 44.405039615849084 ] } },
{ "type": "Feature", "properties": { "id": 1361466, "area_km2": 0.49, "elevation": 100.5, "volume_m3": 1530000.0 }, "geometry": { "type": "Point", "coordinates": [ 24.358483791081859, 44.394850226114862 ] } },
{ "type": "Feature", "properties": { "id": 1361467, "area_km2": 0.3, "elevation": 46.627910614013672, "volume_m3": 850000.0 }, "geometry": { "type": "Point", "coordinates": [ 26.912488325640023, 44.394478837074438 ] } },
{ "type": "Feature", "properties": { "id": 1361477, "area_km2": 0.29, "elevation": 150.5, "volume_m3": 1260000.0 }, "geometry": { "type": "Point", "coordinates": [ 24.633139174087518, 44.386195035128921 ] } },
{ "type": "Feature", "properties": { "id": 1361478, "area_km2": 0.59, "elevation": 45.0, "volume_m3": 2040000.0 }, "geometry": { "type": "Point", "coordinates": [ 26.354133739719661, 44.392166137524747 ] } },
{ "type": "Feature", "properties": { "id": 1361481, "area_km2": 0.1, "elevation": 120.02246856689453, "volume_m3": 210000.0 }, "geometry": { "type": "Point", "coordinates": [ 25.183203160945155, 44.381271941521234 ] } },
{ "type": "Feature", "properties": { "id": 1361485, "area_km2": 0.71, "elevation": 8.0, "volume_m3": 4510000.0 }, "geometry": { "type": "Point", "coordinates": [ 28.077783321199714, 44.378938531918081 ] } },
{ "type": "Feature", "properties": { "id": 1361491, "area_km2": 0.78, "elevation": 93.5, "volume_m3": 2120000.0 }, "geometry": { "type": "Point", "coordinates": [ 25.774131563751954, 44.376421447854369 ] } },
{ "type": "Feature", "properties": { "id": 1361502, "area_km2": 0.49, "elevation": 26.691375732421875, "volume_m3": 1760000.0 }, "geometry": { "type": "Point", "coordinates": [ 26.914348111642486, 44.368891734132099 ] } },
{ "type": "Feature", "properties": { "id": 1361519, "area_km2": 0.92, "elevation": 12.0, "volume_m3": 5670000.0 }, "geometry": { "type": "Point", "coordinates": [ 28.116344485551085, 44.346336623943699 ] } },
{ "type": "Feature", "properties": { "id": 1361529, "area_km2": 0.52, "elevation": 40.5, "volume_m3": 2620000.0 }, "geometry": { "type": "Point", "coordinates": [ 26.351701563182107, 44.341836669755438 ] } },
{ "type": "Feature", "properties": { "id": 1361531, "area_km2": 0.51, "elevation": 8.1073246002197266, "volume_m3": 1050000.0 }, "geometry": { "type": "Point", "coordinates": [ 27.819724982844694, 44.343118385251451 ] } },
{ "type": "Feature", "properties": { "id": 1361532, "area_km2": 0.17, "elevation": 12.0, "volume_m3": 600000.0 }, "geometry": { "type": "Point", "coordinates": [ 28.143671854891355, 44.34080317988311 ] } },
{ "type": "Feature", "properties": { "id": 1361533, "area_km2": 0.47, "elevation": 38.573806762695312, "volume_m3": 1760000.0 }, "geometry": { "type": "Point", "coordinates": [ 26.922886945650898, 44.348257127749257 ] } },
{ "type": "Feature", "properties": { "id": 1361536, "area_km2": 0.35, "elevation": 36.258121490478516, "volume_m3": 1220000.0 }, "geometry": { "type": "Point", "coordinates": [ 26.388004477223859, 44.340691553152858 ] } },
{ "type": "Feature", "properties": { "id": 1361538, "area_km2": 0.23, "elevation": 63.295524597167969, "volume_m3": 450000.0 }, "geometry": { "type": "Point", "coordinates": [ 26.254784904151236, 44.342876617547617 ] } },
{ "type": "Feature", "properties": { "id": 1361548, "area_km2": 0.15, "elevation": 111.5, "volume_m3": 850000.0 }, "geometry": { "type": "Point", "coordinates": [ 24.407263044162583, 44.327080103965123 ] } },
{ "type": "Feature", "properties": { "id": 1361550, "area_km2": 0.25, "elevation": 6.6111893653869629, "volume_m3": 320000.0 }, "geometry": { "type": "Point", "coordinates": [ 27.862170212768898, 44.322017763277302 ] } },
{ "type": "Feature", "properties": { "id": 1361553, "area_km2": 0.13, "elevation": 1.0, "volume_m3": 420000.0 }, "geometry": { "type": "Point", "coordinates": [ 28.619988625645359, 44.317699594148621 ] } },
{ "type": "Feature", "properties": { "id": 1361566, "area_km2": 0.2, "elevation": 6.8447403907775879, "volume_m3": 180000.0 }, "geometry": { "type": "Point", "coordinates": [ 27.852302118510547, 44.309969875258211 ] } },
{ "type": "Feature", "properties": { "id": 1361567, "area_km2": 0.17, "elevation": 96.270584106445312, "volume_m3": 360000.0 }, "geometry": { "type": "Point", "coordinates": [ 28.428970706847167, 44.307986973764997 ] } },
{ "type": "Feature", "properties": { "id": 1361587, "area_km2": 0.44, "elevation": 91.070327758789062, "volume_m3": 10400000.0 }, "geometry": { "type": "Point", "coordinates": [ 25.833870805518121, 44.30463084119588 ] } },
{ "type": "Feature", "properties": { "id": 1361599, "area_km2": 0.13, "elevation": 6.3390474319458008, "volume_m3": 130000.0 }, "geometry": { "type": "Point", "coordinates": [ 27.908050906157492, 44.288834130692059 ] } },
{ "type": "Feature", "properties": { "id": 1361603, "area_km2": 0.45, "elevation": 7.1175851821899414, "volume_m3": 560000.0 }, "geometry": { "type": "Point", "coordinates": [ 27.833459101790812, 44.286180438035423 ] } },
{ "type": "Feature", "properties": { "id": 1361605, "area_km2": 0.22, "elevation": 6.7097163200378418, "volume_m3": 290000.0 }, "geometry": { "type": "Point", "coordinates": [ 27.920865574296027, 44.286519484422911 ] } },
{ "type": "Feature", "properties": { "id": 1361608, "area_km2": 0.38, "elevation": 10.5, "volume_m3": 1420000.0 }, "geometry": { "type": "Point", "coordinates": [ 27.630316826104604, 44.292193563071351 ] } },
{ "type": "Feature", "properties": { "id": 1361621, "area_km2": 0.21, "elevation": 37.5, "volume_m3": 610000.0 }, "geometry": { "type": "Point", "coordinates": [ 26.380611879820592, 44.27042741014683 ] } },
{ "type": "Feature", "properties": { "id": 1361624, "area_km2": 0.94, "elevation": 6.0, "volume_m3": 4860000.0 }, "geometry": { "type": "Point", "coordinates": [ 28.091679538144056, 44.266506022440495 ] } },
{ "type": "Feature", "properties": { "id": 1361643, "area_km2": 0.22, "elevation": 98.5, "volume_m3": 560000.0 }, "geometry": { "type": "Point", "coordinates": [ 25.332025194176854, 44.259196232906262 ] } },
{ "type": "Feature", "properties": { "id": 1361644, "area_km2": 0.11, "elevation": 96.0, "volume_m3": 340000.0 }, "geometry": { "type": "Point", "coordinates": [ 25.347831612612442, 44.25811369650458 ] } },
{ "type": "Feature", "properties": { "id": 1361693, "area_km2": 0.47, "elevation": 25.5, "volume_m3": 1660000.0 }, "geometry": { "type": "Point", "coordinates": [ 26.578003516553498, 44.228741202350108 ] } },
{ "type": "Feature", "properties": { "id": 1361706, "area_km2": 0.76, "elevation": 1.0, "volume_m3": 2570000.0 }, "geometry": { "type": "Point", "coordinates": [ 28.636710291920593, 44.210153430577769 ] } },
{ "type": "Feature", "properties": { "id": 1361708, "area_km2": 0.4, "elevation": 142.0, "volume_m3": 2300000.0 }, "geometry": { "type": "Point", "coordinates": [ 23.296419459459457, 44.216150290329587 ] } },
{ "type": "Feature", "properties": { "id": 1361709, "area_km2": 0.16, "elevation": 11.932826042175293, "volume_m3": 370000.0 }, "geometry": { "type": "Point", "coordinates": [ 26.962022553804328, 44.216349734617701 ] } },
{ "type": "Feature", "properties": { "id": 1361725, "area_km2": 0.38, "elevation": 8.5, "volume_m3": 590000.0 }, "geometry": { "type": "Point", "coordinates": [ 27.855269056572769, 44.200550903124238 ] } },
{ "type": "Feature", "properties": { "id": 1361729, "area_km2": 0.17, "elevation": 23.0, "volume_m3": 340000.0 }, "geometry": { "type": "Point", "coordinates": [ 26.57627907065514, 44.200239789872917 ] } },
{ "type": "Feature", "properties": { "id": 1361730, "area_km2": 0.52, "elevation": 31.5, "volume_m3": 1550000.0 }, "geometry": { "type": "Point", "coordinates": [ 22.784653294111841, 44.197735012891584 ] } },
{ "type": "Feature", "properties": { "id": 1361733, "area_km2": 0.11, "elevation": 90.0, "volume_m3": 340000.0 }, "geometry": { "type": "Point", "coordinates": [ 25.099247755388934, 44.194582083477187 ] } },
{ "type": "Feature", "properties": { "id": 1361743, "area_km2": 0.21, "elevation": 21.5, "volume_m3": 460000.0 }, "geometry": { "type": "Point", "coordinates": [ 26.595072823453766, 44.190842369765534 ] } },
{ "type": "Feature", "properties": { "id": 1361755, "area_km2": 0.21, "elevation": 85.0, "volume_m3": 570000.0 }, "geometry": { "type": "Point", "coordinates": [ 25.444782051369096, 44.177958342776336 ] } },
{ "type": "Feature", "properties": { "id": 1361759, "area_km2": 0.2, "elevation": 20.5, "volume_m3": 410000.0 }, "geometry": { "type": "Point", "coordinates": [ 26.602863631269642, 44.174674641785671 ] } },
{ "type": "Feature", "properties": { "id": 1361776, "area_km2": 0.68, "elevation": 95.200782775878906, "volume_m3": 3110000.0 }, "geometry": { "type": "Point", "coordinates": [ 23.247861370693585, 44.168368101564482 ] } },
{ "type": "Feature", "properties": { "id": 1361788, "area_km2": 0.4, "elevation": 66.5, "volume_m3": 900000.0 }, "geometry": { "type": "Point", "coordinates": [ 23.891487186409158, 44.156716535006439 ] } },
{ "type": "Feature", "properties": { "id": 1361793, "area_km2": 0.25, "elevation": 9.4959659576416016, "volume_m3": 120000.0 }, "geometry": { "type": "Point", "coordinates": [ 27.349708192029151, 44.155169096900799 ] } },
{ "type": "Feature", "properties": { "id": 1361796, "area_km2": 0.22, "elevation": 9.2721586227416992, "volume_m3": 310000.0 }, "geometry": { "type": "Point", "coordinates": [ 27.246155796061764, 44.153858917838583 ] } },
{ "type": "Feature", "properties": { "id": 1361802, "area_km2": 0.56, "elevation": 67.0, "volume_m3": 1810000.0 }, "geometry": { "type": "Point", "coordinates": [ 23.905942008795563, 44.148536214815856 ] } },
{ "type": "Feature", "properties": { "id": 1361804, "area_km2": 0.52, "elevation": 55.5, "volume_m3": 950000.0 }, "geometry": { "type": "Point", "coordinates": [ 25.833565141033059, 44.150188772670404 ] } },
{ "type": "Feature", "properties": { "id": 1361812, "area_km2": 0.51, "elevation": 59.0, "volume_m3": 2450000.0 }, "geometry": { "type": "Point", "coordinates": [ 25.769690030453514, 44.140304079182258 ] } },
{ "type": "Feature", "properties": { "id": 1361824, "area_km2": 0.39, "elevation": 71.0, "volume_m3": 1600000.0 }, "geometry": { "type": "Point", "coordinates": [ 25.384663601963251, 44.13937650136063 ] } },
{ "type": "Feature", "properties": { "id": 1361825, "area_km2": 0.26, "elevation": 14.5, "volume_m3": 990000.0 }, "geometry": { "type": "Point", "coordinates": [ 26.707121168452652, 44.138213342845333 ] } },
{ "type": "Feature", "properties": { "id": 1361843, "area_km2": 0.39, "elevation": 113.5, "volume_m3": 1240000.0 }, "geometry": { "type": "Point", "coordinates": [ 24.259214799627571, 44.120832008337118 ] } },
{ "type": "Feature", "properties": { "id": 1361844, "area_km2": 0.22, "elevation": 103.73001861572266, "volume_m3": 870000.0 }, "geometry": { "type": "Point", "coordinates": [ 24.3248116422705, 44.119010386193622 ] } },
{ "type": "Feature", "properties": { "id": 1361845, "area_km2": 0.27, "elevation": 10.0, "volume_m3": 640000.0 }, "geometry": { "type": "Point", "coordinates": [ 27.626440941638268, 44.118957387256309 ] } },
{ "type": "Feature", "properties": { "id": 1361848, "area_km2": 0.59, "elevation": 14.5, "volume_m3": 3400000.0 }, "geometry": { "type": "Point", "coordinates": [ 26.47669530774083, 44.124276753131923 ] } },
{ "type": "Feature", "properties": { "id": 1361851, "area_km2": 0.45, "elevation": 65.5, "volume_m3": 1670000.0 }, "geometry": { "type": "Point", "coordinates": [ 25.659916578989193, 44.109456793273864 ] } },
{ "type": "Feature", "properties": { "id": 1361859, "area_km2": 0.47, "elevation": 62.5, "volume_m3": 1840000.0 }, "geometry": { "type": "Point", "coordinates": [ 25.705955508751469, 44.105444651437828 ] } },
{ "type": "Feature", "properties": { "id": 1361871, "area_km2": 0.95, "elevation": 10.5, "volume_m3": 4510000.0 }, "geometry": { "type": "Point", "coordinates": [ 27.645586207171871, 44.105082994647063 ] } },
{ "type": "Feature", "properties": { "id": 1361872, "area_km2": 0.62, "elevation": 9.9256086349487305, "volume_m3": 1650000.0 }, "geometry": { "type": "Point", "coordinates": [ 27.450928001382231, 44.104910333082266 ] } },
{ "type": "Feature", "properties": { "id": 1361901, "area_km2": 0.49, "elevation": 30.716207504272461, "volume_m3": 1520000.0 }, "geometry": { "type": "Point", "coordinates": [ 23.049702409675056, 44.082833663596446 ] } },
{ "type": "Feature", "properties": { "id": 1361906, "area_km2": 0.21, "elevation": 68.5, "volume_m3": 620000.0 }, "geometry": { "type": "Point", "coordinates": [ 25.659250320626203, 44.07061314064925 ] } },
{ "type": "Feature", "properties": { "id": 1361907, "area_km2": 0.15, "elevation": 59.27392578125, "volume_m3": 290000.0 }, "geometry": { "type": "Point", "coordinates": [ 24.54405686226335, 44.074012210235523 ] } },
{ "type": "Feature", "properties": { "id": 1361908, "area_km2": 0.88, "elevation": 30.989030838012695, "volume_m3": 3710000.0 }, "geometry": { "type": "Point", "coordinates": [ 23.075522005437779, 44.069310514373235 ] } },
{ "type": "Feature", "properties": { "id": 1361954, "area_km2": 0.16, "elevation": 55.0, "volume_m3": 240000.0 }, "geometry": { "type": "Point", "coordinates": [ 23.306718289183387, 44.036560016701202 ] } },
{ "type": "Feature", "properties": { "id": 1361956, "area_km2": 0.53, "elevation": 32.5, "volume_m3": 1950000.0 }, "geometry": { "type": "Point", "coordinates": [ 23.085978580562752, 44.037746805471379 ] } },
{ "type": "Feature", "properties": { "id": 1361972, "area_km2": 0.29, "elevation": 0.0, "volume_m3": 920000.0 }, "geometry": { "type": "Point", "coordinates": [ 28.637821517891531, 44.017239591615287 ] } },
{ "type": "Feature", "properties": { "id": 1361982, "area_km2": 0.2, "elevation": 59.5, "volume_m3": 490000.0 }, "geometry": { "type": "Point", "coordinates": [ 23.677132470591541, 44.016734216875406 ] } },
{ "type": "Feature", "properties": { "id": 1361983, "area_km2": 0.34, "elevation": 47.0, "volume_m3": 890000.0 }, "geometry": { "type": "Point", "coordinates": [ 25.412353639051247, 44.015726818050993 ] } },
{ "type": "Feature", "properties": { "id": 1361989, "area_km2": 0.2, "elevation": 79.0, "volume_m3": 690000.0 }, "geometry": { "type": "Point", "coordinates": [ 24.818028267343433, 44.011453389877389 ] } },
{ "type": "Feature", "properties": { "id": 1362005, "area_km2": 0.39, "elevation": 60.553287506103516, "volume_m3": 1830000.0 }, "geometry": { "type": "Point", "coordinates": [ 28.145129181847615, 44.002278191487662 ] } },
{ "type": "Feature", "properties": { "id": 1362058, "area_km2": 0.24, "elevation": 52.5, "volume_m3": 990000.0 }, "geometry": { "type": "Point", "coordinates": [ 25.254815842160937, 43.965267284431114 ] } },
{ "type": "Feature", "properties": { "id": 1362063, "area_km2": 0.32, "elevation": 39.5, "volume_m3": 1740000.0 }, "geometry": { "type": "Point", "coordinates": [ 25.91621591930469, 43.960076296677151 ] } },
{ "type": "Feature", "properties": { "id": 1362092, "area_km2": 0.18, "elevation": 60.0, "volume_m3": 660000.0 }, "geometry": { "type": "Point", "coordinates": [ 25.068542539556955, 43.940191092075167 ] } },
{ "type": "Feature", "properties": { "id": 1362139, "area_km2": 0.12, "elevation": 1.0, "volume_m3": 360000.0 }, "geometry": { "type": "Point", "coordinates": [ 28.581067489427937, 43.903541817033613 ] } },
{ "type": "Feature", "properties": { "id": 1362141, "area_km2": 0.83, "elevation": -0.5, "volume_m3": 2910000.0 }, "geometry": { "type": "Point", "coordinates": [ 28.600200292806829, 43.90123255133372 ] } },
{ "type": "Feature", "properties": { "id": 1362146, "area_km2": 0.24, "elevation": 46.304660797119141, "volume_m3": 850000.0 }, "geometry": { "type": "Point", "coordinates": [ 25.113022177044073, 43.89956327130303 ] } },
{ "type": "Feature", "properties": { "id": 1362155, "area_km2": 0.35, "elevation": 47.2451171875, "volume_m3": 1790000.0 }, "geometry": { "type": "Point", "coordinates": [ 25.115673600112565, 43.890494783161927 ] } },
{ "type": "Feature", "properties": { "id": 1362170, "area_km2": 0.22, "elevation": 13.0, "volume_m3": 470000.0 }, "geometry": { "type": "Point", "coordinates": [ 25.949629042227549, 43.877553496406861 ] } },
{ "type": "Feature", "properties": { "id": 1362174, "area_km2": 0.4, "elevation": 26.0, "volume_m3": 560000.0 }, "geometry": { "type": "Point", "coordinates": [ 23.454804869610669, 43.879746526166166 ] } },
{ "type": "Feature", "properties": { "id": 1362179, "area_km2": 0.19, "elevation": 39.0, "volume_m3": 650000.0 }, "geometry": { "type": "Point", "coordinates": [ 25.135610102926943, 43.873724490364268 ] } },
{ "type": "Feature", "properties": { "id": 1362184, "area_km2": 0.28, "elevation": 2.0, "volume_m3": 770000.0 }, "geometry": { "type": "Point", "coordinates": [ 28.603143446652343, 43.865372604578837 ] } },
{ "type": "Feature", "properties": { "id": 1362193, "area_km2": 0.15, "elevation": 17.216573715209961, "volume_m3": 240000.0 }, "geometry": { "type": "Point", "coordinates": [ 25.928781622651435, 43.863345144177899 ] } },
{ "type": "Feature", "properties": { "id": 1362232, "area_km2": 0.22, "elevation": 21.599800109863281, "volume_m3": 290000.0 }, "geometry": { "type": "Point", "coordinates": [ 25.834122069206177, 43.85057606442669 ] } },
{ "type": "Feature", "properties": { "id": 1362247, "area_km2": 0.53, "elevation": 2.0103759765625, "volume_m3": 1550000.0 }, "geometry": { "type": "Point", "coordinates": [ 28.583656794710816, 43.838748714307542 ] } },
{ "type": "Feature", "properties": { "id": 1362253, "area_km2": 0.18, "elevation": 29.174625396728516, "volume_m3": 440000.0 }, "geometry": { "type": "Point", "coordinates": [ 23.789813149229385, 43.837180977429007 ] } },
{ "type": "Feature", "properties": { "id": 1362269, "area_km2": 0.2, "elevation": 58.5, "volume_m3": 690000.0 }, "geometry": { "type": "Point", "coordinates": [ 25.298209401504579, 43.825580276223775 ] } },
{ "type": "Feature", "properties": { "id": 1362306, "area_km2": 0.17, "elevation": 56.424892425537109, "volume_m3": 670000.0 }, "geometry": { "type": "Point", "coordinates": [ 25.347033646927684, 43.808932518153007 ] } }
]
}
