{
"type": "FeatureCollection",
"name": "basins_engineered",
"crs": { "type": "name", "properties": { "name": "urn:ogc:def:crs:OGC:1.3:CRS84" } },
"features": [
{ "type": "Feature", "properties": { "rank": 1, "lake_id": 1360316 }, "geometry": { "type": "Polygon", "coordinates": [ [ [ 22.479873598172727, 44.94657409120682 ], [ 22.479873598172727, 44.946296313429045 ], [ 22.479595820394948, 44.946296313429045 ], [ 22.479595820394948, 44.94518520231793 ], [ 22.479040264839394, 44.94518520231793 ], [ 22.479040264839394, 44.944629646762372 ], [ 22.478762487061616, 44.944629646762372 ], [ 22.478762487061616, 44.944074091206822 ], [ 22.477929153728283, 44.944074091206822 ], [ 22.477929153728283, 44.94379631342904 ], [ 22.476540264839393, 44.94379631342904 ], [ 22.476540264839393, 44.94240742454015 ], [ 22.476262487061614, 44.94240742454015 ], [ 22.476262487061614, 44.942129646762375 ], [ 22.476540264839393, 44.942129646762375 ], [ 22.476540264839393, 44.941296313429042 ], [ 22.476262487061614, 44.941296313429042 ], [ 22.476262487061614, 44.94046298009571 ], [ 22.475984709283836, 44.94046298009571 ], [ 22.475984709283836, 44.939629646762377 ], [ 22.47570693150606, 44.939629646762377 ], [ 22.47570693150606, 44.938518535651262 ], [ 22.475984709283836, 44.938518535651262 ], [ 22.475984709283836, 44.938240757873487 ], [ 22.476540264839393, 44.938240757873487 ], [ 22.476540264839393, 44.937962980095712 ], [ 22.477095820394947, 44.937962980095712 ], [ 22.477095820394947, 44.93768520231793 ], [ 22.477373598172726, 44.93768520231793 ], [ 22.477373598172726, 44.937407424540154 ], [ 22.477929153728283, 44.937407424540154 ], [ 22.477929153728283, 44.937129646762372 ], [ 22.479040264839394, 44.937129646762372 ], [ 22.479040264839394, 44.936851868984597 ], [ 22.479595820394948, 44.936851868984597 ], [ 22.479595820394948, 44.936574091206822 ], [ 22.480151375950502, 44.936574091206822 ], [ 22.480151375950502, 44.93629631342904 ], [ 22.480984709283838, 44.93629631342904 ], [ 22.480984709283838, 44.936018535651264 ], [ 22.482929153728282, 44.936018535651264 ], [ 22.482929153728282, 44.935740757873489 ], [ 22.483206931506061, 44.935740757873489 ], [ 22.483206931506061, 44.935462980095707 ], [ 22.483762487061615, 44.935462980095707 ], [ 22.483762487061615, 44.934907424540157 ], [ 22.483206931506061, 44.934907424540157 ], [ 22.483206931506061, 44.934629646762374 ], [ 22.482373598172725, 44.934629646762374 ], [ 22.482373598172725, 44.934351868984599 ], [ 22.480706931506059, 44.934351868984599 ], [ 22.480706931506059, 44.934074091206817 ], [ 22.479318042617169, 44.934074091206817 ], [ 22.479318042617169, 44.933796313429042 ], [ 22.479040264839394, 44.933796313429042 ], [ 22.479040264839394, 44.934074091206817 ], [ 22.478762487061616, 44.934074091206817 ], [ 22.478762487061616, 44.933796313429042 ], [ 22.475429153728282, 44.933796313429042 ], [ 22.475429153728282, 44.933518535651267 ], [ 22.475151375950503, 44.933518535651267 ], [ 22.475151375950503, 44.933240757873484 ], [ 22.474873598172724, 44.933240757873484 ], [ 22.474873598172724, 44.932407424540152 ], [ 22.474595820394949, 44.932407424540152 ], [ 22.474595820394949, 44.932129646762377 ], [ 22.473762487061617, 44.932129646762377 ], [ 22.473762487061617, 44.931851868984594 ], [ 22.473206931506059, 44.931851868984594 ], [ 22.473206931506059, 44.931574091206819 ], [ 22.472651375950505, 44.931574091206819 ], [ 22.472651375950505, 44.931296313429044 ], [ 22.472095820394948, 44.931296313429044 ], [ 22.472095820394948, 44.931018535651262 ], [ 22.471818042617169, 44.931018535651262 ], [ 22.471818042617169, 44.930740757873487 ], [ 22.471262487061615, 44.930740757873487 ], [ 22.471262487061615, 44.930462980095712 ], [ 22.470984709283837, 44.930462980095712 ], [ 22.470984709283837, 44.930185202317929 ], [ 22.470429153728283, 44.930185202317929 ], [ 22.470429153728283, 44.929907424540154 ], [ 22.470151375950504, 44.929907424540154 ], [ 22.470151375950504, 44.929629646762379 ], [ 22.469873598172725, 44.929629646762379 ], [ 22.469873598172725, 44.929351868984597 ], [ 22.469595820394947, 44.929351868984597 ], [ 22.469595820394947, 44.929074091206822 ], [ 22.469318042617171, 44.929074091206822 ], [ 22.469318042617171, 44.928240757873489 ], [ 22.469040264839393, 44.928240757873489 ], [ 22.469040264839393, 44.927962980095707 ], [ 22.46820693150606, 44.927962980095707 ], [ 22.46820693150606, 44.927685202317932 ], [ 22.467651375950503, 44.927685202317932 ], [ 22.467651375950503, 44.927407424540156 ], [ 22.466540264839391, 44.927407424540156 ], [ 22.466540264839391, 44.927129646762374 ], [ 22.465706931506059, 44.927129646762374 ], [ 22.465706931506059, 44.926851868984599 ], [ 22.46542915372828, 44.926851868984599 ], [ 22.46542915372828, 44.926574091206817 ], [ 22.465151375950505, 44.926574091206817 ], [ 22.465151375950505, 44.926296313429042 ], [ 22.464595820394948, 44.926296313429042 ], [ 22.464595820394948, 44.926018535651266 ], [ 22.463762487061615, 44.926018535651266 ], [ 22.463762487061615, 44.925740757873484 ], [ 22.463484709283836, 44.925740757873484 ], [ 22.463484709283836, 44.925462980095709 ], [ 22.463206931506058, 44.925462980095709 ], [ 22.463206931506058, 44.923518535651262 ], [ 22.462929153728282, 44.923518535651262 ], [ 22.462929153728282, 44.922685202317929 ], [ 22.462651375950504, 44.922685202317929 ], [ 22.462651375950504, 44.921851868984596 ], [ 22.462929153728282, 44.921851868984596 ], [ 22.462929153728282, 44.921018535651264 ], [ 22.463206931506058, 44.921018535651264 ], [ 22.463206931506058, 44.920185202317931 ], [ 22.463484709283836, 44.920185202317931 ], [ 22.463484709283836, 44.919907424540156 ], [ 22.464040264839394, 44.919907424540156 ], [ 22.464040264839394, 44.919629646762374 ], [ 22.464318042617169, 44.919629646762374 ], [ 22.464318042617169, 44.919351868984599 ], [ 22.464873598172726, 44.919351868984599 ], [ 22.464873598172726, 44.919074091206824 ], [ 22.46542915372828, 44.919074091206824 ], [ 22.46542915372828, 44.918796313429041 ], [ 22.466262487061616, 44.918796313429041 ], [ 22.466262487061616, 44.918518535651266 ], [ 22.46820693150606, 44.918518535651266 ], [ 22.46820693150606, 44.918240757873484 ], [ 22.465984709283838, 44.918240757873484 ], [ 22.465984709283838, 44.917962980095709 ], [ 22.46542915372828, 44.917962980095709 ], [ 22.46542915372828, 44.917685202317934 ], [ 22.464318042617169, 44.917685202317934 ], [ 22.464318042617169, 44.917962980095709 ], [ 22.464040264839394, 44.917962980095709 ], [ 22.464040264839394, 44.917407424540151 ], [ 22.464318042617169, 44.917407424540151 ], [ 22.464318042617169, 44.916574091206819 ], [ 22.464040264839394, 44.916574091206819 ], [ 22.464040264839394, 44.916296313429044 ], [ 22.48681804261717, 44.916296313429044 ], [ 22.48681804261717, 44.916574091206819 ], [ 22.486262487061616, 44.916574091206819 ], [ 22.486262487061616, 44.916851868984601 ], [ 22.486540264839391, 44.916851868984601 ], [ 22.486540264839391, 44.917129646762376 ], [ 22.487373598172727, 44.917129646762376 ], [ 22.487373598172727, 44.918518535651266 ], [ 22.487651375950502, 44.918518535651266 ], [ 22.487651375950502, 44.919074091206824 ], [ 22.487929153728281, 44.919074091206824 ], [ 22.487929153728281, 44.919351868984599 ], [ 22.489040264839392, 44.919351868984599 ], [ 22.489040264839392, 44.919629646762374 ], [ 22.48820693150606, 44.919629646762374 ], [ 22.48820693150606, 44.920185202317931 ], [ 22.487651375950502, 44.920185202317931 ], [ 22.487651375950502, 44.919907424540156 ], [ 22.486262487061616, 44.919907424540156 ], [ 22.486262487061616, 44.919629646762374 ], [ 22.485706931506058, 44.919629646762374 ], [ 22.485706931506058, 44.919351868984599 ], [ 22.484595820394947, 44.919351868984599 ], [ 22.484595820394947, 44.919074091206824 ], [ 22.483762487061615, 44.919074091206824 ], [ 22.483762487061615, 44.918796313429041 ], [ 22.483484709283836, 44.918796313429041 ], [ 22.483484709283836, 44.918518535651266 ], [ 22.483206931506061, 44.918518535651266 ], [ 22.483206931506061, 44.918240757873484 ], [ 22.481818042617171, 44.918240757873484 ], [ 22.481818042617171, 44.918518535651266 ], [ 22.479040264839394, 44.918518535651266 ], [ 22.479040264839394, 44.918796313429041 ], [ 22.477651375950504, 44.918796313429041 ], [ 22.477651375950504, 44.919074091206824 ], [ 22.477373598172726, 44.919074091206824 ], [ 22.477373598172726, 44.919351868984599 ], [ 22.476818042617172, 44.919351868984599 ], [ 22.476818042617172, 44.919907424540156 ], [ 22.475984709283836, 44.919907424540156 ], [ 22.475984709283836, 44.919629646762374 ], [ 22.475429153728282, 44.919629646762374 ], [ 22.475429153728282, 44.919351868984599 ], [ 22.473206931506059, 44.919351868984599 ], [ 22.473206931506059, 44.919629646762374 ], [ 22.47292915372828, 44.919629646762374 ], [ 22.47292915372828, 44.919907424540156 ], [ 22.472651375950505, 44.919907424540156 ], [ 22.472651375950505, 44.920462980095706 ], [ 22.472373598172727, 44.920462980095706 ], [ 22.472373598172727, 44.920740757873489 ], [ 22.472095820394948, 44.920740757873489 ], [ 22.472095820394948, 44.921296313429039 ], [ 22.470984709283837, 44.921296313429039 ], [ 22.470984709283837, 44.921018535651264 ], [ 22.470151375950504, 44.921018535651264 ], [ 22.470151375950504, 44.920740757873489 ], [ 22.469040264839393, 44.920740757873489 ], [ 22.469040264839393, 44.920462980095706 ], [ 22.467929153728281, 44.920462980095706 ], [ 22.467929153728281, 44.920185202317931 ], [ 22.467095820394949, 44.920185202317931 ], [ 22.467095820394949, 44.920462980095706 ], [ 22.466262487061616, 44.920462980095706 ], [ 22.466262487061616, 44.921296313429039 ], [ 22.466540264839391, 44.921296313429039 ], [ 22.466540264839391, 44.921574091206821 ], [ 22.466262487061616, 44.921574091206821 ], [ 22.466262487061616, 44.921851868984596 ], [ 22.465984709283838, 44.921851868984596 ], [ 22.465984709283838, 44.922407424540154 ], [ 22.465706931506059, 44.922407424540154 ], [ 22.465706931506059, 44.922129646762379 ], [ 22.465151375950505, 44.922129646762379 ], [ 22.465151375950505, 44.922407424540154 ], [ 22.464873598172726, 44.922407424540154 ], [ 22.464873598172726, 44.922129646762379 ], [ 22.464318042617169, 44.922129646762379 ], [ 22.464318042617169, 44.921851868984596 ], [ 22.463484709283836, 44.921851868984596 ], [ 22.463484709283836, 44.922407424540154 ], [ 22.463762487061615, 44.922407424540154 ], [ 22.463762487061615, 44.923796313429044 ], [ 22.464040264839394, 44.923796313429044 ], [ 22.464040264839394, 44.924351868984601 ], [ 22.464318042617169, 44.924351868984601 ], [ 22.464318042617169, 44.924629646762376 ], [ 22.464873598172726, 44.924629646762376 ], [ 22.464873598172726, 44.924351868984601 ], [ 22.46542915372828, 44.924351868984601 ], [ 22.46542915372828, 44.924629646762376 ], [ 22.467651375950503, 44.924629646762376 ], [ 22.467651375950503, 44.924907424540152 ], [ 22.468762487061614, 44.924907424540152 ], [ 22.468762487061614, 44.925185202317934 ], [ 22.469318042617171, 44.925185202317934 ], [ 22.469318042617171, 44.925462980095709 ], [ 22.469595820394947, 44.925462980095709 ], [ 22.469595820394947, 44.925740757873484 ], [ 22.470151375950504, 44.925740757873484 ], [ 22.470151375950504, 44.926018535651266 ], [ 22.470706931506058, 44.926018535651266 ], [ 22.470706931506058, 44.926296313429042 ], [ 22.470984709283837, 44.926296313429042 ], [ 22.470984709283837, 44.926574091206817 ], [ 22.471540264839394, 44.926574091206817 ], [ 22.471540264839394, 44.926851868984599 ], [ 22.471818042617169, 44.926851868984599 ], [ 22.471818042617169, 44.927129646762374 ], [ 22.472373598172727, 44.927129646762374 ], [ 22.472373598172727, 44.927685202317932 ], [ 22.472651375950505, 44.927685202317932 ], [ 22.472651375950505, 44.927962980095707 ], [ 22.47292915372828, 44.927962980095707 ], [ 22.47292915372828, 44.928240757873489 ], [ 22.473206931506059, 44.928240757873489 ], [ 22.473206931506059, 44.928518535651264 ], [ 22.473484709283838, 44.928518535651264 ], [ 22.473484709283838, 44.929074091206822 ], [ 22.473762487061617, 44.929074091206822 ], [ 22.473762487061617, 44.930185202317929 ], [ 22.474040264839392, 44.930185202317929 ], [ 22.474040264839392, 44.930462980095712 ], [ 22.47570693150606, 44.930462980095712 ], [ 22.47570693150606, 44.930185202317929 ], [ 22.476540264839393, 44.930185202317929 ], [ 22.476540264839393, 44.929907424540154 ], [ 22.476818042617172, 44.929907424540154 ], [ 22.476818042617172, 44.929629646762379 ], [ 22.477095820394947, 44.929629646762379 ], [ 22.477095820394947, 44.929074091206822 ], [ 22.477373598172726, 44.929074091206822 ], [ 22.477373598172726, 44.928796313429039 ], [ 22.478206931506058, 44.928796313429039 ], [ 22.478206931506058, 44.929351868984597 ], [ 22.478484709283837, 44.929351868984597 ], [ 22.478484709283837, 44.929629646762379 ], [ 22.478762487061616, 44.929629646762379 ], [ 22.478762487061616, 44.929907424540154 ], [ 22.479318042617169, 44.929907424540154 ], [ 22.479318042617169, 44.930185202317929 ], [ 22.479595820394948, 44.930185202317929 ], [ 22.479595820394948, 44.930462980095712 ], [ 22.480151375950502, 44.930462980095712 ], [ 22.480151375950502, 44.930740757873487 ], [ 22.480706931506059, 44.930740757873487 ], [ 22.480706931506059, 44.931851868984594 ], [ 22.478762487061616, 44.931851868984594 ], [ 22.478762487061616, 44.932407424540152 ], [ 22.480984709283838, 44.932407424540152 ], [ 22.480984709283838, 44.932685202317934 ], [ 22.481262487061613, 44.932685202317934 ], [ 22.481262487061613, 44.932962980095709 ], [ 22.485429153728283, 44.932962980095709 ], [ 22.485429153728283, 44.932685202317934 ], [ 22.486540264839391, 44.932685202317934 ], [ 22.486540264839391, 44.932407424540152 ], [ 22.487651375950502, 44.932407424540152 ], [ 22.487651375950502, 44.932129646762377 ], [ 22.487929153728281, 44.932129646762377 ], [ 22.487929153728281, 44.931851868984594 ], [ 22.488762487061614, 44.931851868984594 ], [ 22.488762487061614, 44.931574091206819 ], [ 22.48959582039495, 44.931574091206819 ], [ 22.48959582039495, 44.934907424540157 ], [ 22.489318042617171, 44.934907424540157 ], [ 22.489318042617171, 44.935185202317932 ], [ 22.489040264839392, 44.935185202317932 ], [ 22.489040264839392, 44.935462980095707 ], [ 22.488762487061614, 44.935462980095707 ], [ 22.488762487061614, 44.936018535651264 ], [ 22.489040264839392, 44.936018535651264 ], [ 22.489040264839392, 44.93629631342904 ], [ 22.489318042617171, 44.93629631342904 ], [ 22.489318042617171, 44.936574091206822 ], [ 22.48959582039495, 44.936574091206822 ], [ 22.48959582039495, 44.939907424540152 ], [ 22.489040264839392, 44.939907424540152 ], [ 22.489040264839392, 44.939629646762377 ], [ 22.488762487061614, 44.939629646762377 ], [ 22.488762487061614, 44.939351868984595 ], [ 22.488484709283838, 44.939351868984595 ], [ 22.488484709283838, 44.93907409120682 ], [ 22.487651375950502, 44.93907409120682 ], [ 22.487651375950502, 44.938796313429044 ], [ 22.487373598172727, 44.938796313429044 ], [ 22.487373598172727, 44.938518535651262 ], [ 22.486262487061616, 44.938518535651262 ], [ 22.486262487061616, 44.938240757873487 ], [ 22.482929153728282, 44.938240757873487 ], [ 22.482929153728282, 44.937962980095712 ], [ 22.482373598172725, 44.937962980095712 ], [ 22.482373598172725, 44.93768520231793 ], [ 22.481262487061613, 44.93768520231793 ], [ 22.481262487061613, 44.937962980095712 ], [ 22.480984709283838, 44.937962980095712 ], [ 22.480984709283838, 44.938240757873487 ], [ 22.480706931506059, 44.938240757873487 ], [ 22.480706931506059, 44.938518535651262 ], [ 22.480151375950502, 44.938518535651262 ], [ 22.480151375950502, 44.938796313429044 ], [ 22.479040264839394, 44.938796313429044 ], [ 22.479040264839394, 44.938518535651262 ], [ 22.478206931506058, 44.938518535651262 ], [ 22.478206931506058, 44.938796313429044 ], [ 22.477651375950504, 44.938796313429044 ], [ 22.477651375950504, 44.93907409120682 ], [ 22.477373598172726, 44.93907409120682 ], [ 22.477373598172726, 44.939351868984595 ], [ 22.477651375950504, 44.939351868984595 ], [ 22.477651375950504, 44.939907424540152 ], [ 22.477929153728283, 44.939907424540152 ], [ 22.477929153728283, 44.940740757873485 ], [ 22.478206931506058, 44.940740757873485 ], [ 22.478206931506058, 44.941296313429042 ], [ 22.478484709283837, 44.941296313429042 ], [ 22.478484709283837, 44.942962980095707 ], [ 22.478762487061616, 44.942962980095707 ], [ 22.478762487061616, 44.94324075787349 ], [ 22.479040264839394, 44.94324075787349 ], [ 22.479040264839394, 44.943518535651265 ], [ 22.479595820394948, 44.943518535651265 ], [ 22.479595820394948, 44.94379631342904 ], [ 22.480151375950502, 44.94379631342904 ], [ 22.480151375950502, 44.944351868984597 ], [ 22.480706931506059, 44.944351868984597 ], [ 22.480706931506059, 44.944629646762372 ], [ 22.480984709283838, 44.944629646762372 ], [ 22.480984709283838, 44.94518520231793 ], [ 22.481262487061613, 44.94518520231793 ], [ 22.481262487061613, 44.945462980095712 ], [ 22.481540264839392, 44.945462980095712 ], [ 22.481540264839392, 44.945740757873487 ], [ 22.481818042617171, 44.945740757873487 ], [ 22.481818042617171, 44.946296313429045 ], [ 22.480984709283838, 44.946296313429045 ], [ 22.480984709283838, 44.94657409120682 ], [ 22.479873598172727, 44.94657409120682 ] ] ] } },
{ "type": "Feature", "properties": { "rank": 2, "lake_id": 1361871 }, "geometry": { "type": "Polygon", "coordinates": [ [ [ 27.650679509541987, 44.126582288566524 ], [ 27.650679509541987, 44.126026733010967 ], [ 27.650401731764212, 44.126026733010967 ], [ 27.650401731764212, 44.124360066344302 ], [ 27.650123953986434, 44.124360066344302 ], [ 27.650123953986434, 44.122971177455412 ], [ 27.650957287319766, 44.122971177455412 ], [ 27.650957287319766, 44.123248955233194 ], [ 27.651235065097545, 44.123248955233194 ], [ 27.651235065097545, 44.123804510788744 ], [ 27.65290173176421, 44.123804510788744 ], [ 27.65290173176421, 44.124082288566527 ], [ 27.654012842875321, 44.124082288566527 ], [ 27.654012842875321, 44.123248955233194 ], [ 27.653735065097546, 44.123248955233194 ], [ 27.653735065097546, 44.122971177455412 ], [ 27.653457287319767, 44.122971177455412 ], [ 27.653457287319767, 44.122693399677637 ], [ 27.653179509541989, 44.122693399677637 ], [ 27.653179509541989, 44.121304510788747 ], [ 27.653735065097546, 44.121304510788747 ], [ 27.653735065097546, 44.121582288566522 ], [ 27.6542906206531, 44.121582288566522 ], [ 27.6542906206531, 44.121860066344304 ], [ 27.654568398430879, 44.121860066344304 ], [ 27.654568398430879, 44.121582288566522 ], [ 27.655123953986433, 44.121582288566522 ], [ 27.655123953986433, 44.121026733010972 ], [ 27.655401731764211, 44.121026733010972 ], [ 27.655401731764211, 44.118248955233192 ], [ 27.65567950954199, 44.118248955233192 ], [ 27.65567950954199, 44.117693399677634 ], [ 27.656235065097544, 44.117693399677634 ], [ 27.656235065097544, 44.116304510788744 ], [ 27.655957287319765, 44.116304510788744 ], [ 27.655957287319765, 44.116026733010969 ], [ 27.655401731764211, 44.116026733010969 ], [ 27.655401731764211, 44.115748955233194 ], [ 27.653179509541989, 44.115748955233194 ], [ 27.653179509541989, 44.116026733010969 ], [ 27.65290173176421, 44.116026733010969 ], [ 27.65290173176421, 44.116582288566526 ], [ 27.652346176208656, 44.116582288566526 ], [ 27.652346176208656, 44.116304510788744 ], [ 27.651790620653099, 44.116304510788744 ], [ 27.651790620653099, 44.116026733010969 ], [ 27.651512842875324, 44.116026733010969 ], [ 27.651512842875324, 44.115471177455412 ], [ 27.651235065097545, 44.115471177455412 ], [ 27.651235065097545, 44.115193399677636 ], [ 27.650957287319766, 44.115193399677636 ], [ 27.650957287319766, 44.114637844122079 ], [ 27.651235065097545, 44.114637844122079 ], [ 27.651235065097545, 44.114360066344304 ], [ 27.651512842875324, 44.114360066344304 ], [ 27.651512842875324, 44.114082288566522 ], [ 27.652068398430877, 44.114082288566522 ], [ 27.652068398430877, 44.113804510788746 ], [ 27.652346176208656, 44.113804510788746 ], [ 27.652346176208656, 44.113526733010971 ], [ 27.653735065097546, 44.113526733010971 ], [ 27.653735065097546, 44.112693399677639 ], [ 27.655123953986433, 44.112693399677639 ], [ 27.655123953986433, 44.112415621899856 ], [ 27.655957287319765, 44.112415621899856 ], [ 27.655957287319765, 44.112693399677639 ], [ 27.656235065097544, 44.112693399677639 ], [ 27.656235065097544, 44.112971177455414 ], [ 27.65567950954199, 44.112971177455414 ], [ 27.65567950954199, 44.114360066344304 ], [ 27.655957287319765, 44.114360066344304 ], [ 27.655957287319765, 44.114637844122079 ], [ 27.657068398430876, 44.114637844122079 ], [ 27.657068398430876, 44.114915621899861 ], [ 27.657623953986434, 44.114915621899861 ], [ 27.657623953986434, 44.114637844122079 ], [ 27.657901731764213, 44.114637844122079 ], [ 27.657901731764213, 44.114360066344304 ], [ 27.658179509541988, 44.114360066344304 ], [ 27.658179509541988, 44.113804510788746 ], [ 27.659568398430878, 44.113804510788746 ], [ 27.659568398430878, 44.113248955233189 ], [ 27.659846176208656, 44.113248955233189 ], [ 27.659846176208656, 44.112971177455414 ], [ 27.660123953986435, 44.112971177455414 ], [ 27.660123953986435, 44.113526733010971 ], [ 27.66040173176421, 44.113526733010971 ], [ 27.66040173176421, 44.113804510788746 ], [ 27.660957287319768, 44.113804510788746 ], [ 27.660957287319768, 44.114360066344304 ], [ 27.661512842875322, 44.114360066344304 ], [ 27.661512842875322, 44.114637844122079 ], [ 27.6617906206531, 44.114637844122079 ], [ 27.6617906206531, 44.114915621899861 ], [ 27.662068398430879, 44.114915621899861 ], [ 27.662068398430879, 44.115748955233194 ], [ 27.662346176208654, 44.115748955233194 ], [ 27.662346176208654, 44.116304510788744 ], [ 27.662623953986433, 44.116304510788744 ], [ 27.662623953986433, 44.117415621899859 ], [ 27.662901731764212, 44.117415621899859 ], [ 27.662901731764212, 44.117693399677634 ], [ 27.66317950954199, 44.117693399677634 ], [ 27.66317950954199, 44.118248955233192 ], [ 27.663457287319765, 44.118248955233192 ], [ 27.663457287319765, 44.118526733010967 ], [ 27.664012842875323, 44.118526733010967 ], [ 27.664012842875323, 44.119082288566524 ], [ 27.664568398430877, 44.119082288566524 ], [ 27.664568398430877, 44.119360066344299 ], [ 27.664846176208655, 44.119360066344299 ], [ 27.664846176208655, 44.119637844122082 ], [ 27.665123953986434, 44.119637844122082 ], [ 27.665123953986434, 44.119915621899857 ], [ 27.665401731764213, 44.119915621899857 ], [ 27.665401731764213, 44.120193399677639 ], [ 27.665679509541988, 44.120193399677639 ], [ 27.665679509541988, 44.120471177455414 ], [ 27.666235065097545, 44.120471177455414 ], [ 27.666235065097545, 44.121026733010972 ], [ 27.666512842875321, 44.121026733010972 ], [ 27.666512842875321, 44.121304510788747 ], [ 27.667068398430878, 44.121304510788747 ], [ 27.667068398430878, 44.121582288566522 ], [ 27.667346176208657, 44.121582288566522 ], [ 27.667346176208657, 44.121860066344304 ], [ 27.667623953986432, 44.121860066344304 ], [ 27.667623953986432, 44.122415621899854 ], [ 27.667901731764211, 44.122415621899854 ], [ 27.667901731764211, 44.122693399677637 ], [ 27.668179509541989, 44.122693399677637 ], [ 27.668179509541989, 44.122971177455412 ], [ 27.668735065097543, 44.122971177455412 ], [ 27.668735065097543, 44.123248955233194 ], [ 27.669290620653101, 44.123248955233194 ], [ 27.669290620653101, 44.122971177455412 ], [ 27.670679509541991, 44.122971177455412 ], [ 27.670679509541991, 44.123248955233194 ], [ 27.670957287319766, 44.123248955233194 ], [ 27.670957287319766, 44.123526733010969 ], [ 27.671235065097544, 44.123526733010969 ], [ 27.671235065097544, 44.125471177455417 ], [ 27.672623953986434, 44.125471177455417 ], [ 27.672623953986434, 44.125748955233192 ], [ 27.67290173176421, 44.125748955233192 ], [ 27.67290173176421, 44.125471177455417 ], [ 27.673179509541988, 44.125471177455417 ], [ 27.673179509541988, 44.125193399677634 ], [ 27.673457287319767, 44.125193399677634 ], [ 27.673457287319767, 44.124915621899859 ], [ 27.674012842875321, 44.124915621899859 ], [ 27.674012842875321, 44.124637844122077 ], [ 27.6742906206531, 44.124637844122077 ], [ 27.6742906206531, 44.124082288566527 ], [ 27.674846176208657, 44.124082288566527 ], [ 27.674846176208657, 44.123804510788744 ], [ 27.675123953986432, 44.123804510788744 ], [ 27.675123953986432, 44.126582288566524 ], [ 27.654568398430879, 44.126582288566524 ], [ 27.654568398430879, 44.126026733010967 ], [ 27.654012842875321, 44.126026733010967 ], [ 27.654012842875321, 44.126304510788749 ], [ 27.653735065097546, 44.126304510788749 ], [ 27.653735065097546, 44.126582288566524 ], [ 27.650679509541987, 44.126582288566524 ] ] ] } },
{ "type": "Feature", "properties": { "rank": 3, "lake_id": 1354000 }, "geometry": { "type": "Polygon", "coordinates": [ [ [ 25.429469057582839, 46.477559902227533 ], [ 25.429469057582839, 46.477282124449751 ], [ 25.428913502027282, 46.477282124449751 ], [ 25.428913502027282, 46.477004346671976 ], [ 25.428635724249506, 46.477004346671976 ], [ 25.428635724249506, 46.476726568894193 ], [ 25.428357946471728, 46.476726568894193 ], [ 25.428357946471728, 46.476448791116418 ], [ 25.428080168693949, 46.476448791116418 ], [ 25.428080168693949, 46.476171013338643 ], [ 25.42780239091617, 46.476171013338643 ], [ 25.42780239091617, 46.475893235560861 ], [ 25.427524613138395, 46.475893235560861 ], [ 25.427524613138395, 46.476171013338643 ], [ 25.427246835360616, 46.476171013338643 ], [ 25.427246835360616, 46.475615457783086 ], [ 25.426413502027284, 46.475615457783086 ], [ 25.426413502027284, 46.475893235560861 ], [ 25.425302390916173, 46.475893235560861 ], [ 25.425302390916173, 46.476171013338643 ], [ 25.425580168693948, 46.476171013338643 ], [ 25.425580168693948, 46.476726568894193 ], [ 25.425302390916173, 46.476726568894193 ], [ 25.425302390916173, 46.476448791116418 ], [ 25.425024613138394, 46.476448791116418 ], [ 25.425024613138394, 46.476171013338643 ], [ 25.424746835360615, 46.476171013338643 ], [ 25.424746835360615, 46.475893235560861 ], [ 25.42446905758284, 46.475893235560861 ], [ 25.42446905758284, 46.475615457783086 ], [ 25.424191279805061, 46.475615457783086 ], [ 25.424191279805061, 46.475059902227528 ], [ 25.423913502027283, 46.475059902227528 ], [ 25.423913502027283, 46.474782124449753 ], [ 25.423635724249504, 46.474782124449753 ], [ 25.423635724249504, 46.474504346671978 ], [ 25.423357946471729, 46.474504346671978 ], [ 25.423357946471729, 46.474226568894196 ], [ 25.422802390916171, 46.474226568894196 ], [ 25.422802390916171, 46.47394879111642 ], [ 25.422524613138393, 46.47394879111642 ], [ 25.422524613138393, 46.473393235560863 ], [ 25.42308016869395, 46.473393235560863 ], [ 25.42308016869395, 46.473671013338638 ], [ 25.423357946471729, 46.473671013338638 ], [ 25.423357946471729, 46.47394879111642 ], [ 25.423913502027283, 46.47394879111642 ], [ 25.423913502027283, 46.474226568894196 ], [ 25.424191279805061, 46.474226568894196 ], [ 25.424191279805061, 46.474504346671978 ], [ 25.42446905758284, 46.474504346671978 ], [ 25.42446905758284, 46.474782124449753 ], [ 25.424746835360615, 46.474782124449753 ], [ 25.424746835360615, 46.475615457783086 ], [ 25.425580168693948, 46.475615457783086 ], [ 25.425580168693948, 46.475059902227528 ], [ 25.425024613138394, 46.475059902227528 ], [ 25.425024613138394, 46.474782124449753 ], [ 25.425302390916173, 46.474782124449753 ], [ 25.425302390916173, 46.474504346671978 ], [ 25.425024613138394, 46.474504346671978 ], [ 25.425024613138394, 46.47394879111642 ], [ 25.42446905758284, 46.47394879111642 ], [ 25.42446905758284, 46.47255990222753 ], [ 25.424191279805061, 46.47255990222753 ], [ 25.424191279805061, 46.471726568894198 ], [ 25.423913502027283, 46.471726568894198 ], [ 25.423913502027283, 46.471448791116416 ], [ 25.423635724249504, 46.471448791116416 ], [ 25.423635724249504, 46.470893235560865 ], [ 25.42308016869395, 46.470893235560865 ], [ 25.42308016869395, 46.469504346671975 ], [ 25.423357946471729, 46.469504346671975 ], [ 25.423357946471729, 46.4692265688942 ], [ 25.423913502027283, 46.4692265688942 ], [ 25.423913502027283, 46.468948791116418 ], [ 25.424191279805061, 46.468948791116418 ], [ 25.424191279805061, 46.4692265688942 ], [ 25.424746835360615, 46.4692265688942 ], [ 25.424746835360615, 46.468948791116418 ], [ 25.425302390916173, 46.468948791116418 ], [ 25.425302390916173, 46.468671013338643 ], [ 25.425024613138394, 46.468671013338643 ], [ 25.425024613138394, 46.468115457783085 ], [ 25.424746835360615, 46.468115457783085 ], [ 25.424746835360615, 46.46783768000531 ], [ 25.42446905758284, 46.46783768000531 ], [ 25.42446905758284, 46.466726568894195 ], [ 25.424746835360615, 46.466726568894195 ], [ 25.424746835360615, 46.46644879111642 ], [ 25.42446905758284, 46.46644879111642 ], [ 25.42446905758284, 46.466171013338638 ], [ 25.424191279805061, 46.466171013338638 ], [ 25.424191279805061, 46.465893235560863 ], [ 25.423913502027283, 46.465893235560863 ], [ 25.423913502027283, 46.465615457783088 ], [ 25.424746835360615, 46.465615457783088 ], [ 25.424746835360615, 46.465893235560863 ], [ 25.425857946471726, 46.465893235560863 ], [ 25.425857946471726, 46.466171013338638 ], [ 25.426413502027284, 46.466171013338638 ], [ 25.426413502027284, 46.467004346671978 ], [ 25.426969057582838, 46.467004346671978 ], [ 25.426969057582838, 46.467282124449753 ], [ 25.426691279805059, 46.467282124449753 ], [ 25.426691279805059, 46.467559902227528 ], [ 25.426413502027284, 46.467559902227528 ], [ 25.426413502027284, 46.468115457783085 ], [ 25.426691279805059, 46.468115457783085 ], [ 25.426691279805059, 46.46839323556086 ], [ 25.426413502027284, 46.46839323556086 ], [ 25.426413502027284, 46.468671013338643 ], [ 25.427524613138395, 46.468671013338643 ], [ 25.427524613138395, 46.468948791116418 ], [ 25.42780239091617, 46.468948791116418 ], [ 25.42780239091617, 46.4692265688942 ], [ 25.428357946471728, 46.4692265688942 ], [ 25.428357946471728, 46.468671013338643 ], [ 25.42780239091617, 46.468671013338643 ], [ 25.42780239091617, 46.46839323556086 ], [ 25.427246835360616, 46.46839323556086 ], [ 25.427246835360616, 46.46783768000531 ], [ 25.42780239091617, 46.46783768000531 ], [ 25.42780239091617, 46.468115457783085 ], [ 25.428080168693949, 46.468115457783085 ], [ 25.428080168693949, 46.46839323556086 ], [ 25.428635724249506, 46.46839323556086 ], [ 25.428635724249506, 46.468671013338643 ], [ 25.42919127980506, 46.468671013338643 ], [ 25.42919127980506, 46.468948791116418 ], [ 25.429746835360618, 46.468948791116418 ], [ 25.429746835360618, 46.4692265688942 ], [ 25.430302390916172, 46.4692265688942 ], [ 25.430302390916172, 46.469504346671975 ], [ 25.43058016869395, 46.469504346671975 ], [ 25.43058016869395, 46.46978212444975 ], [ 25.431135724249504, 46.46978212444975 ], [ 25.431135724249504, 46.470059902227533 ], [ 25.431413502027283, 46.470059902227533 ], [ 25.431413502027283, 46.470337680005308 ], [ 25.431691279805062, 46.470337680005308 ], [ 25.431691279805062, 46.470615457783083 ], [ 25.431413502027283, 46.470615457783083 ], [ 25.431413502027283, 46.47117101333864 ], [ 25.431135724249504, 46.47117101333864 ], [ 25.431135724249504, 46.471448791116416 ], [ 25.43058016869395, 46.471448791116416 ], [ 25.43058016869395, 46.471726568894198 ], [ 25.430302390916172, 46.471726568894198 ], [ 25.430302390916172, 46.472004346671973 ], [ 25.429469057582839, 46.472004346671973 ], [ 25.429469057582839, 46.472282124449755 ], [ 25.429746835360618, 46.472282124449755 ], [ 25.429746835360618, 46.47255990222753 ], [ 25.429469057582839, 46.47255990222753 ], [ 25.429469057582839, 46.472837680005306 ], [ 25.42919127980506, 46.472837680005306 ], [ 25.42919127980506, 46.473393235560863 ], [ 25.430024613138393, 46.473393235560863 ], [ 25.430024613138393, 46.473671013338638 ], [ 25.430857946471725, 46.473671013338638 ], [ 25.430857946471725, 46.474504346671978 ], [ 25.431135724249504, 46.474504346671978 ], [ 25.431135724249504, 46.476171013338643 ], [ 25.430857946471725, 46.476171013338643 ], [ 25.430857946471725, 46.477004346671976 ], [ 25.430024613138393, 46.477004346671976 ], [ 25.430024613138393, 46.477559902227533 ], [ 25.429469057582839, 46.477559902227533 ] ], [ [ 25.428913502027282, 46.472004346671973 ], [ 25.42919127980506, 46.472004346671973 ], [ 25.42919127980506, 46.471726568894198 ], [ 25.428913502027282, 46.471726568894198 ], [ 25.428913502027282, 46.472004346671973 ] ], [ [ 25.425857946471726, 46.467004346671978 ], [ 25.426135724249505, 46.467004346671978 ], [ 25.426135724249505, 46.466726568894195 ], [ 25.425857946471726, 46.466726568894195 ], [ 25.425857946471726, 46.467004346671978 ] ] ] } },
{ "type": "Feature", "properties": { "rank": 4, "lake_id": 1347931 }, "geometry": { "type": "Polygon", "coordinates": [ [ [ 26.740251773753464, 47.972710319979385 ], [ 26.740251773753464, 47.972154764423827 ], [ 26.740807329309018, 47.972154764423827 ], [ 26.740807329309018, 47.971876986646052 ], [ 26.741085107086796, 47.971876986646052 ], [ 26.741085107086796, 47.971599208868277 ], [ 26.74164066264235, 47.971599208868277 ], [ 26.74164066264235, 47.971321431090495 ], [ 26.741918440420129, 47.971321431090495 ], [ 26.741918440420129, 47.971043653312719 ], [ 26.742473995975686, 47.971043653312719 ], [ 26.742473995975686, 47.970765875534937 ], [ 26.74302955153124, 47.970765875534937 ], [ 26.74302955153124, 47.970488097757162 ], [ 26.743585107086794, 47.970488097757162 ], [ 26.743585107086794, 47.970210319979387 ], [ 26.743862884864573, 47.970210319979387 ], [ 26.743862884864573, 47.969932542201605 ], [ 26.74441844042013, 47.969932542201605 ], [ 26.74441844042013, 47.969654764423829 ], [ 26.744696218197905, 47.969654764423829 ], [ 26.744696218197905, 47.969376986646054 ], [ 26.745251773753463, 47.969376986646054 ], [ 26.745251773753463, 47.969099208868272 ], [ 26.745807329309017, 47.969099208868272 ], [ 26.745807329309017, 47.968821431090497 ], [ 26.746362884864574, 47.968821431090497 ], [ 26.746362884864574, 47.968543653312715 ], [ 26.746640662642353, 47.968543653312715 ], [ 26.746640662642353, 47.968265875534939 ], [ 26.747196218197907, 47.968265875534939 ], [ 26.747196218197907, 47.967988097757164 ], [ 26.747751773753464, 47.967988097757164 ], [ 26.747751773753464, 47.967710319979382 ], [ 26.748307329309018, 47.967710319979382 ], [ 26.748307329309018, 47.967432542201607 ], [ 26.74914066264235, 47.967432542201607 ], [ 26.74914066264235, 47.967154764423832 ], [ 26.749696218197908, 47.967154764423832 ], [ 26.749696218197908, 47.966876986646049 ], [ 26.750251773753462, 47.966876986646049 ], [ 26.750251773753462, 47.966599208868274 ], [ 26.751362884864573, 47.966599208868274 ], [ 26.751362884864573, 47.966321431090499 ], [ 26.752473995975684, 47.966321431090499 ], [ 26.752473995975684, 47.966043653312717 ], [ 26.753307329309017, 47.966043653312717 ], [ 26.753307329309017, 47.965765875534942 ], [ 26.753862884864574, 47.965765875534942 ], [ 26.753862884864574, 47.965488097757159 ], [ 26.754140662642353, 47.965488097757159 ], [ 26.754140662642353, 47.965210319979384 ], [ 26.754696218197907, 47.965210319979384 ], [ 26.754696218197907, 47.964932542201609 ], [ 26.755529551531239, 47.964932542201609 ], [ 26.755529551531239, 47.964654764423827 ], [ 26.755807329309018, 47.964654764423827 ], [ 26.755807329309018, 47.964376986646052 ], [ 26.756362884864572, 47.964376986646052 ], [ 26.756362884864572, 47.964099208868276 ], [ 26.756918440420129, 47.964099208868276 ], [ 26.756918440420129, 47.963821431090494 ], [ 26.757196218197908, 47.963821431090494 ], [ 26.757196218197908, 47.963543653312719 ], [ 26.757473995975683, 47.963543653312719 ], [ 26.757473995975683, 47.963265875534937 ], [ 26.758029551531241, 47.963265875534937 ], [ 26.758029551531241, 47.962988097757162 ], [ 26.758307329309019, 47.962988097757162 ], [ 26.758307329309019, 47.962710319979386 ], [ 26.758862884864573, 47.962710319979386 ], [ 26.758862884864573, 47.962432542201604 ], [ 26.760251773753463, 47.962432542201604 ], [ 26.760251773753463, 47.962710319979386 ], [ 26.760529551531238, 47.962710319979386 ], [ 26.760529551531238, 47.962988097757162 ], [ 26.760807329309017, 47.962988097757162 ], [ 26.760807329309017, 47.963821431090494 ], [ 26.760529551531238, 47.963821431090494 ], [ 26.760529551531238, 47.964376986646052 ], [ 26.760251773753463, 47.964376986646052 ], [ 26.760251773753463, 47.964654764423827 ], [ 26.759973995975685, 47.964654764423827 ], [ 26.759973995975685, 47.964932542201609 ], [ 26.759696218197906, 47.964932542201609 ], [ 26.759696218197906, 47.965210319979384 ], [ 26.759418440420131, 47.965210319979384 ], [ 26.759418440420131, 47.965488097757159 ], [ 26.759140662642352, 47.965488097757159 ], [ 26.759140662642352, 47.965765875534942 ], [ 26.758862884864573, 47.965765875534942 ], [ 26.758862884864573, 47.966043653312717 ], [ 26.758585107086795, 47.966043653312717 ], [ 26.758585107086795, 47.966321431090499 ], [ 26.758307329309019, 47.966321431090499 ], [ 26.758307329309019, 47.966599208868274 ], [ 26.758029551531241, 47.966599208868274 ], [ 26.758029551531241, 47.966876986646049 ], [ 26.757751773753462, 47.966876986646049 ], [ 26.757751773753462, 47.967154764423832 ], [ 26.757196218197908, 47.967154764423832 ], [ 26.757196218197908, 47.967432542201607 ], [ 26.756918440420129, 47.967432542201607 ], [ 26.756918440420129, 47.967710319979382 ], [ 26.756362884864572, 47.967710319979382 ], [ 26.756362884864572, 47.967988097757164 ], [ 26.755807329309018, 47.967988097757164 ], [ 26.755807329309018, 47.968265875534939 ], [ 26.754973995975686, 47.968265875534939 ], [ 26.754973995975686, 47.968543653312715 ], [ 26.753862884864574, 47.968543653312715 ], [ 26.753862884864574, 47.968821431090497 ], [ 26.753307329309017, 47.968821431090497 ], [ 26.753307329309017, 47.969099208868272 ], [ 26.752473995975684, 47.969099208868272 ], [ 26.752473995975684, 47.969376986646054 ], [ 26.75191844042013, 47.969376986646054 ], [ 26.75191844042013, 47.969654764423829 ], [ 26.751640662642352, 47.969654764423829 ], [ 26.751640662642352, 47.969932542201605 ], [ 26.751085107086794, 47.969932542201605 ], [ 26.751085107086794, 47.970210319979387 ], [ 26.75052955153124, 47.970210319979387 ], [ 26.75052955153124, 47.970488097757162 ], [ 26.749973995975683, 47.970488097757162 ], [ 26.749973995975683, 47.970765875534937 ], [ 26.74914066264235, 47.970765875534937 ], [ 26.74914066264235, 47.971043653312719 ], [ 26.748585107086797, 47.971043653312719 ], [ 26.748585107086797, 47.971321431090495 ], [ 26.748029551531239, 47.971321431090495 ], [ 26.748029551531239, 47.971599208868277 ], [ 26.746640662642353, 47.971599208868277 ], [ 26.746640662642353, 47.971876986646052 ], [ 26.746085107086795, 47.971876986646052 ], [ 26.746085107086795, 47.972154764423827 ], [ 26.745529551531241, 47.972154764423827 ], [ 26.745529551531241, 47.972432542201609 ], [ 26.745251773753463, 47.972432542201609 ], [ 26.745251773753463, 47.972710319979385 ], [ 26.740251773753464, 47.972710319979385 ] ] ] } },
{ "type": "Feature", "properties": { "rank": 5, "lake_id": 169290 }, "geometry": { "type": "Polygon", "coordinates": [ [ [ 27.807771116543659, 46.832532639857803 ], [ 27.807771116543659, 46.831421528746695 ], [ 27.808048894321434, 46.831421528746695 ], [ 27.808048894321434, 46.830588195413355 ], [ 27.807771116543659, 46.830588195413355 ], [ 27.807771116543659, 46.829477084302248 ], [ 27.80749333876588, 46.829477084302248 ], [ 27.80749333876588, 46.828365973191133 ], [ 27.807215560988102, 46.828365973191133 ], [ 27.807215560988102, 46.827810417635582 ], [ 27.806937783210323, 46.827810417635582 ], [ 27.806937783210323, 46.826699306524468 ], [ 27.806660005432548, 46.826699306524468 ], [ 27.806660005432548, 46.826143750968917 ], [ 27.806382227654769, 46.826143750968917 ], [ 27.806382227654769, 46.825032639857803 ], [ 27.80610444987699, 46.825032639857803 ], [ 27.80610444987699, 46.821977084302247 ], [ 27.805826672099212, 46.821977084302247 ], [ 27.805826672099212, 46.81947708430225 ], [ 27.805548894321436, 46.81947708430225 ], [ 27.805548894321436, 46.818921528746692 ], [ 27.805826672099212, 46.818921528746692 ], [ 27.805826672099212, 46.81808819541336 ], [ 27.80610444987699, 46.81808819541336 ], [ 27.80610444987699, 46.817532639857802 ], [ 27.806382227654769, 46.817532639857802 ], [ 27.806382227654769, 46.816977084302245 ], [ 27.806937783210323, 46.816977084302245 ], [ 27.806937783210323, 46.81669930652447 ], [ 27.807215560988102, 46.81669930652447 ], [ 27.807215560988102, 46.817254862080027 ], [ 27.807771116543659, 46.817254862080027 ], [ 27.807771116543659, 46.817532639857802 ], [ 27.808048894321434, 46.817532639857802 ], [ 27.808048894321434, 46.81808819541336 ], [ 27.808326672099213, 46.81808819541336 ], [ 27.808326672099213, 46.818643750968917 ], [ 27.808604449876992, 46.818643750968917 ], [ 27.808604449876992, 46.819199306524467 ], [ 27.808882227654767, 46.819199306524467 ], [ 27.808882227654767, 46.8200326398578 ], [ 27.809160005432545, 46.8200326398578 ], [ 27.809160005432545, 46.820310417635582 ], [ 27.809437783210324, 46.820310417635582 ], [ 27.809437783210324, 46.82086597319114 ], [ 27.809715560988103, 46.82086597319114 ], [ 27.809715560988103, 46.82142152874669 ], [ 27.809993338765878, 46.82142152874669 ], [ 27.809993338765878, 46.821977084302247 ], [ 27.810271116543657, 46.821977084302247 ], [ 27.810271116543657, 46.822532639857805 ], [ 27.810548894321435, 46.822532639857805 ], [ 27.810548894321435, 46.82419930652447 ], [ 27.811104449876989, 46.82419930652447 ], [ 27.811104449876989, 46.824477084302245 ], [ 27.810548894321435, 46.824477084302245 ], [ 27.810548894321435, 46.825865973191135 ], [ 27.810271116543657, 46.825865973191135 ], [ 27.810271116543657, 46.82697708430225 ], [ 27.809993338765878, 46.82697708430225 ], [ 27.809993338765878, 46.827254862080025 ], [ 27.809715560988103, 46.827254862080025 ], [ 27.809715560988103, 46.8275326398578 ], [ 27.809437783210324, 46.8275326398578 ], [ 27.809437783210324, 46.829477084302248 ], [ 27.809715560988103, 46.829477084302248 ], [ 27.809715560988103, 46.83169930652447 ], [ 27.809993338765878, 46.83169930652447 ], [ 27.809993338765878, 46.831977084302245 ], [ 27.810271116543657, 46.831977084302245 ], [ 27.810271116543657, 46.832532639857803 ], [ 27.807771116543659, 46.832532639857803 ] ] ] } },
{ "type": "Feature", "properties": { "rank": 6, "lake_id": 168774 }, "geometry": { "type": "Polygon", "coordinates": [ [ [ 26.873840787039263, 47.648583800882058 ], [ 26.873840787039263, 47.648306023104283 ], [ 26.873563009261488, 47.648306023104283 ], [ 26.873563009261488, 47.6480282453265 ], [ 26.87328523148371, 47.6480282453265 ], [ 26.87328523148371, 47.64747268977095 ], [ 26.873563009261488, 47.64747268977095 ], [ 26.873563009261488, 47.646361578659835 ], [ 26.873840787039263, 47.646361578659835 ], [ 26.873840787039263, 47.645806023104278 ], [ 26.872729675928152, 47.645806023104278 ], [ 26.872729675928152, 47.64608380088206 ], [ 26.872451898150377, 47.64608380088206 ], [ 26.872451898150377, 47.645806023104278 ], [ 26.872174120372598, 47.645806023104278 ], [ 26.872174120372598, 47.645528245326503 ], [ 26.87189634259482, 47.645528245326503 ], [ 26.87189634259482, 47.645250467548728 ], [ 26.872451898150377, 47.645250467548728 ], [ 26.872451898150377, 47.644972689770945 ], [ 26.872174120372598, 47.644972689770945 ], [ 26.872174120372598, 47.64469491199317 ], [ 26.87189634259482, 47.64469491199317 ], [ 26.87189634259482, 47.644417134215395 ], [ 26.872174120372598, 47.644417134215395 ], [ 26.872174120372598, 47.643583800882055 ], [ 26.872451898150377, 47.643583800882055 ], [ 26.872451898150377, 47.64330602310428 ], [ 26.87189634259482, 47.64330602310428 ], [ 26.87189634259482, 47.642750467548723 ], [ 26.872174120372598, 47.642750467548723 ], [ 26.872174120372598, 47.642472689770948 ], [ 26.872451898150377, 47.642472689770948 ], [ 26.872451898150377, 47.642194911993172 ], [ 26.872729675928152, 47.642194911993172 ], [ 26.872729675928152, 47.64136157865984 ], [ 26.87328523148371, 47.64136157865984 ], [ 26.87328523148371, 47.641083800882058 ], [ 26.873563009261488, 47.641083800882058 ], [ 26.873563009261488, 47.640806023104282 ], [ 26.87328523148371, 47.640806023104282 ], [ 26.87328523148371, 47.6405282453265 ], [ 26.873007453705931, 47.6405282453265 ], [ 26.873007453705931, 47.63997268977095 ], [ 26.872729675928152, 47.63997268977095 ], [ 26.872729675928152, 47.639694911993168 ], [ 26.873007453705931, 47.639694911993168 ], [ 26.873007453705931, 47.639139356437617 ], [ 26.87328523148371, 47.639139356437617 ], [ 26.87328523148371, 47.638861578659835 ], [ 26.873563009261488, 47.638861578659835 ], [ 26.873563009261488, 47.63858380088206 ], [ 26.873840787039263, 47.63858380088206 ], [ 26.873840787039263, 47.638306023104278 ], [ 26.874118564817042, 47.638306023104278 ], [ 26.874118564817042, 47.637750467548727 ], [ 26.874396342594821, 47.637750467548727 ], [ 26.874396342594821, 47.636639356437612 ], [ 26.874118564817042, 47.636639356437612 ], [ 26.874118564817042, 47.636917134215395 ], [ 26.873840787039263, 47.636917134215395 ], [ 26.873840787039263, 47.636361578659837 ], [ 26.874118564817042, 47.636361578659837 ], [ 26.874118564817042, 47.636083800882062 ], [ 26.873840787039263, 47.636083800882062 ], [ 26.873840787039263, 47.63580602310428 ], [ 26.874674120372596, 47.63580602310428 ], [ 26.874674120372596, 47.636083800882062 ], [ 26.874396342594821, 47.636083800882062 ], [ 26.874396342594821, 47.636361578659837 ], [ 26.875229675928153, 47.636361578659837 ], [ 26.875229675928153, 47.636083800882062 ], [ 26.875507453705932, 47.636083800882062 ], [ 26.875507453705932, 47.63580602310428 ], [ 26.876063009261486, 47.63580602310428 ], [ 26.876063009261486, 47.635528245326505 ], [ 26.876340787039265, 47.635528245326505 ], [ 26.876340787039265, 47.635250467548722 ], [ 26.876896342594819, 47.635250467548722 ], [ 26.876896342594819, 47.634972689770947 ], [ 26.876340787039265, 47.634972689770947 ], [ 26.876340787039265, 47.634139356437615 ], [ 26.876618564817043, 47.634139356437615 ], [ 26.876618564817043, 47.63386157865984 ], [ 26.876896342594819, 47.63386157865984 ], [ 26.876896342594819, 47.633583800882057 ], [ 26.876063009261486, 47.633583800882057 ], [ 26.876063009261486, 47.634139356437615 ], [ 26.875507453705932, 47.634139356437615 ], [ 26.875507453705932, 47.633583800882057 ], [ 26.875785231483707, 47.633583800882057 ], [ 26.875785231483707, 47.633306023104282 ], [ 26.878285231483709, 47.633306023104282 ], [ 26.878285231483709, 47.633583800882057 ], [ 26.87800745370593, 47.633583800882057 ], [ 26.87800745370593, 47.63386157865984 ], [ 26.878563009261487, 47.63386157865984 ], [ 26.878563009261487, 47.633583800882057 ], [ 26.87939634259482, 47.633583800882057 ], [ 26.87939634259482, 47.63386157865984 ], [ 26.879674120372599, 47.63386157865984 ], [ 26.879674120372599, 47.634139356437615 ], [ 26.878840787039266, 47.634139356437615 ], [ 26.878840787039266, 47.63441713421539 ], [ 26.878563009261487, 47.63441713421539 ], [ 26.878563009261487, 47.634139356437615 ], [ 26.878285231483709, 47.634139356437615 ], [ 26.878285231483709, 47.63441713421539 ], [ 26.877729675928155, 47.63441713421539 ], [ 26.877729675928155, 47.634694911993172 ], [ 26.877451898150376, 47.634694911993172 ], [ 26.877451898150376, 47.634972689770947 ], [ 26.877174120372597, 47.634972689770947 ], [ 26.877174120372597, 47.63580602310428 ], [ 26.876896342594819, 47.63580602310428 ], [ 26.876896342594819, 47.636361578659837 ], [ 26.876340787039265, 47.636361578659837 ], [ 26.876340787039265, 47.637750467548727 ], [ 26.876618564817043, 47.637750467548727 ], [ 26.876618564817043, 47.638306023104278 ], [ 26.876340787039265, 47.638306023104278 ], [ 26.876340787039265, 47.63858380088206 ], [ 26.876063009261486, 47.63858380088206 ], [ 26.876063009261486, 47.638861578659835 ], [ 26.876340787039265, 47.638861578659835 ], [ 26.876340787039265, 47.639139356437617 ], [ 26.875785231483707, 47.639139356437617 ], [ 26.875785231483707, 47.639694911993168 ], [ 26.875507453705932, 47.639694911993168 ], [ 26.875507453705932, 47.63997268977095 ], [ 26.875785231483707, 47.63997268977095 ], [ 26.875785231483707, 47.640250467548725 ], [ 26.876340787039265, 47.640250467548725 ], [ 26.876340787039265, 47.6405282453265 ], [ 26.876618564817043, 47.6405282453265 ], [ 26.876618564817043, 47.640806023104282 ], [ 26.876896342594819, 47.640806023104282 ], [ 26.876896342594819, 47.64136157865984 ], [ 26.877174120372597, 47.64136157865984 ], [ 26.877174120372597, 47.642472689770948 ], [ 26.876896342594819, 47.642472689770948 ], [ 26.876896342594819, 47.643028245326505 ], [ 26.877729675928155, 47.643028245326505 ], [ 26.877729675928155, 47.643583800882055 ], [ 26.877451898150376, 47.643583800882055 ], [ 26.877451898150376, 47.64469491199317 ], [ 26.877174120372597, 47.64469491199317 ], [ 26.877174120372597, 47.644972689770945 ], [ 26.877451898150376, 47.644972689770945 ], [ 26.877451898150376, 47.645250467548728 ], [ 26.877174120372597, 47.645250467548728 ], [ 26.877174120372597, 47.645528245326503 ], [ 26.876896342594819, 47.645528245326503 ], [ 26.876896342594819, 47.645806023104278 ], [ 26.876340787039265, 47.645806023104278 ], [ 26.876340787039265, 47.64608380088206 ], [ 26.876618564817043, 47.64608380088206 ], [ 26.876618564817043, 47.646361578659835 ], [ 26.876340787039265, 47.646361578659835 ], [ 26.876340787039265, 47.646917134215393 ], [ 26.876063009261486, 47.646917134215393 ], [ 26.876063009261486, 47.647194911993168 ], [ 26.875785231483707, 47.647194911993168 ], [ 26.875785231483707, 47.64747268977095 ], [ 26.875507453705932, 47.64747268977095 ], [ 26.875507453705932, 47.647750467548725 ], [ 26.875229675928153, 47.647750467548725 ], [ 26.875229675928153, 47.6480282453265 ], [ 26.874396342594821, 47.6480282453265 ], [ 26.874396342594821, 47.648306023104283 ], [ 26.874118564817042, 47.648306023104283 ], [ 26.874118564817042, 47.648583800882058 ], [ 26.873840787039263, 47.648583800882058 ] ], [ [ 26.874396342594821, 47.645250467548728 ], [ 26.874951898150375, 47.645250467548728 ], [ 26.874951898150375, 47.644972689770945 ], [ 26.874396342594821, 47.644972689770945 ], [ 26.874396342594821, 47.645250467548728 ] ], [ [ 26.876618564817043, 47.64330602310428 ], [ 26.876896342594819, 47.64330602310428 ], [ 26.876896342594819, 47.643028245326505 ], [ 26.876618564817043, 47.643028245326505 ], [ 26.876618564817043, 47.64330602310428 ] ], [ [ 26.875507453705932, 47.637750467548727 ], [ 26.876063009261486, 47.637750467548727 ], [ 26.876063009261486, 47.637472689770945 ], [ 26.875507453705932, 47.637472689770945 ], [ 26.875507453705932, 47.637750467548727 ] ] ] } },
{ "type": "Feature", "properties": { "rank": 7, "lake_id": 1350522 }, "geometry": { "type": "Polygon", "coordinates": [ [ [ 27.071088779007024, 47.348990837557466 ], [ 27.071088779007024, 47.343713059779688 ], [ 27.071366556784803, 47.343713059779688 ], [ 27.071366556784803, 47.343435282001913 ], [ 27.071922112340356, 47.343435282001913 ], [ 27.071922112340356, 47.343157504224131 ], [ 27.072477667895914, 47.343157504224131 ], [ 27.072477667895914, 47.342879726446355 ], [ 27.073033223451468, 47.342879726446355 ], [ 27.073033223451468, 47.34260194866858 ], [ 27.073588779007025, 47.34260194866858 ], [ 27.073588779007025, 47.342324170890798 ], [ 27.074144334562579, 47.342324170890798 ], [ 27.074144334562579, 47.342046393113023 ], [ 27.074699890118136, 47.342046393113023 ], [ 27.074699890118136, 47.341768615335248 ], [ 27.07525544567369, 47.341768615335248 ], [ 27.07525544567369, 47.341490837557465 ], [ 27.075811001229248, 47.341490837557465 ], [ 27.075811001229248, 47.34121305977969 ], [ 27.07664433456258, 47.34121305977969 ], [ 27.07664433456258, 47.340935282001908 ], [ 27.076922112340355, 47.340935282001908 ], [ 27.076922112340355, 47.340657504224133 ], [ 27.077755445673692, 47.340657504224133 ], [ 27.077755445673692, 47.340379726446358 ], [ 27.078311001229245, 47.340379726446358 ], [ 27.078311001229245, 47.340101948668575 ], [ 27.078866556784803, 47.340101948668575 ], [ 27.078866556784803, 47.3398241708908 ], [ 27.079699890118135, 47.3398241708908 ], [ 27.079699890118135, 47.339546393113025 ], [ 27.080255445673689, 47.339546393113025 ], [ 27.080255445673689, 47.339268615335243 ], [ 27.080811001229247, 47.339268615335243 ], [ 27.080811001229247, 47.338990837557468 ], [ 27.081088779007025, 47.338990837557468 ], [ 27.081088779007025, 47.338713059779693 ], [ 27.081366556784801, 47.338713059779693 ], [ 27.081366556784801, 47.33843528200191 ], [ 27.081922112340358, 47.33843528200191 ], [ 27.081922112340358, 47.338157504224135 ], [ 27.082199890118137, 47.338157504224135 ], [ 27.082199890118137, 47.337879726446353 ], [ 27.082755445673691, 47.337879726446353 ], [ 27.082755445673691, 47.337601948668578 ], [ 27.083033223451469, 47.337601948668578 ], [ 27.083033223451469, 47.337324170890803 ], [ 27.083588779007023, 47.337324170890803 ], [ 27.083588779007023, 47.33704639311302 ], [ 27.084144334562581, 47.33704639311302 ], [ 27.084144334562581, 47.336768615335245 ], [ 27.084977667895913, 47.336768615335245 ], [ 27.084977667895913, 47.337601948668578 ], [ 27.084699890118134, 47.337601948668578 ], [ 27.084699890118134, 47.338157504224135 ], [ 27.084422112340356, 47.338157504224135 ], [ 27.084422112340356, 47.33843528200191 ], [ 27.084144334562581, 47.33843528200191 ], [ 27.084144334562581, 47.338713059779693 ], [ 27.083866556784802, 47.338713059779693 ], [ 27.083866556784802, 47.338990837557468 ], [ 27.083588779007023, 47.338990837557468 ], [ 27.083588779007023, 47.339268615335243 ], [ 27.083311001229244, 47.339268615335243 ], [ 27.083311001229244, 47.339546393113025 ], [ 27.083033223451469, 47.339546393113025 ], [ 27.083033223451469, 47.3398241708908 ], [ 27.082755445673691, 47.3398241708908 ], [ 27.082755445673691, 47.340101948668575 ], [ 27.082477667895912, 47.340101948668575 ], [ 27.082477667895912, 47.340379726446358 ], [ 27.081922112340358, 47.340379726446358 ], [ 27.081922112340358, 47.340657504224133 ], [ 27.081644334562579, 47.340657504224133 ], [ 27.081644334562579, 47.340935282001908 ], [ 27.081366556784801, 47.340935282001908 ], [ 27.081366556784801, 47.34121305977969 ], [ 27.081088779007025, 47.34121305977969 ], [ 27.081088779007025, 47.341490837557465 ], [ 27.080811001229247, 47.341490837557465 ], [ 27.080811001229247, 47.341768615335248 ], [ 27.080533223451468, 47.341768615335248 ], [ 27.080533223451468, 47.342046393113023 ], [ 27.080255445673689, 47.342046393113023 ], [ 27.080255445673689, 47.342324170890798 ], [ 27.079977667895914, 47.342324170890798 ], [ 27.079977667895914, 47.34260194866858 ], [ 27.079699890118135, 47.34260194866858 ], [ 27.079699890118135, 47.342879726446355 ], [ 27.079422112340357, 47.342879726446355 ], [ 27.079422112340357, 47.343157504224131 ], [ 27.079144334562578, 47.343157504224131 ], [ 27.079144334562578, 47.343435282001913 ], [ 27.077755445673692, 47.343435282001913 ], [ 27.077755445673692, 47.343713059779688 ], [ 27.077477667895913, 47.343713059779688 ], [ 27.077477667895913, 47.344268615335245 ], [ 27.077199890118134, 47.344268615335245 ], [ 27.077199890118134, 47.344824170890803 ], [ 27.07664433456258, 47.344824170890803 ], [ 27.07664433456258, 47.345101948668578 ], [ 27.076366556784802, 47.345101948668578 ], [ 27.076366556784802, 47.345379726446353 ], [ 27.076088779007023, 47.345379726446353 ], [ 27.076088779007023, 47.345657504224135 ], [ 27.075811001229248, 47.345657504224135 ], [ 27.075811001229248, 47.345935282001911 ], [ 27.074977667895912, 47.345935282001911 ], [ 27.074977667895912, 47.346213059779686 ], [ 27.074699890118136, 47.346213059779686 ], [ 27.074699890118136, 47.346768615335243 ], [ 27.074422112340358, 47.346768615335243 ], [ 27.074422112340358, 47.347046393113025 ], [ 27.074144334562579, 47.347046393113025 ], [ 27.074144334562579, 47.347324170890801 ], [ 27.0738665567848, 47.347324170890801 ], [ 27.0738665567848, 47.347601948668576 ], [ 27.073311001229246, 47.347601948668576 ], [ 27.073311001229246, 47.347879726446358 ], [ 27.073033223451468, 47.347879726446358 ], [ 27.073033223451468, 47.348157504224133 ], [ 27.072755445673689, 47.348157504224133 ], [ 27.072755445673689, 47.348435282001908 ], [ 27.072199890118135, 47.348435282001908 ], [ 27.072199890118135, 47.348713059779691 ], [ 27.071644334562578, 47.348713059779691 ], [ 27.071644334562578, 47.348990837557466 ], [ 27.071088779007024, 47.348990837557466 ] ] ] } },
{ "type": "Feature", "properties": { "rank": 8, "lake_id": 1350449 }, "geometry": { "type": "Polygon", "coordinates": [ [ [ 27.059547459681035, 47.355551709953268 ], [ 27.059547459681035, 47.355273932175493 ], [ 27.059269681903256, 47.355273932175493 ], [ 27.059269681903256, 47.354718376619935 ], [ 27.059547459681035, 47.354718376619935 ], [ 27.059547459681035, 47.35444059884216 ], [ 27.05982523745881, 47.35444059884216 ], [ 27.05982523745881, 47.354162821064385 ], [ 27.060103015236589, 47.354162821064385 ], [ 27.060103015236589, 47.353885043286603 ], [ 27.060380793014367, 47.353885043286603 ], [ 27.060380793014367, 47.353607265508828 ], [ 27.060658570792146, 47.353607265508828 ], [ 27.060658570792146, 47.353329487731045 ], [ 27.060936348569921, 47.353329487731045 ], [ 27.060936348569921, 47.35305170995327 ], [ 27.0612141263477, 47.35305170995327 ], [ 27.0612141263477, 47.352773932175495 ], [ 27.061491904125479, 47.352773932175495 ], [ 27.061491904125479, 47.352496154397713 ], [ 27.062047459681033, 47.352496154397713 ], [ 27.062047459681033, 47.351940598842162 ], [ 27.06260301523659, 47.351940598842162 ], [ 27.06260301523659, 47.351385043286605 ], [ 27.062880793014365, 47.351385043286605 ], [ 27.062880793014365, 47.35110726550883 ], [ 27.063158570792144, 47.35110726550883 ], [ 27.063158570792144, 47.350829487731048 ], [ 27.063436348569923, 47.350829487731048 ], [ 27.063436348569923, 47.350551709953272 ], [ 27.063714126347701, 47.350551709953272 ], [ 27.063714126347701, 47.35027393217549 ], [ 27.063991904125476, 47.35027393217549 ], [ 27.063991904125476, 47.349996154397715 ], [ 27.064269681903255, 47.349996154397715 ], [ 27.064269681903255, 47.34971837661994 ], [ 27.064547459681034, 47.34971837661994 ], [ 27.064547459681034, 47.349440598842158 ], [ 27.064825237458813, 47.349440598842158 ], [ 27.064825237458813, 47.349162821064382 ], [ 27.065103015236588, 47.349162821064382 ], [ 27.065103015236588, 47.348885043286607 ], [ 27.065380793014366, 47.348885043286607 ], [ 27.065380793014366, 47.348607265508825 ], [ 27.065658570792145, 47.348607265508825 ], [ 27.065658570792145, 47.34832948773105 ], [ 27.065936348569924, 47.34832948773105 ], [ 27.065936348569924, 47.348051709953268 ], [ 27.066491904125478, 47.348051709953268 ], [ 27.066491904125478, 47.347773932175492 ], [ 27.066769681903256, 47.347773932175492 ], [ 27.066769681903256, 47.347496154397717 ], [ 27.06732523745881, 47.347496154397717 ], [ 27.06732523745881, 47.347218376619935 ], [ 27.067603015236589, 47.347218376619935 ], [ 27.067603015236589, 47.34694059884216 ], [ 27.068158570792143, 47.34694059884216 ], [ 27.068158570792143, 47.346662821064385 ], [ 27.068436348569922, 47.346662821064385 ], [ 27.068436348569922, 47.346385043286602 ], [ 27.068991904125479, 47.346385043286602 ], [ 27.068991904125479, 47.346107265508827 ], [ 27.069269681903254, 47.346107265508827 ], [ 27.069269681903254, 47.345829487731052 ], [ 27.069825237458812, 47.345829487731052 ], [ 27.069825237458812, 47.34555170995327 ], [ 27.07010301523659, 47.34555170995327 ], [ 27.07010301523659, 47.345273932175495 ], [ 27.070380793014365, 47.345273932175495 ], [ 27.070380793014365, 47.344996154397712 ], [ 27.070936348569923, 47.344996154397712 ], [ 27.070936348569923, 47.344718376619937 ], [ 27.071214126347702, 47.344718376619937 ], [ 27.071214126347702, 47.344440598842162 ], [ 27.071769681903255, 47.344440598842162 ], [ 27.071769681903255, 47.34416282106438 ], [ 27.072325237458813, 47.34416282106438 ], [ 27.072325237458813, 47.343885043286605 ], [ 27.072880793014367, 47.343885043286605 ], [ 27.072880793014367, 47.34360726550883 ], [ 27.073714126347699, 47.34360726550883 ], [ 27.073714126347699, 47.343329487731047 ], [ 27.074547459681032, 47.343329487731047 ], [ 27.074547459681032, 47.343051709953272 ], [ 27.075658570792143, 47.343051709953272 ], [ 27.075658570792143, 47.34277393217549 ], [ 27.077880793014366, 47.34277393217549 ], [ 27.077880793014366, 47.342496154397715 ], [ 27.078436348569923, 47.342496154397715 ], [ 27.078436348569923, 47.34221837661994 ], [ 27.078714126347702, 47.34221837661994 ], [ 27.078714126347702, 47.343051709953272 ], [ 27.077880793014366, 47.343051709953272 ], [ 27.077880793014366, 47.343329487731047 ], [ 27.077603015236591, 47.343329487731047 ], [ 27.077603015236591, 47.34360726550883 ], [ 27.077325237458812, 47.34360726550883 ], [ 27.077325237458812, 47.343885043286605 ], [ 27.077047459681033, 47.343885043286605 ], [ 27.077047459681033, 47.34416282106438 ], [ 27.076214126347701, 47.34416282106438 ], [ 27.076214126347701, 47.344718376619937 ], [ 27.075936348569922, 47.344718376619937 ], [ 27.075936348569922, 47.344996154397712 ], [ 27.075658570792143, 47.344996154397712 ], [ 27.075658570792143, 47.345273932175495 ], [ 27.075380793014368, 47.345273932175495 ], [ 27.075380793014368, 47.34555170995327 ], [ 27.075103015236589, 47.34555170995327 ], [ 27.075103015236589, 47.345829487731052 ], [ 27.074825237458811, 47.345829487731052 ], [ 27.074825237458811, 47.346107265508827 ], [ 27.074269681903257, 47.346107265508827 ], [ 27.074269681903257, 47.346385043286602 ], [ 27.073991904125478, 47.346385043286602 ], [ 27.073991904125478, 47.346662821064385 ], [ 27.073714126347699, 47.346662821064385 ], [ 27.073714126347699, 47.34694059884216 ], [ 27.073158570792145, 47.34694059884216 ], [ 27.073158570792145, 47.347218376619935 ], [ 27.072880793014367, 47.347218376619935 ], [ 27.072880793014367, 47.347496154397717 ], [ 27.072603015236588, 47.347496154397717 ], [ 27.072603015236588, 47.347773932175492 ], [ 27.072325237458813, 47.347773932175492 ], [ 27.072325237458813, 47.348051709953268 ], [ 27.072047459681034, 47.348051709953268 ], [ 27.072047459681034, 47.34832948773105 ], [ 27.071491904125477, 47.34832948773105 ], [ 27.071491904125477, 47.348607265508825 ], [ 27.071214126347702, 47.348607265508825 ], [ 27.071214126347702, 47.348885043286607 ], [ 27.070936348569923, 47.348885043286607 ], [ 27.070936348569923, 47.349162821064382 ], [ 27.070658570792144, 47.349162821064382 ], [ 27.070658570792144, 47.349440598842158 ], [ 27.070380793014365, 47.349440598842158 ], [ 27.070380793014365, 47.34971837661994 ], [ 27.07010301523659, 47.34971837661994 ], [ 27.07010301523659, 47.35027393217549 ], [ 27.069825237458812, 47.35027393217549 ], [ 27.069825237458812, 47.350551709953272 ], [ 27.069547459681033, 47.350551709953272 ], [ 27.069547459681033, 47.350829487731048 ], [ 27.069269681903254, 47.350829487731048 ], [ 27.069269681903254, 47.35110726550883 ], [ 27.0687141263477, 47.35110726550883 ], [ 27.0687141263477, 47.351385043286605 ], [ 27.068158570792143, 47.351385043286605 ], [ 27.068158570792143, 47.35166282106438 ], [ 27.067603015236589, 47.35166282106438 ], [ 27.067603015236589, 47.351940598842162 ], [ 27.06732523745881, 47.351940598842162 ], [ 27.06732523745881, 47.352218376619938 ], [ 27.066769681903256, 47.352218376619938 ], [ 27.066769681903256, 47.352496154397713 ], [ 27.066214126347699, 47.352496154397713 ], [ 27.066214126347699, 47.352773932175495 ], [ 27.065658570792145, 47.352773932175495 ], [ 27.065658570792145, 47.35305170995327 ], [ 27.065380793014366, 47.35305170995327 ], [ 27.065380793014366, 47.353607265508828 ], [ 27.065103015236588, 47.353607265508828 ], [ 27.065103015236588, 47.353885043286603 ], [ 27.063991904125476, 47.353885043286603 ], [ 27.063991904125476, 47.354162821064385 ], [ 27.063436348569923, 47.354162821064385 ], [ 27.063436348569923, 47.35444059884216 ], [ 27.062880793014365, 47.35444059884216 ], [ 27.062880793014365, 47.354718376619935 ], [ 27.06260301523659, 47.354718376619935 ], [ 27.06260301523659, 47.354996154397718 ], [ 27.062325237458811, 47.354996154397718 ], [ 27.062325237458811, 47.355273932175493 ], [ 27.0612141263477, 47.355273932175493 ], [ 27.0612141263477, 47.355551709953268 ], [ 27.059547459681035, 47.355551709953268 ] ] ] } },
{ "type": "Feature", "properties": { "rank": 9, "lake_id": 1348079 }, "geometry": { "type": "Polygon", "coordinates": [ [ [ 27.104064113484824, 47.917338751511465 ], [ 27.104064113484824, 47.91706097373369 ], [ 27.103786335707046, 47.91706097373369 ], [ 27.103786335707046, 47.916783195955915 ], [ 27.10350855792927, 47.916783195955915 ], [ 27.10350855792927, 47.916505418178133 ], [ 27.102953002373713, 47.916505418178133 ], [ 27.102953002373713, 47.916227640400358 ], [ 27.102397446818159, 47.916227640400358 ], [ 27.102397446818159, 47.915949862622583 ], [ 27.102119669040381, 47.915949862622583 ], [ 27.102119669040381, 47.9156720848448 ], [ 27.101841891262602, 47.9156720848448 ], [ 27.101841891262602, 47.91428319595591 ], [ 27.102119669040381, 47.91428319595591 ], [ 27.102119669040381, 47.91372764040036 ], [ 27.102397446818159, 47.91372764040036 ], [ 27.102397446818159, 47.91289430706702 ], [ 27.102675224595934, 47.91289430706702 ], [ 27.102675224595934, 47.912616529289245 ], [ 27.102953002373713, 47.912616529289245 ], [ 27.102953002373713, 47.912060973733688 ], [ 27.103230780151492, 47.912060973733688 ], [ 27.103230780151492, 47.911505418178137 ], [ 27.10350855792927, 47.911505418178137 ], [ 27.10350855792927, 47.911227640400355 ], [ 27.103786335707046, 47.911227640400355 ], [ 27.103786335707046, 47.910672084844805 ], [ 27.104064113484824, 47.910672084844805 ], [ 27.104064113484824, 47.910394307067023 ], [ 27.104341891262603, 47.910394307067023 ], [ 27.104341891262603, 47.910116529289247 ], [ 27.104619669040382, 47.910116529289247 ], [ 27.104619669040382, 47.909838751511465 ], [ 27.104897446818157, 47.909838751511465 ], [ 27.104897446818157, 47.909283195955915 ], [ 27.105175224595936, 47.909283195955915 ], [ 27.105175224595936, 47.909005418178133 ], [ 27.105453002373714, 47.909005418178133 ], [ 27.105453002373714, 47.908727640400357 ], [ 27.105730780151493, 47.908727640400357 ], [ 27.105730780151493, 47.908449862622582 ], [ 27.106564113484826, 47.908449862622582 ], [ 27.106564113484826, 47.9081720848448 ], [ 27.106841891262601, 47.9081720848448 ], [ 27.106841891262601, 47.907894307067025 ], [ 27.107397446818158, 47.907894307067025 ], [ 27.107397446818158, 47.907616529289243 ], [ 27.109064113484823, 47.907616529289243 ], [ 27.109064113484823, 47.909005418178133 ], [ 27.108786335707048, 47.909005418178133 ], [ 27.108786335707048, 47.90956097373369 ], [ 27.10850855792927, 47.90956097373369 ], [ 27.10850855792927, 47.910116529289247 ], [ 27.108230780151491, 47.910116529289247 ], [ 27.108230780151491, 47.910672084844805 ], [ 27.107953002373712, 47.910672084844805 ], [ 27.107953002373712, 47.91094986262258 ], [ 27.107675224595937, 47.91094986262258 ], [ 27.107675224595937, 47.911505418178137 ], [ 27.107397446818158, 47.911505418178137 ], [ 27.107397446818158, 47.911783195955913 ], [ 27.10711966904038, 47.911783195955913 ], [ 27.10711966904038, 47.913172084844803 ], [ 27.106841891262601, 47.913172084844803 ], [ 27.106841891262601, 47.91428319595591 ], [ 27.10711966904038, 47.91428319595591 ], [ 27.10711966904038, 47.914560973733693 ], [ 27.107397446818158, 47.914560973733693 ], [ 27.107397446818158, 47.914838751511468 ], [ 27.107675224595937, 47.914838751511468 ], [ 27.107675224595937, 47.915116529289243 ], [ 27.107397446818158, 47.915116529289243 ], [ 27.107397446818158, 47.9156720848448 ], [ 27.10711966904038, 47.9156720848448 ], [ 27.10711966904038, 47.915949862622583 ], [ 27.106841891262601, 47.915949862622583 ], [ 27.106841891262601, 47.916227640400358 ], [ 27.106564113484826, 47.916227640400358 ], [ 27.106564113484826, 47.916505418178133 ], [ 27.106286335707047, 47.916505418178133 ], [ 27.106286335707047, 47.916783195955915 ], [ 27.105730780151493, 47.916783195955915 ], [ 27.105730780151493, 47.91706097373369 ], [ 27.105175224595936, 47.91706097373369 ], [ 27.105175224595936, 47.917338751511465 ], [ 27.104064113484824, 47.917338751511465 ] ] ] } },
{ "type": "Feature", "properties": { "rank": 10, "lake_id": 1349368 }, "geometry": { "type": "Polygon", "coordinates": [ [ [ 26.948090098455662, 47.654761915031386 ], [ 26.948090098455662, 47.654484137253611 ], [ 26.948367876233437, 47.654484137253611 ], [ 26.948367876233437, 47.653928581698054 ], [ 26.948645654011216, 47.653928581698054 ], [ 26.948645654011216, 47.653650803920279 ], [ 26.948923431788995, 47.653650803920279 ], [ 26.948923431788995, 47.653373026142496 ], [ 26.949201209566773, 47.653373026142496 ], [ 26.949201209566773, 47.653095248364721 ], [ 26.949478987344548, 47.653095248364721 ], [ 26.949478987344548, 47.652817470586939 ], [ 26.949756765122327, 47.652817470586939 ], [ 26.949756765122327, 47.652261915031389 ], [ 26.950034542900106, 47.652261915031389 ], [ 26.950034542900106, 47.651984137253606 ], [ 26.950312320677885, 47.651984137253606 ], [ 26.950312320677885, 47.651706359475831 ], [ 26.950867876233438, 47.651706359475831 ], [ 26.950867876233438, 47.651150803920274 ], [ 26.951423431788992, 47.651150803920274 ], [ 26.951423431788992, 47.650873026142499 ], [ 26.951701209566771, 47.650873026142499 ], [ 26.951701209566771, 47.650595248364716 ], [ 26.95197898734455, 47.650595248364716 ], [ 26.95197898734455, 47.650317470586941 ], [ 26.952256765122328, 47.650317470586941 ], [ 26.952256765122328, 47.650039692809166 ], [ 26.952812320677882, 47.650039692809166 ], [ 26.952812320677882, 47.649484137253609 ], [ 26.95336787623344, 47.649484137253609 ], [ 26.95336787623344, 47.649206359475833 ], [ 26.953645654011215, 47.649206359475833 ], [ 26.953645654011215, 47.648928581698051 ], [ 26.953923431788994, 47.648928581698051 ], [ 26.953923431788994, 47.648650803920276 ], [ 26.954201209566772, 47.648650803920276 ], [ 26.954201209566772, 47.648373026142501 ], [ 26.954756765122326, 47.648373026142501 ], [ 26.954756765122326, 47.648095248364719 ], [ 26.955034542900105, 47.648095248364719 ], [ 26.955034542900105, 47.647817470586944 ], [ 26.955312320677884, 47.647817470586944 ], [ 26.955312320677884, 47.647539692809161 ], [ 26.955590098455662, 47.647539692809161 ], [ 26.955590098455662, 47.647261915031386 ], [ 26.956145654011216, 47.647261915031386 ], [ 26.956145654011216, 47.646984137253611 ], [ 26.956423431788995, 47.646984137253611 ], [ 26.956423431788995, 47.646706359475829 ], [ 26.95670120956677, 47.646706359475829 ], [ 26.95670120956677, 47.646428581698054 ], [ 26.956978987344549, 47.646428581698054 ], [ 26.956978987344549, 47.646150803920278 ], [ 26.957534542900106, 47.646150803920278 ], [ 26.957534542900106, 47.645873026142496 ], [ 26.957812320677881, 47.645873026142496 ], [ 26.957812320677881, 47.645595248364721 ], [ 26.958367876233439, 47.645595248364721 ], [ 26.958367876233439, 47.645317470586939 ], [ 26.958645654011217, 47.645317470586939 ], [ 26.958645654011217, 47.645039692809164 ], [ 26.959201209566771, 47.645039692809164 ], [ 26.959201209566771, 47.644761915031388 ], [ 26.95947898734455, 47.644761915031388 ], [ 26.95947898734455, 47.645039692809164 ], [ 26.959756765122329, 47.645039692809164 ], [ 26.959756765122329, 47.645317470586939 ], [ 26.95947898734455, 47.645317470586939 ], [ 26.95947898734455, 47.645873026142496 ], [ 26.959201209566771, 47.645873026142496 ], [ 26.959201209566771, 47.646150803920278 ], [ 26.958923431788993, 47.646150803920278 ], [ 26.958923431788993, 47.646706359475829 ], [ 26.958645654011217, 47.646706359475829 ], [ 26.958645654011217, 47.647261915031386 ], [ 26.958367876233439, 47.647261915031386 ], [ 26.958367876233439, 47.647817470586944 ], [ 26.95809009845566, 47.647817470586944 ], [ 26.95809009845566, 47.648095248364719 ], [ 26.957812320677881, 47.648095248364719 ], [ 26.957812320677881, 47.648650803920276 ], [ 26.957534542900106, 47.648650803920276 ], [ 26.957534542900106, 47.649484137253609 ], [ 26.957256765122327, 47.649484137253609 ], [ 26.957256765122327, 47.650317470586941 ], [ 26.956978987344549, 47.650317470586941 ], [ 26.956978987344549, 47.651150803920274 ], [ 26.95670120956677, 47.651150803920274 ], [ 26.95670120956677, 47.651428581698056 ], [ 26.956423431788995, 47.651428581698056 ], [ 26.956423431788995, 47.651706359475831 ], [ 26.956145654011216, 47.651706359475831 ], [ 26.956145654011216, 47.651984137253606 ], [ 26.955867876233437, 47.651984137253606 ], [ 26.955867876233437, 47.652539692809164 ], [ 26.955590098455662, 47.652539692809164 ], [ 26.955590098455662, 47.652817470586939 ], [ 26.955312320677884, 47.652817470586939 ], [ 26.955312320677884, 47.653095248364721 ], [ 26.955034542900105, 47.653095248364721 ], [ 26.955034542900105, 47.653373026142496 ], [ 26.954756765122326, 47.653373026142496 ], [ 26.954756765122326, 47.653928581698054 ], [ 26.954478987344551, 47.653928581698054 ], [ 26.954478987344551, 47.654206359475829 ], [ 26.954201209566772, 47.654206359475829 ], [ 26.954201209566772, 47.654761915031386 ], [ 26.948090098455662, 47.654761915031386 ] ] ] } },
{ "type": "Feature", "properties": { "rank": 11, "lake_id": 1352819 }, "geometry": { "type": "Polygon", "coordinates": [ [ [ 27.725532231317661, 46.729259120977467 ], [ 27.725532231317661, 46.728981343199692 ], [ 27.725810009095436, 46.728981343199692 ], [ 27.725810009095436, 46.728425787644134 ], [ 27.726087786873215, 46.728425787644134 ], [ 27.726087786873215, 46.72731467653302 ], [ 27.726365564650994, 46.72731467653302 ], [ 27.726365564650994, 46.726481343199687 ], [ 27.726643342428773, 46.726481343199687 ], [ 27.726643342428773, 46.725648009866354 ], [ 27.726921120206548, 46.725648009866354 ], [ 27.726921120206548, 46.725092454310797 ], [ 27.727198897984326, 46.725092454310797 ], [ 27.727198897984326, 46.724814676533022 ], [ 27.727476675762105, 46.724814676533022 ], [ 27.727476675762105, 46.724536898755247 ], [ 27.727754453539884, 46.724536898755247 ], [ 27.727754453539884, 46.723981343199689 ], [ 27.728032231317659, 46.723981343199689 ], [ 27.728032231317659, 46.723703565421914 ], [ 27.728310009095438, 46.723703565421914 ], [ 27.728310009095438, 46.723425787644132 ], [ 27.728865564650992, 46.723425787644132 ], [ 27.728865564650992, 46.723148009866357 ], [ 27.729421120206549, 46.723148009866357 ], [ 27.729421120206549, 46.722870232088582 ], [ 27.729698897984328, 46.722870232088582 ], [ 27.729698897984328, 46.722592454310799 ], [ 27.730254453539882, 46.722592454310799 ], [ 27.730254453539882, 46.722314676533024 ], [ 27.73053223131766, 46.722314676533024 ], [ 27.73053223131766, 46.722036898755242 ], [ 27.730810009095439, 46.722036898755242 ], [ 27.730810009095439, 46.721759120977467 ], [ 27.731365564650993, 46.721759120977467 ], [ 27.731365564650993, 46.721481343199692 ], [ 27.731643342428772, 46.721481343199692 ], [ 27.731643342428772, 46.721203565421909 ], [ 27.73192112020655, 46.721203565421909 ], [ 27.73192112020655, 46.720925787644134 ], [ 27.732198897984325, 46.720925787644134 ], [ 27.732198897984325, 46.720648009866359 ], [ 27.732754453539883, 46.720648009866359 ], [ 27.732754453539883, 46.720370232088577 ], [ 27.733032231317662, 46.720370232088577 ], [ 27.733032231317662, 46.720092454310802 ], [ 27.733587786873215, 46.720092454310802 ], [ 27.733587786873215, 46.719814676533019 ], [ 27.734143342428769, 46.719814676533019 ], [ 27.734143342428769, 46.720092454310802 ], [ 27.734421120206548, 46.720092454310802 ], [ 27.734421120206548, 46.720370232088577 ], [ 27.734143342428769, 46.720370232088577 ], [ 27.734143342428769, 46.720925787644134 ], [ 27.733865564650994, 46.720925787644134 ], [ 27.733865564650994, 46.721203565421909 ], [ 27.733587786873215, 46.721203565421909 ], [ 27.733587786873215, 46.722036898755242 ], [ 27.733310009095437, 46.722036898755242 ], [ 27.733310009095437, 46.722314676533024 ], [ 27.733032231317662, 46.722314676533024 ], [ 27.733032231317662, 46.722870232088582 ], [ 27.732754453539883, 46.722870232088582 ], [ 27.732754453539883, 46.723425787644132 ], [ 27.732476675762104, 46.723425787644132 ], [ 27.732476675762104, 46.723703565421914 ], [ 27.732198897984325, 46.723703565421914 ], [ 27.732198897984325, 46.723981343199689 ], [ 27.73192112020655, 46.723981343199689 ], [ 27.73192112020655, 46.724536898755247 ], [ 27.731643342428772, 46.724536898755247 ], [ 27.731643342428772, 46.724814676533022 ], [ 27.731365564650993, 46.724814676533022 ], [ 27.731365564650993, 46.725370232088579 ], [ 27.731087786873214, 46.725370232088579 ], [ 27.731087786873214, 46.725648009866354 ], [ 27.730810009095439, 46.725648009866354 ], [ 27.730810009095439, 46.725925787644137 ], [ 27.73053223131766, 46.725925787644137 ], [ 27.73053223131766, 46.726203565421912 ], [ 27.730254453539882, 46.726203565421912 ], [ 27.730254453539882, 46.726481343199687 ], [ 27.729421120206549, 46.726481343199687 ], [ 27.729421120206549, 46.726759120977469 ], [ 27.72914334242877, 46.726759120977469 ], [ 27.72914334242877, 46.727036898755244 ], [ 27.728587786873216, 46.727036898755244 ], [ 27.728587786873216, 46.72731467653302 ], [ 27.728310009095438, 46.72731467653302 ], [ 27.728310009095438, 46.727592454310802 ], [ 27.728032231317659, 46.727592454310802 ], [ 27.728032231317659, 46.727870232088577 ], [ 27.727754453539884, 46.727870232088577 ], [ 27.727754453539884, 46.728148009866359 ], [ 27.727476675762105, 46.728148009866359 ], [ 27.727476675762105, 46.728425787644134 ], [ 27.726921120206548, 46.728425787644134 ], [ 27.726921120206548, 46.72870356542191 ], [ 27.726365564650994, 46.72870356542191 ], [ 27.726365564650994, 46.728981343199692 ], [ 27.726087786873215, 46.728981343199692 ], [ 27.726087786873215, 46.729259120977467 ], [ 27.725532231317661, 46.729259120977467 ] ] ] } },
{ "type": "Feature", "properties": { "rank": 12, "lake_id": 168592 }, "geometry": { "type": "Polygon", "coordinates": [ [ [ 26.729793727207898, 48.030394239250214 ], [ 26.729793727207898, 48.029838683694656 ], [ 26.730071504985677, 48.029838683694656 ], [ 26.730071504985677, 48.029560905916881 ], [ 26.730349282763456, 48.029560905916881 ], [ 26.730349282763456, 48.029283128139106 ], [ 26.730627060541231, 48.029283128139106 ], [ 26.730627060541231, 48.029005350361324 ], [ 26.73090483831901, 48.029005350361324 ], [ 26.73090483831901, 48.028449794805766 ], [ 26.731182616096788, 48.028449794805766 ], [ 26.731182616096788, 48.028172017027991 ], [ 26.731460393874567, 48.028172017027991 ], [ 26.731460393874567, 48.027894239250216 ], [ 26.731738171652342, 48.027894239250216 ], [ 26.731738171652342, 48.027616461472434 ], [ 26.732015949430121, 48.027616461472434 ], [ 26.732015949430121, 48.027060905916883 ], [ 26.7322937272079, 48.027060905916883 ], [ 26.7322937272079, 48.026783128139101 ], [ 26.732571504985678, 48.026783128139101 ], [ 26.732571504985678, 48.026505350361326 ], [ 26.732849282763453, 48.026505350361326 ], [ 26.732849282763453, 48.026227572583544 ], [ 26.733127060541232, 48.026227572583544 ], [ 26.733127060541232, 48.025949794805769 ], [ 26.73368261609679, 48.025949794805769 ], [ 26.73368261609679, 48.025672017027993 ], [ 26.733960393874565, 48.025672017027993 ], [ 26.733960393874565, 48.025394239250211 ], [ 26.734515949430122, 48.025394239250211 ], [ 26.734515949430122, 48.025116461472436 ], [ 26.735071504985676, 48.025116461472436 ], [ 26.735071504985676, 48.024838683694661 ], [ 26.735627060541233, 48.024838683694661 ], [ 26.735627060541233, 48.024560905916879 ], [ 26.737571504985677, 48.024560905916879 ], [ 26.737571504985677, 48.025394239250211 ], [ 26.737849282763456, 48.025394239250211 ], [ 26.737849282763456, 48.027060905916883 ], [ 26.737571504985677, 48.027060905916883 ], [ 26.737571504985677, 48.027616461472434 ], [ 26.737293727207899, 48.027616461472434 ], [ 26.737293727207899, 48.028172017027991 ], [ 26.73701594943012, 48.028172017027991 ], [ 26.73701594943012, 48.028727572583549 ], [ 26.736738171652345, 48.028727572583549 ], [ 26.736738171652345, 48.029005350361324 ], [ 26.736460393874566, 48.029005350361324 ], [ 26.736460393874566, 48.029283128139106 ], [ 26.736182616096787, 48.029283128139106 ], [ 26.736182616096787, 48.029560905916881 ], [ 26.735904838319009, 48.029560905916881 ], [ 26.735904838319009, 48.030116461472439 ], [ 26.735627060541233, 48.030116461472439 ], [ 26.735627060541233, 48.030394239250214 ], [ 26.729793727207898, 48.030394239250214 ] ] ] } },
{ "type": "Feature", "properties": { "rank": 13, "lake_id": 1354652 }, "geometry": { "type": "Polygon", "coordinates": [ [ [ 27.412292074482551, 46.314997103833377 ], [ 27.412292074482551, 46.31388599272227 ], [ 27.412569852260329, 46.31388599272227 ], [ 27.412569852260329, 46.313330437166712 ], [ 27.412847630038108, 46.313330437166712 ], [ 27.412847630038108, 46.312774881611162 ], [ 27.413125407815887, 46.312774881611162 ], [ 27.413125407815887, 46.311941548277822 ], [ 27.413403185593662, 46.311941548277822 ], [ 27.413403185593662, 46.311385992722272 ], [ 27.413680963371441, 46.311385992722272 ], [ 27.413680963371441, 46.31110821494449 ], [ 27.413958741149219, 46.31110821494449 ], [ 27.413958741149219, 46.310552659388939 ], [ 27.414236518926995, 46.310552659388939 ], [ 27.414236518926995, 46.309997103833382 ], [ 27.414514296704773, 46.309997103833382 ], [ 27.414514296704773, 46.3097193260556 ], [ 27.414792074482552, 46.3097193260556 ], [ 27.414792074482552, 46.309163770500049 ], [ 27.415069852260331, 46.309163770500049 ], [ 27.415069852260331, 46.308885992722267 ], [ 27.415347630038106, 46.308885992722267 ], [ 27.415347630038106, 46.308608214944492 ], [ 27.415625407815885, 46.308608214944492 ], [ 27.415625407815885, 46.308052659388935 ], [ 27.415903185593663, 46.308052659388935 ], [ 27.415903185593663, 46.307774881611159 ], [ 27.416180963371442, 46.307774881611159 ], [ 27.416180963371442, 46.307497103833384 ], [ 27.416458741149217, 46.307497103833384 ], [ 27.416458741149217, 46.307219326055602 ], [ 27.416736518926996, 46.307219326055602 ], [ 27.416736518926996, 46.306941548277827 ], [ 27.417014296704775, 46.306941548277827 ], [ 27.417014296704775, 46.306663770500045 ], [ 27.417569852260328, 46.306663770500045 ], [ 27.417569852260328, 46.306941548277827 ], [ 27.417847630038107, 46.306941548277827 ], [ 27.417847630038107, 46.308330437166717 ], [ 27.417569852260328, 46.308330437166717 ], [ 27.417569852260328, 46.309163770500049 ], [ 27.417292074482553, 46.309163770500049 ], [ 27.417292074482553, 46.310274881611157 ], [ 27.417014296704775, 46.310274881611157 ], [ 27.417014296704775, 46.310552659388939 ], [ 27.416736518926996, 46.310552659388939 ], [ 27.416736518926996, 46.31110821494449 ], [ 27.416458741149217, 46.31110821494449 ], [ 27.416458741149217, 46.311663770500047 ], [ 27.416180963371442, 46.311663770500047 ], [ 27.416180963371442, 46.312219326055605 ], [ 27.415903185593663, 46.312219326055605 ], [ 27.415903185593663, 46.31249710383338 ], [ 27.415625407815885, 46.31249710383338 ], [ 27.415625407815885, 46.312774881611162 ], [ 27.415347630038106, 46.312774881611162 ], [ 27.415347630038106, 46.313330437166712 ], [ 27.415069852260331, 46.313330437166712 ], [ 27.415069852260331, 46.313608214944495 ], [ 27.414792074482552, 46.313608214944495 ], [ 27.414792074482552, 46.31388599272227 ], [ 27.414514296704773, 46.31388599272227 ], [ 27.414514296704773, 46.314163770500045 ], [ 27.413958741149219, 46.314163770500045 ], [ 27.413958741149219, 46.314441548277827 ], [ 27.413680963371441, 46.314441548277827 ], [ 27.413680963371441, 46.314719326055602 ], [ 27.413125407815887, 46.314719326055602 ], [ 27.413125407815887, 46.314997103833377 ], [ 27.412292074482551, 46.314997103833377 ] ] ] } },
{ "type": "Feature", "properties": { "rank": 14, "lake_id": 170205 }, "geometry": { "type": "Polygon", "coordinates": [ [ [ 27.247165167566038, 45.98475947362499 ], [ 27.247165167566038, 45.984203918069433 ], [ 27.246887389788263, 45.984203918069433 ], [ 27.246887389788263, 45.9833705847361 ], [ 27.246609612010484, 45.9833705847361 ], [ 27.246609612010484, 45.982537251402768 ], [ 27.246887389788263, 45.982537251402768 ], [ 27.246887389788263, 45.980870584736103 ], [ 27.247165167566038, 45.980870584736103 ], [ 27.247165167566038, 45.980592806958327 ], [ 27.247720723121596, 45.980592806958327 ], [ 27.247720723121596, 45.980315029180545 ], [ 27.247998500899374, 45.980315029180545 ], [ 27.247998500899374, 45.978926140291655 ], [ 27.247720723121596, 45.978926140291655 ], [ 27.247720723121596, 45.97864836251388 ], [ 27.247442945343817, 45.97864836251388 ], [ 27.247442945343817, 45.978370584736105 ], [ 27.247720723121596, 45.978370584736105 ], [ 27.247720723121596, 45.977537251402765 ], [ 27.247998500899374, 45.977537251402765 ], [ 27.247998500899374, 45.97725947362499 ], [ 27.24827627867715, 45.97725947362499 ], [ 27.24827627867715, 45.976703918069433 ], [ 27.248831834232707, 45.976703918069433 ], [ 27.248831834232707, 45.976426140291657 ], [ 27.249109612010486, 45.976426140291657 ], [ 27.249109612010486, 45.98003725140277 ], [ 27.248831834232707, 45.98003725140277 ], [ 27.248831834232707, 45.980870584736103 ], [ 27.249109612010486, 45.980870584736103 ], [ 27.249109612010486, 45.981148362513878 ], [ 27.248831834232707, 45.981148362513878 ], [ 27.248831834232707, 45.981703918069435 ], [ 27.248554056454928, 45.981703918069435 ], [ 27.248554056454928, 45.982815029180543 ], [ 27.24827627867715, 45.982815029180543 ], [ 27.24827627867715, 45.983648362513883 ], [ 27.247998500899374, 45.983648362513883 ], [ 27.247998500899374, 45.984203918069433 ], [ 27.247720723121596, 45.984203918069433 ], [ 27.247720723121596, 45.984481695847215 ], [ 27.247442945343817, 45.984481695847215 ], [ 27.247442945343817, 45.98475947362499 ], [ 27.247165167566038, 45.98475947362499 ] ] ] } },
{ "type": "Feature", "properties": { "rank": 15, "lake_id": 1349710 }, "geometry": { "type": "Polygon", "coordinates": [ [ [ 27.31475488506377, 47.532267204744954 ], [ 27.31475488506377, 47.531433871411622 ], [ 27.315032662841549, 47.531433871411622 ], [ 27.315032662841549, 47.530600538078289 ], [ 27.315310440619328, 47.530600538078289 ], [ 27.315310440619328, 47.529767204744957 ], [ 27.315588218397107, 47.529767204744957 ], [ 27.315588218397107, 47.529211649189399 ], [ 27.315865996174882, 47.529211649189399 ], [ 27.315865996174882, 47.528656093633842 ], [ 27.31614377395266, 47.528656093633842 ], [ 27.31614377395266, 47.528378315856067 ], [ 27.316421551730439, 47.528378315856067 ], [ 27.316421551730439, 47.528100538078291 ], [ 27.316699329508218, 47.528100538078291 ], [ 27.316699329508218, 47.527267204744959 ], [ 27.316977107285993, 47.527267204744959 ], [ 27.316977107285993, 47.526989426967177 ], [ 27.317254885063772, 47.526989426967177 ], [ 27.317254885063772, 47.526433871411626 ], [ 27.31753266284155, 47.526433871411626 ], [ 27.31753266284155, 47.526156093633844 ], [ 27.318088218397104, 47.526156093633844 ], [ 27.318088218397104, 47.525878315856069 ], [ 27.318921551730437, 47.525878315856069 ], [ 27.318921551730437, 47.526156093633844 ], [ 27.319199329508216, 47.526156093633844 ], [ 27.319199329508216, 47.526433871411626 ], [ 27.319477107285994, 47.526433871411626 ], [ 27.319477107285994, 47.526711649189401 ], [ 27.319754885063773, 47.526711649189401 ], [ 27.319754885063773, 47.526989426967177 ], [ 27.320032662841548, 47.526989426967177 ], [ 27.320032662841548, 47.527267204744959 ], [ 27.322532662841549, 47.527267204744959 ], [ 27.322532662841549, 47.526989426967177 ], [ 27.323088218397103, 47.526989426967177 ], [ 27.323088218397103, 47.526711649189401 ], [ 27.323643773952661, 47.526711649189401 ], [ 27.323643773952661, 47.526433871411626 ], [ 27.323921551730439, 47.526433871411626 ], [ 27.323921551730439, 47.527267204744959 ], [ 27.323365996174882, 47.527267204744959 ], [ 27.323365996174882, 47.527822760300509 ], [ 27.322254885063771, 47.527822760300509 ], [ 27.322254885063771, 47.528100538078291 ], [ 27.321421551730438, 47.528100538078291 ], [ 27.321421551730438, 47.528378315856067 ], [ 27.321143773952659, 47.528378315856067 ], [ 27.321143773952659, 47.528656093633842 ], [ 27.320865996174884, 47.528656093633842 ], [ 27.320865996174884, 47.528933871411624 ], [ 27.320588218397106, 47.528933871411624 ], [ 27.320588218397106, 47.529211649189399 ], [ 27.320032662841548, 47.529211649189399 ], [ 27.320032662841548, 47.529767204744957 ], [ 27.318921551730437, 47.529767204744957 ], [ 27.318921551730437, 47.530044982522732 ], [ 27.318643773952662, 47.530044982522732 ], [ 27.318643773952662, 47.530322760300514 ], [ 27.318365996174883, 47.530322760300514 ], [ 27.318365996174883, 47.530600538078289 ], [ 27.318088218397104, 47.530600538078289 ], [ 27.318088218397104, 47.531156093633847 ], [ 27.31753266284155, 47.531156093633847 ], [ 27.31753266284155, 47.531433871411622 ], [ 27.317254885063772, 47.531433871411622 ], [ 27.317254885063772, 47.531711649189404 ], [ 27.31614377395266, 47.531711649189404 ], [ 27.31614377395266, 47.531989426967179 ], [ 27.315588218397107, 47.531989426967179 ], [ 27.315588218397107, 47.532267204744954 ], [ 27.31475488506377, 47.532267204744954 ] ] ] } },
{ "type": "Feature", "properties": { "rank": 16, "lake_id": 1347143 }, "geometry": { "type": "Polygon", "coordinates": [ [ [ 26.458160664760729, 48.114607224818734 ], [ 26.458160664760729, 48.113218335929844 ], [ 26.457882886982951, 48.113218335929844 ], [ 26.457882886982951, 48.112940558152061 ], [ 26.457605109205176, 48.112940558152061 ], [ 26.457605109205176, 48.112662780374286 ], [ 26.457327331427397, 48.112662780374286 ], [ 26.457327331427397, 48.112107224818729 ], [ 26.457882886982951, 48.112107224818729 ], [ 26.457882886982951, 48.111829447040954 ], [ 26.458438442538508, 48.111829447040954 ], [ 26.458438442538508, 48.111551669263179 ], [ 26.458716220316287, 48.111551669263179 ], [ 26.458716220316287, 48.111273891485396 ], [ 26.458993998094062, 48.111273891485396 ], [ 26.458993998094062, 48.110996113707621 ], [ 26.459271775871841, 48.110996113707621 ], [ 26.459271775871841, 48.110718335929839 ], [ 26.459549553649619, 48.110718335929839 ], [ 26.459549553649619, 48.110162780374289 ], [ 26.459827331427395, 48.110162780374289 ], [ 26.459827331427395, 48.109885002596506 ], [ 26.460105109205173, 48.109885002596506 ], [ 26.460105109205173, 48.109607224818731 ], [ 26.460382886982952, 48.109607224818731 ], [ 26.460382886982952, 48.109329447040956 ], [ 26.460938442538506, 48.109329447040956 ], [ 26.460938442538506, 48.109051669263174 ], [ 26.461493998094063, 48.109051669263174 ], [ 26.461493998094063, 48.108773891485399 ], [ 26.461771775871842, 48.108773891485399 ], [ 26.461771775871842, 48.108496113707616 ], [ 26.462049553649617, 48.108496113707616 ], [ 26.462049553649617, 48.107940558152066 ], [ 26.462327331427396, 48.107940558152066 ], [ 26.462327331427396, 48.107385002596509 ], [ 26.462605109205175, 48.107385002596509 ], [ 26.462605109205175, 48.106829447040951 ], [ 26.462882886982953, 48.106829447040951 ], [ 26.462882886982953, 48.106551669263176 ], [ 26.463160664760728, 48.106551669263176 ], [ 26.463160664760728, 48.106273891485401 ], [ 26.463438442538507, 48.106273891485401 ], [ 26.463438442538507, 48.105718335929843 ], [ 26.46427177587184, 48.105718335929843 ], [ 26.46427177587184, 48.105996113707619 ], [ 26.464549553649618, 48.105996113707619 ], [ 26.464549553649618, 48.106273891485401 ], [ 26.464827331427397, 48.106273891485401 ], [ 26.464827331427397, 48.106551669263176 ], [ 26.465105109205172, 48.106551669263176 ], [ 26.465105109205172, 48.106829447040951 ], [ 26.464827331427397, 48.106829447040951 ], [ 26.464827331427397, 48.107385002596509 ], [ 26.464549553649618, 48.107385002596509 ], [ 26.464549553649618, 48.107662780374284 ], [ 26.46427177587184, 48.107662780374284 ], [ 26.46427177587184, 48.107940558152066 ], [ 26.464549553649618, 48.107940558152066 ], [ 26.464549553649618, 48.108218335929841 ], [ 26.46427177587184, 48.108218335929841 ], [ 26.46427177587184, 48.108496113707616 ], [ 26.463993998094065, 48.108496113707616 ], [ 26.463993998094065, 48.108773891485399 ], [ 26.463438442538507, 48.108773891485399 ], [ 26.463438442538507, 48.109051669263174 ], [ 26.463160664760728, 48.109051669263174 ], [ 26.463160664760728, 48.109607224818731 ], [ 26.462605109205175, 48.109607224818731 ], [ 26.462605109205175, 48.109885002596506 ], [ 26.462327331427396, 48.109885002596506 ], [ 26.462327331427396, 48.110440558152064 ], [ 26.462049553649617, 48.110440558152064 ], [ 26.462049553649617, 48.110718335929839 ], [ 26.461771775871842, 48.110718335929839 ], [ 26.461771775871842, 48.110996113707621 ], [ 26.461493998094063, 48.110996113707621 ], [ 26.461493998094063, 48.111273891485396 ], [ 26.461216220316285, 48.111273891485396 ], [ 26.461216220316285, 48.111551669263179 ], [ 26.460938442538506, 48.111551669263179 ], [ 26.460938442538506, 48.111829447040954 ], [ 26.460660664760731, 48.111829447040954 ], [ 26.460660664760731, 48.112385002596511 ], [ 26.460382886982952, 48.112385002596511 ], [ 26.460382886982952, 48.112662780374286 ], [ 26.459827331427395, 48.112662780374286 ], [ 26.459827331427395, 48.113218335929844 ], [ 26.459271775871841, 48.113218335929844 ], [ 26.459271775871841, 48.113773891485394 ], [ 26.458993998094062, 48.113773891485394 ], [ 26.458993998094062, 48.114051669263176 ], [ 26.458716220316287, 48.114051669263176 ], [ 26.458716220316287, 48.114329447040951 ], [ 26.458438442538508, 48.114329447040951 ], [ 26.458438442538508, 48.114607224818734 ], [ 26.458160664760729, 48.114607224818734 ] ] ] } },
{ "type": "Feature", "properties": { "rank": 17, "lake_id": 1348536 }, "geometry": { "type": "Polygon", "coordinates": [ [ [ 27.038276003699643, 47.809687316507159 ], [ 27.038276003699643, 47.809131760951608 ], [ 27.037998225921868, 47.809131760951608 ], [ 27.037998225921868, 47.808576205396051 ], [ 27.038276003699643, 47.808576205396051 ], [ 27.038276003699643, 47.808298427618276 ], [ 27.037998225921868, 47.808298427618276 ], [ 27.037998225921868, 47.808020649840493 ], [ 27.038276003699643, 47.808020649840493 ], [ 27.038276003699643, 47.807465094284936 ], [ 27.038553781477422, 47.807465094284936 ], [ 27.038553781477422, 47.807187316507161 ], [ 27.039109337032976, 47.807187316507161 ], [ 27.039109337032976, 47.806353983173828 ], [ 27.039387114810754, 47.806353983173828 ], [ 27.039387114810754, 47.805798427618271 ], [ 27.039664892588533, 47.805798427618271 ], [ 27.039664892588533, 47.80524287206272 ], [ 27.039387114810754, 47.80524287206272 ], [ 27.039387114810754, 47.804965094284938 ], [ 27.040220448144087, 47.804965094284938 ], [ 27.040220448144087, 47.804687316507163 ], [ 27.039664892588533, 47.804687316507163 ], [ 27.039664892588533, 47.804409538729381 ], [ 27.039942670366312, 47.804409538729381 ], [ 27.039942670366312, 47.804131760951606 ], [ 27.040776003699644, 47.804131760951606 ], [ 27.040776003699644, 47.803576205396048 ], [ 27.040498225921866, 47.803576205396048 ], [ 27.040498225921866, 47.803020649840498 ], [ 27.041053781477423, 47.803020649840498 ], [ 27.041053781477423, 47.802742872062716 ], [ 27.040776003699644, 47.802742872062716 ], [ 27.040776003699644, 47.802465094284941 ], [ 27.040498225921866, 47.802465094284941 ], [ 27.040498225921866, 47.802187316507158 ], [ 27.041053781477423, 47.802187316507158 ], [ 27.041053781477423, 47.801909538729383 ], [ 27.041609337032977, 47.801909538729383 ], [ 27.041609337032977, 47.801631760951608 ], [ 27.041053781477423, 47.801631760951608 ], [ 27.041053781477423, 47.801076205396051 ], [ 27.041331559255198, 47.801076205396051 ], [ 27.041331559255198, 47.800798427618275 ], [ 27.041053781477423, 47.800798427618275 ], [ 27.041053781477423, 47.800520649840493 ], [ 27.041609337032977, 47.800520649840493 ], [ 27.041609337032977, 47.800242872062718 ], [ 27.041887114810756, 47.800242872062718 ], [ 27.041887114810756, 47.799965094284943 ], [ 27.042164892588534, 47.799965094284943 ], [ 27.042164892588534, 47.800242872062718 ], [ 27.042442670366309, 47.800242872062718 ], [ 27.042442670366309, 47.799687316507161 ], [ 27.042720448144088, 47.799687316507161 ], [ 27.042720448144088, 47.798853983173828 ], [ 27.042998225921867, 47.798853983173828 ], [ 27.042998225921867, 47.798576205396053 ], [ 27.043553781477421, 47.798576205396053 ], [ 27.043553781477421, 47.798853983173828 ], [ 27.043831559255199, 47.798853983173828 ], [ 27.043831559255199, 47.799687316507161 ], [ 27.044109337032978, 47.799687316507161 ], [ 27.044109337032978, 47.799965094284943 ], [ 27.043831559255199, 47.799965094284943 ], [ 27.043831559255199, 47.800520649840493 ], [ 27.044109337032978, 47.800520649840493 ], [ 27.044109337032978, 47.800798427618275 ], [ 27.043831559255199, 47.800798427618275 ], [ 27.043831559255199, 47.801076205396051 ], [ 27.044109337032978, 47.801076205396051 ], [ 27.044109337032978, 47.801353983173826 ], [ 27.043276003699646, 47.801353983173826 ], [ 27.043276003699646, 47.801631760951608 ], [ 27.043553781477421, 47.801631760951608 ], [ 27.043553781477421, 47.801909538729383 ], [ 27.042998225921867, 47.801909538729383 ], [ 27.042998225921867, 47.802187316507158 ], [ 27.043553781477421, 47.802187316507158 ], [ 27.043553781477421, 47.802742872062716 ], [ 27.044109337032978, 47.802742872062716 ], [ 27.044109337032978, 47.803298427618273 ], [ 27.044664892588532, 47.803298427618273 ], [ 27.044664892588532, 47.803576205396048 ], [ 27.044942670366311, 47.803576205396048 ], [ 27.044942670366311, 47.80385398317383 ], [ 27.044387114810753, 47.80385398317383 ], [ 27.044387114810753, 47.804131760951606 ], [ 27.044109337032978, 47.804131760951606 ], [ 27.044109337032978, 47.804687316507163 ], [ 27.043831559255199, 47.804687316507163 ], [ 27.043831559255199, 47.804965094284938 ], [ 27.044109337032978, 47.804965094284938 ], [ 27.044109337032978, 47.80524287206272 ], [ 27.043553781477421, 47.80524287206272 ], [ 27.043553781477421, 47.805798427618271 ], [ 27.043276003699646, 47.805798427618271 ], [ 27.043276003699646, 47.806076205396053 ], [ 27.042720448144088, 47.806076205396053 ], [ 27.042720448144088, 47.806353983173828 ], [ 27.042442670366309, 47.806353983173828 ], [ 27.042442670366309, 47.806631760951603 ], [ 27.041887114810756, 47.806631760951603 ], [ 27.041887114810756, 47.806909538729386 ], [ 27.041609337032977, 47.806909538729386 ], [ 27.041609337032977, 47.807187316507161 ], [ 27.041331559255198, 47.807187316507161 ], [ 27.041331559255198, 47.807465094284936 ], [ 27.040776003699644, 47.807465094284936 ], [ 27.040776003699644, 47.807742872062718 ], [ 27.041053781477423, 47.807742872062718 ], [ 27.041053781477423, 47.808020649840493 ], [ 27.040498225921866, 47.808020649840493 ], [ 27.040498225921866, 47.808298427618276 ], [ 27.039942670366312, 47.808298427618276 ], [ 27.039942670366312, 47.808853983173826 ], [ 27.039664892588533, 47.808853983173826 ], [ 27.039664892588533, 47.809131760951608 ], [ 27.039387114810754, 47.809131760951608 ], [ 27.039387114810754, 47.809409538729383 ], [ 27.0388315592552, 47.809409538729383 ], [ 27.0388315592552, 47.809131760951608 ], [ 27.038553781477422, 47.809131760951608 ], [ 27.038553781477422, 47.809687316507159 ], [ 27.038276003699643, 47.809687316507159 ] ], [ [ 27.0388315592552, 47.808853983173826 ], [ 27.039109337032976, 47.808853983173826 ], [ 27.039109337032976, 47.808576205396051 ], [ 27.0388315592552, 47.808576205396051 ], [ 27.0388315592552, 47.808853983173826 ] ], [ [ 27.041609337032977, 47.801076205396051 ], [ 27.041887114810756, 47.801076205396051 ], [ 27.041887114810756, 47.800798427618275 ], [ 27.041609337032977, 47.800798427618275 ], [ 27.041609337032977, 47.801076205396051 ] ], [ [ 27.042998225921867, 47.799687316507161 ], [ 27.043276003699646, 47.799687316507161 ], [ 27.043276003699646, 47.799409538729385 ], [ 27.042998225921867, 47.799409538729385 ], [ 27.042998225921867, 47.799687316507161 ] ] ] } },
{ "type": "Feature", "properties": { "rank": 18, "lake_id": 1347037 }, "geometry": { "type": "Polygon", "coordinates": [ [ [ 26.503477987097558, 48.161937886168573 ], [ 26.503477987097558, 48.161104552835241 ], [ 26.503755764875333, 48.161104552835241 ], [ 26.503755764875333, 48.160826775057465 ], [ 26.504033542653112, 48.160826775057465 ], [ 26.504033542653112, 48.160548997279683 ], [ 26.50431132043089, 48.160548997279683 ], [ 26.50431132043089, 48.160271219501908 ], [ 26.504866875986444, 48.160271219501908 ], [ 26.504866875986444, 48.160548997279683 ], [ 26.505977987097555, 48.160548997279683 ], [ 26.505977987097555, 48.160271219501908 ], [ 26.506533542653113, 48.160271219501908 ], [ 26.506533542653113, 48.159993441724133 ], [ 26.506811320430891, 48.159993441724133 ], [ 26.506811320430891, 48.159715663946351 ], [ 26.507089098208667, 48.159715663946351 ], [ 26.507089098208667, 48.159437886168575 ], [ 26.507366875986445, 48.159437886168575 ], [ 26.507366875986445, 48.158326775057461 ], [ 26.507089098208667, 48.158326775057461 ], [ 26.507089098208667, 48.157493441724128 ], [ 26.507644653764224, 48.157493441724128 ], [ 26.507644653764224, 48.157215663946353 ], [ 26.507922431542003, 48.157215663946353 ], [ 26.507922431542003, 48.157493441724128 ], [ 26.508755764875335, 48.157493441724128 ], [ 26.508755764875335, 48.157215663946353 ], [ 26.509033542653111, 48.157215663946353 ], [ 26.509033542653111, 48.157493441724128 ], [ 26.509311320430889, 48.157493441724128 ], [ 26.509311320430889, 48.15777121950191 ], [ 26.510144653764222, 48.15777121950191 ], [ 26.510144653764222, 48.158048997279685 ], [ 26.510700209319779, 48.158048997279685 ], [ 26.510700209319779, 48.157493441724128 ], [ 26.511533542653112, 48.157493441724128 ], [ 26.511533542653112, 48.158326775057461 ], [ 26.511255764875333, 48.158326775057461 ], [ 26.511255764875333, 48.158604552835243 ], [ 26.511533542653112, 48.158604552835243 ], [ 26.511533542653112, 48.158882330613018 ], [ 26.511255764875333, 48.158882330613018 ], [ 26.511255764875333, 48.159437886168575 ], [ 26.510977987097558, 48.159437886168575 ], [ 26.510977987097558, 48.159993441724133 ], [ 26.510144653764222, 48.159993441724133 ], [ 26.510144653764222, 48.160271219501908 ], [ 26.509866875986447, 48.160271219501908 ], [ 26.509866875986447, 48.160548997279683 ], [ 26.509311320430889, 48.160548997279683 ], [ 26.509311320430889, 48.161104552835241 ], [ 26.509033542653111, 48.161104552835241 ], [ 26.509033542653111, 48.160826775057465 ], [ 26.508755764875335, 48.160826775057465 ], [ 26.508755764875335, 48.161104552835241 ], [ 26.508200209319778, 48.161104552835241 ], [ 26.508200209319778, 48.161382330613016 ], [ 26.506255764875334, 48.161382330613016 ], [ 26.506255764875334, 48.161660108390798 ], [ 26.504589098208669, 48.161660108390798 ], [ 26.504589098208669, 48.161937886168573 ], [ 26.503477987097558, 48.161937886168573 ] ] ] } },
{ "type": "Feature", "properties": { "rank": 19, "lake_id": 168890 }, "geometry": { "type": "Polygon", "coordinates": [ [ [ 26.280834873950596, 47.473084262036586 ], [ 26.280834873950596, 47.472806484258811 ], [ 26.280557096172817, 47.472806484258811 ], [ 26.280557096172817, 47.472250928703254 ], [ 26.280279318395042, 47.472250928703254 ], [ 26.280279318395042, 47.471417595369921 ], [ 26.280557096172817, 47.471417595369921 ], [ 26.280557096172817, 47.471139817592146 ], [ 26.280834873950596, 47.471139817592146 ], [ 26.280834873950596, 47.470862039814364 ], [ 26.281112651728375, 47.470862039814364 ], [ 26.281112651728375, 47.470584262036589 ], [ 26.28139042950615, 47.470584262036589 ], [ 26.28139042950615, 47.470306484258813 ], [ 26.281668207283928, 47.470306484258813 ], [ 26.281668207283928, 47.470028706481031 ], [ 26.281945985061707, 47.470028706481031 ], [ 26.281945985061707, 47.469750928703256 ], [ 26.282223762839486, 47.469750928703256 ], [ 26.282223762839486, 47.469473150925481 ], [ 26.282501540617261, 47.469473150925481 ], [ 26.282501540617261, 47.469195373147699 ], [ 26.28277931839504, 47.469195373147699 ], [ 26.28277931839504, 47.468917595369923 ], [ 26.283057096172818, 47.468917595369923 ], [ 26.283057096172818, 47.468639817592148 ], [ 26.283334873950597, 47.468639817592148 ], [ 26.283334873950597, 47.468362039814366 ], [ 26.283612651728372, 47.468362039814366 ], [ 26.283612651728372, 47.468084262036591 ], [ 26.283890429506151, 47.468084262036591 ], [ 26.283890429506151, 47.467528706481033 ], [ 26.28416820728393, 47.467528706481033 ], [ 26.28416820728393, 47.467806484258809 ], [ 26.285279318395041, 47.467806484258809 ], [ 26.285279318395041, 47.467250928703258 ], [ 26.28555709617282, 47.467250928703258 ], [ 26.28555709617282, 47.467528706481033 ], [ 26.285834873950595, 47.467528706481033 ], [ 26.285834873950595, 47.467806484258809 ], [ 26.286112651728374, 47.467806484258809 ], [ 26.286112651728374, 47.467528706481033 ], [ 26.286390429506152, 47.467528706481033 ], [ 26.286390429506152, 47.468917595369923 ], [ 26.285834873950595, 47.468917595369923 ], [ 26.285834873950595, 47.469750928703256 ], [ 26.28555709617282, 47.469750928703256 ], [ 26.28555709617282, 47.470584262036589 ], [ 26.285001540617262, 47.470584262036589 ], [ 26.285001540617262, 47.471139817592146 ], [ 26.284723762839484, 47.471139817592146 ], [ 26.284723762839484, 47.471417595369921 ], [ 26.283057096172818, 47.471417595369921 ], [ 26.283057096172818, 47.471695373147703 ], [ 26.28277931839504, 47.471695373147703 ], [ 26.28277931839504, 47.471973150925479 ], [ 26.282501540617261, 47.471973150925479 ], [ 26.282501540617261, 47.472528706481036 ], [ 26.282223762839486, 47.472528706481036 ], [ 26.282223762839486, 47.472806484258811 ], [ 26.281945985061707, 47.472806484258811 ], [ 26.281945985061707, 47.473084262036586 ], [ 26.280834873950596, 47.473084262036586 ] ] ] } },
{ "type": "Feature", "properties": { "rank": 20, "lake_id": 1349774 }, "geometry": { "type": "Polygon", "coordinates": [ [ [ 26.264391194511834, 47.539999002705073 ], [ 26.264391194511834, 47.539165669371741 ], [ 26.264668972289613, 47.539165669371741 ], [ 26.264668972289613, 47.538610113816183 ], [ 26.264946750067391, 47.538610113816183 ], [ 26.264946750067391, 47.538054558260626 ], [ 26.26522452784517, 47.538054558260626 ], [ 26.26522452784517, 47.537776780482851 ], [ 26.265502305622945, 47.537776780482851 ], [ 26.265502305622945, 47.536943447149518 ], [ 26.265780083400724, 47.536943447149518 ], [ 26.265780083400724, 47.536387891593961 ], [ 26.265502305622945, 47.536387891593961 ], [ 26.265502305622945, 47.536110113816186 ], [ 26.26522452784517, 47.536110113816186 ], [ 26.26522452784517, 47.535554558260628 ], [ 26.264113416734059, 47.535554558260628 ], [ 26.264113416734059, 47.534999002705071 ], [ 26.264391194511834, 47.534999002705071 ], [ 26.264391194511834, 47.534443447149521 ], [ 26.264668972289613, 47.534443447149521 ], [ 26.264668972289613, 47.533332336038406 ], [ 26.264946750067391, 47.533332336038406 ], [ 26.264946750067391, 47.533054558260631 ], [ 26.26522452784517, 47.533054558260631 ], [ 26.26522452784517, 47.532776780482848 ], [ 26.265502305622945, 47.532776780482848 ], [ 26.265502305622945, 47.532499002705073 ], [ 26.265780083400724, 47.532499002705073 ], [ 26.265780083400724, 47.531943447149516 ], [ 26.266335638956281, 47.531943447149516 ], [ 26.266335638956281, 47.531665669371741 ], [ 26.266613416734057, 47.531665669371741 ], [ 26.266613416734057, 47.531387891593965 ], [ 26.267168972289614, 47.531387891593965 ], [ 26.267168972289614, 47.531110113816183 ], [ 26.268280083400725, 47.531110113816183 ], [ 26.268280083400725, 47.531387891593965 ], [ 26.2685578611785, 47.531387891593965 ], [ 26.2685578611785, 47.533054558260631 ], [ 26.268280083400725, 47.533054558260631 ], [ 26.268280083400725, 47.533887891593963 ], [ 26.268002305622947, 47.533887891593963 ], [ 26.268002305622947, 47.534165669371738 ], [ 26.267724527845168, 47.534165669371738 ], [ 26.267724527845168, 47.534721224927296 ], [ 26.267446750067393, 47.534721224927296 ], [ 26.267446750067393, 47.535276780482853 ], [ 26.267168972289614, 47.535276780482853 ], [ 26.267168972289614, 47.535832336038403 ], [ 26.266891194511835, 47.535832336038403 ], [ 26.266891194511835, 47.536387891593961 ], [ 26.266613416734057, 47.536387891593961 ], [ 26.266613416734057, 47.536665669371743 ], [ 26.266335638956281, 47.536665669371743 ], [ 26.266335638956281, 47.537221224927293 ], [ 26.266057861178503, 47.537221224927293 ], [ 26.266057861178503, 47.538610113816183 ], [ 26.265780083400724, 47.538610113816183 ], [ 26.265780083400724, 47.539443447149516 ], [ 26.265502305622945, 47.539443447149516 ], [ 26.265502305622945, 47.539999002705073 ], [ 26.264391194511834, 47.539999002705073 ] ] ] } }
]
}
