{
"type": "FeatureCollection",
"name": "basins_plateau",
"crs": { "type": "name", "properties": { "name": "urn:ogc:def:crs:OGC:1.3:CRS84" } },
"features": [
{ "type": "Feature", "properties": { "rank": 1, "lake_id": 1360316 }, "geometry": { "type": "Polygon", "coordinates": [ [ [ 22.498294441504196, 44.945001647401178 ], [ 22.498294441504196, 44.944723869623402 ], [ 22.498016663726421, 44.944723869623402 ], [ 22.498016663726421, 44.94444609184562 ], [ 22.497183330393085, 44.94444609184562 ], [ 22.497183330393085, 44.944168314067845 ], [ 22.49551666372642, 44.944168314067845 ], [ 22.49551666372642, 44.94444609184562 ], [ 22.494961108170866, 44.94444609184562 ], [ 22.494961108170866, 44.94389053629007 ], [ 22.494405552615309, 44.94389053629007 ], [ 22.494405552615309, 44.943612758512288 ], [ 22.49412777483753, 44.943612758512288 ], [ 22.49412777483753, 44.943334980734512 ], [ 22.493849997059755, 44.943334980734512 ], [ 22.493849997059755, 44.94305720295673 ], [ 22.493294441504197, 44.94305720295673 ], [ 22.493294441504197, 44.943334980734512 ], [ 22.493016663726419, 44.943334980734512 ], [ 22.493016663726419, 44.943612758512288 ], [ 22.491905552615307, 44.943612758512288 ], [ 22.491905552615307, 44.94305720295673 ], [ 22.491349997059753, 44.94305720295673 ], [ 22.491349997059753, 44.942779425178955 ], [ 22.490238885948642, 44.942779425178955 ], [ 22.490238885948642, 44.94250164740118 ], [ 22.490516663726421, 44.94250164740118 ], [ 22.490516663726421, 44.941668314067847 ], [ 22.490794441504196, 44.941668314067847 ], [ 22.490794441504196, 44.941946091845622 ], [ 22.491349997059753, 44.941946091845622 ], [ 22.491349997059753, 44.941668314067847 ], [ 22.491905552615307, 44.941668314067847 ], [ 22.491905552615307, 44.941390536290065 ], [ 22.492183330393086, 44.941390536290065 ], [ 22.492183330393086, 44.94111275851229 ], [ 22.492461108170865, 44.94111275851229 ], [ 22.492461108170865, 44.940834980734508 ], [ 22.492738885948643, 44.940834980734508 ], [ 22.492738885948643, 44.940557202956732 ], [ 22.493016663726419, 44.940557202956732 ], [ 22.493016663726419, 44.940834980734508 ], [ 22.493572219281976, 44.940834980734508 ], [ 22.493572219281976, 44.940557202956732 ], [ 22.49412777483753, 44.940557202956732 ], [ 22.49412777483753, 44.940834980734508 ], [ 22.493849997059755, 44.940834980734508 ], [ 22.493849997059755, 44.941390536290065 ], [ 22.49412777483753, 44.941390536290065 ], [ 22.49412777483753, 44.941668314067847 ], [ 22.494405552615309, 44.941668314067847 ], [ 22.494405552615309, 44.941946091845622 ], [ 22.493849997059755, 44.941946091845622 ], [ 22.493849997059755, 44.941668314067847 ], [ 22.493016663726419, 44.941668314067847 ], [ 22.493016663726419, 44.942223869623398 ], [ 22.493294441504197, 44.942223869623398 ], [ 22.493294441504197, 44.94250164740118 ], [ 22.49412777483753, 44.94250164740118 ], [ 22.49412777483753, 44.942223869623398 ], [ 22.494683330393087, 44.942223869623398 ], [ 22.494683330393087, 44.941946091845622 ], [ 22.494961108170866, 44.941946091845622 ], [ 22.494961108170866, 44.941390536290065 ], [ 22.494683330393087, 44.941390536290065 ], [ 22.494683330393087, 44.940557202956732 ], [ 22.494405552615309, 44.940557202956732 ], [ 22.494405552615309, 44.940001647401175 ], [ 22.494683330393087, 44.940001647401175 ], [ 22.494683330393087, 44.9397238696234 ], [ 22.494961108170866, 44.9397238696234 ], [ 22.494961108170866, 44.939446091845625 ], [ 22.494405552615309, 44.939446091845625 ], [ 22.494405552615309, 44.9397238696234 ], [ 22.493849997059755, 44.9397238696234 ], [ 22.493849997059755, 44.940001647401175 ], [ 22.49412777483753, 44.940001647401175 ], [ 22.49412777483753, 44.940279425178957 ], [ 22.493294441504197, 44.940279425178957 ], [ 22.493294441504197, 44.940001647401175 ], [ 22.493572219281976, 44.940001647401175 ], [ 22.493572219281976, 44.9397238696234 ], [ 22.493016663726419, 44.9397238696234 ], [ 22.493016663726419, 44.939446091845625 ], [ 22.493294441504197, 44.939446091845625 ], [ 22.493294441504197, 44.939168314067842 ], [ 22.49412777483753, 44.939168314067842 ], [ 22.49412777483753, 44.938890536290067 ], [ 22.494683330393087, 44.938890536290067 ], [ 22.494683330393087, 44.938612758512292 ], [ 22.494961108170866, 44.938612758512292 ], [ 22.494961108170866, 44.937779425178952 ], [ 22.496349997059752, 44.937779425178952 ], [ 22.496349997059752, 44.938612758512292 ], [ 22.495238885948641, 44.938612758512292 ], [ 22.495238885948641, 44.938890536290067 ], [ 22.49551666372642, 44.938890536290067 ], [ 22.49551666372642, 44.939168314067842 ], [ 22.495238885948641, 44.939168314067842 ], [ 22.495238885948641, 44.939446091845625 ], [ 22.495794441504199, 44.939446091845625 ], [ 22.495794441504199, 44.939168314067842 ], [ 22.496349997059752, 44.939168314067842 ], [ 22.496349997059752, 44.939446091845625 ], [ 22.496627774837531, 44.939446091845625 ], [ 22.496627774837531, 44.9397238696234 ], [ 22.49551666372642, 44.9397238696234 ], [ 22.49551666372642, 44.940001647401175 ], [ 22.494961108170866, 44.940001647401175 ], [ 22.494961108170866, 44.940557202956732 ], [ 22.495238885948641, 44.940557202956732 ], [ 22.495238885948641, 44.94111275851229 ], [ 22.49551666372642, 44.94111275851229 ], [ 22.49551666372642, 44.941946091845622 ], [ 22.496072219281974, 44.941946091845622 ], [ 22.496072219281974, 44.94111275851229 ], [ 22.495794441504199, 44.94111275851229 ], [ 22.495794441504199, 44.940557202956732 ], [ 22.496072219281974, 44.940557202956732 ], [ 22.496072219281974, 44.940834980734508 ], [ 22.496349997059752, 44.940834980734508 ], [ 22.496349997059752, 44.940557202956732 ], [ 22.49690555261531, 44.940557202956732 ], [ 22.49690555261531, 44.940001647401175 ], [ 22.497461108170864, 44.940001647401175 ], [ 22.497461108170864, 44.940279425178957 ], [ 22.497738885948642, 44.940279425178957 ], [ 22.497738885948642, 44.940557202956732 ], [ 22.498016663726421, 44.940557202956732 ], [ 22.498016663726421, 44.940834980734508 ], [ 22.498572219281975, 44.940834980734508 ], [ 22.498572219281975, 44.94111275851229 ], [ 22.498849997059754, 44.94111275851229 ], [ 22.498849997059754, 44.941390536290065 ], [ 22.499127774837532, 44.941390536290065 ], [ 22.499127774837532, 44.94111275851229 ], [ 22.500794441504198, 44.94111275851229 ], [ 22.500794441504198, 44.940834980734508 ], [ 22.501072219281976, 44.940834980734508 ], [ 22.501072219281976, 44.942779425178955 ], [ 22.500794441504198, 44.942779425178955 ], [ 22.500794441504198, 44.943334980734512 ], [ 22.500516663726419, 44.943334980734512 ], [ 22.500516663726419, 44.94389053629007 ], [ 22.500238885948644, 44.94389053629007 ], [ 22.500238885948644, 44.944168314067845 ], [ 22.499961108170865, 44.944168314067845 ], [ 22.499961108170865, 44.94444609184562 ], [ 22.499405552615308, 44.94444609184562 ], [ 22.499405552615308, 44.944723869623402 ], [ 22.499127774837532, 44.944723869623402 ], [ 22.499127774837532, 44.945001647401178 ], [ 22.498294441504196, 44.945001647401178 ] ], [ [ 22.495238885948641, 44.94389053629007 ], [ 22.495794441504199, 44.94389053629007 ], [ 22.495794441504199, 44.943612758512288 ], [ 22.495238885948641, 44.943612758512288 ], [ 22.495238885948641, 44.94389053629007 ] ], [ [ 22.493016663726419, 44.94305720295673 ], [ 22.493294441504197, 44.94305720295673 ], [ 22.493294441504197, 44.942779425178955 ], [ 22.493016663726419, 44.942779425178955 ], [ 22.493016663726419, 44.94305720295673 ] ], [ [ 22.499961108170865, 44.94305720295673 ], [ 22.500516663726419, 44.94305720295673 ], [ 22.500516663726419, 44.942779425178955 ], [ 22.499961108170865, 44.942779425178955 ], [ 22.499961108170865, 44.94305720295673 ] ], [ [ 22.492738885948643, 44.942779425178955 ], [ 22.493016663726419, 44.942779425178955 ], [ 22.493016663726419, 44.94250164740118 ], [ 22.492738885948643, 44.94250164740118 ], [ 22.492738885948643, 44.942779425178955 ] ] ] } },
{ "type": "Feature", "properties": { "rank": 2, "lake_id": 169355 }, "geometry": { "type": "Polygon", "coordinates": [ [ [ 23.235163800824239, 46.727686812806027 ], [ 23.235163800824239, 46.727409035028252 ], [ 23.23488602304646, 46.727409035028252 ], [ 23.23488602304646, 46.727131257250477 ], [ 23.234330467490906, 46.727131257250477 ], [ 23.234330467490906, 46.726853479472695 ], [ 23.234052689713128, 46.726853479472695 ], [ 23.234052689713128, 46.726575701694919 ], [ 23.233774911935349, 46.726575701694919 ], [ 23.233774911935349, 46.726297923917144 ], [ 23.23349713415757, 46.726297923917144 ], [ 23.23349713415757, 46.726020146139362 ], [ 23.233219356379795, 46.726020146139362 ], [ 23.233219356379795, 46.725464590583805 ], [ 23.232941578602016, 46.725464590583805 ], [ 23.232941578602016, 46.722964590583807 ], [ 23.233219356379795, 46.722964590583807 ], [ 23.233219356379795, 46.722409035028249 ], [ 23.23349713415757, 46.722409035028249 ], [ 23.23349713415757, 46.722131257250474 ], [ 23.233774911935349, 46.722131257250474 ], [ 23.233774911935349, 46.721853479472699 ], [ 23.235163800824239, 46.721853479472699 ], [ 23.235163800824239, 46.722131257250474 ], [ 23.236552689713129, 46.722131257250474 ], [ 23.236552689713129, 46.721853479472699 ], [ 23.23766380082424, 46.721853479472699 ], [ 23.23766380082424, 46.721575701694917 ], [ 23.238497134157573, 46.721575701694917 ], [ 23.238497134157573, 46.721297923917142 ], [ 23.240163800824238, 46.721297923917142 ], [ 23.240163800824238, 46.721853479472699 ], [ 23.240719356379795, 46.721853479472699 ], [ 23.240719356379795, 46.721575701694917 ], [ 23.240997134157571, 46.721575701694917 ], [ 23.240997134157571, 46.721853479472699 ], [ 23.241830467490907, 46.721853479472699 ], [ 23.241830467490907, 46.722131257250474 ], [ 23.242108245268682, 46.722131257250474 ], [ 23.242108245268682, 46.722409035028249 ], [ 23.244052689713129, 46.722409035028249 ], [ 23.244052689713129, 46.722964590583807 ], [ 23.244330467490904, 46.722964590583807 ], [ 23.244330467490904, 46.723242368361582 ], [ 23.244052689713129, 46.723242368361582 ], [ 23.244052689713129, 46.723520146139364 ], [ 23.243774911935351, 46.723520146139364 ], [ 23.243774911935351, 46.723797923917139 ], [ 23.242941578602018, 46.723797923917139 ], [ 23.242941578602018, 46.724075701694922 ], [ 23.242108245268682, 46.724075701694922 ], [ 23.242108245268682, 46.724353479472697 ], [ 23.240163800824238, 46.724353479472697 ], [ 23.240163800824238, 46.724075701694922 ], [ 23.239886023046459, 46.724075701694922 ], [ 23.239886023046459, 46.724353479472697 ], [ 23.239330467490905, 46.724353479472697 ], [ 23.239330467490905, 46.724631257250472 ], [ 23.238774911935348, 46.724631257250472 ], [ 23.238774911935348, 46.725186812806029 ], [ 23.239052689713127, 46.725186812806029 ], [ 23.239052689713127, 46.725464590583805 ], [ 23.238774911935348, 46.725464590583805 ], [ 23.238774911935348, 46.725742368361587 ], [ 23.238219356379794, 46.725742368361587 ], [ 23.238219356379794, 46.725464590583805 ], [ 23.237941578602015, 46.725464590583805 ], [ 23.237941578602015, 46.725186812806029 ], [ 23.237386023046462, 46.725186812806029 ], [ 23.237386023046462, 46.724909035028254 ], [ 23.235997134157572, 46.724909035028254 ], [ 23.235997134157572, 46.724631257250472 ], [ 23.235719356379793, 46.724631257250472 ], [ 23.235719356379793, 46.725186812806029 ], [ 23.235441578602018, 46.725186812806029 ], [ 23.235441578602018, 46.724631257250472 ], [ 23.23488602304646, 46.724631257250472 ], [ 23.23488602304646, 46.724353479472697 ], [ 23.234608245268682, 46.724353479472697 ], [ 23.234608245268682, 46.724909035028254 ], [ 23.23488602304646, 46.724909035028254 ], [ 23.23488602304646, 46.725464590583805 ], [ 23.234608245268682, 46.725464590583805 ], [ 23.234608245268682, 46.725742368361587 ], [ 23.234330467490906, 46.725742368361587 ], [ 23.234330467490906, 46.726020146139362 ], [ 23.23488602304646, 46.726020146139362 ], [ 23.23488602304646, 46.725742368361587 ], [ 23.235163800824239, 46.725742368361587 ], [ 23.235163800824239, 46.726020146139362 ], [ 23.235441578602018, 46.726020146139362 ], [ 23.235441578602018, 46.726297923917144 ], [ 23.235997134157572, 46.726297923917144 ], [ 23.235997134157572, 46.726575701694919 ], [ 23.235441578602018, 46.726575701694919 ], [ 23.235441578602018, 46.726853479472695 ], [ 23.235719356379793, 46.726853479472695 ], [ 23.235719356379793, 46.727686812806027 ], [ 23.235163800824239, 46.727686812806027 ] ] ] } },
{ "type": "Feature", "properties": { "rank": 3, "lake_id": 170555 }, "geometry": { "type": "Polygon", "coordinates": [ [ [ 23.648834098277224, 45.570546648960459 ], [ 23.648834098277224, 45.569991093404902 ], [ 23.648556320499448, 45.569991093404902 ], [ 23.648556320499448, 45.569435537849351 ], [ 23.647722987166112, 45.569435537849351 ], [ 23.647722987166112, 45.569157760071569 ], [ 23.647167431610558, 45.569157760071569 ], [ 23.647167431610558, 45.568879982293794 ], [ 23.645778542721668, 45.568879982293794 ], [ 23.645778542721668, 45.568602204516012 ], [ 23.644111876055003, 45.568602204516012 ], [ 23.644111876055003, 45.568324426738236 ], [ 23.643834098277225, 45.568324426738236 ], [ 23.643834098277225, 45.567213315627129 ], [ 23.644389653832782, 45.567213315627129 ], [ 23.644389653832782, 45.566935537849346 ], [ 23.644667431610557, 45.566935537849346 ], [ 23.644667431610557, 45.566657760071571 ], [ 23.644945209388336, 45.566657760071571 ], [ 23.644945209388336, 45.566935537849346 ], [ 23.645500764943893, 45.566935537849346 ], [ 23.645500764943893, 45.566657760071571 ], [ 23.646611876055005, 45.566657760071571 ], [ 23.646611876055005, 45.566379982293796 ], [ 23.64688965383278, 45.566379982293796 ], [ 23.64688965383278, 45.566657760071571 ], [ 23.647445209388337, 45.566657760071571 ], [ 23.647445209388337, 45.566379982293796 ], [ 23.64827854272167, 45.566379982293796 ], [ 23.64827854272167, 45.566102204516014 ], [ 23.649389653832781, 45.566102204516014 ], [ 23.649389653832781, 45.565824426738239 ], [ 23.64966743161056, 45.565824426738239 ], [ 23.64966743161056, 45.566102204516014 ], [ 23.651611876055004, 45.566102204516014 ], [ 23.651611876055004, 45.566379982293796 ], [ 23.653278542721669, 45.566379982293796 ], [ 23.653278542721669, 45.566657760071571 ], [ 23.653556320499447, 45.566657760071571 ], [ 23.653556320499447, 45.566935537849346 ], [ 23.654667431610559, 45.566935537849346 ], [ 23.654667431610559, 45.566657760071571 ], [ 23.654945209388337, 45.566657760071571 ], [ 23.654945209388337, 45.566935537849346 ], [ 23.655222987166113, 45.566935537849346 ], [ 23.655222987166113, 45.567491093404904 ], [ 23.654945209388337, 45.567491093404904 ], [ 23.654945209388337, 45.567768871182679 ], [ 23.655222987166113, 45.567768871182679 ], [ 23.655222987166113, 45.568879982293794 ], [ 23.654945209388337, 45.568879982293794 ], [ 23.654945209388337, 45.569435537849351 ], [ 23.654667431610559, 45.569435537849351 ], [ 23.654667431610559, 45.569713315627126 ], [ 23.654111876055001, 45.569713315627126 ], [ 23.654111876055001, 45.569435537849351 ], [ 23.653834098277226, 45.569435537849351 ], [ 23.653834098277226, 45.569713315627126 ], [ 23.65300076494389, 45.569713315627126 ], [ 23.65300076494389, 45.569991093404902 ], [ 23.652167431610557, 45.569991093404902 ], [ 23.652167431610557, 45.570268871182684 ], [ 23.651056320499446, 45.570268871182684 ], [ 23.651056320499446, 45.570546648960459 ], [ 23.648834098277224, 45.570546648960459 ] ], [ [ 23.647167431610558, 45.568879982293794 ], [ 23.647722987166112, 45.568879982293794 ], [ 23.647722987166112, 45.568602204516012 ], [ 23.647167431610558, 45.568602204516012 ], [ 23.647167431610558, 45.568879982293794 ] ], [ [ 23.65438965383278, 45.568879982293794 ], [ 23.654667431610559, 45.568879982293794 ], [ 23.654667431610559, 45.568602204516012 ], [ 23.65438965383278, 45.568602204516012 ], [ 23.65438965383278, 45.568879982293794 ] ], [ [ 23.646056320499447, 45.568602204516012 ], [ 23.64688965383278, 45.568602204516012 ], [ 23.64688965383278, 45.568324426738236 ], [ 23.646056320499447, 45.568324426738236 ], [ 23.646056320499447, 45.568602204516012 ] ], [ [ 23.647722987166112, 45.568046648960461 ], [ 23.648000764943891, 45.568046648960461 ], [ 23.648000764943891, 45.567768871182679 ], [ 23.648556320499448, 45.567768871182679 ], [ 23.648556320499448, 45.567491093404904 ], [ 23.647722987166112, 45.567491093404904 ], [ 23.647722987166112, 45.568046648960461 ] ], [ [ 23.648556320499448, 45.568046648960461 ], [ 23.648834098277224, 45.568046648960461 ], [ 23.648834098277224, 45.567768871182679 ], [ 23.648556320499448, 45.567768871182679 ], [ 23.648556320499448, 45.568046648960461 ] ] ] } },
{ "type": "Feature", "properties": { "rank": 4, "lake_id": 1357337 }, "geometry": { "type": "Polygon", "coordinates": [ [ [ 23.922539673021259, 45.690120081035069 ], [ 23.922539673021259, 45.689842303257286 ], [ 23.921428561910147, 45.689842303257286 ], [ 23.921428561910147, 45.689564525479511 ], [ 23.921150784132369, 45.689564525479511 ], [ 23.921150784132369, 45.689008969923954 ], [ 23.92087300635459, 45.689008969923954 ], [ 23.92087300635459, 45.689286747701729 ], [ 23.920595228576815, 45.689286747701729 ], [ 23.920595228576815, 45.688731192146179 ], [ 23.921150784132369, 45.688731192146179 ], [ 23.921150784132369, 45.688453414368396 ], [ 23.921428561910147, 45.688453414368396 ], [ 23.921428561910147, 45.688175636590621 ], [ 23.920595228576815, 45.688175636590621 ], [ 23.920595228576815, 45.687897858812846 ], [ 23.920317450799036, 45.687897858812846 ], [ 23.920317450799036, 45.687620081035064 ], [ 23.920595228576815, 45.687620081035064 ], [ 23.920595228576815, 45.687342303257289 ], [ 23.920039673021257, 45.687342303257289 ], [ 23.920039673021257, 45.686786747701731 ], [ 23.920317450799036, 45.686786747701731 ], [ 23.920317450799036, 45.686508969923956 ], [ 23.921706339687926, 45.686508969923956 ], [ 23.921706339687926, 45.686231192146174 ], [ 23.922817450799034, 45.686231192146174 ], [ 23.922817450799034, 45.685953414368399 ], [ 23.923373006354591, 45.685953414368399 ], [ 23.923373006354591, 45.685675636590624 ], [ 23.924206339687924, 45.685675636590624 ], [ 23.924206339687924, 45.685397858812841 ], [ 23.924484117465703, 45.685397858812841 ], [ 23.924484117465703, 45.685120081035066 ], [ 23.925317450799035, 45.685120081035066 ], [ 23.925317450799035, 45.684842303257291 ], [ 23.927261895243479, 45.684842303257291 ], [ 23.927261895243479, 45.684564525479509 ], [ 23.927539673021258, 45.684564525479509 ], [ 23.927539673021258, 45.684842303257291 ], [ 23.92837300635459, 45.684842303257291 ], [ 23.92837300635459, 45.684564525479509 ], [ 23.928650784132369, 45.684564525479509 ], [ 23.928650784132369, 45.684286747701734 ], [ 23.928928561910148, 45.684286747701734 ], [ 23.928928561910148, 45.684008969923951 ], [ 23.929206339687923, 45.684008969923951 ], [ 23.929206339687923, 45.684564525479509 ], [ 23.929484117465702, 45.684564525479509 ], [ 23.929484117465702, 45.684842303257291 ], [ 23.92976189524348, 45.684842303257291 ], [ 23.92976189524348, 45.685397858812841 ], [ 23.929484117465702, 45.685397858812841 ], [ 23.929484117465702, 45.685675636590624 ], [ 23.928650784132369, 45.685675636590624 ], [ 23.928650784132369, 45.685953414368399 ], [ 23.927817450799036, 45.685953414368399 ], [ 23.927817450799036, 45.686231192146174 ], [ 23.927539673021258, 45.686231192146174 ], [ 23.927539673021258, 45.686508969923956 ], [ 23.928095228576812, 45.686508969923956 ], [ 23.928095228576812, 45.686231192146174 ], [ 23.928650784132369, 45.686231192146174 ], [ 23.928650784132369, 45.687064525479506 ], [ 23.928928561910148, 45.687064525479506 ], [ 23.928928561910148, 45.687620081035064 ], [ 23.92837300635459, 45.687620081035064 ], [ 23.92837300635459, 45.687897858812846 ], [ 23.926984117465704, 45.687897858812846 ], [ 23.926984117465704, 45.688175636590621 ], [ 23.926706339687925, 45.688175636590621 ], [ 23.926706339687925, 45.687897858812846 ], [ 23.925873006354593, 45.687897858812846 ], [ 23.925873006354593, 45.688175636590621 ], [ 23.924484117465703, 45.688175636590621 ], [ 23.924484117465703, 45.688453414368396 ], [ 23.924206339687924, 45.688453414368396 ], [ 23.924206339687924, 45.688731192146179 ], [ 23.923928561910145, 45.688731192146179 ], [ 23.923928561910145, 45.689842303257286 ], [ 23.92365078413237, 45.689842303257286 ], [ 23.92365078413237, 45.689564525479511 ], [ 23.923095228576813, 45.689564525479511 ], [ 23.923095228576813, 45.689842303257286 ], [ 23.922817450799034, 45.689842303257286 ], [ 23.922817450799034, 45.690120081035069 ], [ 23.922539673021259, 45.690120081035069 ] ], [ [ 23.921706339687926, 45.689564525479511 ], [ 23.921984117465701, 45.689564525479511 ], [ 23.921984117465701, 45.689286747701729 ], [ 23.921706339687926, 45.689286747701729 ], [ 23.921706339687926, 45.689564525479511 ] ], [ [ 23.922539673021259, 45.689286747701729 ], [ 23.923095228576813, 45.689286747701729 ], [ 23.923095228576813, 45.689008969923954 ], [ 23.922539673021259, 45.689008969923954 ], [ 23.922539673021259, 45.689286747701729 ] ], [ [ 23.926706339687925, 45.687064525479506 ], [ 23.926984117465704, 45.687064525479506 ], [ 23.926984117465704, 45.686786747701731 ], [ 23.926706339687925, 45.686786747701731 ], [ 23.926706339687925, 45.687064525479506 ] ], [ [ 23.926984117465704, 45.686786747701731 ], [ 23.927539673021258, 45.686786747701731 ], [ 23.927539673021258, 45.686508969923956 ], [ 23.926984117465704, 45.686508969923956 ], [ 23.926984117465704, 45.686786747701731 ] ] ] } },
{ "type": "Feature", "properties": { "rank": 5, "lake_id": 169296 }, "geometry": { "type": "Polygon", "coordinates": [ [ [ 22.678311689341321, 46.765329770705321 ], [ 22.678311689341321, 46.765051992927546 ], [ 22.677756133785763, 46.765051992927546 ], [ 22.677756133785763, 46.764496437371989 ], [ 22.677478356007985, 46.764496437371989 ], [ 22.677478356007985, 46.764218659594214 ], [ 22.676922800452431, 46.764218659594214 ], [ 22.676922800452431, 46.763940881816431 ], [ 22.676645022674652, 46.763940881816431 ], [ 22.676645022674652, 46.763663104038656 ], [ 22.676367244896873, 46.763663104038656 ], [ 22.676367244896873, 46.763385326260881 ], [ 22.67581168934132, 46.763385326260881 ], [ 22.67581168934132, 46.763663104038656 ], [ 22.675256133785766, 46.763663104038656 ], [ 22.675256133785766, 46.763940881816431 ], [ 22.67442280045243, 46.763940881816431 ], [ 22.67442280045243, 46.762829770705324 ], [ 22.674145022674654, 46.762829770705324 ], [ 22.674145022674654, 46.761718659594209 ], [ 22.673867244896876, 46.761718659594209 ], [ 22.673867244896876, 46.761996437371991 ], [ 22.673589467119097, 46.761996437371991 ], [ 22.673589467119097, 46.762274215149766 ], [ 22.673033911563543, 46.762274215149766 ], [ 22.673033911563543, 46.760885326260876 ], [ 22.673311689341318, 46.760885326260876 ], [ 22.673311689341318, 46.760329770705326 ], [ 22.673589467119097, 46.760329770705326 ], [ 22.673589467119097, 46.759774215149768 ], [ 22.673867244896876, 46.759774215149768 ], [ 22.673867244896876, 46.759496437371986 ], [ 22.674145022674654, 46.759496437371986 ], [ 22.674145022674654, 46.759774215149768 ], [ 22.674700578230208, 46.759774215149768 ], [ 22.674700578230208, 46.759496437371986 ], [ 22.67442280045243, 46.759496437371986 ], [ 22.67442280045243, 46.758940881816436 ], [ 22.674978356007987, 46.758940881816436 ], [ 22.674978356007987, 46.758663104038654 ], [ 22.675533911563541, 46.758663104038654 ], [ 22.675533911563541, 46.758940881816436 ], [ 22.676089467119098, 46.758940881816436 ], [ 22.676089467119098, 46.759218659594211 ], [ 22.676645022674652, 46.759218659594211 ], [ 22.676645022674652, 46.759496437371986 ], [ 22.676367244896873, 46.759496437371986 ], [ 22.676367244896873, 46.759774215149768 ], [ 22.676089467119098, 46.759774215149768 ], [ 22.676089467119098, 46.760051992927544 ], [ 22.675256133785766, 46.760051992927544 ], [ 22.675256133785766, 46.760329770705326 ], [ 22.676367244896873, 46.760329770705326 ], [ 22.676367244896873, 46.760051992927544 ], [ 22.676645022674652, 46.760051992927544 ], [ 22.676645022674652, 46.759774215149768 ], [ 22.677478356007985, 46.759774215149768 ], [ 22.677478356007985, 46.759496437371986 ], [ 22.678311689341321, 46.759496437371986 ], [ 22.678311689341321, 46.759774215149768 ], [ 22.679145022674653, 46.759774215149768 ], [ 22.679145022674653, 46.760051992927544 ], [ 22.679422800452432, 46.760051992927544 ], [ 22.679422800452432, 46.760329770705326 ], [ 22.680811689341319, 46.760329770705326 ], [ 22.680811689341319, 46.760607548483101 ], [ 22.68192280045243, 46.760607548483101 ], [ 22.68192280045243, 46.761440881816434 ], [ 22.682200578230209, 46.761440881816434 ], [ 22.682200578230209, 46.761718659594209 ], [ 22.682756133785762, 46.761718659594209 ], [ 22.682756133785762, 46.761996437371991 ], [ 22.683033911563541, 46.761996437371991 ], [ 22.683033911563541, 46.762551992927541 ], [ 22.682756133785762, 46.762551992927541 ], [ 22.682756133785762, 46.762274215149766 ], [ 22.682200578230209, 46.762274215149766 ], [ 22.682200578230209, 46.761996437371991 ], [ 22.681645022674655, 46.761996437371991 ], [ 22.681645022674655, 46.761718659594209 ], [ 22.681367244896876, 46.761718659594209 ], [ 22.681367244896876, 46.761163104038658 ], [ 22.681089467119097, 46.761163104038658 ], [ 22.681089467119097, 46.761440881816434 ], [ 22.680811689341319, 46.761440881816434 ], [ 22.680811689341319, 46.760885326260876 ], [ 22.678867244896875, 46.760885326260876 ], [ 22.678867244896875, 46.761163104038658 ], [ 22.677478356007985, 46.761163104038658 ], [ 22.677478356007985, 46.761440881816434 ], [ 22.676922800452431, 46.761440881816434 ], [ 22.676922800452431, 46.761163104038658 ], [ 22.676645022674652, 46.761163104038658 ], [ 22.676645022674652, 46.761440881816434 ], [ 22.676367244896873, 46.761440881816434 ], [ 22.676367244896873, 46.761718659594209 ], [ 22.676089467119098, 46.761718659594209 ], [ 22.676089467119098, 46.761996437371991 ], [ 22.676922800452431, 46.761996437371991 ], [ 22.676922800452431, 46.761718659594209 ], [ 22.677756133785763, 46.761718659594209 ], [ 22.677756133785763, 46.761996437371991 ], [ 22.678033911563542, 46.761996437371991 ], [ 22.678033911563542, 46.761718659594209 ], [ 22.678867244896875, 46.761718659594209 ], [ 22.678867244896875, 46.761440881816434 ], [ 22.679422800452432, 46.761440881816434 ], [ 22.679422800452432, 46.761163104038658 ], [ 22.679978356007986, 46.761163104038658 ], [ 22.679978356007986, 46.761440881816434 ], [ 22.680256133785765, 46.761440881816434 ], [ 22.680256133785765, 46.761996437371991 ], [ 22.679422800452432, 46.761996437371991 ], [ 22.679422800452432, 46.762274215149766 ], [ 22.679145022674653, 46.762274215149766 ], [ 22.679145022674653, 46.762551992927541 ], [ 22.679978356007986, 46.762551992927541 ], [ 22.679978356007986, 46.763107548483099 ], [ 22.679700578230207, 46.763107548483099 ], [ 22.679700578230207, 46.763385326260881 ], [ 22.680256133785765, 46.763385326260881 ], [ 22.680256133785765, 46.763663104038656 ], [ 22.680811689341319, 46.763663104038656 ], [ 22.680811689341319, 46.764218659594214 ], [ 22.679422800452432, 46.764218659594214 ], [ 22.679422800452432, 46.763940881816431 ], [ 22.679145022674653, 46.763940881816431 ], [ 22.679145022674653, 46.763663104038656 ], [ 22.678311689341321, 46.763663104038656 ], [ 22.678311689341321, 46.764218659594214 ], [ 22.678589467119096, 46.764218659594214 ], [ 22.678589467119096, 46.764774215149764 ], [ 22.678867244896875, 46.764774215149764 ], [ 22.678867244896875, 46.765329770705321 ], [ 22.678311689341321, 46.765329770705321 ] ], [ [ 22.678589467119096, 46.763385326260881 ], [ 22.678867244896875, 46.763385326260881 ], [ 22.678867244896875, 46.763107548483099 ], [ 22.678589467119096, 46.763107548483099 ], [ 22.678589467119096, 46.763385326260881 ] ], [ [ 22.678867244896875, 46.763107548483099 ], [ 22.679145022674653, 46.763107548483099 ], [ 22.679145022674653, 46.762829770705324 ], [ 22.678867244896875, 46.762829770705324 ], [ 22.678867244896875, 46.763107548483099 ] ], [ [ 22.674978356007987, 46.762551992927541 ], [ 22.675256133785766, 46.762551992927541 ], [ 22.675256133785766, 46.762274215149766 ], [ 22.674978356007987, 46.762274215149766 ], [ 22.674978356007987, 46.762551992927541 ] ], [ [ 22.678589467119096, 46.762274215149766 ], [ 22.678867244896875, 46.762274215149766 ], [ 22.678867244896875, 46.761996437371991 ], [ 22.678589467119096, 46.761996437371991 ], [ 22.678589467119096, 46.762274215149766 ] ], [ [ 22.67442280045243, 46.761163104038658 ], [ 22.674700578230208, 46.761163104038658 ], [ 22.674700578230208, 46.760885326260876 ], [ 22.67442280045243, 46.760885326260876 ], [ 22.67442280045243, 46.761163104038658 ] ], [ [ 22.673867244896876, 46.760885326260876 ], [ 22.67442280045243, 46.760885326260876 ], [ 22.67442280045243, 46.760607548483101 ], [ 22.673867244896876, 46.760607548483101 ], [ 22.673867244896876, 46.760885326260876 ] ], [ [ 22.674978356007987, 46.760051992927544 ], [ 22.675256133785766, 46.760051992927544 ], [ 22.675256133785766, 46.759774215149768 ], [ 22.674978356007987, 46.759774215149768 ], [ 22.674978356007987, 46.760051992927544 ] ] ] } },
{ "type": "Feature", "properties": { "rank": 6, "lake_id": 1359260 }, "geometry": { "type": "Polygon", "coordinates": [ [ [ 25.760982375152739, 45.278742721008491 ], [ 25.760982375152739, 45.278187165452934 ], [ 25.760704597374961, 45.278187165452934 ], [ 25.760704597374961, 45.277909387675159 ], [ 25.759315708486071, 45.277909387675159 ], [ 25.759315708486071, 45.277353832119601 ], [ 25.759037930708292, 45.277353832119601 ], [ 25.759037930708292, 45.277076054341826 ], [ 25.758760152930517, 45.277076054341826 ], [ 25.758760152930517, 45.276798276564044 ], [ 25.758204597374959, 45.276798276564044 ], [ 25.758204597374959, 45.276520498786269 ], [ 25.757926819597181, 45.276520498786269 ], [ 25.757926819597181, 45.275964943230711 ], [ 25.758204597374959, 45.275964943230711 ], [ 25.758204597374959, 45.276242721008494 ], [ 25.758760152930517, 45.276242721008494 ], [ 25.758760152930517, 45.275964943230711 ], [ 25.759037930708292, 45.275964943230711 ], [ 25.759037930708292, 45.275687165452936 ], [ 25.759593486263849, 45.275687165452936 ], [ 25.759593486263849, 45.275409387675161 ], [ 25.760149041819403, 45.275409387675161 ], [ 25.760149041819403, 45.275131609897379 ], [ 25.760426819597182, 45.275131609897379 ], [ 25.760426819597182, 45.274853832119604 ], [ 25.761260152930515, 45.274853832119604 ], [ 25.761260152930515, 45.274298276564046 ], [ 25.761537930708293, 45.274298276564046 ], [ 25.761537930708293, 45.273464943230714 ], [ 25.761260152930515, 45.273464943230714 ], [ 25.761260152930515, 45.273187165452939 ], [ 25.762093486263847, 45.273187165452939 ], [ 25.762093486263847, 45.273742721008489 ], [ 25.762371264041626, 45.273742721008489 ], [ 25.762371264041626, 45.273464943230714 ], [ 25.762926819597183, 45.273464943230714 ], [ 25.762926819597183, 45.273742721008489 ], [ 25.763482375152737, 45.273742721008489 ], [ 25.763482375152737, 45.273464943230714 ], [ 25.76431570848607, 45.273464943230714 ], [ 25.76431570848607, 45.273742721008489 ], [ 25.764593486263848, 45.273742721008489 ], [ 25.764593486263848, 45.274020498786271 ], [ 25.764871264041627, 45.274020498786271 ], [ 25.764871264041627, 45.273742721008489 ], [ 25.765149041819406, 45.273742721008489 ], [ 25.765149041819406, 45.274020498786271 ], [ 25.76570459737496, 45.274020498786271 ], [ 25.76570459737496, 45.274298276564046 ], [ 25.765982375152738, 45.274298276564046 ], [ 25.765982375152738, 45.274020498786271 ], [ 25.766260152930517, 45.274020498786271 ], [ 25.766260152930517, 45.273742721008489 ], [ 25.76709348626385, 45.273742721008489 ], [ 25.76709348626385, 45.274020498786271 ], [ 25.767371264041625, 45.274020498786271 ], [ 25.767371264041625, 45.273187165452939 ], [ 25.767649041819404, 45.273187165452939 ], [ 25.767649041819404, 45.274020498786271 ], [ 25.767926819597182, 45.274020498786271 ], [ 25.767926819597182, 45.274298276564046 ], [ 25.767649041819404, 45.274298276564046 ], [ 25.767649041819404, 45.274576054341821 ], [ 25.768204597374961, 45.274576054341821 ], [ 25.768204597374961, 45.275687165452936 ], [ 25.767926819597182, 45.275687165452936 ], [ 25.767926819597182, 45.276242721008494 ], [ 25.767371264041625, 45.276242721008494 ], [ 25.767371264041625, 45.276520498786269 ], [ 25.767649041819404, 45.276520498786269 ], [ 25.767649041819404, 45.276798276564044 ], [ 25.767371264041625, 45.276798276564044 ], [ 25.767371264041625, 45.277076054341826 ], [ 25.76709348626385, 45.277076054341826 ], [ 25.76709348626385, 45.277353832119601 ], [ 25.766815708486071, 45.277353832119601 ], [ 25.766815708486071, 45.277076054341826 ], [ 25.766537930708292, 45.277076054341826 ], [ 25.766537930708292, 45.276798276564044 ], [ 25.766260152930517, 45.276798276564044 ], [ 25.766260152930517, 45.277353832119601 ], [ 25.76570459737496, 45.277353832119601 ], [ 25.76570459737496, 45.277909387675159 ], [ 25.765149041819406, 45.277909387675159 ], [ 25.765149041819406, 45.277631609897384 ], [ 25.764593486263848, 45.277631609897384 ], [ 25.764593486263848, 45.277353832119601 ], [ 25.764037930708295, 45.277353832119601 ], [ 25.764037930708295, 45.277631609897384 ], [ 25.763760152930516, 45.277631609897384 ], [ 25.763760152930516, 45.277909387675159 ], [ 25.762371264041626, 45.277909387675159 ], [ 25.762371264041626, 45.278187165452934 ], [ 25.763204597374958, 45.278187165452934 ], [ 25.763204597374958, 45.278742721008491 ], [ 25.760982375152739, 45.278742721008491 ] ], [ [ 25.762093486263847, 45.277631609897384 ], [ 25.762926819597183, 45.277631609897384 ], [ 25.762926819597183, 45.277353832119601 ], [ 25.762649041819405, 45.277353832119601 ], [ 25.762649041819405, 45.277076054341826 ], [ 25.761815708486072, 45.277076054341826 ], [ 25.761815708486072, 45.277353832119601 ], [ 25.762093486263847, 45.277353832119601 ], [ 25.762093486263847, 45.277631609897384 ] ], [ [ 25.765426819597181, 45.277353832119601 ], [ 25.76570459737496, 45.277353832119601 ], [ 25.76570459737496, 45.277076054341826 ], [ 25.765426819597181, 45.277076054341826 ], [ 25.765426819597181, 45.277353832119601 ] ], [ [ 25.759315708486071, 45.277076054341826 ], [ 25.759871264041628, 45.277076054341826 ], [ 25.759871264041628, 45.276798276564044 ], [ 25.759315708486071, 45.276798276564044 ], [ 25.759315708486071, 45.277076054341826 ] ], [ [ 25.765982375152738, 45.276798276564044 ], [ 25.766260152930517, 45.276798276564044 ], [ 25.766260152930517, 45.276520498786269 ], [ 25.765982375152738, 45.276520498786269 ], [ 25.765982375152738, 45.276798276564044 ] ], [ [ 25.763204597374958, 45.276520498786269 ], [ 25.764871264041627, 45.276520498786269 ], [ 25.764871264041627, 45.276242721008494 ], [ 25.764593486263848, 45.276242721008494 ], [ 25.764593486263848, 45.275964943230711 ], [ 25.76431570848607, 45.275964943230711 ], [ 25.76431570848607, 45.276242721008494 ], [ 25.763760152930516, 45.276242721008494 ], [ 25.763760152930516, 45.275964943230711 ], [ 25.762649041819405, 45.275964943230711 ], [ 25.762649041819405, 45.276242721008494 ], [ 25.763204597374958, 45.276242721008494 ], [ 25.763204597374958, 45.276520498786269 ] ], [ [ 25.765149041819406, 45.276520498786269 ], [ 25.765982375152738, 45.276520498786269 ], [ 25.765982375152738, 45.276242721008494 ], [ 25.765149041819406, 45.276242721008494 ], [ 25.765149041819406, 45.276520498786269 ] ], [ [ 25.760426819597182, 45.276242721008494 ], [ 25.760982375152739, 45.276242721008494 ], [ 25.760982375152739, 45.275687165452936 ], [ 25.760426819597182, 45.275687165452936 ], [ 25.760426819597182, 45.276242721008494 ] ], [ [ 25.762093486263847, 45.276242721008494 ], [ 25.762371264041626, 45.276242721008494 ], [ 25.762371264041626, 45.275964943230711 ], [ 25.762093486263847, 45.275964943230711 ], [ 25.762093486263847, 45.276242721008494 ] ], [ [ 25.765982375152738, 45.276242721008494 ], [ 25.76709348626385, 45.276242721008494 ], [ 25.76709348626385, 45.275964943230711 ], [ 25.766537930708292, 45.275964943230711 ], [ 25.766537930708292, 45.275687165452936 ], [ 25.765982375152738, 45.275687165452936 ], [ 25.765982375152738, 45.275409387675161 ], [ 25.76570459737496, 45.275409387675161 ], [ 25.76570459737496, 45.275131609897379 ], [ 25.765426819597181, 45.275131609897379 ], [ 25.765426819597181, 45.275687165452936 ], [ 25.76570459737496, 45.275687165452936 ], [ 25.76570459737496, 45.275964943230711 ], [ 25.765982375152738, 45.275964943230711 ], [ 25.765982375152738, 45.276242721008494 ] ], [ [ 25.766537930708292, 45.275687165452936 ], [ 25.766815708486071, 45.275687165452936 ], [ 25.766815708486071, 45.275409387675161 ], [ 25.766537930708292, 45.275409387675161 ], [ 25.766537930708292, 45.275687165452936 ] ], [ [ 25.763204597374958, 45.274853832119604 ], [ 25.763760152930516, 45.274853832119604 ], [ 25.763760152930516, 45.274576054341821 ], [ 25.763482375152737, 45.274576054341821 ], [ 25.763482375152737, 45.274298276564046 ], [ 25.762926819597183, 45.274298276564046 ], [ 25.762926819597183, 45.274576054341821 ], [ 25.763204597374958, 45.274576054341821 ], [ 25.763204597374958, 45.274853832119604 ] ] ] } },
{ "type": "Feature", "properties": { "rank": 7, "lake_id": 169407 }, "geometry": { "type": "Polygon", "coordinates": [ [ [ 22.962045144187112, 46.634273998135868 ], [ 22.962045144187112, 46.633996220358085 ], [ 22.961767366409333, 46.633996220358085 ], [ 22.961767366409333, 46.63371844258031 ], [ 22.961211810853779, 46.63371844258031 ], [ 22.961211810853779, 46.633440664802535 ], [ 22.960378477520443, 46.633440664802535 ], [ 22.960378477520443, 46.632885109246978 ], [ 22.960656255298222, 46.632885109246978 ], [ 22.960656255298222, 46.632607331469195 ], [ 22.960100699742668, 46.632607331469195 ], [ 22.960100699742668, 46.632885109246978 ], [ 22.959822921964889, 46.632885109246978 ], [ 22.959822921964889, 46.632607331469195 ], [ 22.959545144187111, 46.632607331469195 ], [ 22.959545144187111, 46.632051775913645 ], [ 22.959822921964889, 46.632051775913645 ], [ 22.959822921964889, 46.63232955369142 ], [ 22.960656255298222, 46.63232955369142 ], [ 22.960656255298222, 46.63094066480253 ], [ 22.960100699742668, 46.63094066480253 ], [ 22.960100699742668, 46.630662887024755 ], [ 22.959545144187111, 46.630662887024755 ], [ 22.959545144187111, 46.63094066480253 ], [ 22.959822921964889, 46.63094066480253 ], [ 22.959822921964889, 46.631218442580312 ], [ 22.959267366409332, 46.631218442580312 ], [ 22.959267366409332, 46.63094066480253 ], [ 22.958989588631557, 46.63094066480253 ], [ 22.958989588631557, 46.630662887024755 ], [ 22.958711810853778, 46.630662887024755 ], [ 22.958711810853778, 46.630107331469198 ], [ 22.958989588631557, 46.630107331469198 ], [ 22.958989588631557, 46.629273998135865 ], [ 22.959267366409332, 46.629273998135865 ], [ 22.959267366409332, 46.62899622035809 ], [ 22.959545144187111, 46.62899622035809 ], [ 22.959545144187111, 46.628718442580308 ], [ 22.960100699742668, 46.628718442580308 ], [ 22.960100699742668, 46.628440664802532 ], [ 22.960378477520443, 46.628440664802532 ], [ 22.960378477520443, 46.6276073314692 ], [ 22.961211810853779, 46.6276073314692 ], [ 22.961211810853779, 46.627329553691418 ], [ 22.962322921964891, 46.627329553691418 ], [ 22.962322921964891, 46.6276073314692 ], [ 22.963156255298223, 46.6276073314692 ], [ 22.963156255298223, 46.627329553691418 ], [ 22.963989588631556, 46.627329553691418 ], [ 22.963989588631556, 46.627051775913642 ], [ 22.96454514418711, 46.627051775913642 ], [ 22.96454514418711, 46.6276073314692 ], [ 22.964822921964888, 46.6276073314692 ], [ 22.964822921964888, 46.627885109246975 ], [ 22.965100699742667, 46.627885109246975 ], [ 22.965100699742667, 46.6276073314692 ], [ 22.965656255298221, 46.6276073314692 ], [ 22.965656255298221, 46.627885109246975 ], [ 22.966211810853778, 46.627885109246975 ], [ 22.966211810853778, 46.6276073314692 ], [ 22.966489588631557, 46.6276073314692 ], [ 22.966489588631557, 46.628440664802532 ], [ 22.966767366409332, 46.628440664802532 ], [ 22.966767366409332, 46.628718442580308 ], [ 22.967045144187111, 46.628718442580308 ], [ 22.967045144187111, 46.629273998135865 ], [ 22.96732292196489, 46.629273998135865 ], [ 22.96732292196489, 46.62955177591364 ], [ 22.967600699742668, 46.62955177591364 ], [ 22.967600699742668, 46.629829553691422 ], [ 22.968156255298222, 46.629829553691422 ], [ 22.968156255298222, 46.62955177591364 ], [ 22.968989588631555, 46.62955177591364 ], [ 22.968989588631555, 46.629829553691422 ], [ 22.96871181085378, 46.629829553691422 ], [ 22.96871181085378, 46.630107331469198 ], [ 22.969545144187112, 46.630107331469198 ], [ 22.969545144187112, 46.629829553691422 ], [ 22.970100699742666, 46.629829553691422 ], [ 22.970100699742666, 46.630107331469198 ], [ 22.970656255298223, 46.630107331469198 ], [ 22.970656255298223, 46.63094066480253 ], [ 22.970378477520445, 46.63094066480253 ], [ 22.970378477520445, 46.631773998135863 ], [ 22.970100699742666, 46.631773998135863 ], [ 22.970100699742666, 46.63232955369142 ], [ 22.969822921964887, 46.63232955369142 ], [ 22.969822921964887, 46.632607331469195 ], [ 22.969545144187112, 46.632607331469195 ], [ 22.969545144187112, 46.632885109246978 ], [ 22.969267366409333, 46.632885109246978 ], [ 22.969267366409333, 46.632607331469195 ], [ 22.968989588631555, 46.632607331469195 ], [ 22.968989588631555, 46.63232955369142 ], [ 22.967878477520443, 46.63232955369142 ], [ 22.967878477520443, 46.631773998135863 ], [ 22.968989588631555, 46.631773998135863 ], [ 22.968989588631555, 46.631496220358088 ], [ 22.96871181085378, 46.631496220358088 ], [ 22.96871181085378, 46.631218442580312 ], [ 22.968156255298222, 46.631218442580312 ], [ 22.968156255298222, 46.63094066480253 ], [ 22.967878477520443, 46.63094066480253 ], [ 22.967878477520443, 46.630662887024755 ], [ 22.967600699742668, 46.630662887024755 ], [ 22.967600699742668, 46.63038510924698 ], [ 22.96732292196489, 46.63038510924698 ], [ 22.96732292196489, 46.630107331469198 ], [ 22.966767366409332, 46.630107331469198 ], [ 22.966767366409332, 46.629829553691422 ], [ 22.966489588631557, 46.629829553691422 ], [ 22.966489588631557, 46.63038510924698 ], [ 22.966211810853778, 46.63038510924698 ], [ 22.966211810853778, 46.63094066480253 ], [ 22.964822921964888, 46.63094066480253 ], [ 22.964822921964888, 46.631218442580312 ], [ 22.963711810853777, 46.631218442580312 ], [ 22.963711810853777, 46.63094066480253 ], [ 22.963156255298223, 46.63094066480253 ], [ 22.963156255298223, 46.630662887024755 ], [ 22.962878477520444, 46.630662887024755 ], [ 22.962878477520444, 46.63038510924698 ], [ 22.962322921964891, 46.63038510924698 ], [ 22.962322921964891, 46.63094066480253 ], [ 22.962600699742666, 46.63094066480253 ], [ 22.962600699742666, 46.631218442580312 ], [ 22.963156255298223, 46.631218442580312 ], [ 22.963156255298223, 46.631496220358088 ], [ 22.963989588631556, 46.631496220358088 ], [ 22.963989588631556, 46.631773998135863 ], [ 22.964267366409334, 46.631773998135863 ], [ 22.964267366409334, 46.632051775913645 ], [ 22.96454514418711, 46.632051775913645 ], [ 22.96454514418711, 46.631773998135863 ], [ 22.964822921964888, 46.631773998135863 ], [ 22.964822921964888, 46.63232955369142 ], [ 22.963711810853777, 46.63232955369142 ], [ 22.963711810853777, 46.632607331469195 ], [ 22.963156255298223, 46.632607331469195 ], [ 22.963156255298223, 46.63232955369142 ], [ 22.962878477520444, 46.63232955369142 ], [ 22.962878477520444, 46.632051775913645 ], [ 22.962600699742666, 46.632051775913645 ], [ 22.962600699742666, 46.633440664802535 ], [ 22.962322921964891, 46.633440664802535 ], [ 22.962322921964891, 46.63371844258031 ], [ 22.962600699742666, 46.63371844258031 ], [ 22.962600699742666, 46.633996220358085 ], [ 22.962322921964891, 46.633996220358085 ], [ 22.962322921964891, 46.634273998135868 ], [ 22.962045144187112, 46.634273998135868 ] ], [ [ 22.961211810853779, 46.632051775913645 ], [ 22.961767366409333, 46.632051775913645 ], [ 22.961767366409333, 46.631773998135863 ], [ 22.962045144187112, 46.631773998135863 ], [ 22.962045144187112, 46.631496220358088 ], [ 22.961489588631554, 46.631496220358088 ], [ 22.961489588631554, 46.631773998135863 ], [ 22.961211810853779, 46.631773998135863 ], [ 22.961211810853779, 46.632051775913645 ] ], [ [ 22.962322921964891, 46.632051775913645 ], [ 22.962600699742666, 46.632051775913645 ], [ 22.962600699742666, 46.631773998135863 ], [ 22.962322921964891, 46.631773998135863 ], [ 22.962322921964891, 46.632051775913645 ] ], [ [ 22.961211810853779, 46.631496220358088 ], [ 22.961489588631554, 46.631496220358088 ], [ 22.961489588631554, 46.631218442580312 ], [ 22.961211810853779, 46.631218442580312 ], [ 22.961211810853779, 46.631496220358088 ] ], [ [ 22.968989588631555, 46.631218442580312 ], [ 22.969545144187112, 46.631218442580312 ], [ 22.969545144187112, 46.63094066480253 ], [ 22.969267366409333, 46.63094066480253 ], [ 22.969267366409333, 46.630662887024755 ], [ 22.96871181085378, 46.630662887024755 ], [ 22.96871181085378, 46.63038510924698 ], [ 22.968434033076001, 46.63038510924698 ], [ 22.968434033076001, 46.63094066480253 ], [ 22.968989588631555, 46.63094066480253 ], [ 22.968989588631555, 46.631218442580312 ] ], [ [ 22.964267366409334, 46.63094066480253 ], [ 22.96454514418711, 46.63094066480253 ], [ 22.96454514418711, 46.63038510924698 ], [ 22.964267366409334, 46.63038510924698 ], [ 22.964267366409334, 46.629829553691422 ], [ 22.963989588631556, 46.629829553691422 ], [ 22.963989588631556, 46.629273998135865 ], [ 22.963434033076002, 46.629273998135865 ], [ 22.963434033076002, 46.62899622035809 ], [ 22.963156255298223, 46.62899622035809 ], [ 22.963156255298223, 46.630107331469198 ], [ 22.963434033076002, 46.630107331469198 ], [ 22.963434033076002, 46.63038510924698 ], [ 22.963989588631556, 46.63038510924698 ], [ 22.963989588631556, 46.630662887024755 ], [ 22.964267366409334, 46.630662887024755 ], [ 22.964267366409334, 46.63094066480253 ] ], [ [ 22.960100699742668, 46.630662887024755 ], [ 22.960934033076001, 46.630662887024755 ], [ 22.960934033076001, 46.630107331469198 ], [ 22.960100699742668, 46.630107331469198 ], [ 22.960100699742668, 46.630662887024755 ] ], [ [ 22.959545144187111, 46.629829553691422 ], [ 22.960378477520443, 46.629829553691422 ], [ 22.960378477520443, 46.62955177591364 ], [ 22.960934033076001, 46.62955177591364 ], [ 22.960934033076001, 46.629273998135865 ], [ 22.961211810853779, 46.629273998135865 ], [ 22.961211810853779, 46.62899622035809 ], [ 22.960378477520443, 46.62899622035809 ], [ 22.960378477520443, 46.629273998135865 ], [ 22.960100699742668, 46.629273998135865 ], [ 22.960100699742668, 46.62955177591364 ], [ 22.959545144187111, 46.62955177591364 ], [ 22.959545144187111, 46.629829553691422 ] ], [ [ 22.961211810853779, 46.62899622035809 ], [ 22.962045144187112, 46.62899622035809 ], [ 22.962045144187112, 46.628718442580308 ], [ 22.961211810853779, 46.628718442580308 ], [ 22.961211810853779, 46.62899622035809 ] ], [ [ 22.962878477520444, 46.62899622035809 ], [ 22.963156255298223, 46.62899622035809 ], [ 22.963156255298223, 46.628718442580308 ], [ 22.962878477520444, 46.628718442580308 ], [ 22.962878477520444, 46.62899622035809 ] ], [ [ 22.965378477520446, 46.628440664802532 ], [ 22.965656255298221, 46.628440664802532 ], [ 22.965656255298221, 46.628162887024757 ], [ 22.965378477520446, 46.628162887024757 ], [ 22.965378477520446, 46.628440664802532 ] ], [ [ 22.965100699742667, 46.628162887024757 ], [ 22.965378477520446, 46.628162887024757 ], [ 22.965378477520446, 46.627885109246975 ], [ 22.965100699742667, 46.627885109246975 ], [ 22.965100699742667, 46.628162887024757 ] ] ] } },
{ "type": "Feature", "properties": { "rank": 8, "lake_id": 170205 }, "geometry": { "type": "Polygon", "coordinates": [ [ [ 27.252013875344417, 46.003742585374901 ], [ 27.252013875344417, 46.003464807597126 ], [ 27.251736097566639, 46.003464807597126 ], [ 27.251736097566639, 46.003187029819351 ], [ 27.251180542011081, 46.003187029819351 ], [ 27.251180542011081, 46.002909252041569 ], [ 27.250624986455527, 46.002909252041569 ], [ 27.250624986455527, 46.002631474263794 ], [ 27.250069430899973, 46.002631474263794 ], [ 27.250069430899973, 46.002353696486011 ], [ 27.249236097566637, 46.002353696486011 ], [ 27.249236097566637, 46.002075918708236 ], [ 27.248958319788862, 46.002075918708236 ], [ 27.248958319788862, 46.001798140930461 ], [ 27.248680542011083, 46.001798140930461 ], [ 27.248680542011083, 46.001520363152679 ], [ 27.248958319788862, 46.001520363152679 ], [ 27.248958319788862, 46.001242585374904 ], [ 27.249236097566637, 46.001242585374904 ], [ 27.249236097566637, 46.000687029819346 ], [ 27.249513875344416, 46.000687029819346 ], [ 27.249513875344416, 45.999853696486014 ], [ 27.250347208677749, 45.999853696486014 ], [ 27.250347208677749, 45.999575918708238 ], [ 27.250624986455527, 45.999575918708238 ], [ 27.250624986455527, 45.999020363152681 ], [ 27.250902764233306, 45.999020363152681 ], [ 27.250902764233306, 45.998742585374906 ], [ 27.251180542011081, 45.998742585374906 ], [ 27.251180542011081, 45.998187029819348 ], [ 27.25145831978886, 45.998187029819348 ], [ 27.25145831978886, 45.997909252041573 ], [ 27.251180542011081, 45.997909252041573 ], [ 27.251180542011081, 45.996520363152683 ], [ 27.250902764233306, 45.996520363152683 ], [ 27.250902764233306, 45.996242585374901 ], [ 27.250624986455527, 45.996242585374901 ], [ 27.250624986455527, 45.995964807597126 ], [ 27.250347208677749, 45.995964807597126 ], [ 27.250347208677749, 45.995687029819351 ], [ 27.252291653122192, 45.995687029819351 ], [ 27.252291653122192, 45.995964807597126 ], [ 27.253402764233304, 45.995964807597126 ], [ 27.253402764233304, 45.996242585374901 ], [ 27.253958319788861, 45.996242585374901 ], [ 27.253958319788861, 45.996520363152683 ], [ 27.254513875344415, 45.996520363152683 ], [ 27.254513875344415, 45.996798140930458 ], [ 27.255069430899972, 45.996798140930458 ], [ 27.255069430899972, 45.997075918708234 ], [ 27.255347208677751, 45.997075918708234 ], [ 27.255347208677751, 45.997353696486016 ], [ 27.255624986455526, 45.997353696486016 ], [ 27.255624986455526, 45.997631474263791 ], [ 27.255902764233305, 45.997631474263791 ], [ 27.255902764233305, 45.997909252041573 ], [ 27.256180542011084, 45.997909252041573 ], [ 27.256180542011084, 45.998464807597124 ], [ 27.256458319788859, 45.998464807597124 ], [ 27.256458319788859, 46.000964807597128 ], [ 27.256180542011084, 46.000964807597128 ], [ 27.256180542011084, 46.001520363152679 ], [ 27.255902764233305, 46.001520363152679 ], [ 27.255902764233305, 46.001798140930461 ], [ 27.255624986455526, 46.001798140930461 ], [ 27.255624986455526, 46.002075918708236 ], [ 27.255347208677751, 46.002075918708236 ], [ 27.255347208677751, 46.002353696486011 ], [ 27.255069430899972, 46.002353696486011 ], [ 27.255069430899972, 46.002631474263794 ], [ 27.254513875344415, 46.002631474263794 ], [ 27.254513875344415, 46.002909252041569 ], [ 27.253958319788861, 46.002909252041569 ], [ 27.253958319788861, 46.003187029819351 ], [ 27.253402764233304, 46.003187029819351 ], [ 27.253402764233304, 46.003464807597126 ], [ 27.252291653122192, 46.003464807597126 ], [ 27.252291653122192, 46.003742585374901 ], [ 27.252013875344417, 46.003742585374901 ] ] ] } },
{ "type": "Feature", "properties": { "rank": 9, "lake_id": 1357845 }, "geometry": { "type": "Polygon", "coordinates": [ [ [ 25.786029531561812, 45.564711416755124 ], [ 25.786029531561812, 45.564433638977341 ], [ 25.786307309339591, 45.564433638977341 ], [ 25.786307309339591, 45.564155861199566 ], [ 25.785751753784034, 45.564155861199566 ], [ 25.785751753784034, 45.564433638977341 ], [ 25.784918420450701, 45.564433638977341 ], [ 25.784918420450701, 45.564155861199566 ], [ 25.784085087117369, 45.564155861199566 ], [ 25.784085087117369, 45.563878083421784 ], [ 25.784362864895147, 45.563878083421784 ], [ 25.784362864895147, 45.563600305644009 ], [ 25.784640642672922, 45.563600305644009 ], [ 25.784640642672922, 45.563322527866234 ], [ 25.785473976006259, 45.563322527866234 ], [ 25.785473976006259, 45.563044750088451 ], [ 25.785751753784034, 45.563044750088451 ], [ 25.785751753784034, 45.562766972310676 ], [ 25.786029531561812, 45.562766972310676 ], [ 25.786029531561812, 45.562211416755119 ], [ 25.786307309339591, 45.562211416755119 ], [ 25.786307309339591, 45.561933638977344 ], [ 25.78658508711737, 45.561933638977344 ], [ 25.78658508711737, 45.561655861199569 ], [ 25.786862864895145, 45.561655861199569 ], [ 25.786862864895145, 45.560822527866229 ], [ 25.787140642672924, 45.560822527866229 ], [ 25.787140642672924, 45.560544750088454 ], [ 25.787418420450702, 45.560544750088454 ], [ 25.787418420450702, 45.560266972310679 ], [ 25.787140642672924, 45.560266972310679 ], [ 25.787140642672924, 45.558878083421789 ], [ 25.787418420450702, 45.558878083421789 ], [ 25.787418420450702, 45.559155861199564 ], [ 25.787973976006256, 45.559155861199564 ], [ 25.787973976006256, 45.559433638977346 ], [ 25.7899184204507, 45.559433638977346 ], [ 25.7899184204507, 45.559711416755121 ], [ 25.790473976006258, 45.559711416755121 ], [ 25.790473976006258, 45.560266972310679 ], [ 25.7899184204507, 45.560266972310679 ], [ 25.7899184204507, 45.560544750088454 ], [ 25.790751753784036, 45.560544750088454 ], [ 25.790751753784036, 45.560822527866229 ], [ 25.790473976006258, 45.560822527866229 ], [ 25.790473976006258, 45.561100305644011 ], [ 25.7899184204507, 45.561100305644011 ], [ 25.7899184204507, 45.561378083421786 ], [ 25.790473976006258, 45.561378083421786 ], [ 25.790473976006258, 45.561655861199569 ], [ 25.791029531561811, 45.561655861199569 ], [ 25.791029531561811, 45.561933638977344 ], [ 25.79130730933959, 45.561933638977344 ], [ 25.79130730933959, 45.562211416755119 ], [ 25.791862864895148, 45.562211416755119 ], [ 25.791862864895148, 45.561933638977344 ], [ 25.793251753784034, 45.561933638977344 ], [ 25.793251753784034, 45.562211416755119 ], [ 25.793529531561813, 45.562211416755119 ], [ 25.793529531561813, 45.562766972310676 ], [ 25.793251753784034, 45.562766972310676 ], [ 25.793251753784034, 45.563322527866234 ], [ 25.792973976006259, 45.563322527866234 ], [ 25.792973976006259, 45.563600305644009 ], [ 25.792140642672923, 45.563600305644009 ], [ 25.792140642672923, 45.563322527866234 ], [ 25.792418420450701, 45.563322527866234 ], [ 25.792418420450701, 45.563044750088451 ], [ 25.791862864895148, 45.563044750088451 ], [ 25.791862864895148, 45.563322527866234 ], [ 25.791585087117369, 45.563322527866234 ], [ 25.791585087117369, 45.563600305644009 ], [ 25.790473976006258, 45.563600305644009 ], [ 25.790473976006258, 45.563878083421784 ], [ 25.790196198228479, 45.563878083421784 ], [ 25.790196198228479, 45.564155861199566 ], [ 25.79130730933959, 45.564155861199566 ], [ 25.79130730933959, 45.564433638977341 ], [ 25.790196198228479, 45.564433638977341 ], [ 25.790196198228479, 45.564711416755124 ], [ 25.7899184204507, 45.564711416755124 ], [ 25.7899184204507, 45.564433638977341 ], [ 25.789362864895146, 45.564433638977341 ], [ 25.789362864895146, 45.564711416755124 ], [ 25.789085087117368, 45.564711416755124 ], [ 25.789085087117368, 45.564155861199566 ], [ 25.789640642672925, 45.564155861199566 ], [ 25.789640642672925, 45.563878083421784 ], [ 25.788807309339592, 45.563878083421784 ], [ 25.788807309339592, 45.564155861199566 ], [ 25.788251753784035, 45.564155861199566 ], [ 25.788251753784035, 45.563878083421784 ], [ 25.787696198228481, 45.563878083421784 ], [ 25.787696198228481, 45.564155861199566 ], [ 25.787418420450702, 45.564155861199566 ], [ 25.787418420450702, 45.564433638977341 ], [ 25.787140642672924, 45.564433638977341 ], [ 25.787140642672924, 45.564711416755124 ], [ 25.786029531561812, 45.564711416755124 ] ], [ [ 25.789640642672925, 45.563878083421784 ], [ 25.7899184204507, 45.563878083421784 ], [ 25.7899184204507, 45.563600305644009 ], [ 25.789640642672925, 45.563600305644009 ], [ 25.789640642672925, 45.563878083421784 ] ], [ [ 25.789362864895146, 45.562766972310676 ], [ 25.789640642672925, 45.562766972310676 ], [ 25.789640642672925, 45.562489194532901 ], [ 25.789362864895146, 45.562489194532901 ], [ 25.789362864895146, 45.562766972310676 ] ], [ [ 25.7899184204507, 45.562766972310676 ], [ 25.790196198228479, 45.562766972310676 ], [ 25.790196198228479, 45.562489194532901 ], [ 25.7899184204507, 45.562489194532901 ], [ 25.7899184204507, 45.562766972310676 ] ], [ [ 25.789085087117368, 45.562489194532901 ], [ 25.789362864895146, 45.562489194532901 ], [ 25.789362864895146, 45.562211416755119 ], [ 25.789085087117368, 45.562211416755119 ], [ 25.789085087117368, 45.562489194532901 ] ], [ [ 25.792418420450701, 45.562489194532901 ], [ 25.792973976006259, 45.562489194532901 ], [ 25.792973976006259, 45.562211416755119 ], [ 25.792418420450701, 45.562211416755119 ], [ 25.792418420450701, 45.562489194532901 ] ], [ [ 25.789362864895146, 45.561933638977344 ], [ 25.789640642672925, 45.561933638977344 ], [ 25.789640642672925, 45.561655861199569 ], [ 25.789362864895146, 45.561655861199569 ], [ 25.789362864895146, 45.561933638977344 ] ], [ [ 25.788807309339592, 45.561655861199569 ], [ 25.789085087117368, 45.561655861199569 ], [ 25.789085087117368, 45.561378083421786 ], [ 25.788807309339592, 45.561378083421786 ], [ 25.788807309339592, 45.561655861199569 ] ], [ [ 25.789362864895146, 45.560266972310679 ], [ 25.7899184204507, 45.560266972310679 ], [ 25.7899184204507, 45.559989194532896 ], [ 25.789640642672925, 45.559989194532896 ], [ 25.789640642672925, 45.559711416755121 ], [ 25.789362864895146, 45.559711416755121 ], [ 25.789362864895146, 45.560266972310679 ] ] ] } },
{ "type": "Feature", "properties": { "rank": 10, "lake_id": 1358492 }, "geometry": { "type": "Polygon", "coordinates": [ [ [ 22.473173535615715, 45.404570357727735 ], [ 22.473173535615715, 45.404292579949953 ], [ 22.472617980060157, 45.404292579949953 ], [ 22.472617980060157, 45.403737024394403 ], [ 22.472340202282378, 45.403737024394403 ], [ 22.472340202282378, 45.403181468838845 ], [ 22.472062424504603, 45.403181468838845 ], [ 22.472062424504603, 45.402903691061063 ], [ 22.472617980060157, 45.402903691061063 ], [ 22.472617980060157, 45.402625913283288 ], [ 22.472895757837936, 45.402625913283288 ], [ 22.472895757837936, 45.40207035772773 ], [ 22.472340202282378, 45.40207035772773 ], [ 22.472340202282378, 45.401792579949955 ], [ 22.472062424504603, 45.401792579949955 ], [ 22.472062424504603, 45.40151480217218 ], [ 22.472340202282378, 45.40151480217218 ], [ 22.472340202282378, 45.401237024394398 ], [ 22.472062424504603, 45.401237024394398 ], [ 22.472062424504603, 45.400959246616623 ], [ 22.471506868949046, 45.400959246616623 ], [ 22.471506868949046, 45.400681468838847 ], [ 22.470951313393492, 45.400681468838847 ], [ 22.470951313393492, 45.400959246616623 ], [ 22.470117980060159, 45.400959246616623 ], [ 22.470117980060159, 45.400403691061065 ], [ 22.470673535615713, 45.400403691061065 ], [ 22.470673535615713, 45.399570357727733 ], [ 22.470951313393492, 45.399570357727733 ], [ 22.470951313393492, 45.399292579949957 ], [ 22.472062424504603, 45.399292579949957 ], [ 22.472062424504603, 45.399570357727733 ], [ 22.472617980060157, 45.399570357727733 ], [ 22.472617980060157, 45.40012591328329 ], [ 22.472340202282378, 45.40012591328329 ], [ 22.472340202282378, 45.400403691061065 ], [ 22.472895757837936, 45.400403691061065 ], [ 22.472895757837936, 45.40012591328329 ], [ 22.473173535615715, 45.40012591328329 ], [ 22.473173535615715, 45.399848135505508 ], [ 22.47345131339349, 45.399848135505508 ], [ 22.47345131339349, 45.400681468838847 ], [ 22.473173535615715, 45.400681468838847 ], [ 22.473173535615715, 45.400959246616623 ], [ 22.472617980060157, 45.400959246616623 ], [ 22.472617980060157, 45.40151480217218 ], [ 22.472895757837936, 45.40151480217218 ], [ 22.472895757837936, 45.401237024394398 ], [ 22.47345131339349, 45.401237024394398 ], [ 22.47345131339349, 45.400959246616623 ], [ 22.473729091171268, 45.400959246616623 ], [ 22.473729091171268, 45.40151480217218 ], [ 22.474006868949047, 45.40151480217218 ], [ 22.474006868949047, 45.402348135505513 ], [ 22.474284646726826, 45.402348135505513 ], [ 22.474284646726826, 45.402903691061063 ], [ 22.474006868949047, 45.402903691061063 ], [ 22.474006868949047, 45.404014802172178 ], [ 22.47484020228238, 45.404014802172178 ], [ 22.47484020228238, 45.404292579949953 ], [ 22.474006868949047, 45.404292579949953 ], [ 22.474006868949047, 45.404570357727735 ], [ 22.473173535615715, 45.404570357727735 ] ], [ [ 22.473173535615715, 45.402348135505513 ], [ 22.47345131339349, 45.402348135505513 ], [ 22.47345131339349, 45.401792579949955 ], [ 22.473173535615715, 45.401792579949955 ], [ 22.473173535615715, 45.402348135505513 ] ] ] } },
{ "type": "Feature", "properties": { "rank": 11, "lake_id": 1354000 }, "geometry": { "type": "Polygon", "coordinates": [ [ [ 25.424203401276767, 46.474598569533001 ], [ 25.424203401276767, 46.474320791755218 ], [ 25.423925623498992, 46.474320791755218 ], [ 25.423925623498992, 46.474043013977443 ], [ 25.423647845721213, 46.474043013977443 ], [ 25.423647845721213, 46.473765236199668 ], [ 25.423370067943434, 46.473765236199668 ], [ 25.423370067943434, 46.473487458421886 ], [ 25.423092290165659, 46.473487458421886 ], [ 25.423092290165659, 46.473209680644111 ], [ 25.42281451238788, 46.473209680644111 ], [ 25.42281451238788, 46.473765236199668 ], [ 25.422536734610102, 46.473765236199668 ], [ 25.422536734610102, 46.473209680644111 ], [ 25.422258956832323, 46.473209680644111 ], [ 25.422258956832323, 46.472376347310778 ], [ 25.421981179054548, 46.472376347310778 ], [ 25.421981179054548, 46.471820791755221 ], [ 25.421703401276769, 46.471820791755221 ], [ 25.421703401276769, 46.471265236199663 ], [ 25.421147845721212, 46.471265236199663 ], [ 25.421147845721212, 46.470987458421888 ], [ 25.420592290165658, 46.470987458421888 ], [ 25.420592290165658, 46.470709680644113 ], [ 25.4200367346101, 46.470709680644113 ], [ 25.4200367346101, 46.470431902866331 ], [ 25.419758956832325, 46.470431902866331 ], [ 25.419758956832325, 46.470154125088555 ], [ 25.419481179054547, 46.470154125088555 ], [ 25.419481179054547, 46.469876347310773 ], [ 25.419203401276768, 46.469876347310773 ], [ 25.419203401276768, 46.469598569532998 ], [ 25.419481179054547, 46.469598569532998 ], [ 25.419481179054547, 46.468765236199665 ], [ 25.419758956832325, 46.468765236199665 ], [ 25.419758956832325, 46.46848745842189 ], [ 25.4200367346101, 46.46848745842189 ], [ 25.4200367346101, 46.468209680644108 ], [ 25.420314512387879, 46.468209680644108 ], [ 25.420314512387879, 46.467931902866333 ], [ 25.420592290165658, 46.467931902866333 ], [ 25.420592290165658, 46.467654125088558 ], [ 25.421147845721212, 46.467654125088558 ], [ 25.421147845721212, 46.467376347310775 ], [ 25.421981179054548, 46.467376347310775 ], [ 25.421981179054548, 46.467098569533 ], [ 25.422258956832323, 46.467098569533 ], [ 25.422258956832323, 46.466820791755218 ], [ 25.423370067943434, 46.466820791755218 ], [ 25.423370067943434, 46.466543013977443 ], [ 25.426425623498989, 46.466543013977443 ], [ 25.426425623498989, 46.466820791755218 ], [ 25.426703401276768, 46.466820791755218 ], [ 25.426703401276768, 46.467098569533 ], [ 25.426981179054547, 46.467098569533 ], [ 25.426981179054547, 46.467376347310775 ], [ 25.427258956832326, 46.467376347310775 ], [ 25.427258956832326, 46.467931902866333 ], [ 25.427536734610101, 46.467931902866333 ], [ 25.427536734610101, 46.468209680644108 ], [ 25.427814512387879, 46.468209680644108 ], [ 25.427814512387879, 46.46848745842189 ], [ 25.428370067943437, 46.46848745842189 ], [ 25.428370067943437, 46.468765236199665 ], [ 25.428925623498991, 46.468765236199665 ], [ 25.428925623498991, 46.469043013977441 ], [ 25.429481179054545, 46.469043013977441 ], [ 25.429481179054545, 46.469320791755223 ], [ 25.430036734610102, 46.469320791755223 ], [ 25.430036734610102, 46.469598569532998 ], [ 25.430592290165656, 46.469598569532998 ], [ 25.430592290165656, 46.470154125088555 ], [ 25.430870067943435, 46.470154125088555 ], [ 25.430870067943435, 46.470987458421888 ], [ 25.430592290165656, 46.470987458421888 ], [ 25.430592290165656, 46.471820791755221 ], [ 25.430314512387881, 46.471820791755221 ], [ 25.430314512387881, 46.472376347310778 ], [ 25.430036734610102, 46.472376347310778 ], [ 25.430036734610102, 46.472654125088553 ], [ 25.429758956832323, 46.472654125088553 ], [ 25.429758956832323, 46.472931902866335 ], [ 25.429481179054545, 46.472931902866335 ], [ 25.429481179054545, 46.473209680644111 ], [ 25.429203401276769, 46.473209680644111 ], [ 25.429203401276769, 46.473487458421886 ], [ 25.428647845721212, 46.473487458421886 ], [ 25.428647845721212, 46.473765236199668 ], [ 25.428092290165658, 46.473765236199668 ], [ 25.428092290165658, 46.474043013977443 ], [ 25.427536734610101, 46.474043013977443 ], [ 25.427536734610101, 46.474320791755218 ], [ 25.426425623498989, 46.474320791755218 ], [ 25.426425623498989, 46.474598569533001 ], [ 25.424203401276767, 46.474598569533001 ] ], [ [ 25.422258956832323, 46.472376347310778 ], [ 25.422536734610102, 46.472376347310778 ], [ 25.422536734610102, 46.472098569532996 ], [ 25.422258956832323, 46.472098569532996 ], [ 25.422258956832323, 46.472376347310778 ] ], [ [ 25.42281451238788, 46.472098569532996 ], [ 25.423092290165659, 46.472098569532996 ], [ 25.423092290165659, 46.471543013977445 ], [ 25.42281451238788, 46.471543013977445 ], [ 25.42281451238788, 46.470987458421888 ], [ 25.422258956832323, 46.470987458421888 ], [ 25.422258956832323, 46.471543013977445 ], [ 25.422536734610102, 46.471543013977445 ], [ 25.422536734610102, 46.471820791755221 ], [ 25.42281451238788, 46.471820791755221 ], [ 25.42281451238788, 46.472098569532996 ] ], [ [ 25.421981179054548, 46.471820791755221 ], [ 25.422258956832323, 46.471820791755221 ], [ 25.422258956832323, 46.471543013977445 ], [ 25.421981179054548, 46.471543013977445 ], [ 25.421981179054548, 46.471820791755221 ] ], [ [ 25.421147845721212, 46.470987458421888 ], [ 25.42142562349899, 46.470987458421888 ], [ 25.42142562349899, 46.470709680644113 ], [ 25.421147845721212, 46.470709680644113 ], [ 25.421147845721212, 46.470987458421888 ] ], [ [ 25.421981179054548, 46.470987458421888 ], [ 25.422258956832323, 46.470987458421888 ], [ 25.422258956832323, 46.470709680644113 ], [ 25.421981179054548, 46.470709680644113 ], [ 25.421981179054548, 46.470987458421888 ] ], [ [ 25.419758956832325, 46.470154125088555 ], [ 25.4200367346101, 46.470154125088555 ], [ 25.4200367346101, 46.469876347310773 ], [ 25.419758956832325, 46.469876347310773 ], [ 25.419758956832325, 46.470154125088555 ] ] ] } },
{ "type": "Feature", "properties": { "rank": 12, "lake_id": 171167 }, "geometry": { "type": "Polygon", "coordinates": [ [ [ 24.837961556087176, 44.932527765361804 ], [ 24.837961556087176, 44.932249987584029 ], [ 24.836850444976065, 44.932249987584029 ], [ 24.836850444976065, 44.931972209806254 ], [ 24.83657266719829, 44.931972209806254 ], [ 24.83657266719829, 44.931694432028472 ], [ 24.836850444976065, 44.931694432028472 ], [ 24.836850444976065, 44.931416654250697 ], [ 24.837128222753844, 44.931416654250697 ], [ 24.837128222753844, 44.930861098695139 ], [ 24.837406000531622, 44.930861098695139 ], [ 24.837406000531622, 44.930583320917364 ], [ 24.837128222753844, 44.930583320917364 ], [ 24.837128222753844, 44.930305543139582 ], [ 24.83657266719829, 44.930305543139582 ], [ 24.83657266719829, 44.930027765361807 ], [ 24.836294889420511, 44.930027765361807 ], [ 24.836294889420511, 44.929749987584032 ], [ 24.836017111642732, 44.929749987584032 ], [ 24.836017111642732, 44.929472209806249 ], [ 24.835461556087179, 44.929472209806249 ], [ 24.835461556087179, 44.929194432028474 ], [ 24.834628222753842, 44.929194432028474 ], [ 24.834628222753842, 44.928916654250699 ], [ 24.834072667198289, 44.928916654250699 ], [ 24.834072667198289, 44.928083320917366 ], [ 24.834350444976067, 44.928083320917366 ], [ 24.834350444976067, 44.927527765361809 ], [ 24.834628222753842, 44.927527765361809 ], [ 24.834628222753842, 44.927249987584027 ], [ 24.834906000531621, 44.927249987584027 ], [ 24.834906000531621, 44.926972209806252 ], [ 24.8351837783094, 44.926972209806252 ], [ 24.8351837783094, 44.926694432028476 ], [ 24.835739333864954, 44.926694432028476 ], [ 24.835739333864954, 44.925583320917362 ], [ 24.836017111642732, 44.925583320917362 ], [ 24.836017111642732, 44.925305543139586 ], [ 24.836294889420511, 44.925305543139586 ], [ 24.836294889420511, 44.926416654250694 ], [ 24.836017111642732, 44.926416654250694 ], [ 24.836017111642732, 44.926972209806252 ], [ 24.836294889420511, 44.926972209806252 ], [ 24.836294889420511, 44.927527765361809 ], [ 24.83657266719829, 44.927527765361809 ], [ 24.83657266719829, 44.927805543139584 ], [ 24.836850444976065, 44.927805543139584 ], [ 24.836850444976065, 44.927527765361809 ], [ 24.837128222753844, 44.927527765361809 ], [ 24.837128222753844, 44.928083320917366 ], [ 24.837406000531622, 44.928083320917366 ], [ 24.837406000531622, 44.927805543139584 ], [ 24.837683778309398, 44.927805543139584 ], [ 24.837683778309398, 44.927249987584027 ], [ 24.837961556087176, 44.927249987584027 ], [ 24.837961556087176, 44.926972209806252 ], [ 24.838239333864955, 44.926972209806252 ], [ 24.838239333864955, 44.926416654250694 ], [ 24.838517111642734, 44.926416654250694 ], [ 24.838517111642734, 44.925583320917362 ], [ 24.838794889420509, 44.925583320917362 ], [ 24.838794889420509, 44.924472209806254 ], [ 24.839628222753845, 44.924472209806254 ], [ 24.839628222753845, 44.925027765361804 ], [ 24.83990600053162, 44.925027765361804 ], [ 24.83990600053162, 44.925305543139586 ], [ 24.839628222753845, 44.925305543139586 ], [ 24.839628222753845, 44.925583320917362 ], [ 24.83990600053162, 44.925583320917362 ], [ 24.83990600053162, 44.925861098695144 ], [ 24.839350444976066, 44.925861098695144 ], [ 24.839350444976066, 44.926138876472919 ], [ 24.83990600053162, 44.926138876472919 ], [ 24.83990600053162, 44.926694432028476 ], [ 24.839628222753845, 44.926694432028476 ], [ 24.839628222753845, 44.926972209806252 ], [ 24.83990600053162, 44.926972209806252 ], [ 24.83990600053162, 44.927527765361809 ], [ 24.839628222753845, 44.927527765361809 ], [ 24.839628222753845, 44.927249987584027 ], [ 24.839350444976066, 44.927249987584027 ], [ 24.839350444976066, 44.927805543139584 ], [ 24.83990600053162, 44.927805543139584 ], [ 24.83990600053162, 44.928361098695142 ], [ 24.840183778309399, 44.928361098695142 ], [ 24.840183778309399, 44.928916654250699 ], [ 24.840461556087178, 44.928916654250699 ], [ 24.840461556087178, 44.927527765361809 ], [ 24.840183778309399, 44.927527765361809 ], [ 24.840183778309399, 44.927249987584027 ], [ 24.840739333864956, 44.927249987584027 ], [ 24.840739333864956, 44.926972209806252 ], [ 24.841017111642731, 44.926972209806252 ], [ 24.841017111642731, 44.927249987584027 ], [ 24.841572667198289, 44.927249987584027 ], [ 24.841572667198289, 44.927527765361809 ], [ 24.842128222753843, 44.927527765361809 ], [ 24.842128222753843, 44.927805543139584 ], [ 24.842406000531621, 44.927805543139584 ], [ 24.842406000531621, 44.927249987584027 ], [ 24.8426837783094, 44.927249987584027 ], [ 24.8426837783094, 44.926972209806252 ], [ 24.842961556087175, 44.926972209806252 ], [ 24.842961556087175, 44.926416654250694 ], [ 24.8426837783094, 44.926416654250694 ], [ 24.8426837783094, 44.925305543139586 ], [ 24.843239333864954, 44.925305543139586 ], [ 24.843239333864954, 44.925583320917362 ], [ 24.843517111642733, 44.925583320917362 ], [ 24.843517111642733, 44.925861098695144 ], [ 24.844072667198287, 44.925861098695144 ], [ 24.844072667198287, 44.926138876472919 ], [ 24.844350444976065, 44.926138876472919 ], [ 24.844350444976065, 44.926694432028476 ], [ 24.844628222753844, 44.926694432028476 ], [ 24.844628222753844, 44.927249987584027 ], [ 24.844350444976065, 44.927249987584027 ], [ 24.844350444976065, 44.927805543139584 ], [ 24.844072667198287, 44.927805543139584 ], [ 24.844072667198287, 44.929194432028474 ], [ 24.8426837783094, 44.929194432028474 ], [ 24.8426837783094, 44.929472209806249 ], [ 24.842128222753843, 44.929472209806249 ], [ 24.842128222753843, 44.929749987584032 ], [ 24.841850444976068, 44.929749987584032 ], [ 24.841850444976068, 44.930027765361807 ], [ 24.841572667198289, 44.930027765361807 ], [ 24.841572667198289, 44.930305543139582 ], [ 24.840183778309399, 44.930305543139582 ], [ 24.840183778309399, 44.930583320917364 ], [ 24.838794889420509, 44.930583320917364 ], [ 24.838794889420509, 44.930861098695139 ], [ 24.838517111642734, 44.930861098695139 ], [ 24.838517111642734, 44.931138876472922 ], [ 24.838239333864955, 44.931138876472922 ], [ 24.838239333864955, 44.931416654250697 ], [ 24.837961556087176, 44.931416654250697 ], [ 24.837961556087176, 44.931972209806254 ], [ 24.838239333864955, 44.931972209806254 ], [ 24.838239333864955, 44.932249987584029 ], [ 24.838517111642734, 44.932249987584029 ], [ 24.838517111642734, 44.932527765361804 ], [ 24.837961556087176, 44.932527765361804 ] ], [ [ 24.840461556087178, 44.930027765361807 ], [ 24.840739333864956, 44.930027765361807 ], [ 24.840739333864956, 44.929749987584032 ], [ 24.840461556087178, 44.929749987584032 ], [ 24.840461556087178, 44.930027765361807 ] ], [ [ 24.83990600053162, 44.929749987584032 ], [ 24.840461556087178, 44.929749987584032 ], [ 24.840461556087178, 44.929472209806249 ], [ 24.83990600053162, 44.929472209806249 ], [ 24.83990600053162, 44.929749987584032 ] ], [ [ 24.840461556087178, 44.929472209806249 ], [ 24.841017111642731, 44.929472209806249 ], [ 24.841017111642731, 44.929194432028474 ], [ 24.840461556087178, 44.929194432028474 ], [ 24.840461556087178, 44.929472209806249 ] ], [ [ 24.841017111642731, 44.929194432028474 ], [ 24.84129488942051, 44.929194432028474 ], [ 24.84129488942051, 44.928916654250699 ], [ 24.841017111642731, 44.928916654250699 ], [ 24.841017111642731, 44.929194432028474 ] ], [ [ 24.839072667198288, 44.927249987584027 ], [ 24.839350444976066, 44.927249987584027 ], [ 24.839350444976066, 44.926972209806252 ], [ 24.839072667198288, 44.926972209806252 ], [ 24.839072667198288, 44.927249987584027 ] ], [ [ 24.839072667198288, 44.926694432028476 ], [ 24.839350444976066, 44.926694432028476 ], [ 24.839350444976066, 44.926416654250694 ], [ 24.839072667198288, 44.926416654250694 ], [ 24.839072667198288, 44.926694432028476 ] ], [ [ 24.839072667198288, 44.925861098695144 ], [ 24.839350444976066, 44.925861098695144 ], [ 24.839350444976066, 44.925583320917362 ], [ 24.839072667198288, 44.925583320917362 ], [ 24.839072667198288, 44.925861098695144 ] ] ] } },
{ "type": "Feature", "properties": { "rank": 13, "lake_id": 1358935 }, "geometry": { "type": "Polygon", "coordinates": [ [ [ 25.972996082956726, 45.328407434550222 ], [ 25.972996082956726, 45.328129656772447 ], [ 25.972718305178947, 45.328129656772447 ], [ 25.972718305178947, 45.327851878994665 ], [ 25.972996082956726, 45.327851878994665 ], [ 25.972996082956726, 45.327574101216889 ], [ 25.973273860734505, 45.327574101216889 ], [ 25.973273860734505, 45.327296323439114 ], [ 25.973551638512284, 45.327296323439114 ], [ 25.973551638512284, 45.327018545661332 ], [ 25.974107194067837, 45.327018545661332 ], [ 25.974107194067837, 45.326740767883557 ], [ 25.972996082956726, 45.326740767883557 ], [ 25.972996082956726, 45.327018545661332 ], [ 25.972718305178947, 45.327018545661332 ], [ 25.972718305178947, 45.327296323439114 ], [ 25.972440527401172, 45.327296323439114 ], [ 25.972440527401172, 45.327574101216889 ], [ 25.972162749623394, 45.327574101216889 ], [ 25.972162749623394, 45.327851878994665 ], [ 25.971884971845615, 45.327851878994665 ], [ 25.971884971845615, 45.327574101216889 ], [ 25.97160719406784, 45.327574101216889 ], [ 25.97160719406784, 45.327296323439114 ], [ 25.971051638512282, 45.327296323439114 ], [ 25.971051638512282, 45.326740767883557 ], [ 25.971329416290061, 45.326740767883557 ], [ 25.971329416290061, 45.326462990105775 ], [ 25.97160719406784, 45.326462990105775 ], [ 25.97160719406784, 45.325907434550224 ], [ 25.972162749623394, 45.325907434550224 ], [ 25.972162749623394, 45.326185212327999 ], [ 25.972440527401172, 45.326185212327999 ], [ 25.972440527401172, 45.326462990105775 ], [ 25.973551638512284, 45.326462990105775 ], [ 25.973551638512284, 45.326185212327999 ], [ 25.972996082956726, 45.326185212327999 ], [ 25.972996082956726, 45.325629656772442 ], [ 25.972718305178947, 45.325629656772442 ], [ 25.972718305178947, 45.325074101216892 ], [ 25.972162749623394, 45.325074101216892 ], [ 25.972162749623394, 45.324796323439109 ], [ 25.971884971845615, 45.324796323439109 ], [ 25.971884971845615, 45.324518545661334 ], [ 25.971329416290061, 45.324518545661334 ], [ 25.971329416290061, 45.324240767883552 ], [ 25.970773860734504, 45.324240767883552 ], [ 25.970773860734504, 45.323962990105777 ], [ 25.971051638512282, 45.323962990105777 ], [ 25.971051638512282, 45.323685212328002 ], [ 25.971329416290061, 45.323685212328002 ], [ 25.971329416290061, 45.323407434550219 ], [ 25.971884971845615, 45.323407434550219 ], [ 25.971884971845615, 45.323129656772444 ], [ 25.972440527401172, 45.323129656772444 ], [ 25.972440527401172, 45.322851878994669 ], [ 25.972996082956726, 45.322851878994669 ], [ 25.972996082956726, 45.322296323439112 ], [ 25.973273860734505, 45.322296323439112 ], [ 25.973273860734505, 45.322018545661336 ], [ 25.973551638512284, 45.322018545661336 ], [ 25.973551638512284, 45.321740767883554 ], [ 25.973829416290059, 45.321740767883554 ], [ 25.973829416290059, 45.321462990105779 ], [ 25.974107194067837, 45.321462990105779 ], [ 25.974107194067837, 45.321185212327997 ], [ 25.974384971845616, 45.321185212327997 ], [ 25.974384971845616, 45.320907434550222 ], [ 25.974662749623395, 45.320907434550222 ], [ 25.974662749623395, 45.320629656772446 ], [ 25.97494052740117, 45.320629656772446 ], [ 25.97494052740117, 45.320351878994664 ], [ 25.975773860734506, 45.320351878994664 ], [ 25.975773860734506, 45.320629656772446 ], [ 25.976884971845617, 45.320629656772446 ], [ 25.976884971845617, 45.320907434550222 ], [ 25.977440527401171, 45.320907434550222 ], [ 25.977440527401171, 45.321185212327997 ], [ 25.977996082956725, 45.321185212327997 ], [ 25.977996082956725, 45.321462990105779 ], [ 25.978551638512283, 45.321462990105779 ], [ 25.978551638512283, 45.321740767883554 ], [ 25.978829416290061, 45.321740767883554 ], [ 25.978829416290061, 45.322018545661336 ], [ 25.979107194067836, 45.322018545661336 ], [ 25.979107194067836, 45.322574101216887 ], [ 25.979384971845615, 45.322574101216887 ], [ 25.979384971845615, 45.322851878994669 ], [ 25.979107194067836, 45.322851878994669 ], [ 25.979107194067836, 45.323129656772444 ], [ 25.978829416290061, 45.323129656772444 ], [ 25.978829416290061, 45.323407434550219 ], [ 25.977162749623393, 45.323407434550219 ], [ 25.977162749623393, 45.323685212328002 ], [ 25.976607194067839, 45.323685212328002 ], [ 25.976607194067839, 45.324240767883552 ], [ 25.97632941629006, 45.324240767883552 ], [ 25.97632941629006, 45.324518545661334 ], [ 25.975218305178949, 45.324518545661334 ], [ 25.975218305178949, 45.324796323439109 ], [ 25.97494052740117, 45.324796323439109 ], [ 25.97494052740117, 45.325629656772442 ], [ 25.974662749623395, 45.325629656772442 ], [ 25.974662749623395, 45.325907434550224 ], [ 25.97494052740117, 45.325907434550224 ], [ 25.97494052740117, 45.326185212327999 ], [ 25.975218305178949, 45.326185212327999 ], [ 25.975218305178949, 45.326462990105775 ], [ 25.97494052740117, 45.326462990105775 ], [ 25.97494052740117, 45.326740767883557 ], [ 25.974662749623395, 45.326740767883557 ], [ 25.974662749623395, 45.327018545661332 ], [ 25.974384971845616, 45.327018545661332 ], [ 25.974384971845616, 45.327574101216889 ], [ 25.974662749623395, 45.327574101216889 ], [ 25.974662749623395, 45.327296323439114 ], [ 25.97494052740117, 45.327296323439114 ], [ 25.97494052740117, 45.327018545661332 ], [ 25.975496082956727, 45.327018545661332 ], [ 25.975496082956727, 45.326740767883557 ], [ 25.975773860734506, 45.326740767883557 ], [ 25.975773860734506, 45.326462990105775 ], [ 25.975496082956727, 45.326462990105775 ], [ 25.975496082956727, 45.325907434550224 ], [ 25.975773860734506, 45.325907434550224 ], [ 25.975773860734506, 45.325629656772442 ], [ 25.976051638512281, 45.325629656772442 ], [ 25.976051638512281, 45.325907434550224 ], [ 25.97632941629006, 45.325907434550224 ], [ 25.97632941629006, 45.326462990105775 ], [ 25.976884971845617, 45.326462990105775 ], [ 25.976884971845617, 45.326740767883557 ], [ 25.976607194067839, 45.326740767883557 ], [ 25.976607194067839, 45.327018545661332 ], [ 25.97632941629006, 45.327018545661332 ], [ 25.97632941629006, 45.327574101216889 ], [ 25.976051638512281, 45.327574101216889 ], [ 25.976051638512281, 45.327851878994665 ], [ 25.97632941629006, 45.327851878994665 ], [ 25.97632941629006, 45.328129656772447 ], [ 25.975773860734506, 45.328129656772447 ], [ 25.975773860734506, 45.328407434550222 ], [ 25.972996082956726, 45.328407434550222 ] ], [ [ 25.974107194067837, 45.327851878994665 ], [ 25.974384971845616, 45.327851878994665 ], [ 25.974384971845616, 45.327574101216889 ], [ 25.974107194067837, 45.327574101216889 ], [ 25.974107194067837, 45.327851878994665 ] ], [ [ 25.975496082956727, 45.327574101216889 ], [ 25.975773860734506, 45.327574101216889 ], [ 25.975773860734506, 45.327296323439114 ], [ 25.975496082956727, 45.327296323439114 ], [ 25.975496082956727, 45.327574101216889 ] ], [ [ 25.975773860734506, 45.327296323439114 ], [ 25.976051638512281, 45.327296323439114 ], [ 25.976051638512281, 45.326740767883557 ], [ 25.975773860734506, 45.326740767883557 ], [ 25.975773860734506, 45.327296323439114 ] ], [ [ 25.97160719406784, 45.327018545661332 ], [ 25.971884971845615, 45.327018545661332 ], [ 25.971884971845615, 45.326462990105775 ], [ 25.97160719406784, 45.326462990105775 ], [ 25.97160719406784, 45.327018545661332 ] ], [ [ 25.973829416290059, 45.326462990105775 ], [ 25.974107194067837, 45.326462990105775 ], [ 25.974107194067837, 45.326185212327999 ], [ 25.973829416290059, 45.326185212327999 ], [ 25.973829416290059, 45.326462990105775 ] ], [ [ 25.973551638512284, 45.326185212327999 ], [ 25.973829416290059, 45.326185212327999 ], [ 25.973829416290059, 45.325907434550224 ], [ 25.973551638512284, 45.325907434550224 ], [ 25.973551638512284, 45.326185212327999 ] ], [ [ 25.971329416290061, 45.324240767883552 ], [ 25.971884971845615, 45.324240767883552 ], [ 25.971884971845615, 45.323685212328002 ], [ 25.97160719406784, 45.323685212328002 ], [ 25.97160719406784, 45.323962990105777 ], [ 25.971329416290061, 45.323962990105777 ], [ 25.971329416290061, 45.324240767883552 ] ], [ [ 25.972996082956726, 45.323962990105777 ], [ 25.973273860734505, 45.323962990105777 ], [ 25.973273860734505, 45.323685212328002 ], [ 25.972996082956726, 45.323685212328002 ], [ 25.972996082956726, 45.323962990105777 ] ], [ [ 25.973273860734505, 45.323685212328002 ], [ 25.973551638512284, 45.323685212328002 ], [ 25.973551638512284, 45.323407434550219 ], [ 25.973273860734505, 45.323407434550219 ], [ 25.973273860734505, 45.323685212328002 ] ] ] } },
{ "type": "Feature", "properties": { "rank": 14, "lake_id": 170453 }, "geometry": { "type": "Polygon", "coordinates": [ [ [ 22.832746836031777, 45.707528663934433 ], [ 22.832746836031777, 45.707250886156658 ], [ 22.83219128047622, 45.707250886156658 ], [ 22.83219128047622, 45.706973108378875 ], [ 22.831357947142887, 45.706973108378875 ], [ 22.831357947142887, 45.7066953306011 ], [ 22.830802391587333, 45.7066953306011 ], [ 22.830802391587333, 45.706417552823318 ], [ 22.830524613809555, 45.706417552823318 ], [ 22.830524613809555, 45.705584219489985 ], [ 22.829691280476222, 45.705584219489985 ], [ 22.829691280476222, 45.70530644171221 ], [ 22.829413502698443, 45.70530644171221 ], [ 22.829413502698443, 45.705584219489985 ], [ 22.828302391587332, 45.705584219489985 ], [ 22.828302391587332, 45.70530644171221 ], [ 22.828580169365111, 45.70530644171221 ], [ 22.828580169365111, 45.705028663934435 ], [ 22.828857947142886, 45.705028663934435 ], [ 22.828857947142886, 45.704750886156653 ], [ 22.828302391587332, 45.704750886156653 ], [ 22.828302391587332, 45.705028663934435 ], [ 22.827746836031778, 45.705028663934435 ], [ 22.827746836031778, 45.704473108378878 ], [ 22.828024613809554, 45.704473108378878 ], [ 22.828024613809554, 45.704195330601095 ], [ 22.828302391587332, 45.704195330601095 ], [ 22.828302391587332, 45.70391755282332 ], [ 22.828857947142886, 45.70391755282332 ], [ 22.828857947142886, 45.703639775045545 ], [ 22.829413502698443, 45.703639775045545 ], [ 22.829413502698443, 45.703361997267763 ], [ 22.829969058253997, 45.703361997267763 ], [ 22.829969058253997, 45.703084219489988 ], [ 22.830524613809555, 45.703084219489988 ], [ 22.830524613809555, 45.703361997267763 ], [ 22.830802391587333, 45.703361997267763 ], [ 22.830802391587333, 45.703639775045545 ], [ 22.830246836031776, 45.703639775045545 ], [ 22.830246836031776, 45.70391755282332 ], [ 22.829969058253997, 45.70391755282332 ], [ 22.829969058253997, 45.704195330601095 ], [ 22.830524613809555, 45.704195330601095 ], [ 22.830524613809555, 45.70391755282332 ], [ 22.831080169365109, 45.70391755282332 ], [ 22.831080169365109, 45.703639775045545 ], [ 22.831357947142887, 45.703639775045545 ], [ 22.831357947142887, 45.70391755282332 ], [ 22.832469058253999, 45.70391755282332 ], [ 22.832469058253999, 45.704195330601095 ], [ 22.832746836031777, 45.704195330601095 ], [ 22.832746836031777, 45.704473108378878 ], [ 22.834135724920664, 45.704473108378878 ], [ 22.834135724920664, 45.704750886156653 ], [ 22.834969058254, 45.704750886156653 ], [ 22.834969058254, 45.705028663934435 ], [ 22.835802391587332, 45.705028663934435 ], [ 22.835802391587332, 45.70530644171221 ], [ 22.836635724920665, 45.70530644171221 ], [ 22.836635724920665, 45.705861997267768 ], [ 22.836913502698444, 45.705861997267768 ], [ 22.836913502698444, 45.706139775045543 ], [ 22.837191280476222, 45.706139775045543 ], [ 22.837191280476222, 45.705584219489985 ], [ 22.838857947142888, 45.705584219489985 ], [ 22.838857947142888, 45.70530644171221 ], [ 22.839135724920666, 45.70530644171221 ], [ 22.839135724920666, 45.705861997267768 ], [ 22.838857947142888, 45.705861997267768 ], [ 22.838857947142888, 45.706139775045543 ], [ 22.838302391587334, 45.706139775045543 ], [ 22.838302391587334, 45.705861997267768 ], [ 22.838024613809555, 45.705861997267768 ], [ 22.838024613809555, 45.706139775045543 ], [ 22.837746836031776, 45.706139775045543 ], [ 22.837746836031776, 45.7066953306011 ], [ 22.838302391587334, 45.7066953306011 ], [ 22.838302391587334, 45.706973108378875 ], [ 22.838024613809555, 45.706973108378875 ], [ 22.838024613809555, 45.707250886156658 ], [ 22.837191280476222, 45.707250886156658 ], [ 22.837191280476222, 45.706973108378875 ], [ 22.835802391587332, 45.706973108378875 ], [ 22.835802391587332, 45.707250886156658 ], [ 22.834691280476221, 45.707250886156658 ], [ 22.834691280476221, 45.706973108378875 ], [ 22.834413502698442, 45.706973108378875 ], [ 22.834413502698442, 45.706139775045543 ], [ 22.834135724920664, 45.706139775045543 ], [ 22.834135724920664, 45.706417552823318 ], [ 22.833857947142889, 45.706417552823318 ], [ 22.833857947142889, 45.706973108378875 ], [ 22.833024613809556, 45.706973108378875 ], [ 22.833024613809556, 45.707528663934433 ], [ 22.832746836031777, 45.707528663934433 ] ], [ [ 22.83219128047622, 45.706973108378875 ], [ 22.832746836031777, 45.706973108378875 ], [ 22.832746836031777, 45.706139775045543 ], [ 22.832469058253999, 45.706139775045543 ], [ 22.832469058253999, 45.706417552823318 ], [ 22.83219128047622, 45.706417552823318 ], [ 22.83219128047622, 45.706973108378875 ] ], [ [ 22.835524613809554, 45.7066953306011 ], [ 22.835802391587332, 45.7066953306011 ], [ 22.835802391587332, 45.706417552823318 ], [ 22.835524613809554, 45.706417552823318 ], [ 22.835524613809554, 45.7066953306011 ] ], [ [ 22.833302391587331, 45.706417552823318 ], [ 22.83358016936511, 45.706417552823318 ], [ 22.83358016936511, 45.705861997267768 ], [ 22.833024613809556, 45.705861997267768 ], [ 22.833024613809556, 45.706139775045543 ], [ 22.833302391587331, 45.706139775045543 ], [ 22.833302391587331, 45.706417552823318 ] ], [ [ 22.836080169365111, 45.706417552823318 ], [ 22.836635724920665, 45.706417552823318 ], [ 22.836635724920665, 45.706139775045543 ], [ 22.836357947142886, 45.706139775045543 ], [ 22.836357947142886, 45.705861997267768 ], [ 22.836080169365111, 45.705861997267768 ], [ 22.836080169365111, 45.706417552823318 ] ], [ [ 22.831635724920666, 45.706139775045543 ], [ 22.831913502698445, 45.706139775045543 ], [ 22.831913502698445, 45.705861997267768 ], [ 22.831635724920666, 45.705861997267768 ], [ 22.831635724920666, 45.706139775045543 ] ], [ [ 22.831913502698445, 45.705861997267768 ], [ 22.83219128047622, 45.705861997267768 ], [ 22.83219128047622, 45.705584219489985 ], [ 22.831913502698445, 45.705584219489985 ], [ 22.831913502698445, 45.705861997267768 ] ], [ [ 22.832469058253999, 45.70530644171221 ], [ 22.833024613809556, 45.70530644171221 ], [ 22.833024613809556, 45.705028663934435 ], [ 22.832469058253999, 45.705028663934435 ], [ 22.832469058253999, 45.70530644171221 ] ], [ [ 22.828857947142886, 45.704750886156653 ], [ 22.829135724920665, 45.704750886156653 ], [ 22.829135724920665, 45.704473108378878 ], [ 22.828857947142886, 45.704473108378878 ], [ 22.828857947142886, 45.704750886156653 ] ] ] } },
{ "type": "Feature", "properties": { "rank": 15, "lake_id": 170408 }, "geometry": { "type": "Polygon", "coordinates": [ [ [ 22.131028936146581, 45.73796974466353 ], [ 22.131028936146581, 45.737691966885755 ], [ 22.130751158368803, 45.737691966885755 ], [ 22.130751158368803, 45.737414189107973 ], [ 22.131028936146581, 45.737414189107973 ], [ 22.131028936146581, 45.737136411330198 ], [ 22.13130671392436, 45.737136411330198 ], [ 22.13130671392436, 45.736858633552423 ], [ 22.131028936146581, 45.736858633552423 ], [ 22.131028936146581, 45.735469744663533 ], [ 22.130473380591024, 45.735469744663533 ], [ 22.130473380591024, 45.735191966885758 ], [ 22.12991782503547, 45.735191966885758 ], [ 22.12991782503547, 45.734914189107975 ], [ 22.129362269479913, 45.734914189107975 ], [ 22.129362269479913, 45.7346364113302 ], [ 22.12852893614658, 45.7346364113302 ], [ 22.12852893614658, 45.734358633552418 ], [ 22.126306713924357, 45.734358633552418 ], [ 22.126306713924357, 45.73324752244131 ], [ 22.125751158368804, 45.73324752244131 ], [ 22.125751158368804, 45.732969744663535 ], [ 22.125473380591025, 45.732969744663535 ], [ 22.125473380591025, 45.733525300219085 ], [ 22.125751158368804, 45.733525300219085 ], [ 22.125751158368804, 45.733803077996868 ], [ 22.126028936146582, 45.733803077996868 ], [ 22.126028936146582, 45.734358633552418 ], [ 22.125195602813246, 45.734358633552418 ], [ 22.125195602813246, 45.732691966885753 ], [ 22.125751158368804, 45.732691966885753 ], [ 22.125751158368804, 45.732414189107978 ], [ 22.126028936146582, 45.732414189107978 ], [ 22.126028936146582, 45.732136411330195 ], [ 22.125751158368804, 45.732136411330195 ], [ 22.125751158368804, 45.73185863355242 ], [ 22.126028936146582, 45.73185863355242 ], [ 22.126028936146582, 45.731580855774645 ], [ 22.126306713924357, 45.731580855774645 ], [ 22.126306713924357, 45.731303077996863 ], [ 22.126584491702136, 45.731303077996863 ], [ 22.126584491702136, 45.731025300219088 ], [ 22.127695602813247, 45.731025300219088 ], [ 22.127695602813247, 45.731580855774645 ], [ 22.127417825035469, 45.731580855774645 ], [ 22.127417825035469, 45.73185863355242 ], [ 22.127973380591026, 45.73185863355242 ], [ 22.127973380591026, 45.731580855774645 ], [ 22.128251158368801, 45.731580855774645 ], [ 22.128251158368801, 45.731303077996863 ], [ 22.127973380591026, 45.731303077996863 ], [ 22.127973380591026, 45.731025300219088 ], [ 22.128251158368801, 45.731025300219088 ], [ 22.128251158368801, 45.73046974466353 ], [ 22.12852893614658, 45.73046974466353 ], [ 22.12852893614658, 45.730747522441312 ], [ 22.128806713924359, 45.730747522441312 ], [ 22.128806713924359, 45.731025300219088 ], [ 22.129084491702137, 45.731025300219088 ], [ 22.129084491702137, 45.731303077996863 ], [ 22.129362269479913, 45.731303077996863 ], [ 22.129362269479913, 45.731580855774645 ], [ 22.129640047257691, 45.731580855774645 ], [ 22.129640047257691, 45.731303077996863 ], [ 22.12991782503547, 45.731303077996863 ], [ 22.12991782503547, 45.731580855774645 ], [ 22.130195602813249, 45.731580855774645 ], [ 22.130195602813249, 45.731025300219088 ], [ 22.130473380591024, 45.731025300219088 ], [ 22.130473380591024, 45.730747522441312 ], [ 22.12991782503547, 45.730747522441312 ], [ 22.12991782503547, 45.73046974466353 ], [ 22.131028936146581, 45.73046974466353 ], [ 22.131028936146581, 45.730747522441312 ], [ 22.13130671392436, 45.730747522441312 ], [ 22.13130671392436, 45.731025300219088 ], [ 22.131584491702135, 45.731025300219088 ], [ 22.131584491702135, 45.730747522441312 ], [ 22.132695602813246, 45.730747522441312 ], [ 22.132695602813246, 45.731025300219088 ], [ 22.133251158368804, 45.731025300219088 ], [ 22.133251158368804, 45.730747522441312 ], [ 22.132973380591025, 45.730747522441312 ], [ 22.132973380591025, 45.730191966885755 ], [ 22.133251158368804, 45.730191966885755 ], [ 22.133251158368804, 45.73046974466353 ], [ 22.133528936146579, 45.73046974466353 ], [ 22.133528936146579, 45.730747522441312 ], [ 22.133806713924358, 45.730747522441312 ], [ 22.133806713924358, 45.731025300219088 ], [ 22.134084491702136, 45.731025300219088 ], [ 22.134084491702136, 45.731303077996863 ], [ 22.134362269479915, 45.731303077996863 ], [ 22.134362269479915, 45.731580855774645 ], [ 22.135751158368802, 45.731580855774645 ], [ 22.135751158368802, 45.73185863355242 ], [ 22.13602893614658, 45.73185863355242 ], [ 22.13602893614658, 45.732414189107978 ], [ 22.136306713924359, 45.732414189107978 ], [ 22.136306713924359, 45.732969744663535 ], [ 22.135751158368802, 45.732969744663535 ], [ 22.135751158368802, 45.73324752244131 ], [ 22.135473380591026, 45.73324752244131 ], [ 22.135473380591026, 45.733803077996868 ], [ 22.134917825035469, 45.733803077996868 ], [ 22.134917825035469, 45.733525300219085 ], [ 22.134084491702136, 45.733525300219085 ], [ 22.134084491702136, 45.733803077996868 ], [ 22.133251158368804, 45.733803077996868 ], [ 22.133251158368804, 45.734080855774643 ], [ 22.134084491702136, 45.734080855774643 ], [ 22.134084491702136, 45.734358633552418 ], [ 22.133806713924358, 45.734358633552418 ], [ 22.133806713924358, 45.7346364113302 ], [ 22.133251158368804, 45.7346364113302 ], [ 22.133251158368804, 45.734914189107975 ], [ 22.132973380591025, 45.734914189107975 ], [ 22.132973380591025, 45.7346364113302 ], [ 22.132140047257693, 45.7346364113302 ], [ 22.132140047257693, 45.734358633552418 ], [ 22.13130671392436, 45.734358633552418 ], [ 22.13130671392436, 45.734080855774643 ], [ 22.130751158368803, 45.734080855774643 ], [ 22.130751158368803, 45.734358633552418 ], [ 22.130473380591024, 45.734358633552418 ], [ 22.130473380591024, 45.7346364113302 ], [ 22.130751158368803, 45.7346364113302 ], [ 22.130751158368803, 45.734914189107975 ], [ 22.13130671392436, 45.734914189107975 ], [ 22.13130671392436, 45.735191966885758 ], [ 22.131862269479914, 45.735191966885758 ], [ 22.131862269479914, 45.73602530021909 ], [ 22.131584491702135, 45.73602530021909 ], [ 22.131584491702135, 45.737136411330198 ], [ 22.131862269479914, 45.737136411330198 ], [ 22.131862269479914, 45.737414189107973 ], [ 22.132417825035471, 45.737414189107973 ], [ 22.132417825035471, 45.737691966885755 ], [ 22.132140047257693, 45.737691966885755 ], [ 22.132140047257693, 45.73796974466353 ], [ 22.131028936146581, 45.73796974466353 ] ], [ [ 22.132140047257693, 45.734080855774643 ], [ 22.132695602813246, 45.734080855774643 ], [ 22.132695602813246, 45.733803077996868 ], [ 22.132140047257693, 45.733803077996868 ], [ 22.132140047257693, 45.734080855774643 ] ], [ [ 22.127695602813247, 45.733803077996868 ], [ 22.127973380591026, 45.733803077996868 ], [ 22.127973380591026, 45.733525300219085 ], [ 22.128251158368801, 45.733525300219085 ], [ 22.128251158368801, 45.73324752244131 ], [ 22.127973380591026, 45.73324752244131 ], [ 22.127973380591026, 45.732691966885753 ], [ 22.12852893614658, 45.732691966885753 ], [ 22.12852893614658, 45.732414189107978 ], [ 22.128251158368801, 45.732414189107978 ], [ 22.128251158368801, 45.732136411330195 ], [ 22.127973380591026, 45.732136411330195 ], [ 22.127973380591026, 45.732414189107978 ], [ 22.127695602813247, 45.732414189107978 ], [ 22.127695602813247, 45.732691966885753 ], [ 22.127417825035469, 45.732691966885753 ], [ 22.127417825035469, 45.732969744663535 ], [ 22.127695602813247, 45.732969744663535 ], [ 22.127695602813247, 45.733803077996868 ] ], [ [ 22.13130671392436, 45.733803077996868 ], [ 22.131862269479914, 45.733803077996868 ], [ 22.131862269479914, 45.733525300219085 ], [ 22.131584491702135, 45.733525300219085 ], [ 22.131584491702135, 45.73324752244131 ], [ 22.131028936146581, 45.73324752244131 ], [ 22.131028936146581, 45.733525300219085 ], [ 22.13130671392436, 45.733525300219085 ], [ 22.13130671392436, 45.733803077996868 ] ], [ [ 22.132695602813246, 45.733803077996868 ], [ 22.133251158368804, 45.733803077996868 ], [ 22.133251158368804, 45.733525300219085 ], [ 22.132695602813246, 45.733525300219085 ], [ 22.132695602813246, 45.733803077996868 ] ], [ [ 22.126862269479915, 45.733525300219085 ], [ 22.127417825035469, 45.733525300219085 ], [ 22.127417825035469, 45.73324752244131 ], [ 22.126862269479915, 45.73324752244131 ], [ 22.126862269479915, 45.733525300219085 ] ], [ [ 22.129640047257691, 45.733525300219085 ], [ 22.12991782503547, 45.733525300219085 ], [ 22.12991782503547, 45.73324752244131 ], [ 22.129640047257691, 45.73324752244131 ], [ 22.129640047257691, 45.733525300219085 ] ], [ [ 22.130195602813249, 45.733525300219085 ], [ 22.130751158368803, 45.733525300219085 ], [ 22.130751158368803, 45.73324752244131 ], [ 22.130195602813249, 45.73324752244131 ], [ 22.130195602813249, 45.733525300219085 ] ], [ [ 22.129362269479913, 45.73324752244131 ], [ 22.129640047257691, 45.73324752244131 ], [ 22.129640047257691, 45.732969744663535 ], [ 22.129362269479913, 45.732969744663535 ], [ 22.129362269479913, 45.73324752244131 ] ], [ [ 22.135195602813248, 45.73324752244131 ], [ 22.135473380591026, 45.73324752244131 ], [ 22.135473380591026, 45.732969744663535 ], [ 22.135195602813248, 45.732969744663535 ], [ 22.135195602813248, 45.73324752244131 ] ], [ [ 22.126028936146582, 45.732969744663535 ], [ 22.126306713924357, 45.732969744663535 ], [ 22.126306713924357, 45.732691966885753 ], [ 22.126028936146582, 45.732691966885753 ], [ 22.126028936146582, 45.732969744663535 ] ], [ [ 22.131584491702135, 45.732969744663535 ], [ 22.131862269479914, 45.732969744663535 ], [ 22.131862269479914, 45.732691966885753 ], [ 22.131584491702135, 45.732691966885753 ], [ 22.131584491702135, 45.732969744663535 ] ], [ [ 22.134917825035469, 45.732969744663535 ], [ 22.135195602813248, 45.732969744663535 ], [ 22.135195602813248, 45.732691966885753 ], [ 22.134917825035469, 45.732691966885753 ], [ 22.134917825035469, 45.732969744663535 ] ], [ [ 22.129084491702137, 45.732691966885753 ], [ 22.129362269479913, 45.732691966885753 ], [ 22.129362269479913, 45.732136411330195 ], [ 22.12852893614658, 45.732136411330195 ], [ 22.12852893614658, 45.732414189107978 ], [ 22.129084491702137, 45.732414189107978 ], [ 22.129084491702137, 45.732691966885753 ] ], [ [ 22.129640047257691, 45.732414189107978 ], [ 22.12991782503547, 45.732414189107978 ], [ 22.12991782503547, 45.732136411330195 ], [ 22.129640047257691, 45.732136411330195 ], [ 22.129640047257691, 45.732414189107978 ] ], [ [ 22.130473380591024, 45.732414189107978 ], [ 22.130751158368803, 45.732414189107978 ], [ 22.130751158368803, 45.732136411330195 ], [ 22.130473380591024, 45.732136411330195 ], [ 22.130473380591024, 45.732414189107978 ] ], [ [ 22.130195602813249, 45.732136411330195 ], [ 22.130473380591024, 45.732136411330195 ], [ 22.130473380591024, 45.731580855774645 ], [ 22.130195602813249, 45.731580855774645 ], [ 22.130195602813249, 45.732136411330195 ] ], [ [ 22.13130671392436, 45.732136411330195 ], [ 22.131584491702135, 45.732136411330195 ], [ 22.131584491702135, 45.73185863355242 ], [ 22.13130671392436, 45.73185863355242 ], [ 22.13130671392436, 45.732136411330195 ] ], [ [ 22.132417825035471, 45.732136411330195 ], [ 22.132973380591025, 45.732136411330195 ], [ 22.132973380591025, 45.731303077996863 ], [ 22.132417825035471, 45.731303077996863 ], [ 22.132417825035471, 45.732136411330195 ] ], [ [ 22.133806713924358, 45.732136411330195 ], [ 22.134084491702136, 45.732136411330195 ], [ 22.134084491702136, 45.73185863355242 ], [ 22.133806713924358, 45.73185863355242 ], [ 22.133806713924358, 45.732136411330195 ] ], [ [ 22.128251158368801, 45.73185863355242 ], [ 22.12852893614658, 45.73185863355242 ], [ 22.12852893614658, 45.731580855774645 ], [ 22.128251158368801, 45.731580855774645 ], [ 22.128251158368801, 45.73185863355242 ] ], [ [ 22.132140047257693, 45.731303077996863 ], [ 22.132417825035471, 45.731303077996863 ], [ 22.132417825035471, 45.731025300219088 ], [ 22.132140047257693, 45.731025300219088 ], [ 22.132140047257693, 45.731303077996863 ] ] ] } },
{ "type": "Feature", "properties": { "rank": 16, "lake_id": 14108 }, "geometry": { "type": "Polygon", "coordinates": [ [ [ 27.158715896014154, 46.252348542406182 ], [ 27.158715896014154, 46.2520707646284 ], [ 27.157604784903043, 46.2520707646284 ], [ 27.157604784903043, 46.251792986850624 ], [ 27.157049229347486, 46.251792986850624 ], [ 27.157049229347486, 46.251515209072849 ], [ 27.156493673791932, 46.251515209072849 ], [ 27.156493673791932, 46.251237431295067 ], [ 27.156215896014153, 46.251237431295067 ], [ 27.156215896014153, 46.250404097961734 ], [ 27.156493673791932, 46.250404097961734 ], [ 27.156493673791932, 46.249292986850627 ], [ 27.155938118236374, 46.249292986850627 ], [ 27.155938118236374, 46.249570764628402 ], [ 27.155382562680821, 46.249570764628402 ], [ 27.155382562680821, 46.249015209072844 ], [ 27.155104784903042, 46.249015209072844 ], [ 27.155104784903042, 46.248181875739512 ], [ 27.155660340458599, 46.248181875739512 ], [ 27.155660340458599, 46.247904097961737 ], [ 27.155938118236374, 46.247904097961737 ], [ 27.155938118236374, 46.246237431295071 ], [ 27.155382562680821, 46.246237431295071 ], [ 27.155382562680821, 46.245959653517289 ], [ 27.155660340458599, 46.245959653517289 ], [ 27.155660340458599, 46.245681875739514 ], [ 27.155938118236374, 46.245681875739514 ], [ 27.155938118236374, 46.245404097961732 ], [ 27.156493673791932, 46.245404097961732 ], [ 27.156493673791932, 46.245126320183957 ], [ 27.157049229347486, 46.245126320183957 ], [ 27.157049229347486, 46.244848542406181 ], [ 27.157604784903043, 46.244848542406181 ], [ 27.157604784903043, 46.244570764628399 ], [ 27.158715896014154, 46.244570764628399 ], [ 27.158715896014154, 46.244292986850624 ], [ 27.16177145156971, 46.244292986850624 ], [ 27.16177145156971, 46.244570764628399 ], [ 27.162882562680821, 46.244570764628399 ], [ 27.162882562680821, 46.244848542406181 ], [ 27.163438118236375, 46.244848542406181 ], [ 27.163438118236375, 46.245126320183957 ], [ 27.163993673791932, 46.245126320183957 ], [ 27.163993673791932, 46.245681875739514 ], [ 27.163438118236375, 46.245681875739514 ], [ 27.163438118236375, 46.245959653517289 ], [ 27.1631603404586, 46.245959653517289 ], [ 27.1631603404586, 46.246237431295071 ], [ 27.162882562680821, 46.246237431295071 ], [ 27.162882562680821, 46.246792986850622 ], [ 27.1631603404586, 46.246792986850622 ], [ 27.1631603404586, 46.247070764628404 ], [ 27.162882562680821, 46.247070764628404 ], [ 27.162882562680821, 46.247348542406179 ], [ 27.163438118236375, 46.247348542406179 ], [ 27.163438118236375, 46.247070764628404 ], [ 27.163993673791932, 46.247070764628404 ], [ 27.163993673791932, 46.247626320183954 ], [ 27.164271451569711, 46.247626320183954 ], [ 27.164271451569711, 46.247904097961737 ], [ 27.164827007125265, 46.247904097961737 ], [ 27.164827007125265, 46.247348542406179 ], [ 27.165104784903043, 46.247348542406179 ], [ 27.165104784903043, 46.247626320183954 ], [ 27.165660340458597, 46.247626320183954 ], [ 27.165660340458597, 46.247348542406179 ], [ 27.165938118236376, 46.247348542406179 ], [ 27.165938118236376, 46.248181875739512 ], [ 27.165660340458597, 46.248181875739512 ], [ 27.165660340458597, 46.248459653517287 ], [ 27.165382562680819, 46.248459653517287 ], [ 27.165382562680819, 46.248737431295069 ], [ 27.165104784903043, 46.248737431295069 ], [ 27.165104784903043, 46.249015209072844 ], [ 27.164827007125265, 46.249015209072844 ], [ 27.164827007125265, 46.249570764628402 ], [ 27.164549229347486, 46.249570764628402 ], [ 27.164549229347486, 46.250126320183959 ], [ 27.164271451569711, 46.250126320183959 ], [ 27.164271451569711, 46.25068187573951 ], [ 27.164827007125265, 46.25068187573951 ], [ 27.164827007125265, 46.250959653517292 ], [ 27.164549229347486, 46.250959653517292 ], [ 27.164549229347486, 46.251237431295067 ], [ 27.163993673791932, 46.251237431295067 ], [ 27.163993673791932, 46.251515209072849 ], [ 27.163438118236375, 46.251515209072849 ], [ 27.163438118236375, 46.251792986850624 ], [ 27.162882562680821, 46.251792986850624 ], [ 27.162882562680821, 46.2520707646284 ], [ 27.16177145156971, 46.2520707646284 ], [ 27.16177145156971, 46.252348542406182 ], [ 27.158715896014154, 46.252348542406182 ] ], [ [ 27.156771451569711, 46.250959653517292 ], [ 27.157882562680822, 46.250959653517292 ], [ 27.157882562680822, 46.25068187573951 ], [ 27.158160340458597, 46.25068187573951 ], [ 27.158160340458597, 46.250404097961734 ], [ 27.158438118236376, 46.250404097961734 ], [ 27.158438118236376, 46.249848542406177 ], [ 27.158715896014154, 46.249848542406177 ], [ 27.158715896014154, 46.249570764628402 ], [ 27.15899367379193, 46.249570764628402 ], [ 27.15899367379193, 46.248737431295069 ], [ 27.159271451569708, 46.248737431295069 ], [ 27.159271451569708, 46.248459653517287 ], [ 27.159549229347487, 46.248459653517287 ], [ 27.159549229347487, 46.247904097961737 ], [ 27.159271451569708, 46.247904097961737 ], [ 27.159271451569708, 46.248181875739512 ], [ 27.158438118236376, 46.248181875739512 ], [ 27.158438118236376, 46.248459653517287 ], [ 27.157882562680822, 46.248459653517287 ], [ 27.157882562680822, 46.248737431295069 ], [ 27.157604784903043, 46.248737431295069 ], [ 27.157604784903043, 46.249292986850627 ], [ 27.157327007125264, 46.249292986850627 ], [ 27.157327007125264, 46.249570764628402 ], [ 27.157049229347486, 46.249570764628402 ], [ 27.157049229347486, 46.250126320183959 ], [ 27.156771451569711, 46.250126320183959 ], [ 27.156771451569711, 46.250404097961734 ], [ 27.157049229347486, 46.250404097961734 ], [ 27.157049229347486, 46.25068187573951 ], [ 27.156771451569711, 46.25068187573951 ], [ 27.156771451569711, 46.250959653517292 ] ], [ [ 27.163715896014153, 46.249848542406177 ], [ 27.163993673791932, 46.249848542406177 ], [ 27.163993673791932, 46.249292986850627 ], [ 27.163715896014153, 46.249292986850627 ], [ 27.163715896014153, 46.249848542406177 ] ], [ [ 27.162049229347488, 46.249292986850627 ], [ 27.162327007125263, 46.249292986850627 ], [ 27.162327007125263, 46.247070764628404 ], [ 27.162049229347488, 46.247070764628404 ], [ 27.162049229347488, 46.246792986850622 ], [ 27.161493673791931, 46.246792986850622 ], [ 27.161493673791931, 46.247348542406179 ], [ 27.16177145156971, 46.247348542406179 ], [ 27.16177145156971, 46.247626320183954 ], [ 27.161493673791931, 46.247626320183954 ], [ 27.161493673791931, 46.248459653517287 ], [ 27.16177145156971, 46.248459653517287 ], [ 27.16177145156971, 46.249015209072844 ], [ 27.162049229347488, 46.249015209072844 ], [ 27.162049229347488, 46.249292986850627 ] ], [ [ 27.163993673791932, 46.249292986850627 ], [ 27.164271451569711, 46.249292986850627 ], [ 27.164271451569711, 46.249015209072844 ], [ 27.163993673791932, 46.249015209072844 ], [ 27.163993673791932, 46.249292986850627 ] ], [ [ 27.155660340458599, 46.249015209072844 ], [ 27.155938118236374, 46.249015209072844 ], [ 27.155938118236374, 46.248737431295069 ], [ 27.156215896014153, 46.248737431295069 ], [ 27.156215896014153, 46.248459653517287 ], [ 27.155660340458599, 46.248459653517287 ], [ 27.155660340458599, 46.249015209072844 ] ] ] } },
{ "type": "Feature", "properties": { "rank": 17, "lake_id": 169796 }, "geometry": { "type": "Polygon", "coordinates": [ [ [ 27.582364681468562, 46.307566641364566 ], [ 27.582364681468562, 46.307288863586784 ], [ 27.58125357035745, 46.307288863586784 ], [ 27.58125357035745, 46.307011085809009 ], [ 27.580698014801893, 46.307011085809009 ], [ 27.580698014801893, 46.306733308031227 ], [ 27.580142459246339, 46.306733308031227 ], [ 27.580142459246339, 46.306455530253452 ], [ 27.579586903690782, 46.306455530253452 ], [ 27.579586903690782, 46.306177752475676 ], [ 27.579309125913007, 46.306177752475676 ], [ 27.579309125913007, 46.305899974697894 ], [ 27.579031348135228, 46.305899974697894 ], [ 27.579031348135228, 46.305622196920119 ], [ 27.578753570357449, 46.305622196920119 ], [ 27.578753570357449, 46.305344419142344 ], [ 27.57847579257967, 46.305344419142344 ], [ 27.57847579257967, 46.304788863586786 ], [ 27.578198014801895, 46.304788863586786 ], [ 27.578198014801895, 46.303955530253454 ], [ 27.577920237024117, 46.303955530253454 ], [ 27.577920237024117, 46.303677752475672 ], [ 27.578198014801895, 46.303677752475672 ], [ 27.578198014801895, 46.302844419142339 ], [ 27.57847579257967, 46.302844419142339 ], [ 27.57847579257967, 46.301733308031231 ], [ 27.578753570357449, 46.301733308031231 ], [ 27.578753570357449, 46.301455530253449 ], [ 27.579031348135228, 46.301455530253449 ], [ 27.579031348135228, 46.301177752475674 ], [ 27.579309125913007, 46.301177752475674 ], [ 27.579309125913007, 46.300899974697899 ], [ 27.579586903690782, 46.300899974697899 ], [ 27.579586903690782, 46.300622196920116 ], [ 27.580142459246339, 46.300622196920116 ], [ 27.580142459246339, 46.300344419142341 ], [ 27.580420237024118, 46.300344419142341 ], [ 27.580420237024118, 46.301455530253449 ], [ 27.580698014801893, 46.301455530253449 ], [ 27.580698014801893, 46.300066641364566 ], [ 27.58125357035745, 46.300066641364566 ], [ 27.58125357035745, 46.299788863586784 ], [ 27.582364681468562, 46.299788863586784 ], [ 27.582364681468562, 46.299511085809009 ], [ 27.585420237024117, 46.299511085809009 ], [ 27.585420237024117, 46.299788863586784 ], [ 27.586531348135228, 46.299788863586784 ], [ 27.586531348135228, 46.300066641364566 ], [ 27.587086903690782, 46.300066641364566 ], [ 27.587086903690782, 46.300344419142341 ], [ 27.587642459246339, 46.300344419142341 ], [ 27.587642459246339, 46.300622196920116 ], [ 27.588198014801893, 46.300622196920116 ], [ 27.588198014801893, 46.300899974697899 ], [ 27.588475792579672, 46.300899974697899 ], [ 27.588475792579672, 46.301177752475674 ], [ 27.588753570357451, 46.301177752475674 ], [ 27.588753570357451, 46.301455530253449 ], [ 27.589031348135226, 46.301455530253449 ], [ 27.589031348135226, 46.301733308031231 ], [ 27.589309125913005, 46.301733308031231 ], [ 27.589309125913005, 46.302288863586789 ], [ 27.589586903690783, 46.302288863586789 ], [ 27.589586903690783, 46.303122196920121 ], [ 27.589864681468562, 46.303122196920121 ], [ 27.589864681468562, 46.303955530253454 ], [ 27.589586903690783, 46.303955530253454 ], [ 27.589586903690783, 46.304788863586786 ], [ 27.589309125913005, 46.304788863586786 ], [ 27.589309125913005, 46.305344419142344 ], [ 27.589031348135226, 46.305344419142344 ], [ 27.589031348135226, 46.305622196920119 ], [ 27.588753570357451, 46.305622196920119 ], [ 27.588753570357451, 46.305899974697894 ], [ 27.588475792579672, 46.305899974697894 ], [ 27.588475792579672, 46.306177752475676 ], [ 27.588198014801893, 46.306177752475676 ], [ 27.588198014801893, 46.306455530253452 ], [ 27.587642459246339, 46.306455530253452 ], [ 27.587642459246339, 46.306733308031227 ], [ 27.587086903690782, 46.306733308031227 ], [ 27.587086903690782, 46.307011085809009 ], [ 27.586531348135228, 46.307011085809009 ], [ 27.586531348135228, 46.307288863586784 ], [ 27.585420237024117, 46.307288863586784 ], [ 27.585420237024117, 46.307566641364566 ], [ 27.582364681468562, 46.307566641364566 ] ], [ [ 27.57986468146856, 46.302566641364564 ], [ 27.580142459246339, 46.302566641364564 ], [ 27.580142459246339, 46.302288863586789 ], [ 27.57986468146856, 46.302288863586789 ], [ 27.57986468146856, 46.302566641364564 ] ], [ [ 27.57986468146856, 46.302011085809006 ], [ 27.580142459246339, 46.302011085809006 ], [ 27.580142459246339, 46.301733308031231 ], [ 27.57986468146856, 46.301733308031231 ], [ 27.57986468146856, 46.302011085809006 ] ] ] } },
{ "type": "Feature", "properties": { "rank": 18, "lake_id": 168687 }, "geometry": { "type": "Polygon", "coordinates": [ [ [ 26.318064635828751, 47.782867069967082 ], [ 26.318064635828751, 47.782589292189307 ], [ 26.31695352471764, 47.782589292189307 ], [ 26.31695352471764, 47.782311514411532 ], [ 26.316120191384307, 47.782311514411532 ], [ 26.316120191384307, 47.78203373663375 ], [ 26.31556463582875, 47.78203373663375 ], [ 26.31556463582875, 47.781755958855975 ], [ 26.315286858050971, 47.781755958855975 ], [ 26.315286858050971, 47.781478181078199 ], [ 26.314731302495417, 47.781478181078199 ], [ 26.314731302495417, 47.781200403300417 ], [ 26.314453524717639, 47.781200403300417 ], [ 26.314453524717639, 47.78064484774486 ], [ 26.31417574693986, 47.78064484774486 ], [ 26.31417574693986, 47.780367069967085 ], [ 26.313897969162085, 47.780367069967085 ], [ 26.313897969162085, 47.779811514411527 ], [ 26.313620191384306, 47.779811514411527 ], [ 26.313620191384306, 47.779533736633752 ], [ 26.313897969162085, 47.779533736633752 ], [ 26.313897969162085, 47.779255958855977 ], [ 26.314453524717639, 47.779255958855977 ], [ 26.314453524717639, 47.778978181078195 ], [ 26.314731302495417, 47.778978181078195 ], [ 26.314731302495417, 47.778700403300419 ], [ 26.315286858050971, 47.778700403300419 ], [ 26.315286858050971, 47.778144847744862 ], [ 26.31556463582875, 47.778144847744862 ], [ 26.31556463582875, 47.777311514411529 ], [ 26.315842413606529, 47.777311514411529 ], [ 26.315842413606529, 47.776755958855972 ], [ 26.316120191384307, 47.776755958855972 ], [ 26.316120191384307, 47.776478181078197 ], [ 26.316397969162082, 47.776478181078197 ], [ 26.316397969162082, 47.775922625522639 ], [ 26.316675746939861, 47.775922625522639 ], [ 26.316675746939861, 47.775644847744864 ], [ 26.31695352471764, 47.775644847744864 ], [ 26.31695352471764, 47.775089292189307 ], [ 26.318064635828751, 47.775089292189307 ], [ 26.318064635828751, 47.774811514411532 ], [ 26.318620191384305, 47.774811514411532 ], [ 26.318620191384305, 47.775367069967082 ], [ 26.318342413606526, 47.775367069967082 ], [ 26.318342413606526, 47.775644847744864 ], [ 26.318064635828751, 47.775644847744864 ], [ 26.318064635828751, 47.775922625522639 ], [ 26.317786858050972, 47.775922625522639 ], [ 26.317786858050972, 47.776200403300422 ], [ 26.317509080273194, 47.776200403300422 ], [ 26.317509080273194, 47.776755958855972 ], [ 26.317231302495419, 47.776755958855972 ], [ 26.317231302495419, 47.777033736633754 ], [ 26.31695352471764, 47.777033736633754 ], [ 26.31695352471764, 47.777311514411529 ], [ 26.316675746939861, 47.777311514411529 ], [ 26.316675746939861, 47.777867069967087 ], [ 26.316397969162082, 47.777867069967087 ], [ 26.316397969162082, 47.778422625522637 ], [ 26.31695352471764, 47.778422625522637 ], [ 26.31695352471764, 47.778144847744862 ], [ 26.317231302495419, 47.778144847744862 ], [ 26.317231302495419, 47.777311514411529 ], [ 26.317509080273194, 47.777311514411529 ], [ 26.317509080273194, 47.777033736633754 ], [ 26.317786858050972, 47.777033736633754 ], [ 26.317786858050972, 47.776755958855972 ], [ 26.318064635828751, 47.776755958855972 ], [ 26.318064635828751, 47.776200403300422 ], [ 26.318342413606526, 47.776200403300422 ], [ 26.318342413606526, 47.775922625522639 ], [ 26.318620191384305, 47.775922625522639 ], [ 26.318620191384305, 47.775644847744864 ], [ 26.318897969162084, 47.775644847744864 ], [ 26.318897969162084, 47.775367069967082 ], [ 26.319731302495416, 47.775367069967082 ], [ 26.319731302495416, 47.774811514411532 ], [ 26.320286858050974, 47.774811514411532 ], [ 26.320286858050974, 47.775089292189307 ], [ 26.320009080273195, 47.775089292189307 ], [ 26.320009080273195, 47.775922625522639 ], [ 26.319731302495416, 47.775922625522639 ], [ 26.319731302495416, 47.776200403300422 ], [ 26.320009080273195, 47.776200403300422 ], [ 26.320009080273195, 47.776755958855972 ], [ 26.320286858050974, 47.776755958855972 ], [ 26.320286858050974, 47.776478181078197 ], [ 26.320842413606528, 47.776478181078197 ], [ 26.320842413606528, 47.778144847744862 ], [ 26.321120191384306, 47.778144847744862 ], [ 26.321120191384306, 47.778700403300419 ], [ 26.320842413606528, 47.778700403300419 ], [ 26.320842413606528, 47.779811514411527 ], [ 26.320564635828749, 47.779811514411527 ], [ 26.320564635828749, 47.780089292189309 ], [ 26.320286858050974, 47.780089292189309 ], [ 26.320286858050974, 47.779255958855977 ], [ 26.320564635828749, 47.779255958855977 ], [ 26.320564635828749, 47.778978181078195 ], [ 26.320286858050974, 47.778978181078195 ], [ 26.320286858050974, 47.778422625522637 ], [ 26.320564635828749, 47.778422625522637 ], [ 26.320564635828749, 47.778144847744862 ], [ 26.320286858050974, 47.778144847744862 ], [ 26.320286858050974, 47.777867069967087 ], [ 26.320009080273195, 47.777867069967087 ], [ 26.320009080273195, 47.778700403300419 ], [ 26.319731302495416, 47.778700403300419 ], [ 26.319731302495416, 47.778978181078195 ], [ 26.319453524717638, 47.778978181078195 ], [ 26.319453524717638, 47.780367069967085 ], [ 26.321120191384306, 47.780367069967085 ], [ 26.321120191384306, 47.780089292189309 ], [ 26.321397969162085, 47.780089292189309 ], [ 26.321397969162085, 47.779811514411527 ], [ 26.32167574693986, 47.779811514411527 ], [ 26.32167574693986, 47.777589292189305 ], [ 26.321953524717639, 47.777589292189305 ], [ 26.321953524717639, 47.777033736633754 ], [ 26.32167574693986, 47.777033736633754 ], [ 26.32167574693986, 47.776478181078197 ], [ 26.321397969162085, 47.776478181078197 ], [ 26.321397969162085, 47.775922625522639 ], [ 26.32167574693986, 47.775922625522639 ], [ 26.32167574693986, 47.775644847744864 ], [ 26.320842413606528, 47.775644847744864 ], [ 26.320842413606528, 47.774811514411532 ], [ 26.321120191384306, 47.774811514411532 ], [ 26.321120191384306, 47.775089292189307 ], [ 26.322231302495418, 47.775089292189307 ], [ 26.322231302495418, 47.775367069967082 ], [ 26.32306463582875, 47.775367069967082 ], [ 26.32306463582875, 47.775644847744864 ], [ 26.323620191384308, 47.775644847744864 ], [ 26.323620191384308, 47.775922625522639 ], [ 26.323897969162083, 47.775922625522639 ], [ 26.323897969162083, 47.776200403300422 ], [ 26.32445352471764, 47.776200403300422 ], [ 26.32445352471764, 47.776478181078197 ], [ 26.324731302495415, 47.776478181078197 ], [ 26.324731302495415, 47.777033736633754 ], [ 26.325009080273194, 47.777033736633754 ], [ 26.325009080273194, 47.777311514411529 ], [ 26.325286858050973, 47.777311514411529 ], [ 26.325286858050973, 47.777867069967087 ], [ 26.325564635828751, 47.777867069967087 ], [ 26.325564635828751, 47.779533736633752 ], [ 26.32445352471764, 47.779533736633752 ], [ 26.32445352471764, 47.780089292189309 ], [ 26.324175746939861, 47.780089292189309 ], [ 26.324175746939861, 47.780367069967085 ], [ 26.323897969162083, 47.780367069967085 ], [ 26.323897969162083, 47.78064484774486 ], [ 26.323620191384308, 47.78064484774486 ], [ 26.323620191384308, 47.780922625522642 ], [ 26.323342413606529, 47.780922625522642 ], [ 26.323342413606529, 47.78064484774486 ], [ 26.322786858050971, 47.78064484774486 ], [ 26.322786858050971, 47.780367069967085 ], [ 26.322509080273196, 47.780367069967085 ], [ 26.322509080273196, 47.78064484774486 ], [ 26.321953524717639, 47.78064484774486 ], [ 26.321953524717639, 47.780922625522642 ], [ 26.322509080273196, 47.780922625522642 ], [ 26.322509080273196, 47.782311514411532 ], [ 26.322231302495418, 47.782311514411532 ], [ 26.322231302495418, 47.782589292189307 ], [ 26.321120191384306, 47.782589292189307 ], [ 26.321120191384306, 47.782867069967082 ], [ 26.318064635828751, 47.782867069967082 ] ], [ [ 26.317231302495419, 47.779255958855977 ], [ 26.317509080273194, 47.779255958855977 ], [ 26.317509080273194, 47.778700403300419 ], [ 26.31695352471764, 47.778700403300419 ], [ 26.31695352471764, 47.778978181078195 ], [ 26.317231302495419, 47.778978181078195 ], [ 26.317231302495419, 47.779255958855977 ] ], [ [ 26.320286858050974, 47.777867069967087 ], [ 26.320564635828749, 47.777867069967087 ], [ 26.320564635828749, 47.777589292189305 ], [ 26.320286858050974, 47.777589292189305 ], [ 26.320286858050974, 47.777867069967087 ] ], [ [ 26.319453524717638, 47.777589292189305 ], [ 26.319731302495416, 47.777589292189305 ], [ 26.319731302495416, 47.777311514411529 ], [ 26.319453524717638, 47.777311514411529 ], [ 26.319453524717638, 47.777589292189305 ] ], [ [ 26.319731302495416, 47.777033736633754 ], [ 26.320009080273195, 47.777033736633754 ], [ 26.320009080273195, 47.776755958855972 ], [ 26.319731302495416, 47.776755958855972 ], [ 26.319731302495416, 47.777033736633754 ] ] ] } },
{ "type": "Feature", "properties": { "rank": 19, "lake_id": 169243 }, "geometry": { "type": "Polygon", "coordinates": [ [ [ 27.459856751724917, 46.86242436163365 ], [ 27.459856751724917, 46.862146583855875 ], [ 27.459578973947139, 46.862146583855875 ], [ 27.459578973947139, 46.861868806078093 ], [ 27.459023418391585, 46.861868806078093 ], [ 27.459023418391585, 46.861591028300317 ], [ 27.458745640613806, 46.861591028300317 ], [ 27.458745640613806, 46.86103547274476 ], [ 27.459023418391585, 46.86103547274476 ], [ 27.459023418391585, 46.86047991718921 ], [ 27.45930119616936, 46.86047991718921 ], [ 27.45930119616936, 46.860202139411427 ], [ 27.459578973947139, 46.860202139411427 ], [ 27.459578973947139, 46.859924361633652 ], [ 27.459023418391585, 46.859924361633652 ], [ 27.459023418391585, 46.85964658385587 ], [ 27.45930119616936, 46.85964658385587 ], [ 27.45930119616936, 46.859368806078095 ], [ 27.459023418391585, 46.859368806078095 ], [ 27.459023418391585, 46.85909102830032 ], [ 27.45930119616936, 46.85909102830032 ], [ 27.45930119616936, 46.858813250522537 ], [ 27.459578973947139, 46.858813250522537 ], [ 27.459578973947139, 46.858535472744762 ], [ 27.460134529502696, 46.858535472744762 ], [ 27.460134529502696, 46.858257694966987 ], [ 27.460412307280471, 46.858257694966987 ], [ 27.460412307280471, 46.85770213941143 ], [ 27.460134529502696, 46.85770213941143 ], [ 27.460134529502696, 46.857424361633647 ], [ 27.459856751724917, 46.857424361633647 ], [ 27.459856751724917, 46.857146583855872 ], [ 27.460134529502696, 46.857146583855872 ], [ 27.460134529502696, 46.856868806078097 ], [ 27.460412307280471, 46.856868806078097 ], [ 27.460412307280471, 46.856591028300315 ], [ 27.459856751724917, 46.856591028300315 ], [ 27.459856751724917, 46.856868806078097 ], [ 27.45930119616936, 46.856868806078097 ], [ 27.45930119616936, 46.856591028300315 ], [ 27.459578973947139, 46.856591028300315 ], [ 27.459578973947139, 46.856035472744765 ], [ 27.459856751724917, 46.856035472744765 ], [ 27.459856751724917, 46.855757694966982 ], [ 27.460134529502696, 46.855757694966982 ], [ 27.460134529502696, 46.855479917189207 ], [ 27.46069008505825, 46.855479917189207 ], [ 27.46069008505825, 46.855202139411432 ], [ 27.461801196169361, 46.855202139411432 ], [ 27.461801196169361, 46.85492436163365 ], [ 27.464856751724916, 46.85492436163365 ], [ 27.464856751724916, 46.855202139411432 ], [ 27.465967862836028, 46.855202139411432 ], [ 27.465967862836028, 46.855479917189207 ], [ 27.46680119616936, 46.855479917189207 ], [ 27.46680119616936, 46.855757694966982 ], [ 27.467078973947139, 46.855757694966982 ], [ 27.467078973947139, 46.856035472744765 ], [ 27.467634529502696, 46.856035472744765 ], [ 27.467634529502696, 46.85631325052254 ], [ 27.467912307280471, 46.85631325052254 ], [ 27.467912307280471, 46.856591028300315 ], [ 27.46819008505825, 46.856591028300315 ], [ 27.46819008505825, 46.856868806078097 ], [ 27.468467862836029, 46.856868806078097 ], [ 27.468467862836029, 46.85770213941143 ], [ 27.46680119616936, 46.85770213941143 ], [ 27.46680119616936, 46.857979917189205 ], [ 27.465967862836028, 46.857979917189205 ], [ 27.465967862836028, 46.858257694966987 ], [ 27.465690085058249, 46.858257694966987 ], [ 27.465690085058249, 46.858535472744762 ], [ 27.465412307280474, 46.858535472744762 ], [ 27.465412307280474, 46.85909102830032 ], [ 27.465134529502695, 46.85909102830032 ], [ 27.465134529502695, 46.859368806078095 ], [ 27.464023418391584, 46.859368806078095 ], [ 27.464023418391584, 46.85964658385587 ], [ 27.463745640613805, 46.85964658385587 ], [ 27.463745640613805, 46.859924361633652 ], [ 27.463467862836026, 46.859924361633652 ], [ 27.463467862836026, 46.86047991718921 ], [ 27.463190085058251, 46.86047991718921 ], [ 27.463190085058251, 46.860757694966985 ], [ 27.461801196169361, 46.860757694966985 ], [ 27.461801196169361, 46.86103547274476 ], [ 27.461245640613807, 46.86103547274476 ], [ 27.461245640613807, 46.861313250522542 ], [ 27.460967862836029, 46.861313250522542 ], [ 27.460967862836029, 46.861591028300317 ], [ 27.46069008505825, 46.861591028300317 ], [ 27.46069008505825, 46.861868806078093 ], [ 27.460412307280471, 46.861868806078093 ], [ 27.460412307280471, 46.86242436163365 ], [ 27.459856751724917, 46.86242436163365 ] ] ] } },
{ "type": "Feature", "properties": { "rank": 20, "lake_id": 1293 }, "geometry": { "type": "Polygon", "coordinates": [ [ [ 21.994717276854864, 44.597974561119244 ], [ 21.994717276854864, 44.597419005563694 ], [ 21.993883943521531, 44.597419005563694 ], [ 21.993883943521531, 44.597696783341469 ], [ 21.993606165743753, 44.597696783341469 ], [ 21.993606165743753, 44.597419005563694 ], [ 21.993050610188199, 44.597419005563694 ], [ 21.993050610188199, 44.597141227785912 ], [ 21.99277283241042, 44.597141227785912 ], [ 21.99277283241042, 44.596863450008136 ], [ 21.993328387965978, 44.596863450008136 ], [ 21.993328387965978, 44.596585672230354 ], [ 21.993606165743753, 44.596585672230354 ], [ 21.993606165743753, 44.596030116674804 ], [ 21.99277283241042, 44.596030116674804 ], [ 21.99277283241042, 44.595752338897022 ], [ 21.993050610188199, 44.595752338897022 ], [ 21.993050610188199, 44.595474561119246 ], [ 21.992495054632641, 44.595474561119246 ], [ 21.992495054632641, 44.595752338897022 ], [ 21.992217276854866, 44.595752338897022 ], [ 21.992217276854866, 44.595474561119246 ], [ 21.991939499077088, 44.595474561119246 ], [ 21.991939499077088, 44.594919005563689 ], [ 21.992217276854866, 44.594919005563689 ], [ 21.992217276854866, 44.594641227785914 ], [ 21.993050610188199, 44.594641227785914 ], [ 21.993050610188199, 44.593807894452581 ], [ 21.99277283241042, 44.593807894452581 ], [ 21.99277283241042, 44.593252338897024 ], [ 21.992495054632641, 44.593252338897024 ], [ 21.992495054632641, 44.592974561119249 ], [ 21.99277283241042, 44.592974561119249 ], [ 21.99277283241042, 44.592696783341466 ], [ 21.993328387965978, 44.592696783341466 ], [ 21.993328387965978, 44.592974561119249 ], [ 21.993606165743753, 44.592974561119249 ], [ 21.993606165743753, 44.593252338897024 ], [ 21.993883943521531, 44.593252338897024 ], [ 21.993883943521531, 44.593530116674799 ], [ 21.99416172129931, 44.593530116674799 ], [ 21.99416172129931, 44.593807894452581 ], [ 21.994439499077089, 44.593807894452581 ], [ 21.994439499077089, 44.594085672230356 ], [ 21.99416172129931, 44.594085672230356 ], [ 21.99416172129931, 44.594363450008132 ], [ 21.994439499077089, 44.594363450008132 ], [ 21.994439499077089, 44.595196783341471 ], [ 21.994717276854864, 44.595196783341471 ], [ 21.994717276854864, 44.595474561119246 ], [ 21.995272832410421, 44.595474561119246 ], [ 21.995272832410421, 44.594919005563689 ], [ 21.995550610188197, 44.594919005563689 ], [ 21.995550610188197, 44.595752338897022 ], [ 21.995272832410421, 44.595752338897022 ], [ 21.995272832410421, 44.596307894452579 ], [ 21.995550610188197, 44.596307894452579 ], [ 21.995550610188197, 44.596030116674804 ], [ 21.995828387965975, 44.596030116674804 ], [ 21.995828387965975, 44.595752338897022 ], [ 21.996106165743754, 44.595752338897022 ], [ 21.996106165743754, 44.596030116674804 ], [ 21.996383943521533, 44.596030116674804 ], [ 21.996383943521533, 44.596863450008136 ], [ 21.994995054632643, 44.596863450008136 ], [ 21.994995054632643, 44.597974561119244 ], [ 21.994717276854864, 44.597974561119244 ] ] ] } },
{ "type": "Feature", "properties": { "rank": 21, "lake_id": 169192 }, "geometry": { "type": "Polygon", "coordinates": [ [ [ 27.373898421000451, 46.946356110765684 ], [ 27.373898421000451, 46.946078332987909 ], [ 27.373620643222676, 46.946078332987909 ], [ 27.373620643222676, 46.945800555210134 ], [ 27.373898421000451, 46.945800555210134 ], [ 27.373898421000451, 46.945522777432352 ], [ 27.373620643222676, 46.945522777432352 ], [ 27.373620643222676, 46.944967221876794 ], [ 27.372787309889343, 46.944967221876794 ], [ 27.372787309889343, 46.944689444099019 ], [ 27.373342865444897, 46.944689444099019 ], [ 27.373342865444897, 46.944411666321244 ], [ 27.375009532111562, 46.944411666321244 ], [ 27.375009532111562, 46.944133888543462 ], [ 27.37556508766712, 46.944133888543462 ], [ 27.37556508766712, 46.943856110765687 ], [ 27.375842865444898, 46.943856110765687 ], [ 27.375842865444898, 46.943578332987911 ], [ 27.376120643222674, 46.943578332987911 ], [ 27.376120643222674, 46.943300555210129 ], [ 27.37556508766712, 46.943300555210129 ], [ 27.37556508766712, 46.942467221876797 ], [ 27.375842865444898, 46.942467221876797 ], [ 27.375842865444898, 46.941911666321239 ], [ 27.376120643222674, 46.941911666321239 ], [ 27.376120643222674, 46.940522777432356 ], [ 27.375842865444898, 46.940522777432356 ], [ 27.375842865444898, 46.940244999654574 ], [ 27.37556508766712, 46.940244999654574 ], [ 27.37556508766712, 46.939967221876799 ], [ 27.377509532111564, 46.939967221876799 ], [ 27.377509532111564, 46.940244999654574 ], [ 27.378065087667121, 46.940244999654574 ], [ 27.378065087667121, 46.940800555210132 ], [ 27.378342865444896, 46.940800555210132 ], [ 27.378342865444896, 46.941078332987907 ], [ 27.378620643222675, 46.941078332987907 ], [ 27.378620643222675, 46.941356110765689 ], [ 27.378898421000454, 46.941356110765689 ], [ 27.378898421000454, 46.942189444099022 ], [ 27.379176198778229, 46.942189444099022 ], [ 27.379176198778229, 46.942467221876797 ], [ 27.379453976556007, 46.942467221876797 ], [ 27.379453976556007, 46.942744999654579 ], [ 27.379731754333786, 46.942744999654579 ], [ 27.379731754333786, 46.943022777432354 ], [ 27.38028730988934, 46.943022777432354 ], [ 27.38028730988934, 46.942744999654579 ], [ 27.381120643222676, 46.942744999654579 ], [ 27.381120643222676, 46.942467221876797 ], [ 27.38167619877823, 46.942467221876797 ], [ 27.38167619877823, 46.943300555210129 ], [ 27.381953976556009, 46.943300555210129 ], [ 27.381953976556009, 46.944689444099019 ], [ 27.38167619877823, 46.944689444099019 ], [ 27.38167619877823, 46.945522777432352 ], [ 27.381398421000451, 46.945522777432352 ], [ 27.381398421000451, 46.945800555210134 ], [ 27.381120643222676, 46.945800555210134 ], [ 27.381120643222676, 46.946078332987909 ], [ 27.380842865444897, 46.946078332987909 ], [ 27.380842865444897, 46.945522777432352 ], [ 27.381120643222676, 46.945522777432352 ], [ 27.381120643222676, 46.944689444099019 ], [ 27.380842865444897, 46.944689444099019 ], [ 27.380842865444897, 46.944133888543462 ], [ 27.381120643222676, 46.944133888543462 ], [ 27.381120643222676, 46.943578332987911 ], [ 27.38028730988934, 46.943578332987911 ], [ 27.38028730988934, 46.943856110765687 ], [ 27.379731754333786, 46.943856110765687 ], [ 27.379731754333786, 46.944133888543462 ], [ 27.379176198778229, 46.944133888543462 ], [ 27.379176198778229, 46.944411666321244 ], [ 27.378898421000454, 46.944411666321244 ], [ 27.378898421000454, 46.944689444099019 ], [ 27.378342865444896, 46.944689444099019 ], [ 27.378342865444896, 46.944967221876794 ], [ 27.378065087667121, 46.944967221876794 ], [ 27.378065087667121, 46.945244999654577 ], [ 27.377787309889342, 46.945244999654577 ], [ 27.377787309889342, 46.946078332987909 ], [ 27.37695397655601, 46.946078332987909 ], [ 27.37695397655601, 46.945522777432352 ], [ 27.377231754333785, 46.945522777432352 ], [ 27.377231754333785, 46.945244999654577 ], [ 27.37695397655601, 46.945244999654577 ], [ 27.37695397655601, 46.944967221876794 ], [ 27.376676198778231, 46.944967221876794 ], [ 27.376676198778231, 46.945244999654577 ], [ 27.376398421000452, 46.945244999654577 ], [ 27.376398421000452, 46.945800555210134 ], [ 27.376120643222674, 46.945800555210134 ], [ 27.376120643222674, 46.946078332987909 ], [ 27.37556508766712, 46.946078332987909 ], [ 27.37556508766712, 46.945800555210134 ], [ 27.375287309889341, 46.945800555210134 ], [ 27.375287309889341, 46.946078332987909 ], [ 27.375009532111562, 46.946078332987909 ], [ 27.375009532111562, 46.946356110765684 ], [ 27.373898421000451, 46.946356110765684 ] ], [ [ 27.37556508766712, 46.945800555210134 ], [ 27.375842865444898, 46.945800555210134 ], [ 27.375842865444898, 46.945522777432352 ], [ 27.37556508766712, 46.945522777432352 ], [ 27.37556508766712, 46.945800555210134 ] ], [ [ 27.375009532111562, 46.945522777432352 ], [ 27.37556508766712, 46.945522777432352 ], [ 27.37556508766712, 46.944967221876794 ], [ 27.375009532111562, 46.944967221876794 ], [ 27.375009532111562, 46.945522777432352 ] ], [ [ 27.375842865444898, 46.945522777432352 ], [ 27.376120643222674, 46.945522777432352 ], [ 27.376120643222674, 46.945244999654577 ], [ 27.375842865444898, 46.945244999654577 ], [ 27.375842865444898, 46.945522777432352 ] ], [ [ 27.37556508766712, 46.944967221876794 ], [ 27.375842865444898, 46.944967221876794 ], [ 27.375842865444898, 46.944689444099019 ], [ 27.37556508766712, 46.944689444099019 ], [ 27.37556508766712, 46.944967221876794 ] ], [ [ 27.376398421000452, 46.943578332987911 ], [ 27.377509532111564, 46.943578332987911 ], [ 27.377509532111564, 46.943300555210129 ], [ 27.377787309889342, 46.943300555210129 ], [ 27.377787309889342, 46.941911666321239 ], [ 27.377509532111564, 46.941911666321239 ], [ 27.377509532111564, 46.941633888543464 ], [ 27.377231754333785, 46.941633888543464 ], [ 27.377231754333785, 46.941356110765689 ], [ 27.37695397655601, 46.941356110765689 ], [ 27.37695397655601, 46.941633888543464 ], [ 27.376676198778231, 46.941633888543464 ], [ 27.376676198778231, 46.941911666321239 ], [ 27.37695397655601, 46.941911666321239 ], [ 27.37695397655601, 46.943022777432354 ], [ 27.376676198778231, 46.943022777432354 ], [ 27.376676198778231, 46.943300555210129 ], [ 27.376398421000452, 46.943300555210129 ], [ 27.376398421000452, 46.943578332987911 ] ] ] } },
{ "type": "Feature", "properties": { "rank": 22, "lake_id": 171124 }, "geometry": { "type": "Polygon", "coordinates": [ [ [ 24.700418549770493, 44.975650806090982 ], [ 24.700418549770493, 44.975373028313207 ], [ 24.700140771992714, 44.975373028313207 ], [ 24.700140771992714, 44.975095250535432 ], [ 24.700418549770493, 44.975095250535432 ], [ 24.700418549770493, 44.97481747275765 ], [ 24.700696327548272, 44.97481747275765 ], [ 24.700696327548272, 44.974539694979875 ], [ 24.700974105326051, 44.974539694979875 ], [ 24.700974105326051, 44.973706361646542 ], [ 24.701251883103826, 44.973706361646542 ], [ 24.701251883103826, 44.97342858386876 ], [ 24.701529660881604, 44.97342858386876 ], [ 24.701529660881604, 44.972595250535427 ], [ 24.702918549770494, 44.972595250535427 ], [ 24.702918549770494, 44.972873028313209 ], [ 24.704029660881606, 44.972873028313209 ], [ 24.704029660881606, 44.972595250535427 ], [ 24.704307438659381, 44.972595250535427 ], [ 24.704307438659381, 44.972317472757652 ], [ 24.703751883103827, 44.972317472757652 ], [ 24.703751883103827, 44.971761917202095 ], [ 24.70319632754827, 44.971761917202095 ], [ 24.70319632754827, 44.971484139424319 ], [ 24.702640771992716, 44.971484139424319 ], [ 24.702640771992716, 44.970928583868762 ], [ 24.702362994214937, 44.970928583868762 ], [ 24.702362994214937, 44.970650806090987 ], [ 24.701807438659383, 44.970650806090987 ], [ 24.701807438659383, 44.970373028313205 ], [ 24.700696327548272, 44.970373028313205 ], [ 24.700696327548272, 44.969817472757654 ], [ 24.700418549770493, 44.969817472757654 ], [ 24.700418549770493, 44.969539694979872 ], [ 24.700974105326051, 44.969539694979872 ], [ 24.700974105326051, 44.969261917202097 ], [ 24.701529660881604, 44.969261917202097 ], [ 24.701529660881604, 44.968984139424322 ], [ 24.702640771992716, 44.968984139424322 ], [ 24.702640771992716, 44.968706361646539 ], [ 24.704029660881606, 44.968706361646539 ], [ 24.704029660881606, 44.969261917202097 ], [ 24.70458521643716, 44.969261917202097 ], [ 24.70458521643716, 44.969539694979872 ], [ 24.704862994214938, 44.969539694979872 ], [ 24.704862994214938, 44.970373028313205 ], [ 24.705418549770492, 44.970373028313205 ], [ 24.705418549770492, 44.970650806090987 ], [ 24.705140771992717, 44.970650806090987 ], [ 24.705140771992717, 44.971484139424319 ], [ 24.705696327548271, 44.971484139424319 ], [ 24.705696327548271, 44.971761917202095 ], [ 24.706529660881603, 44.971761917202095 ], [ 24.706529660881603, 44.971484139424319 ], [ 24.70597410532605, 44.971484139424319 ], [ 24.70597410532605, 44.971206361646544 ], [ 24.706529660881603, 44.971206361646544 ], [ 24.706529660881603, 44.970928583868762 ], [ 24.706807438659382, 44.970928583868762 ], [ 24.706807438659382, 44.970373028313205 ], [ 24.707085216437161, 44.970373028313205 ], [ 24.707085216437161, 44.970095250535429 ], [ 24.707362994214936, 44.970095250535429 ], [ 24.707362994214936, 44.969817472757654 ], [ 24.708196327548272, 44.969817472757654 ], [ 24.708196327548272, 44.970095250535429 ], [ 24.708751883103826, 44.970095250535429 ], [ 24.708751883103826, 44.970373028313205 ], [ 24.709029660881605, 44.970373028313205 ], [ 24.709029660881605, 44.970650806090987 ], [ 24.708751883103826, 44.970650806090987 ], [ 24.708751883103826, 44.971206361646544 ], [ 24.708474105326047, 44.971206361646544 ], [ 24.708474105326047, 44.971761917202095 ], [ 24.708196327548272, 44.971761917202095 ], [ 24.708196327548272, 44.972039694979877 ], [ 24.707640771992715, 44.972039694979877 ], [ 24.707640771992715, 44.972595250535427 ], [ 24.707362994214936, 44.972595250535427 ], [ 24.707362994214936, 44.97342858386876 ], [ 24.706807438659382, 44.97342858386876 ], [ 24.706807438659382, 44.973706361646542 ], [ 24.706251883103828, 44.973706361646542 ], [ 24.706251883103828, 44.973984139424317 ], [ 24.70597410532605, 44.973984139424317 ], [ 24.70597410532605, 44.974261917202099 ], [ 24.705696327548271, 44.974261917202099 ], [ 24.705696327548271, 44.97481747275765 ], [ 24.705418549770492, 44.97481747275765 ], [ 24.705418549770492, 44.975095250535432 ], [ 24.704862994214938, 44.975095250535432 ], [ 24.704862994214938, 44.975373028313207 ], [ 24.70458521643716, 44.975373028313207 ], [ 24.70458521643716, 44.975095250535432 ], [ 24.704307438659381, 44.975095250535432 ], [ 24.704307438659381, 44.975373028313207 ], [ 24.70319632754827, 44.975373028313207 ], [ 24.70319632754827, 44.975095250535432 ], [ 24.702918549770494, 44.975095250535432 ], [ 24.702918549770494, 44.975373028313207 ], [ 24.702085216437158, 44.975373028313207 ], [ 24.702085216437158, 44.975095250535432 ], [ 24.702362994214937, 44.975095250535432 ], [ 24.702362994214937, 44.97481747275765 ], [ 24.701529660881604, 44.97481747275765 ], [ 24.701529660881604, 44.975095250535432 ], [ 24.701251883103826, 44.975095250535432 ], [ 24.701251883103826, 44.975373028313207 ], [ 24.700974105326051, 44.975373028313207 ], [ 24.700974105326051, 44.975650806090982 ], [ 24.700418549770493, 44.975650806090982 ] ], [ [ 24.70319632754827, 44.975095250535432 ], [ 24.703751883103827, 44.975095250535432 ], [ 24.703751883103827, 44.974539694979875 ], [ 24.704029660881606, 44.974539694979875 ], [ 24.704029660881606, 44.974261917202099 ], [ 24.704307438659381, 44.974261917202099 ], [ 24.704307438659381, 44.973706361646542 ], [ 24.704029660881606, 44.973706361646542 ], [ 24.704029660881606, 44.973984139424317 ], [ 24.703474105326048, 44.973984139424317 ], [ 24.703474105326048, 44.974261917202099 ], [ 24.70319632754827, 44.974261917202099 ], [ 24.70319632754827, 44.975095250535432 ] ], [ [ 24.70458521643716, 44.97481747275765 ], [ 24.704862994214938, 44.97481747275765 ], [ 24.704862994214938, 44.974539694979875 ], [ 24.70458521643716, 44.974539694979875 ], [ 24.70458521643716, 44.97481747275765 ] ], [ [ 24.704307438659381, 44.974539694979875 ], [ 24.70458521643716, 44.974539694979875 ], [ 24.70458521643716, 44.974261917202099 ], [ 24.704307438659381, 44.974261917202099 ], [ 24.704307438659381, 44.974539694979875 ] ], [ [ 24.702085216437158, 44.973984139424317 ], [ 24.702362994214937, 44.973984139424317 ], [ 24.702362994214937, 44.973706361646542 ], [ 24.702085216437158, 44.973706361646542 ], [ 24.702085216437158, 44.973984139424317 ] ], [ [ 24.701529660881604, 44.973706361646542 ], [ 24.701807438659383, 44.973706361646542 ], [ 24.701807438659383, 44.97342858386876 ], [ 24.701529660881604, 44.97342858386876 ], [ 24.701529660881604, 44.973706361646542 ] ], [ [ 24.706529660881603, 44.972873028313209 ], [ 24.706807438659382, 44.972873028313209 ], [ 24.706807438659382, 44.972595250535427 ], [ 24.706529660881603, 44.972595250535427 ], [ 24.706529660881603, 44.972873028313209 ] ], [ [ 24.70458521643716, 44.971484139424319 ], [ 24.704862994214938, 44.971484139424319 ], [ 24.704862994214938, 44.970650806090987 ], [ 24.704307438659381, 44.970650806090987 ], [ 24.704307438659381, 44.971206361646544 ], [ 24.70458521643716, 44.971206361646544 ], [ 24.70458521643716, 44.971484139424319 ] ], [ [ 24.706807438659382, 44.971484139424319 ], [ 24.707085216437161, 44.971484139424319 ], [ 24.707085216437161, 44.971206361646544 ], [ 24.706807438659382, 44.971206361646544 ], [ 24.706807438659382, 44.971484139424319 ] ] ] } },
{ "type": "Feature", "properties": { "rank": 23, "lake_id": 168728 }, "geometry": { "type": "Polygon", "coordinates": [ [ [ 26.210530078158364, 47.713423981859506 ], [ 26.210530078158364, 47.713146204081731 ], [ 26.209418967047252, 47.713146204081731 ], [ 26.209418967047252, 47.712868426303949 ], [ 26.20858563371392, 47.712868426303949 ], [ 26.20858563371392, 47.712590648526174 ], [ 26.208030078158366, 47.712590648526174 ], [ 26.208030078158366, 47.712312870748391 ], [ 26.207752300380587, 47.712312870748391 ], [ 26.207752300380587, 47.712035092970616 ], [ 26.207474522602809, 47.712035092970616 ], [ 26.207474522602809, 47.711757315192841 ], [ 26.206918967047255, 47.711757315192841 ], [ 26.206918967047255, 47.711201759637284 ], [ 26.206641189269476, 47.711201759637284 ], [ 26.206641189269476, 47.710923981859509 ], [ 26.206363411491697, 47.710923981859509 ], [ 26.206363411491697, 47.710368426303951 ], [ 26.206085633713922, 47.710368426303951 ], [ 26.206085633713922, 47.708423981859504 ], [ 26.206363411491697, 47.708423981859504 ], [ 26.206363411491697, 47.707868426303953 ], [ 26.206641189269476, 47.707868426303953 ], [ 26.206641189269476, 47.707590648526171 ], [ 26.206918967047255, 47.707590648526171 ], [ 26.206918967047255, 47.707035092970614 ], [ 26.207474522602809, 47.707035092970614 ], [ 26.207474522602809, 47.706757315192839 ], [ 26.207752300380587, 47.706757315192839 ], [ 26.207752300380587, 47.706479537415063 ], [ 26.208030078158366, 47.706479537415063 ], [ 26.208030078158366, 47.706201759637281 ], [ 26.20858563371392, 47.706201759637281 ], [ 26.20858563371392, 47.705923981859506 ], [ 26.209418967047252, 47.705923981859506 ], [ 26.209418967047252, 47.705646204081731 ], [ 26.210530078158364, 47.705646204081731 ], [ 26.210530078158364, 47.705368426303949 ], [ 26.213585633713922, 47.705368426303949 ], [ 26.213585633713922, 47.705646204081731 ], [ 26.21469674482503, 47.705646204081731 ], [ 26.21469674482503, 47.705923981859506 ], [ 26.214974522602809, 47.705923981859506 ], [ 26.214974522602809, 47.706479537415063 ], [ 26.21469674482503, 47.706479537415063 ], [ 26.21469674482503, 47.706757315192839 ], [ 26.214418967047255, 47.706757315192839 ], [ 26.214418967047255, 47.707590648526171 ], [ 26.214141189269476, 47.707590648526171 ], [ 26.214141189269476, 47.708146204081729 ], [ 26.212196744825032, 47.708146204081729 ], [ 26.212196744825032, 47.708423981859504 ], [ 26.212752300380586, 47.708423981859504 ], [ 26.212752300380586, 47.708701759637286 ], [ 26.213030078158365, 47.708701759637286 ], [ 26.213030078158365, 47.709257315192836 ], [ 26.212474522602811, 47.709257315192836 ], [ 26.212474522602811, 47.709535092970619 ], [ 26.213585633713922, 47.709535092970619 ], [ 26.213585633713922, 47.709812870748394 ], [ 26.21469674482503, 47.709812870748394 ], [ 26.21469674482503, 47.710646204081726 ], [ 26.214141189269476, 47.710646204081726 ], [ 26.214141189269476, 47.710923981859509 ], [ 26.213863411491698, 47.710923981859509 ], [ 26.213863411491698, 47.711201759637284 ], [ 26.214141189269476, 47.711201759637284 ], [ 26.214141189269476, 47.712035092970616 ], [ 26.214418967047255, 47.712035092970616 ], [ 26.214418967047255, 47.712312870748391 ], [ 26.214141189269476, 47.712312870748391 ], [ 26.214141189269476, 47.712868426303949 ], [ 26.213863411491698, 47.712868426303949 ], [ 26.213863411491698, 47.713146204081731 ], [ 26.213585633713922, 47.713146204081731 ], [ 26.213585633713922, 47.713423981859506 ], [ 26.2113634114917, 47.713423981859506 ], [ 26.2113634114917, 47.713146204081731 ], [ 26.210807855936142, 47.713146204081731 ], [ 26.210807855936142, 47.713423981859506 ], [ 26.210530078158364, 47.713423981859506 ] ], [ [ 26.213030078158365, 47.713146204081731 ], [ 26.213307855936144, 47.713146204081731 ], [ 26.213307855936144, 47.712312870748391 ], [ 26.212752300380586, 47.712312870748391 ], [ 26.212752300380586, 47.712035092970616 ], [ 26.213030078158365, 47.712035092970616 ], [ 26.213030078158365, 47.711479537415059 ], [ 26.213307855936144, 47.711479537415059 ], [ 26.213307855936144, 47.711201759637284 ], [ 26.212752300380586, 47.711201759637284 ], [ 26.212752300380586, 47.711479537415059 ], [ 26.212196744825032, 47.711479537415059 ], [ 26.212196744825032, 47.711201759637284 ], [ 26.211641189269475, 47.711201759637284 ], [ 26.211641189269475, 47.711479537415059 ], [ 26.2113634114917, 47.711479537415059 ], [ 26.2113634114917, 47.711757315192841 ], [ 26.211641189269475, 47.711757315192841 ], [ 26.211641189269475, 47.712035092970616 ], [ 26.2113634114917, 47.712035092970616 ], [ 26.2113634114917, 47.712590648526174 ], [ 26.212752300380586, 47.712590648526174 ], [ 26.212752300380586, 47.712868426303949 ], [ 26.213030078158365, 47.712868426303949 ], [ 26.213030078158365, 47.713146204081731 ] ], [ [ 26.20997452260281, 47.712868426303949 ], [ 26.210252300380589, 47.712868426303949 ], [ 26.210252300380589, 47.712590648526174 ], [ 26.20997452260281, 47.712590648526174 ], [ 26.20997452260281, 47.712868426303949 ] ], [ [ 26.210530078158364, 47.712312870748391 ], [ 26.210807855936142, 47.712312870748391 ], [ 26.210807855936142, 47.712035092970616 ], [ 26.210530078158364, 47.712035092970616 ], [ 26.210530078158364, 47.712312870748391 ] ], [ [ 26.209418967047252, 47.711757315192841 ], [ 26.209696744825031, 47.711757315192841 ], [ 26.209696744825031, 47.711479537415059 ], [ 26.209418967047252, 47.711479537415059 ], [ 26.209418967047252, 47.711757315192841 ] ], [ [ 26.212196744825032, 47.711201759637284 ], [ 26.212474522602811, 47.711201759637284 ], [ 26.212474522602811, 47.710923981859509 ], [ 26.212752300380586, 47.710923981859509 ], [ 26.212752300380586, 47.710646204081726 ], [ 26.212196744825032, 47.710646204081726 ], [ 26.212196744825032, 47.711201759637284 ] ], [ [ 26.210807855936142, 47.710646204081726 ], [ 26.2113634114917, 47.710646204081726 ], [ 26.2113634114917, 47.710090648526176 ], [ 26.211085633713921, 47.710090648526176 ], [ 26.211085633713921, 47.710368426303951 ], [ 26.210807855936142, 47.710368426303951 ], [ 26.210807855936142, 47.710646204081726 ] ], [ [ 26.213030078158365, 47.710646204081726 ], [ 26.213307855936144, 47.710646204081726 ], [ 26.213307855936144, 47.710368426303951 ], [ 26.213030078158365, 47.710368426303951 ], [ 26.213030078158365, 47.710646204081726 ] ], [ [ 26.212752300380586, 47.710368426303951 ], [ 26.213030078158365, 47.710368426303951 ], [ 26.213030078158365, 47.710090648526176 ], [ 26.212752300380586, 47.710090648526176 ], [ 26.212752300380586, 47.710368426303951 ] ], [ [ 26.2113634114917, 47.709812870748394 ], [ 26.211641189269475, 47.709812870748394 ], [ 26.211641189269475, 47.709257315192836 ], [ 26.211918967047254, 47.709257315192836 ], [ 26.211918967047254, 47.708701759637286 ], [ 26.211641189269475, 47.708701759637286 ], [ 26.211641189269475, 47.708979537415061 ], [ 26.2113634114917, 47.708979537415061 ], [ 26.2113634114917, 47.709812870748394 ] ], [ [ 26.211918967047254, 47.708701759637286 ], [ 26.212196744825032, 47.708701759637286 ], [ 26.212196744825032, 47.708423981859504 ], [ 26.211918967047254, 47.708423981859504 ], [ 26.211918967047254, 47.708701759637286 ] ] ] } },
{ "type": "Feature", "properties": { "rank": 24, "lake_id": 169444 }, "geometry": { "type": "Polygon", "coordinates": [ [ [ 26.830651733277183, 46.638748688890594 ], [ 26.830651733277183, 46.638470911112812 ], [ 26.830929511054961, 46.638470911112812 ], [ 26.830929511054961, 46.638193133335037 ], [ 26.830096177721625, 46.638193133335037 ], [ 26.830096177721625, 46.637637577779479 ], [ 26.82981839994385, 46.637637577779479 ], [ 26.82981839994385, 46.636526466668371 ], [ 26.829540622166071, 46.636526466668371 ], [ 26.829540622166071, 46.635970911112814 ], [ 26.830096177721625, 46.635970911112814 ], [ 26.830096177721625, 46.635415355557257 ], [ 26.829540622166071, 46.635415355557257 ], [ 26.829540622166071, 46.635693133335039 ], [ 26.829262844388293, 46.635693133335039 ], [ 26.829262844388293, 46.634859800001699 ], [ 26.828985066610517, 46.634859800001699 ], [ 26.828985066610517, 46.634304244446149 ], [ 26.828707288832739, 46.634304244446149 ], [ 26.828707288832739, 46.634026466668367 ], [ 26.828985066610517, 46.634026466668367 ], [ 26.828985066610517, 46.633748688890591 ], [ 26.829540622166071, 46.633748688890591 ], [ 26.829540622166071, 46.633470911112816 ], [ 26.82981839994385, 46.633470911112816 ], [ 26.82981839994385, 46.633193133335034 ], [ 26.830096177721625, 46.633193133335034 ], [ 26.830096177721625, 46.632915355557259 ], [ 26.830373955499404, 46.632915355557259 ], [ 26.830373955499404, 46.633193133335034 ], [ 26.830929511054961, 46.633193133335034 ], [ 26.830929511054961, 46.633470911112816 ], [ 26.831207288832736, 46.633470911112816 ], [ 26.831207288832736, 46.633193133335034 ], [ 26.831485066610515, 46.633193133335034 ], [ 26.831485066610515, 46.632915355557259 ], [ 26.831762844388294, 46.632915355557259 ], [ 26.831762844388294, 46.632637577779477 ], [ 26.832040622166073, 46.632637577779477 ], [ 26.832040622166073, 46.632359800001701 ], [ 26.832596177721626, 46.632359800001701 ], [ 26.832596177721626, 46.632082022223926 ], [ 26.833151733277184, 46.632082022223926 ], [ 26.833151733277184, 46.631804244446144 ], [ 26.833429511054959, 46.631804244446144 ], [ 26.833429511054959, 46.631526466668369 ], [ 26.834262844388295, 46.631526466668369 ], [ 26.834262844388295, 46.631804244446144 ], [ 26.835373955499406, 46.631804244446144 ], [ 26.835373955499406, 46.632082022223926 ], [ 26.83592951105496, 46.632082022223926 ], [ 26.83592951105496, 46.632359800001701 ], [ 26.836485066610514, 46.632359800001701 ], [ 26.836485066610514, 46.632637577779477 ], [ 26.836207288832739, 46.632637577779477 ], [ 26.836207288832739, 46.632915355557259 ], [ 26.836762844388293, 46.632915355557259 ], [ 26.836762844388293, 46.632637577779477 ], [ 26.837040622166072, 46.632637577779477 ], [ 26.837040622166072, 46.632915355557259 ], [ 26.83731839994385, 46.632915355557259 ], [ 26.83731839994385, 46.633193133335034 ], [ 26.837596177721625, 46.633193133335034 ], [ 26.837596177721625, 46.633470911112816 ], [ 26.837873955499404, 46.633470911112816 ], [ 26.837873955499404, 46.634026466668367 ], [ 26.838151733277183, 46.634026466668367 ], [ 26.838151733277183, 46.634582022223924 ], [ 26.837596177721625, 46.634582022223924 ], [ 26.837596177721625, 46.634859800001699 ], [ 26.83731839994385, 46.634859800001699 ], [ 26.83731839994385, 46.635415355557257 ], [ 26.836762844388293, 46.635415355557257 ], [ 26.836762844388293, 46.635693133335039 ], [ 26.83731839994385, 46.635693133335039 ], [ 26.83731839994385, 46.635970911112814 ], [ 26.837040622166072, 46.635970911112814 ], [ 26.837040622166072, 46.636248688890589 ], [ 26.836762844388293, 46.636248688890589 ], [ 26.836762844388293, 46.636526466668371 ], [ 26.836485066610514, 46.636526466668371 ], [ 26.836485066610514, 46.636248688890589 ], [ 26.836207288832739, 46.636248688890589 ], [ 26.836207288832739, 46.636526466668371 ], [ 26.835373955499406, 46.636526466668371 ], [ 26.835373955499406, 46.636804244446147 ], [ 26.835096177721628, 46.636804244446147 ], [ 26.835096177721628, 46.637359800001704 ], [ 26.834262844388295, 46.637359800001704 ], [ 26.834262844388295, 46.637637577779479 ], [ 26.833707288832738, 46.637637577779479 ], [ 26.833707288832738, 46.637359800001704 ], [ 26.833151733277184, 46.637359800001704 ], [ 26.833151733277184, 46.637637577779479 ], [ 26.832873955499405, 46.637637577779479 ], [ 26.832873955499405, 46.637915355557254 ], [ 26.832318399943848, 46.637915355557254 ], [ 26.832318399943848, 46.638193133335037 ], [ 26.832040622166073, 46.638193133335037 ], [ 26.832040622166073, 46.638470911112812 ], [ 26.831207288832736, 46.638470911112812 ], [ 26.831207288832736, 46.638748688890594 ], [ 26.830651733277183, 46.638748688890594 ] ], [ [ 26.830929511054961, 46.638193133335037 ], [ 26.831207288832736, 46.638193133335037 ], [ 26.831207288832736, 46.637915355557254 ], [ 26.830929511054961, 46.637915355557254 ], [ 26.830929511054961, 46.638193133335037 ] ], [ [ 26.833707288832738, 46.637359800001704 ], [ 26.833985066610516, 46.637359800001704 ], [ 26.833985066610516, 46.637082022223922 ], [ 26.833707288832738, 46.637082022223922 ], [ 26.833707288832738, 46.637359800001704 ] ], [ [ 26.830929511054961, 46.637082022223922 ], [ 26.831485066610515, 46.637082022223922 ], [ 26.831485066610515, 46.636804244446147 ], [ 26.830929511054961, 46.636804244446147 ], [ 26.830929511054961, 46.637082022223922 ] ], [ [ 26.833151733277184, 46.636804244446147 ], [ 26.833707288832738, 46.636804244446147 ], [ 26.833707288832738, 46.636526466668371 ], [ 26.833151733277184, 46.636526466668371 ], [ 26.833151733277184, 46.636804244446147 ] ], [ [ 26.834262844388295, 46.636804244446147 ], [ 26.83454062216607, 46.636804244446147 ], [ 26.83454062216607, 46.636526466668371 ], [ 26.834262844388295, 46.636526466668371 ], [ 26.834262844388295, 46.636804244446147 ] ], [ [ 26.830373955499404, 46.636526466668371 ], [ 26.830651733277183, 46.636526466668371 ], [ 26.830651733277183, 46.636248688890589 ], [ 26.830373955499404, 46.636248688890589 ], [ 26.830373955499404, 46.636526466668371 ] ], [ [ 26.833151733277184, 46.636248688890589 ], [ 26.833429511054959, 46.636248688890589 ], [ 26.833429511054959, 46.635970911112814 ], [ 26.833151733277184, 46.635970911112814 ], [ 26.833151733277184, 46.636248688890589 ] ], [ [ 26.83592951105496, 46.636248688890589 ], [ 26.836207288832739, 46.636248688890589 ], [ 26.836207288832739, 46.635693133335039 ], [ 26.835651733277182, 46.635693133335039 ], [ 26.835651733277182, 46.635970911112814 ], [ 26.83592951105496, 46.635970911112814 ], [ 26.83592951105496, 46.636248688890589 ] ], [ [ 26.834262844388295, 46.635970911112814 ], [ 26.83454062216607, 46.635970911112814 ], [ 26.83454062216607, 46.635693133335039 ], [ 26.834262844388295, 46.635693133335039 ], [ 26.834262844388295, 46.635970911112814 ] ], [ [ 26.836485066610514, 46.635970911112814 ], [ 26.836762844388293, 46.635970911112814 ], [ 26.836762844388293, 46.635693133335039 ], [ 26.836485066610514, 46.635693133335039 ], [ 26.836485066610514, 46.635970911112814 ] ], [ [ 26.834818399943849, 46.635693133335039 ], [ 26.835373955499406, 46.635693133335039 ], [ 26.835373955499406, 46.635415355557257 ], [ 26.834818399943849, 46.635415355557257 ], [ 26.834818399943849, 46.635693133335039 ] ], [ [ 26.831207288832736, 46.635415355557257 ], [ 26.831485066610515, 46.635415355557257 ], [ 26.831485066610515, 46.634859800001699 ], [ 26.832318399943848, 46.634859800001699 ], [ 26.832318399943848, 46.634582022223924 ], [ 26.832596177721626, 46.634582022223924 ], [ 26.832596177721626, 46.634859800001699 ], [ 26.832873955499405, 46.634859800001699 ], [ 26.832873955499405, 46.635137577779481 ], [ 26.833151733277184, 46.635137577779481 ], [ 26.833151733277184, 46.634304244446149 ], [ 26.833429511054959, 46.634304244446149 ], [ 26.833429511054959, 46.634026466668367 ], [ 26.833707288832738, 46.634026466668367 ], [ 26.833707288832738, 46.633470911112816 ], [ 26.833429511054959, 46.633470911112816 ], [ 26.833429511054959, 46.633193133335034 ], [ 26.832040622166073, 46.633193133335034 ], [ 26.832040622166073, 46.633470911112816 ], [ 26.831485066610515, 46.633470911112816 ], [ 26.831485066610515, 46.633748688890591 ], [ 26.830929511054961, 46.633748688890591 ], [ 26.830929511054961, 46.634582022223924 ], [ 26.831207288832736, 46.634582022223924 ], [ 26.831207288832736, 46.635415355557257 ] ], [ [ 26.836485066610514, 46.635415355557257 ], [ 26.836762844388293, 46.635415355557257 ], [ 26.836762844388293, 46.635137577779481 ], [ 26.836485066610514, 46.635137577779481 ], [ 26.836485066610514, 46.635415355557257 ] ], [ [ 26.836207288832739, 46.634859800001699 ], [ 26.836485066610514, 46.634859800001699 ], [ 26.836485066610514, 46.634582022223924 ], [ 26.836207288832739, 46.634582022223924 ], [ 26.836207288832739, 46.634859800001699 ] ], [ [ 26.829262844388293, 46.634582022223924 ], [ 26.829540622166071, 46.634582022223924 ], [ 26.829540622166071, 46.634304244446149 ], [ 26.829262844388293, 46.634304244446149 ], [ 26.829262844388293, 46.634582022223924 ] ], [ [ 26.830096177721625, 46.634582022223924 ], [ 26.830373955499404, 46.634582022223924 ], [ 26.830373955499404, 46.634304244446149 ], [ 26.830096177721625, 46.634304244446149 ], [ 26.830096177721625, 46.634582022223924 ] ], [ [ 26.833429511054959, 46.634582022223924 ], [ 26.833707288832738, 46.634582022223924 ], [ 26.833707288832738, 46.634304244446149 ], [ 26.833429511054959, 46.634304244446149 ], [ 26.833429511054959, 46.634582022223924 ] ], [ [ 26.836485066610514, 46.634582022223924 ], [ 26.836762844388293, 46.634582022223924 ], [ 26.836762844388293, 46.634304244446149 ], [ 26.836485066610514, 46.634304244446149 ], [ 26.836485066610514, 46.634582022223924 ] ], [ [ 26.837596177721625, 46.634304244446149 ], [ 26.837873955499404, 46.634304244446149 ], [ 26.837873955499404, 46.634026466668367 ], [ 26.837596177721625, 46.634026466668367 ], [ 26.837596177721625, 46.634304244446149 ] ], [ [ 26.835096177721628, 46.634026466668367 ], [ 26.835373955499406, 46.634026466668367 ], [ 26.835373955499406, 46.633748688890591 ], [ 26.835096177721628, 46.633748688890591 ], [ 26.835096177721628, 46.634026466668367 ] ], [ [ 26.836207288832739, 46.634026466668367 ], [ 26.836485066610514, 46.634026466668367 ], [ 26.836485066610514, 46.633748688890591 ], [ 26.836207288832739, 46.633748688890591 ], [ 26.836207288832739, 46.634026466668367 ] ], [ [ 26.835096177721628, 46.633470911112816 ], [ 26.835373955499406, 46.633470911112816 ], [ 26.835373955499406, 46.633193133335034 ], [ 26.835096177721628, 46.633193133335034 ], [ 26.835096177721628, 46.633470911112816 ] ], [ [ 26.835373955499406, 46.633193133335034 ], [ 26.835651733277182, 46.633193133335034 ], [ 26.835651733277182, 46.632915355557259 ], [ 26.835373955499406, 46.632915355557259 ], [ 26.835373955499406, 46.633193133335034 ] ], [ [ 26.83592951105496, 46.633193133335034 ], [ 26.836207288832739, 46.633193133335034 ], [ 26.836207288832739, 46.632915355557259 ], [ 26.83592951105496, 46.632915355557259 ], [ 26.83592951105496, 46.633193133335034 ] ] ] } },
{ "type": "Feature", "properties": { "rank": 25, "lake_id": 14305 }, "geometry": { "type": "Polygon", "coordinates": [ [ [ 27.669602651441046, 44.147559520596289 ], [ 27.669602651441046, 44.146726187262956 ], [ 27.669324873663271, 44.146726187262956 ], [ 27.669324873663271, 44.146170631707399 ], [ 27.669047095885492, 44.146170631707399 ], [ 27.669047095885492, 44.145892853929624 ], [ 27.668769318107714, 44.145892853929624 ], [ 27.668769318107714, 44.145337298374066 ], [ 27.668491540329935, 44.145337298374066 ], [ 27.668491540329935, 44.144781742818509 ], [ 27.66821376255216, 44.144781742818509 ], [ 27.66821376255216, 44.144503965040734 ], [ 27.667935984774381, 44.144503965040734 ], [ 27.667935984774381, 44.144226187262952 ], [ 27.66821376255216, 44.144226187262952 ], [ 27.66821376255216, 44.143670631707401 ], [ 27.667935984774381, 44.143670631707401 ], [ 27.667935984774381, 44.142837298374069 ], [ 27.66821376255216, 44.142837298374069 ], [ 27.66821376255216, 44.142559520596286 ], [ 27.668491540329935, 44.142559520596286 ], [ 27.668491540329935, 44.142003965040729 ], [ 27.66821376255216, 44.142003965040729 ], [ 27.66821376255216, 44.141726187262954 ], [ 27.667935984774381, 44.141726187262954 ], [ 27.667935984774381, 44.141170631707396 ], [ 27.667658206996602, 44.141170631707396 ], [ 27.667658206996602, 44.140892853929621 ], [ 27.667380429218827, 44.140892853929621 ], [ 27.667380429218827, 44.140615076151846 ], [ 27.667102651441049, 44.140615076151846 ], [ 27.667102651441049, 44.140059520596289 ], [ 27.667658206996602, 44.140059520596289 ], [ 27.667658206996602, 44.139781742818514 ], [ 27.668769318107714, 44.139781742818514 ], [ 27.668769318107714, 44.139503965040731 ], [ 27.671824873663269, 44.139503965040731 ], [ 27.671824873663269, 44.139781742818514 ], [ 27.67293598477438, 44.139781742818514 ], [ 27.67293598477438, 44.140059520596289 ], [ 27.673491540329938, 44.140059520596289 ], [ 27.673491540329938, 44.140337298374064 ], [ 27.674047095885491, 44.140337298374064 ], [ 27.674047095885491, 44.140615076151846 ], [ 27.67432487366327, 44.140615076151846 ], [ 27.67432487366327, 44.140892853929621 ], [ 27.674602651441049, 44.140892853929621 ], [ 27.674602651441049, 44.141170631707396 ], [ 27.674880429218824, 44.141170631707396 ], [ 27.674880429218824, 44.141448409485179 ], [ 27.675158206996603, 44.141448409485179 ], [ 27.675158206996603, 44.141726187262954 ], [ 27.675435984774381, 44.141726187262954 ], [ 27.675435984774381, 44.142003965040729 ], [ 27.67571376255216, 44.142003965040729 ], [ 27.67571376255216, 44.142837298374069 ], [ 27.675991540329935, 44.142837298374069 ], [ 27.675991540329935, 44.144226187262952 ], [ 27.67571376255216, 44.144226187262952 ], [ 27.67571376255216, 44.145059520596291 ], [ 27.675435984774381, 44.145059520596291 ], [ 27.675435984774381, 44.145337298374066 ], [ 27.675158206996603, 44.145337298374066 ], [ 27.675158206996603, 44.145615076151842 ], [ 27.674880429218824, 44.145615076151842 ], [ 27.674880429218824, 44.145892853929624 ], [ 27.674602651441049, 44.145892853929624 ], [ 27.674602651441049, 44.146170631707399 ], [ 27.67432487366327, 44.146170631707399 ], [ 27.67432487366327, 44.146448409485174 ], [ 27.674047095885491, 44.146448409485174 ], [ 27.674047095885491, 44.145337298374066 ], [ 27.673769318107713, 44.145337298374066 ], [ 27.673769318107713, 44.144781742818509 ], [ 27.673491540329938, 44.144781742818509 ], [ 27.673491540329938, 44.144226187262952 ], [ 27.673213762552159, 44.144226187262952 ], [ 27.673213762552159, 44.143948409485176 ], [ 27.67293598477438, 44.143948409485176 ], [ 27.67293598477438, 44.143670631707401 ], [ 27.672658206996605, 44.143670631707401 ], [ 27.672658206996605, 44.143392853929619 ], [ 27.672380429218826, 44.143392853929619 ], [ 27.672380429218826, 44.144781742818509 ], [ 27.672658206996605, 44.144781742818509 ], [ 27.672658206996605, 44.145337298374066 ], [ 27.67293598477438, 44.145337298374066 ], [ 27.67293598477438, 44.145892853929624 ], [ 27.672658206996605, 44.145892853929624 ], [ 27.672658206996605, 44.146170631707399 ], [ 27.672380429218826, 44.146170631707399 ], [ 27.672380429218826, 44.145892853929624 ], [ 27.672102651441048, 44.145892853929624 ], [ 27.672102651441048, 44.143392853929619 ], [ 27.671547095885494, 44.143392853929619 ], [ 27.671547095885494, 44.143948409485176 ], [ 27.671269318107715, 44.143948409485176 ], [ 27.671269318107715, 44.145059520596291 ], [ 27.670991540329936, 44.145059520596291 ], [ 27.670991540329936, 44.145892853929624 ], [ 27.670713762552158, 44.145892853929624 ], [ 27.670713762552158, 44.146448409485174 ], [ 27.670435984774382, 44.146448409485174 ], [ 27.670435984774382, 44.147003965040732 ], [ 27.670158206996604, 44.147003965040732 ], [ 27.670158206996604, 44.147281742818507 ], [ 27.669880429218825, 44.147281742818507 ], [ 27.669880429218825, 44.147559520596289 ], [ 27.669602651441046, 44.147559520596289 ] ], [ [ 27.668769318107714, 44.144781742818509 ], [ 27.669324873663271, 44.144781742818509 ], [ 27.669324873663271, 44.144503965040734 ], [ 27.668769318107714, 44.144503965040734 ], [ 27.668769318107714, 44.144781742818509 ] ] ] } },
{ "type": "Feature", "properties": { "rank": 26, "lake_id": 168631 }, "geometry": { "type": "Polygon", "coordinates": [ [ [ 23.298557133352418, 47.921860057706262 ], [ 23.298557133352418, 47.921582279928487 ], [ 23.298279355574643, 47.921582279928487 ], [ 23.298279355574643, 47.921026724372929 ], [ 23.298001577796864, 47.921026724372929 ], [ 23.298001577796864, 47.920193391039597 ], [ 23.297723800019085, 47.920193391039597 ], [ 23.297723800019085, 47.920748946595147 ], [ 23.297446022241306, 47.920748946595147 ], [ 23.297446022241306, 47.920471168817372 ], [ 23.297168244463531, 47.920471168817372 ], [ 23.297168244463531, 47.919915613261814 ], [ 23.297446022241306, 47.919915613261814 ], [ 23.297446022241306, 47.919637835484039 ], [ 23.297168244463531, 47.919637835484039 ], [ 23.297168244463531, 47.919360057706264 ], [ 23.296890466685753, 47.919360057706264 ], [ 23.296890466685753, 47.919082279928482 ], [ 23.297168244463531, 47.919082279928482 ], [ 23.297168244463531, 47.918248946595149 ], [ 23.297446022241306, 47.918248946595149 ], [ 23.297446022241306, 47.917971168817374 ], [ 23.297723800019085, 47.917971168817374 ], [ 23.297723800019085, 47.917693391039592 ], [ 23.297168244463531, 47.917693391039592 ], [ 23.297168244463531, 47.917415613261817 ], [ 23.298001577796864, 47.917415613261817 ], [ 23.298001577796864, 47.916860057706259 ], [ 23.298834911130196, 47.916860057706259 ], [ 23.298834911130196, 47.916304502150709 ], [ 23.299390466685754, 47.916304502150709 ], [ 23.299390466685754, 47.916026724372927 ], [ 23.299668244463529, 47.916026724372927 ], [ 23.299668244463529, 47.915193391039594 ], [ 23.299946022241308, 47.915193391039594 ], [ 23.299946022241308, 47.914915613261819 ], [ 23.300501577796865, 47.914915613261819 ], [ 23.300501577796865, 47.914637835484037 ], [ 23.301612688907976, 47.914637835484037 ], [ 23.301612688907976, 47.914915613261819 ], [ 23.301057133352419, 47.914915613261819 ], [ 23.301057133352419, 47.915193391039594 ], [ 23.300501577796865, 47.915193391039594 ], [ 23.300501577796865, 47.915471168817369 ], [ 23.300223800019086, 47.915471168817369 ], [ 23.300223800019086, 47.915748946595151 ], [ 23.300501577796865, 47.915748946595151 ], [ 23.300501577796865, 47.916026724372927 ], [ 23.301057133352419, 47.916026724372927 ], [ 23.301057133352419, 47.915748946595151 ], [ 23.301612688907976, 47.915748946595151 ], [ 23.301612688907976, 47.916026724372927 ], [ 23.30216824446353, 47.916026724372927 ], [ 23.30216824446353, 47.916582279928484 ], [ 23.301890466685752, 47.916582279928484 ], [ 23.301890466685752, 47.916860057706259 ], [ 23.302446022241309, 47.916860057706259 ], [ 23.302446022241309, 47.917137835484041 ], [ 23.302723800019084, 47.917137835484041 ], [ 23.302723800019084, 47.917415613261817 ], [ 23.302446022241309, 47.917415613261817 ], [ 23.302446022241309, 47.917693391039592 ], [ 23.30216824446353, 47.917693391039592 ], [ 23.30216824446353, 47.917971168817374 ], [ 23.301890466685752, 47.917971168817374 ], [ 23.301890466685752, 47.918248946595149 ], [ 23.301057133352419, 47.918248946595149 ], [ 23.301057133352419, 47.918526724372931 ], [ 23.301334911130198, 47.918526724372931 ], [ 23.301334911130198, 47.918804502150707 ], [ 23.30216824446353, 47.918804502150707 ], [ 23.30216824446353, 47.918526724372931 ], [ 23.303279355574642, 47.918526724372931 ], [ 23.303279355574642, 47.918248946595149 ], [ 23.30355713335242, 47.918248946595149 ], [ 23.30355713335242, 47.917971168817374 ], [ 23.303279355574642, 47.917971168817374 ], [ 23.303279355574642, 47.917693391039592 ], [ 23.30355713335242, 47.917693391039592 ], [ 23.30355713335242, 47.917415613261817 ], [ 23.303834911130195, 47.917415613261817 ], [ 23.303834911130195, 47.916860057706259 ], [ 23.303001577796863, 47.916860057706259 ], [ 23.303001577796863, 47.916304502150709 ], [ 23.302723800019084, 47.916304502150709 ], [ 23.302723800019084, 47.916026724372927 ], [ 23.302446022241309, 47.916026724372927 ], [ 23.302446022241309, 47.915748946595151 ], [ 23.30216824446353, 47.915748946595151 ], [ 23.30216824446353, 47.915471168817369 ], [ 23.301890466685752, 47.915471168817369 ], [ 23.301890466685752, 47.915193391039594 ], [ 23.302723800019084, 47.915193391039594 ], [ 23.302723800019084, 47.914915613261819 ], [ 23.303001577796863, 47.914915613261819 ], [ 23.303001577796863, 47.915471168817369 ], [ 23.30355713335242, 47.915471168817369 ], [ 23.30355713335242, 47.915193391039594 ], [ 23.304112688907974, 47.915193391039594 ], [ 23.304112688907974, 47.914915613261819 ], [ 23.304390466685753, 47.914915613261819 ], [ 23.304390466685753, 47.915193391039594 ], [ 23.304946022241307, 47.915193391039594 ], [ 23.304946022241307, 47.915471168817369 ], [ 23.305223800019085, 47.915471168817369 ], [ 23.305223800019085, 47.915748946595151 ], [ 23.305501577796864, 47.915748946595151 ], [ 23.305501577796864, 47.916860057706259 ], [ 23.304946022241307, 47.916860057706259 ], [ 23.304946022241307, 47.917137835484041 ], [ 23.304668244463532, 47.917137835484041 ], [ 23.304668244463532, 47.917693391039592 ], [ 23.305223800019085, 47.917693391039592 ], [ 23.305223800019085, 47.919082279928482 ], [ 23.305501577796864, 47.919082279928482 ], [ 23.305501577796864, 47.919360057706264 ], [ 23.304946022241307, 47.919360057706264 ], [ 23.304946022241307, 47.919637835484039 ], [ 23.304668244463532, 47.919637835484039 ], [ 23.304668244463532, 47.919360057706264 ], [ 23.304390466685753, 47.919360057706264 ], [ 23.304390466685753, 47.919915613261814 ], [ 23.304946022241307, 47.919915613261814 ], [ 23.304946022241307, 47.920471168817372 ], [ 23.304390466685753, 47.920471168817372 ], [ 23.304390466685753, 47.920748946595147 ], [ 23.303834911130195, 47.920748946595147 ], [ 23.303834911130195, 47.921026724372929 ], [ 23.30355713335242, 47.921026724372929 ], [ 23.30355713335242, 47.921304502150704 ], [ 23.302446022241309, 47.921304502150704 ], [ 23.302446022241309, 47.920748946595147 ], [ 23.301890466685752, 47.920748946595147 ], [ 23.301890466685752, 47.921026724372929 ], [ 23.301612688907976, 47.921026724372929 ], [ 23.301612688907976, 47.921304502150704 ], [ 23.301334911130198, 47.921304502150704 ], [ 23.301334911130198, 47.921582279928487 ], [ 23.301057133352419, 47.921582279928487 ], [ 23.301057133352419, 47.921860057706262 ], [ 23.300223800019086, 47.921860057706262 ], [ 23.300223800019086, 47.921304502150704 ], [ 23.299946022241308, 47.921304502150704 ], [ 23.299946022241308, 47.920748946595147 ], [ 23.299668244463529, 47.920748946595147 ], [ 23.299668244463529, 47.921026724372929 ], [ 23.299390466685754, 47.921026724372929 ], [ 23.299390466685754, 47.921304502150704 ], [ 23.299668244463529, 47.921304502150704 ], [ 23.299668244463529, 47.921582279928487 ], [ 23.299946022241308, 47.921582279928487 ], [ 23.299946022241308, 47.921860057706262 ], [ 23.298557133352418, 47.921860057706262 ] ], [ [ 23.298834911130196, 47.921026724372929 ], [ 23.299112688907975, 47.921026724372929 ], [ 23.299112688907975, 47.920748946595147 ], [ 23.298834911130196, 47.920748946595147 ], [ 23.298834911130196, 47.921026724372929 ] ], [ [ 23.298834911130196, 47.920471168817372 ], [ 23.299390466685754, 47.920471168817372 ], [ 23.299390466685754, 47.920193391039597 ], [ 23.299668244463529, 47.920193391039597 ], [ 23.299668244463529, 47.919915613261814 ], [ 23.298834911130196, 47.919915613261814 ], [ 23.298834911130196, 47.920471168817372 ] ], [ [ 23.301334911130198, 47.920471168817372 ], [ 23.301890466685752, 47.920471168817372 ], [ 23.301890466685752, 47.920193391039597 ], [ 23.301334911130198, 47.920193391039597 ], [ 23.301334911130198, 47.920471168817372 ] ], [ [ 23.298001577796864, 47.920193391039597 ], [ 23.298279355574643, 47.920193391039597 ], [ 23.298279355574643, 47.919915613261814 ], [ 23.298001577796864, 47.919915613261814 ], [ 23.298001577796864, 47.920193391039597 ] ], [ [ 23.298557133352418, 47.919082279928482 ], [ 23.298834911130196, 47.919082279928482 ], [ 23.298834911130196, 47.918804502150707 ], [ 23.298557133352418, 47.918804502150707 ], [ 23.298557133352418, 47.919082279928482 ] ], [ [ 23.299946022241308, 47.918526724372931 ], [ 23.300501577796865, 47.918526724372931 ], [ 23.300501577796865, 47.918248946595149 ], [ 23.299946022241308, 47.918248946595149 ], [ 23.299946022241308, 47.918526724372931 ] ], [ [ 23.304390466685753, 47.918248946595149 ], [ 23.304668244463532, 47.918248946595149 ], [ 23.304668244463532, 47.917971168817374 ], [ 23.304390466685753, 47.917971168817374 ], [ 23.304390466685753, 47.918248946595149 ] ], [ [ 23.30077935557464, 47.917137835484041 ], [ 23.301057133352419, 47.917137835484041 ], [ 23.301057133352419, 47.916860057706259 ], [ 23.30077935557464, 47.916860057706259 ], [ 23.30077935557464, 47.917137835484041 ] ], [ [ 23.301057133352419, 47.916860057706259 ], [ 23.301334911130198, 47.916860057706259 ], [ 23.301334911130198, 47.916582279928484 ], [ 23.301612688907976, 47.916582279928484 ], [ 23.301612688907976, 47.916304502150709 ], [ 23.301334911130198, 47.916304502150709 ], [ 23.301334911130198, 47.916026724372927 ], [ 23.301057133352419, 47.916026724372927 ], [ 23.301057133352419, 47.916860057706259 ] ] ] } },
{ "type": "Feature", "properties": { "rank": 27, "lake_id": 170943 }, "geometry": { "type": "Polygon", "coordinates": [ [ [ 24.399073697629682, 45.226717167623548 ], [ 24.399073697629682, 45.226439389845766 ], [ 24.398518142074124, 45.226439389845766 ], [ 24.398518142074124, 45.22616161206799 ], [ 24.397684808740792, 45.22616161206799 ], [ 24.397684808740792, 45.225883834290215 ], [ 24.397129253185234, 45.225883834290215 ], [ 24.397129253185234, 45.225328278734658 ], [ 24.39657369762968, 45.225328278734658 ], [ 24.39657369762968, 45.225883834290215 ], [ 24.394629253185236, 45.225883834290215 ], [ 24.394629253185236, 45.22616161206799 ], [ 24.393795919851904, 45.22616161206799 ], [ 24.393795919851904, 45.225883834290215 ], [ 24.392684808740793, 45.225883834290215 ], [ 24.392684808740793, 45.22616161206799 ], [ 24.392129253185235, 45.22616161206799 ], [ 24.392129253185235, 45.225883834290215 ], [ 24.391573697629681, 45.225883834290215 ], [ 24.391573697629681, 45.2247727231791 ], [ 24.391851475407456, 45.2247727231791 ], [ 24.391851475407456, 45.224217167623543 ], [ 24.392129253185235, 45.224217167623543 ], [ 24.392129253185235, 45.223661612067993 ], [ 24.394073697629679, 45.223661612067993 ], [ 24.394073697629679, 45.22338383429021 ], [ 24.393795919851904, 45.22338383429021 ], [ 24.393795919851904, 45.223106056512435 ], [ 24.394073697629679, 45.223106056512435 ], [ 24.394073697629679, 45.222828278734653 ], [ 24.394351475407458, 45.222828278734653 ], [ 24.394351475407458, 45.223661612067993 ], [ 24.394629253185236, 45.223661612067993 ], [ 24.394629253185236, 45.223939389845768 ], [ 24.395740364296348, 45.223939389845768 ], [ 24.395740364296348, 45.224217167623543 ], [ 24.396018142074123, 45.224217167623543 ], [ 24.396018142074123, 45.2247727231791 ], [ 24.397129253185234, 45.2247727231791 ], [ 24.397129253185234, 45.225050500956876 ], [ 24.397407030963013, 45.225050500956876 ], [ 24.397407030963013, 45.224217167623543 ], [ 24.397684808740792, 45.224217167623543 ], [ 24.397684808740792, 45.224494945401325 ], [ 24.39796258651857, 45.224494945401325 ], [ 24.39796258651857, 45.2247727231791 ], [ 24.398240364296345, 45.2247727231791 ], [ 24.398240364296345, 45.224217167623543 ], [ 24.398518142074124, 45.224217167623543 ], [ 24.398518142074124, 45.225050500956876 ], [ 24.398240364296345, 45.225050500956876 ], [ 24.398240364296345, 45.225883834290215 ], [ 24.398795919851903, 45.225883834290215 ], [ 24.398795919851903, 45.225328278734658 ], [ 24.399073697629682, 45.225328278734658 ], [ 24.399073697629682, 45.224494945401325 ], [ 24.399351475407457, 45.224494945401325 ], [ 24.399351475407457, 45.223939389845768 ], [ 24.398795919851903, 45.223939389845768 ], [ 24.398795919851903, 45.22338383429021 ], [ 24.399629253185235, 45.22338383429021 ], [ 24.399629253185235, 45.223661612067993 ], [ 24.400740364296347, 45.223661612067993 ], [ 24.400740364296347, 45.223939389845768 ], [ 24.401018142074125, 45.223939389845768 ], [ 24.401018142074125, 45.223661612067993 ], [ 24.401851475407458, 45.223661612067993 ], [ 24.401851475407458, 45.22338383429021 ], [ 24.402129253185237, 45.22338383429021 ], [ 24.402129253185237, 45.223661612067993 ], [ 24.402407030963012, 45.223661612067993 ], [ 24.402407030963012, 45.224217167623543 ], [ 24.402684808740791, 45.224217167623543 ], [ 24.402684808740791, 45.2247727231791 ], [ 24.402962586518569, 45.2247727231791 ], [ 24.402962586518569, 45.225606056512433 ], [ 24.402407030963012, 45.225606056512433 ], [ 24.402407030963012, 45.225883834290215 ], [ 24.401573697629679, 45.225883834290215 ], [ 24.401573697629679, 45.22616161206799 ], [ 24.401295919851904, 45.22616161206799 ], [ 24.401295919851904, 45.226439389845766 ], [ 24.400184808740793, 45.226439389845766 ], [ 24.400184808740793, 45.226717167623548 ], [ 24.399073697629682, 45.226717167623548 ] ], [ [ 24.399907030963014, 45.225883834290215 ], [ 24.400462586518568, 45.225883834290215 ], [ 24.400462586518568, 45.225606056512433 ], [ 24.400184808740793, 45.225606056512433 ], [ 24.400184808740793, 45.225328278734658 ], [ 24.399907030963014, 45.225328278734658 ], [ 24.399907030963014, 45.225883834290215 ] ], [ [ 24.395462586518569, 45.225606056512433 ], [ 24.396295919851902, 45.225606056512433 ], [ 24.396295919851902, 45.225328278734658 ], [ 24.39657369762968, 45.225328278734658 ], [ 24.39657369762968, 45.225050500956876 ], [ 24.395740364296348, 45.225050500956876 ], [ 24.395740364296348, 45.225328278734658 ], [ 24.395462586518569, 45.225328278734658 ], [ 24.395462586518569, 45.225606056512433 ] ], [ [ 24.397684808740792, 45.225328278734658 ], [ 24.39796258651857, 45.225328278734658 ], [ 24.39796258651857, 45.2247727231791 ], [ 24.397684808740792, 45.2247727231791 ], [ 24.397684808740792, 45.225328278734658 ] ] ] } },
{ "type": "Feature", "properties": { "rank": 28, "lake_id": 168774 }, "geometry": { "type": "Polygon", "coordinates": [ [ [ 26.873004729663887, 47.647566912631973 ], [ 26.873004729663887, 47.647289134854191 ], [ 26.871893618552779, 47.647289134854191 ], [ 26.871893618552779, 47.647011357076416 ], [ 26.871060285219443, 47.647011357076416 ], [ 26.871060285219443, 47.64673357929864 ], [ 26.870504729663889, 47.64673357929864 ], [ 26.870504729663889, 47.646455801520858 ], [ 26.87022695188611, 47.646455801520858 ], [ 26.87022695188611, 47.646178023743083 ], [ 26.869949174108331, 47.646178023743083 ], [ 26.869949174108331, 47.645900245965308 ], [ 26.869393618552778, 47.645900245965308 ], [ 26.869393618552778, 47.64534469040975 ], [ 26.869115840774999, 47.64534469040975 ], [ 26.869115840774999, 47.645066912631975 ], [ 26.86883806299722, 47.645066912631975 ], [ 26.86883806299722, 47.644511357076418 ], [ 26.868560285219445, 47.644511357076418 ], [ 26.868560285219445, 47.643122468187528 ], [ 26.86883806299722, 47.643122468187528 ], [ 26.86883806299722, 47.642844690409753 ], [ 26.869115840774999, 47.642844690409753 ], [ 26.869115840774999, 47.64256691263197 ], [ 26.869393618552778, 47.64256691263197 ], [ 26.869393618552778, 47.642011357076413 ], [ 26.869671396330556, 47.642011357076413 ], [ 26.869671396330556, 47.641733579298638 ], [ 26.869949174108331, 47.641733579298638 ], [ 26.869949174108331, 47.641455801520863 ], [ 26.87022695188611, 47.641455801520863 ], [ 26.87022695188611, 47.64117802374308 ], [ 26.869949174108331, 47.64117802374308 ], [ 26.869949174108331, 47.640900245965305 ], [ 26.87022695188611, 47.640900245965305 ], [ 26.87022695188611, 47.64062246818753 ], [ 26.870504729663889, 47.64062246818753 ], [ 26.870504729663889, 47.640344690409748 ], [ 26.871060285219443, 47.640344690409748 ], [ 26.871060285219443, 47.64062246818753 ], [ 26.871338062997221, 47.64062246818753 ], [ 26.871338062997221, 47.640344690409748 ], [ 26.871615840775, 47.640344690409748 ], [ 26.871615840775, 47.640066912631973 ], [ 26.871893618552779, 47.640066912631973 ], [ 26.871893618552779, 47.639789134854198 ], [ 26.873004729663887, 47.639789134854198 ], [ 26.873004729663887, 47.639511357076415 ], [ 26.876060285219445, 47.639511357076415 ], [ 26.876060285219445, 47.639789134854198 ], [ 26.877171396330557, 47.639789134854198 ], [ 26.877171396330557, 47.640066912631973 ], [ 26.878004729663889, 47.640066912631973 ], [ 26.878004729663889, 47.640344690409748 ], [ 26.878560285219443, 47.640344690409748 ], [ 26.878560285219443, 47.64062246818753 ], [ 26.878838062997222, 47.64062246818753 ], [ 26.878838062997222, 47.640900245965305 ], [ 26.879115840775, 47.640900245965305 ], [ 26.879115840775, 47.64117802374308 ], [ 26.879671396330554, 47.64117802374308 ], [ 26.879671396330554, 47.641733579298638 ], [ 26.879949174108333, 47.641733579298638 ], [ 26.879949174108333, 47.642011357076413 ], [ 26.880226951886112, 47.642011357076413 ], [ 26.880226951886112, 47.64256691263197 ], [ 26.880504729663887, 47.64256691263197 ], [ 26.880504729663887, 47.644511357076418 ], [ 26.880226951886112, 47.644511357076418 ], [ 26.880226951886112, 47.645066912631975 ], [ 26.879949174108333, 47.645066912631975 ], [ 26.879949174108333, 47.64534469040975 ], [ 26.879671396330554, 47.64534469040975 ], [ 26.879671396330554, 47.645900245965308 ], [ 26.879115840775, 47.645900245965308 ], [ 26.879115840775, 47.646178023743083 ], [ 26.878838062997222, 47.646178023743083 ], [ 26.878838062997222, 47.646455801520858 ], [ 26.878560285219443, 47.646455801520858 ], [ 26.878560285219443, 47.64673357929864 ], [ 26.878004729663889, 47.64673357929864 ], [ 26.878004729663889, 47.647011357076416 ], [ 26.877171396330557, 47.647011357076416 ], [ 26.877171396330557, 47.647289134854191 ], [ 26.876060285219445, 47.647289134854191 ], [ 26.876060285219445, 47.647566912631973 ], [ 26.873004729663887, 47.647566912631973 ] ], [ [ 26.87633806299722, 47.643122468187528 ], [ 26.876615840774999, 47.643122468187528 ], [ 26.876615840774999, 47.642844690409753 ], [ 26.87633806299722, 47.642844690409753 ], [ 26.87633806299722, 47.643122468187528 ] ], [ [ 26.878004729663889, 47.641455801520863 ], [ 26.878282507441664, 47.641455801520863 ], [ 26.878282507441664, 47.640900245965305 ], [ 26.87772695188611, 47.640900245965305 ], [ 26.87772695188611, 47.64062246818753 ], [ 26.876893618552778, 47.64062246818753 ], [ 26.876893618552778, 47.640900245965305 ], [ 26.877449174108332, 47.640900245965305 ], [ 26.877449174108332, 47.64117802374308 ], [ 26.878004729663889, 47.64117802374308 ], [ 26.878004729663889, 47.641455801520863 ] ], [ [ 26.870782507441668, 47.640900245965305 ], [ 26.871060285219443, 47.640900245965305 ], [ 26.871060285219443, 47.64062246818753 ], [ 26.870782507441668, 47.64062246818753 ], [ 26.870782507441668, 47.640900245965305 ] ], [ [ 26.875504729663888, 47.640066912631973 ], [ 26.876060285219445, 47.640066912631973 ], [ 26.876060285219445, 47.639789134854198 ], [ 26.875504729663888, 47.639789134854198 ], [ 26.875504729663888, 47.640066912631973 ] ] ] } },
{ "type": "Feature", "properties": { "rank": 29, "lake_id": 169050 }, "geometry": { "type": "Polygon", "coordinates": [ [ [ 22.893950543007488, 47.167825023526554 ], [ 22.893950543007488, 47.167269467970996 ], [ 22.894228320785263, 47.167269467970996 ], [ 22.894228320785263, 47.166991690193221 ], [ 22.893950543007488, 47.166991690193221 ], [ 22.893950543007488, 47.166436134637664 ], [ 22.893672765229709, 47.166436134637664 ], [ 22.893672765229709, 47.166158356859889 ], [ 22.893394987451931, 47.166158356859889 ], [ 22.893394987451931, 47.165880579082113 ], [ 22.893117209674152, 47.165880579082113 ], [ 22.893117209674152, 47.165325023526556 ], [ 22.893950543007488, 47.165325023526556 ], [ 22.893950543007488, 47.164769467970999 ], [ 22.894228320785263, 47.164769467970999 ], [ 22.894228320785263, 47.164491690193223 ], [ 22.894783876340821, 47.164491690193223 ], [ 22.894783876340821, 47.164213912415441 ], [ 22.895061654118599, 47.164213912415441 ], [ 22.895061654118599, 47.163936134637666 ], [ 22.895339431896375, 47.163936134637666 ], [ 22.895339431896375, 47.163380579082109 ], [ 22.895061654118599, 47.163380579082109 ], [ 22.895061654118599, 47.162825023526551 ], [ 22.894506098563042, 47.162825023526551 ], [ 22.894506098563042, 47.163380579082109 ], [ 22.894228320785263, 47.163380579082109 ], [ 22.894228320785263, 47.163936134637666 ], [ 22.893672765229709, 47.163936134637666 ], [ 22.893672765229709, 47.164213912415441 ], [ 22.893394987451931, 47.164213912415441 ], [ 22.893394987451931, 47.164491690193223 ], [ 22.893117209674152, 47.164491690193223 ], [ 22.893117209674152, 47.165047245748774 ], [ 22.892561654118598, 47.165047245748774 ], [ 22.892561654118598, 47.165325023526556 ], [ 22.891450543007487, 47.165325023526556 ], [ 22.891450543007487, 47.165047245748774 ], [ 22.891728320785266, 47.165047245748774 ], [ 22.891728320785266, 47.164769467970999 ], [ 22.892561654118598, 47.164769467970999 ], [ 22.892561654118598, 47.164213912415441 ], [ 22.892006098563044, 47.164213912415441 ], [ 22.892006098563044, 47.164491690193223 ], [ 22.891728320785266, 47.164491690193223 ], [ 22.891728320785266, 47.163936134637666 ], [ 22.891450543007487, 47.163936134637666 ], [ 22.891450543007487, 47.163380579082109 ], [ 22.891172765229708, 47.163380579082109 ], [ 22.891172765229708, 47.163102801304333 ], [ 22.891728320785266, 47.163102801304333 ], [ 22.891728320785266, 47.162825023526551 ], [ 22.891450543007487, 47.162825023526551 ], [ 22.891450543007487, 47.162547245748776 ], [ 22.891728320785266, 47.162547245748776 ], [ 22.891728320785266, 47.161991690193219 ], [ 22.892006098563044, 47.161991690193219 ], [ 22.892006098563044, 47.162269467971001 ], [ 22.892561654118598, 47.162269467971001 ], [ 22.892561654118598, 47.161436134637668 ], [ 22.892006098563044, 47.161436134637668 ], [ 22.892006098563044, 47.161158356859886 ], [ 22.892283876340819, 47.161158356859886 ], [ 22.892283876340819, 47.160880579082111 ], [ 22.892839431896377, 47.160880579082111 ], [ 22.892839431896377, 47.160602801304329 ], [ 22.893672765229709, 47.160602801304329 ], [ 22.893672765229709, 47.160325023526553 ], [ 22.894783876340821, 47.160325023526553 ], [ 22.894783876340821, 47.160602801304329 ], [ 22.895061654118599, 47.160602801304329 ], [ 22.895061654118599, 47.160325023526553 ], [ 22.895339431896375, 47.160325023526553 ], [ 22.895339431896375, 47.160602801304329 ], [ 22.895894987451932, 47.160602801304329 ], [ 22.895894987451932, 47.160880579082111 ], [ 22.896450543007486, 47.160880579082111 ], [ 22.896450543007486, 47.161158356859886 ], [ 22.896728320785265, 47.161158356859886 ], [ 22.896728320785265, 47.161436134637668 ], [ 22.897561654118597, 47.161436134637668 ], [ 22.897561654118597, 47.161713912415443 ], [ 22.898950543007487, 47.161713912415443 ], [ 22.898950543007487, 47.161991690193219 ], [ 22.899228320785266, 47.161991690193219 ], [ 22.899228320785266, 47.162269467971001 ], [ 22.900339431896377, 47.162269467971001 ], [ 22.900339431896377, 47.162547245748776 ], [ 22.900617209674152, 47.162547245748776 ], [ 22.900617209674152, 47.162825023526551 ], [ 22.90117276522971, 47.162825023526551 ], [ 22.90117276522971, 47.163102801304333 ], [ 22.901728320785264, 47.163102801304333 ], [ 22.901728320785264, 47.163380579082109 ], [ 22.902283876340821, 47.163380579082109 ], [ 22.902283876340821, 47.164491690193223 ], [ 22.902006098563042, 47.164491690193223 ], [ 22.902006098563042, 47.164213912415441 ], [ 22.901450543007488, 47.164213912415441 ], [ 22.901450543007488, 47.163936134637666 ], [ 22.90117276522971, 47.163936134637666 ], [ 22.90117276522971, 47.164769467970999 ], [ 22.900617209674152, 47.164769467970999 ], [ 22.900617209674152, 47.164491690193223 ], [ 22.900894987451931, 47.164491690193223 ], [ 22.900894987451931, 47.164213912415441 ], [ 22.900061654118598, 47.164213912415441 ], [ 22.900061654118598, 47.164491690193223 ], [ 22.89978387634082, 47.164491690193223 ], [ 22.89978387634082, 47.164769467970999 ], [ 22.899506098563041, 47.164769467970999 ], [ 22.899506098563041, 47.165325023526556 ], [ 22.89839498745193, 47.165325023526556 ], [ 22.89839498745193, 47.165047245748774 ], [ 22.897839431896376, 47.165047245748774 ], [ 22.897839431896376, 47.164769467970999 ], [ 22.897006098563043, 47.164769467970999 ], [ 22.897006098563043, 47.165047245748774 ], [ 22.896728320785265, 47.165047245748774 ], [ 22.896728320785265, 47.165325023526556 ], [ 22.896450543007486, 47.165325023526556 ], [ 22.896450543007486, 47.165602801304331 ], [ 22.896172765229711, 47.165602801304331 ], [ 22.896172765229711, 47.165880579082113 ], [ 22.895894987451932, 47.165880579082113 ], [ 22.895894987451932, 47.166158356859889 ], [ 22.895617209674153, 47.166158356859889 ], [ 22.895617209674153, 47.166436134637664 ], [ 22.895339431896375, 47.166436134637664 ], [ 22.895339431896375, 47.166713912415446 ], [ 22.895061654118599, 47.166713912415446 ], [ 22.895061654118599, 47.166991690193221 ], [ 22.894783876340821, 47.166991690193221 ], [ 22.894783876340821, 47.167269467970996 ], [ 22.894506098563042, 47.167269467970996 ], [ 22.894506098563042, 47.167547245748779 ], [ 22.894228320785263, 47.167547245748779 ], [ 22.894228320785263, 47.167825023526554 ], [ 22.893950543007488, 47.167825023526554 ] ], [ [ 22.893394987451931, 47.165880579082113 ], [ 22.893672765229709, 47.165880579082113 ], [ 22.893672765229709, 47.165602801304331 ], [ 22.893394987451931, 47.165602801304331 ], [ 22.893394987451931, 47.165880579082113 ] ], [ [ 22.899506098563041, 47.164213912415441 ], [ 22.89978387634082, 47.164213912415441 ], [ 22.89978387634082, 47.163936134637666 ], [ 22.899506098563041, 47.163936134637666 ], [ 22.899506098563041, 47.164213912415441 ] ], [ [ 22.89978387634082, 47.163936134637666 ], [ 22.900061654118598, 47.163936134637666 ], [ 22.900061654118598, 47.163658356859891 ], [ 22.89978387634082, 47.163658356859891 ], [ 22.89978387634082, 47.163936134637666 ] ], [ [ 22.891728320785266, 47.163658356859891 ], [ 22.892561654118598, 47.163658356859891 ], [ 22.892561654118598, 47.163102801304333 ], [ 22.892283876340819, 47.163102801304333 ], [ 22.892283876340819, 47.163380579082109 ], [ 22.891728320785266, 47.163380579082109 ], [ 22.891728320785266, 47.163658356859891 ] ], [ [ 22.898117209674155, 47.163102801304333 ], [ 22.898672765229708, 47.163102801304333 ], [ 22.898672765229708, 47.162825023526551 ], [ 22.89839498745193, 47.162825023526551 ], [ 22.89839498745193, 47.162547245748776 ], [ 22.898117209674155, 47.162547245748776 ], [ 22.898117209674155, 47.163102801304333 ] ], [ [ 22.895061654118599, 47.162269467971001 ], [ 22.895339431896375, 47.162269467971001 ], [ 22.895339431896375, 47.161991690193219 ], [ 22.895061654118599, 47.161991690193219 ], [ 22.895061654118599, 47.162269467971001 ] ], [ [ 22.894228320785263, 47.161991690193219 ], [ 22.895061654118599, 47.161991690193219 ], [ 22.895061654118599, 47.161713912415443 ], [ 22.894506098563042, 47.161713912415443 ], [ 22.894506098563042, 47.161436134637668 ], [ 22.893950543007488, 47.161436134637668 ], [ 22.893950543007488, 47.161158356859886 ], [ 22.893394987451931, 47.161158356859886 ], [ 22.893394987451931, 47.161436134637668 ], [ 22.893672765229709, 47.161436134637668 ], [ 22.893672765229709, 47.161713912415443 ], [ 22.894228320785263, 47.161713912415443 ], [ 22.894228320785263, 47.161991690193219 ] ] ] } },
{ "type": "Feature", "properties": { "rank": 30, "lake_id": 14090 }, "geometry": { "type": "Polygon", "coordinates": [ [ [ 26.972830603309646, 46.365257071051992 ], [ 26.972830603309646, 46.36497929327421 ], [ 26.971719492198535, 46.36497929327421 ], [ 26.971719492198535, 46.36442373771866 ], [ 26.971997269976313, 46.36442373771866 ], [ 26.971997269976313, 46.364145959940878 ], [ 26.972275047754092, 46.364145959940878 ], [ 26.972275047754092, 46.363590404385327 ], [ 26.971719492198535, 46.363590404385327 ], [ 26.971719492198535, 46.364145959940878 ], [ 26.971163936642981, 46.364145959940878 ], [ 26.971163936642981, 46.364701515496435 ], [ 26.970608381087427, 46.364701515496435 ], [ 26.970608381087427, 46.36442373771866 ], [ 26.970330603309648, 46.36442373771866 ], [ 26.970330603309648, 46.364145959940878 ], [ 26.970052825531869, 46.364145959940878 ], [ 26.970052825531869, 46.363868182163102 ], [ 26.970330603309648, 46.363868182163102 ], [ 26.970330603309648, 46.363590404385327 ], [ 26.969775047754091, 46.363590404385327 ], [ 26.969775047754091, 46.363868182163102 ], [ 26.968941714420758, 46.363868182163102 ], [ 26.968941714420758, 46.364145959940878 ], [ 26.967830603309647, 46.364145959940878 ], [ 26.967830603309647, 46.363868182163102 ], [ 26.966997269976314, 46.363868182163102 ], [ 26.966997269976314, 46.363590404385327 ], [ 26.966719492198536, 46.363590404385327 ], [ 26.966719492198536, 46.362757071051988 ], [ 26.966997269976314, 46.362757071051988 ], [ 26.966997269976314, 46.362201515496437 ], [ 26.967275047754093, 46.362201515496437 ], [ 26.967275047754093, 46.36164595994088 ], [ 26.967552825531868, 46.36164595994088 ], [ 26.967552825531868, 46.361923737718655 ], [ 26.967830603309647, 46.361923737718655 ], [ 26.967830603309647, 46.361090404385322 ], [ 26.968108381087426, 46.361090404385322 ], [ 26.968108381087426, 46.359701515496432 ], [ 26.968386158865204, 46.359701515496432 ], [ 26.968386158865204, 46.359145959940882 ], [ 26.970886158865202, 46.359145959940882 ], [ 26.970886158865202, 46.359423737718657 ], [ 26.971997269976313, 46.359423737718657 ], [ 26.971997269976313, 46.359701515496432 ], [ 26.972552825531871, 46.359701515496432 ], [ 26.972552825531871, 46.359979293274215 ], [ 26.973108381087425, 46.359979293274215 ], [ 26.973108381087425, 46.36025707105199 ], [ 26.973663936642982, 46.36025707105199 ], [ 26.973663936642982, 46.360534848829772 ], [ 26.973941714420757, 46.360534848829772 ], [ 26.973941714420757, 46.360812626607547 ], [ 26.974219492198536, 46.360812626607547 ], [ 26.974219492198536, 46.361090404385322 ], [ 26.974497269976315, 46.361090404385322 ], [ 26.974497269976315, 46.361368182163105 ], [ 26.974775047754093, 46.361368182163105 ], [ 26.974775047754093, 46.361923737718655 ], [ 26.975052825531868, 46.361923737718655 ], [ 26.975052825531868, 46.362757071051988 ], [ 26.975330603309647, 46.362757071051988 ], [ 26.975330603309647, 46.363590404385327 ], [ 26.974775047754093, 46.363590404385327 ], [ 26.974775047754093, 46.363868182163102 ], [ 26.973941714420757, 46.363868182163102 ], [ 26.973941714420757, 46.364145959940878 ], [ 26.973663936642982, 46.364145959940878 ], [ 26.973663936642982, 46.36497929327421 ], [ 26.973941714420757, 46.36497929327421 ], [ 26.973941714420757, 46.364701515496435 ], [ 26.974219492198536, 46.364701515496435 ], [ 26.974219492198536, 46.365257071051992 ], [ 26.972830603309646, 46.365257071051992 ] ], [ [ 26.973108381087425, 46.36497929327421 ], [ 26.973386158865203, 46.36497929327421 ], [ 26.973386158865203, 46.36442373771866 ], [ 26.972830603309646, 46.36442373771866 ], [ 26.972830603309646, 46.364701515496435 ], [ 26.973108381087425, 46.364701515496435 ], [ 26.973108381087425, 46.36497929327421 ] ] ] } },
{ "type": "Feature", "properties": { "rank": 31, "lake_id": 14260 }, "geometry": { "type": "Polygon", "coordinates": [ [ [ 28.740623666252251, 44.898590836717787 ], [ 28.740623666252251, 44.898313058940012 ], [ 28.73951255514114, 44.898313058940012 ], [ 28.73951255514114, 44.89803528116223 ], [ 28.738956999585586, 44.89803528116223 ], [ 28.738956999585586, 44.897757503384454 ], [ 28.738401444030028, 44.897757503384454 ], [ 28.738401444030028, 44.897479725606672 ], [ 28.73812366625225, 44.897479725606672 ], [ 28.73812366625225, 44.897201947828897 ], [ 28.737568110696696, 44.897201947828897 ], [ 28.737568110696696, 44.896924170051122 ], [ 28.737290332918917, 44.896924170051122 ], [ 28.737290332918917, 44.896368614495564 ], [ 28.738401444030028, 44.896368614495564 ], [ 28.738401444030028, 44.895535281162232 ], [ 28.738956999585586, 44.895535281162232 ], [ 28.738956999585586, 44.894979725606674 ], [ 28.739234777363361, 44.894979725606674 ], [ 28.739234777363361, 44.894424170051117 ], [ 28.738679221807807, 44.894424170051117 ], [ 28.738679221807807, 44.894146392273342 ], [ 28.739234777363361, 44.894146392273342 ], [ 28.739234777363361, 44.893035281162234 ], [ 28.73951255514114, 44.893035281162234 ], [ 28.73951255514114, 44.892757503384452 ], [ 28.739234777363361, 44.892757503384452 ], [ 28.739234777363361, 44.892479725606677 ], [ 28.738956999585586, 44.892479725606677 ], [ 28.738956999585586, 44.892201947828895 ], [ 28.73812366625225, 44.892201947828895 ], [ 28.73812366625225, 44.892479725606677 ], [ 28.738401444030028, 44.892479725606677 ], [ 28.738401444030028, 44.893313058940009 ], [ 28.73812366625225, 44.893313058940009 ], [ 28.73812366625225, 44.893590836717784 ], [ 28.737568110696696, 44.893590836717784 ], [ 28.737568110696696, 44.893868614495567 ], [ 28.737290332918917, 44.893868614495567 ], [ 28.737290332918917, 44.893313058940009 ], [ 28.737568110696696, 44.893313058940009 ], [ 28.737568110696696, 44.893035281162234 ], [ 28.73812366625225, 44.893035281162234 ], [ 28.73812366625225, 44.892757503384452 ], [ 28.737845888474475, 44.892757503384452 ], [ 28.737845888474475, 44.892201947828895 ], [ 28.737568110696696, 44.892201947828895 ], [ 28.737568110696696, 44.891924170051119 ], [ 28.73812366625225, 44.891924170051119 ], [ 28.73812366625225, 44.891646392273344 ], [ 28.738401444030028, 44.891646392273344 ], [ 28.738401444030028, 44.891368614495562 ], [ 28.738956999585586, 44.891368614495562 ], [ 28.738956999585586, 44.891090836717787 ], [ 28.73951255514114, 44.891090836717787 ], [ 28.73951255514114, 44.890813058940012 ], [ 28.740623666252251, 44.890813058940012 ], [ 28.740623666252251, 44.890535281162229 ], [ 28.743123666252252, 44.890535281162229 ], [ 28.743123666252252, 44.890813058940012 ], [ 28.742845888474474, 44.890813058940012 ], [ 28.742845888474474, 44.891090836717787 ], [ 28.743123666252252, 44.891090836717787 ], [ 28.743123666252252, 44.891646392273344 ], [ 28.742845888474474, 44.891646392273344 ], [ 28.742845888474474, 44.891924170051119 ], [ 28.742568110696695, 44.891924170051119 ], [ 28.742568110696695, 44.893590836717784 ], [ 28.742845888474474, 44.893590836717784 ], [ 28.742845888474474, 44.893868614495567 ], [ 28.743123666252252, 44.893868614495567 ], [ 28.743123666252252, 44.893313058940009 ], [ 28.743401444030027, 44.893313058940009 ], [ 28.743401444030027, 44.893590836717784 ], [ 28.743679221807806, 44.893590836717784 ], [ 28.743679221807806, 44.893868614495567 ], [ 28.743956999585585, 44.893868614495567 ], [ 28.743956999585585, 44.894146392273342 ], [ 28.744234777363364, 44.894146392273342 ], [ 28.744234777363364, 44.894701947828899 ], [ 28.744512555141139, 44.894701947828899 ], [ 28.744512555141139, 44.894979725606674 ], [ 28.745068110696696, 44.894979725606674 ], [ 28.745068110696696, 44.894701947828899 ], [ 28.744790332918917, 44.894701947828899 ], [ 28.744790332918917, 44.893590836717784 ], [ 28.744512555141139, 44.893590836717784 ], [ 28.744512555141139, 44.893868614495567 ], [ 28.744234777363364, 44.893868614495567 ], [ 28.744234777363364, 44.893313058940009 ], [ 28.743956999585585, 44.893313058940009 ], [ 28.743956999585585, 44.893035281162234 ], [ 28.743679221807806, 44.893035281162234 ], [ 28.743679221807806, 44.892757503384452 ], [ 28.743401444030027, 44.892757503384452 ], [ 28.743401444030027, 44.892201947828895 ], [ 28.743679221807806, 44.892201947828895 ], [ 28.743679221807806, 44.891924170051119 ], [ 28.743401444030027, 44.891924170051119 ], [ 28.743401444030027, 44.891646392273344 ], [ 28.743679221807806, 44.891646392273344 ], [ 28.743679221807806, 44.891090836717787 ], [ 28.743401444030027, 44.891090836717787 ], [ 28.743401444030027, 44.890535281162229 ], [ 28.743679221807806, 44.890535281162229 ], [ 28.743679221807806, 44.890813058940012 ], [ 28.744234777363364, 44.890813058940012 ], [ 28.744234777363364, 44.891090836717787 ], [ 28.744512555141139, 44.891090836717787 ], [ 28.744512555141139, 44.891924170051119 ], [ 28.744790332918917, 44.891924170051119 ], [ 28.744790332918917, 44.892479725606677 ], [ 28.745068110696696, 44.892479725606677 ], [ 28.745068110696696, 44.892757503384452 ], [ 28.745345888474471, 44.892757503384452 ], [ 28.745345888474471, 44.893035281162234 ], [ 28.74562366625225, 44.893035281162234 ], [ 28.74562366625225, 44.893590836717784 ], [ 28.745901444030029, 44.893590836717784 ], [ 28.745901444030029, 44.893868614495567 ], [ 28.746179221807807, 44.893868614495567 ], [ 28.746179221807807, 44.894424170051117 ], [ 28.746456999585583, 44.894424170051117 ], [ 28.746456999585583, 44.894701947828899 ], [ 28.746734777363361, 44.894701947828899 ], [ 28.746734777363361, 44.894979725606674 ], [ 28.747568110696694, 44.894979725606674 ], [ 28.747568110696694, 44.89525750338445 ], [ 28.747845888474473, 44.89525750338445 ], [ 28.747845888474473, 44.895535281162232 ], [ 28.747568110696694, 44.895535281162232 ], [ 28.747568110696694, 44.896090836717789 ], [ 28.747290332918919, 44.896090836717789 ], [ 28.747290332918919, 44.89664639227334 ], [ 28.74701255514114, 44.89664639227334 ], [ 28.74701255514114, 44.896924170051122 ], [ 28.746734777363361, 44.896924170051122 ], [ 28.746734777363361, 44.897201947828897 ], [ 28.746179221807807, 44.897201947828897 ], [ 28.746179221807807, 44.897479725606672 ], [ 28.745901444030029, 44.897479725606672 ], [ 28.745901444030029, 44.897757503384454 ], [ 28.745345888474471, 44.897757503384454 ], [ 28.745345888474471, 44.89803528116223 ], [ 28.744790332918917, 44.89803528116223 ], [ 28.744790332918917, 44.898313058940012 ], [ 28.743679221807806, 44.898313058940012 ], [ 28.743679221807806, 44.898590836717787 ], [ 28.740623666252251, 44.898590836717787 ] ], [ [ 28.743679221807806, 44.89525750338445 ], [ 28.743956999585585, 44.89525750338445 ], [ 28.743956999585585, 44.894979725606674 ], [ 28.743679221807806, 44.894979725606674 ], [ 28.743679221807806, 44.89525750338445 ] ], [ [ 28.745068110696696, 44.894701947828899 ], [ 28.745345888474471, 44.894701947828899 ], [ 28.745345888474471, 44.894424170051117 ], [ 28.745068110696696, 44.894424170051117 ], [ 28.745068110696696, 44.894701947828899 ] ] ] } },
{ "type": "Feature", "properties": { "rank": 32, "lake_id": 14309 }, "geometry": { "type": "Polygon", "coordinates": [ [ [ 27.445884307514937, 44.062699121562041 ], [ 27.445884307514937, 44.062421343784258 ], [ 27.444773196403826, 44.062421343784258 ], [ 27.444773196403826, 44.062143566006483 ], [ 27.444217640848269, 44.062143566006483 ], [ 27.444217640848269, 44.061865788228701 ], [ 27.443662085292715, 44.061865788228701 ], [ 27.443662085292715, 44.061588010450926 ], [ 27.443384307514936, 44.061588010450926 ], [ 27.443384307514936, 44.061310232673151 ], [ 27.443106529737157, 44.061310232673151 ], [ 27.443106529737157, 44.061032454895368 ], [ 27.442828751959382, 44.061032454895368 ], [ 27.442828751959382, 44.060754677117593 ], [ 27.442550974181604, 44.060754677117593 ], [ 27.442550974181604, 44.060476899339818 ], [ 27.442273196403825, 44.060476899339818 ], [ 27.442273196403825, 44.060199121562036 ], [ 27.441995418626046, 44.060199121562036 ], [ 27.441995418626046, 44.059365788228703 ], [ 27.441717640848271, 44.059365788228703 ], [ 27.441717640848271, 44.057976899339813 ], [ 27.441995418626046, 44.057976899339813 ], [ 27.441995418626046, 44.057143566006481 ], [ 27.442273196403825, 44.057143566006481 ], [ 27.442273196403825, 44.056865788228706 ], [ 27.442550974181604, 44.056865788228706 ], [ 27.442550974181604, 44.056588010450923 ], [ 27.442828751959382, 44.056588010450923 ], [ 27.442828751959382, 44.056310232673148 ], [ 27.443106529737157, 44.056310232673148 ], [ 27.443106529737157, 44.056032454895373 ], [ 27.443384307514936, 44.056032454895373 ], [ 27.443384307514936, 44.055754677117591 ], [ 27.443662085292715, 44.055754677117591 ], [ 27.443662085292715, 44.056032454895373 ], [ 27.444217640848269, 44.056032454895373 ], [ 27.444217640848269, 44.056310232673148 ], [ 27.444495418626047, 44.056310232673148 ], [ 27.444495418626047, 44.056032454895373 ], [ 27.445050974181605, 44.056032454895373 ], [ 27.445050974181605, 44.054921343784258 ], [ 27.445884307514937, 44.054921343784258 ], [ 27.445884307514937, 44.05519912156204 ], [ 27.446162085292713, 44.05519912156204 ], [ 27.446162085292713, 44.055476899339816 ], [ 27.446439863070491, 44.055476899339816 ], [ 27.446439863070491, 44.055754677117591 ], [ 27.446995418626049, 44.055754677117591 ], [ 27.446995418626049, 44.056032454895373 ], [ 27.447273196403824, 44.056032454895373 ], [ 27.447273196403824, 44.055754677117591 ], [ 27.447828751959381, 44.055754677117591 ], [ 27.447828751959381, 44.055476899339816 ], [ 27.44810652973716, 44.055476899339816 ], [ 27.44810652973716, 44.054643566006483 ], [ 27.448939863070493, 44.054643566006483 ], [ 27.448939863070493, 44.054921343784258 ], [ 27.450050974181604, 44.054921343784258 ], [ 27.450050974181604, 44.05519912156204 ], [ 27.450606529737158, 44.05519912156204 ], [ 27.450606529737158, 44.055476899339816 ], [ 27.451162085292715, 44.055476899339816 ], [ 27.451162085292715, 44.055754677117591 ], [ 27.45143986307049, 44.055754677117591 ], [ 27.45143986307049, 44.056032454895373 ], [ 27.451717640848269, 44.056032454895373 ], [ 27.451717640848269, 44.056310232673148 ], [ 27.451995418626048, 44.056310232673148 ], [ 27.451995418626048, 44.056588010450923 ], [ 27.452273196403826, 44.056588010450923 ], [ 27.452273196403826, 44.056865788228706 ], [ 27.452550974181602, 44.056865788228706 ], [ 27.452550974181602, 44.057143566006481 ], [ 27.45282875195938, 44.057143566006481 ], [ 27.45282875195938, 44.057976899339813 ], [ 27.453106529737159, 44.057976899339813 ], [ 27.453106529737159, 44.059088010450928 ], [ 27.452550974181602, 44.059088010450928 ], [ 27.452550974181602, 44.058810232673146 ], [ 27.452273196403826, 44.058810232673146 ], [ 27.452273196403826, 44.059365788228703 ], [ 27.45282875195938, 44.059365788228703 ], [ 27.45282875195938, 44.059643566006478 ], [ 27.452273196403826, 44.059643566006478 ], [ 27.452273196403826, 44.059921343784261 ], [ 27.451717640848269, 44.059921343784261 ], [ 27.451717640848269, 44.059643566006478 ], [ 27.451162085292715, 44.059643566006478 ], [ 27.451162085292715, 44.059365788228703 ], [ 27.450328751959383, 44.059365788228703 ], [ 27.450328751959383, 44.059643566006478 ], [ 27.450606529737158, 44.059643566006478 ], [ 27.450606529737158, 44.060199121562036 ], [ 27.450884307514936, 44.060199121562036 ], [ 27.450884307514936, 44.060476899339818 ], [ 27.451162085292715, 44.060476899339818 ], [ 27.451162085292715, 44.060754677117593 ], [ 27.45143986307049, 44.060754677117593 ], [ 27.45143986307049, 44.061032454895368 ], [ 27.451717640848269, 44.061032454895368 ], [ 27.451717640848269, 44.061310232673151 ], [ 27.45143986307049, 44.061310232673151 ], [ 27.45143986307049, 44.061588010450926 ], [ 27.451162085292715, 44.061588010450926 ], [ 27.451162085292715, 44.061865788228701 ], [ 27.450606529737158, 44.061865788228701 ], [ 27.450606529737158, 44.062143566006483 ], [ 27.450050974181604, 44.062143566006483 ], [ 27.450050974181604, 44.062421343784258 ], [ 27.448939863070493, 44.062421343784258 ], [ 27.448939863070493, 44.062699121562041 ], [ 27.445884307514937, 44.062699121562041 ] ], [ [ 27.450050974181604, 44.059365788228703 ], [ 27.450328751959383, 44.059365788228703 ], [ 27.450328751959383, 44.059088010450928 ], [ 27.450050974181604, 44.059088010450928 ], [ 27.450050974181604, 44.059365788228703 ] ], [ [ 27.449495418626046, 44.059088010450928 ], [ 27.449773196403825, 44.059088010450928 ], [ 27.449773196403825, 44.058810232673146 ], [ 27.449495418626046, 44.058810232673146 ], [ 27.449495418626046, 44.059088010450928 ] ] ] } },
{ "type": "Feature", "properties": { "rank": 33, "lake_id": 169512 }, "geometry": { "type": "Polygon", "coordinates": [ [ [ 27.862562936560181, 46.596127703647596 ], [ 27.862562936560181, 46.595849925869821 ], [ 27.862007381004624, 46.595849925869821 ], [ 27.862007381004624, 46.595294370314264 ], [ 27.862285158782402, 46.595294370314264 ], [ 27.862285158782402, 46.595016592536481 ], [ 27.861729603226845, 46.595016592536481 ], [ 27.861729603226845, 46.595294370314264 ], [ 27.861174047671291, 46.595294370314264 ], [ 27.861174047671291, 46.595016592536481 ], [ 27.86145182544907, 46.595016592536481 ], [ 27.86145182544907, 46.594738814758706 ], [ 27.862007381004624, 46.594738814758706 ], [ 27.862007381004624, 46.594461036980931 ], [ 27.862285158782402, 46.594461036980931 ], [ 27.862285158782402, 46.594183259203149 ], [ 27.863118492115735, 46.594183259203149 ], [ 27.863118492115735, 46.593905481425374 ], [ 27.863396269893514, 46.593905481425374 ], [ 27.863396269893514, 46.593627703647599 ], [ 27.863674047671292, 46.593627703647599 ], [ 27.863674047671292, 46.592238814758709 ], [ 27.863396269893514, 46.592238814758709 ], [ 27.863396269893514, 46.591961036980926 ], [ 27.863118492115735, 46.591961036980926 ], [ 27.863118492115735, 46.591683259203151 ], [ 27.862840714337956, 46.591683259203151 ], [ 27.862840714337956, 46.591405481425376 ], [ 27.862562936560181, 46.591405481425376 ], [ 27.862562936560181, 46.590294370314261 ], [ 27.862285158782402, 46.590294370314261 ], [ 27.862285158782402, 46.588905481425371 ], [ 27.862007381004624, 46.588905481425371 ], [ 27.862007381004624, 46.588349925869821 ], [ 27.862562936560181, 46.588349925869821 ], [ 27.862562936560181, 46.588072148092039 ], [ 27.865618492115736, 46.588072148092039 ], [ 27.865618492115736, 46.588349925869821 ], [ 27.866729603226847, 46.588349925869821 ], [ 27.866729603226847, 46.588627703647596 ], [ 27.867285158782401, 46.588627703647596 ], [ 27.867285158782401, 46.588905481425371 ], [ 27.867840714337959, 46.588905481425371 ], [ 27.867840714337959, 46.589183259203153 ], [ 27.868396269893513, 46.589183259203153 ], [ 27.868396269893513, 46.589461036980929 ], [ 27.868674047671291, 46.589461036980929 ], [ 27.868674047671291, 46.589738814758704 ], [ 27.86895182544907, 46.589738814758704 ], [ 27.86895182544907, 46.590016592536486 ], [ 27.869229603226845, 46.590016592536486 ], [ 27.869229603226845, 46.590294370314261 ], [ 27.869507381004624, 46.590294370314261 ], [ 27.869507381004624, 46.590849925869819 ], [ 27.869785158782403, 46.590849925869819 ], [ 27.869785158782403, 46.591683259203151 ], [ 27.870062936560181, 46.591683259203151 ], [ 27.870062936560181, 46.592516592536484 ], [ 27.869785158782403, 46.592516592536484 ], [ 27.869785158782403, 46.593349925869816 ], [ 27.869507381004624, 46.593349925869816 ], [ 27.869507381004624, 46.593905481425374 ], [ 27.869229603226845, 46.593905481425374 ], [ 27.869229603226845, 46.594183259203149 ], [ 27.86895182544907, 46.594183259203149 ], [ 27.86895182544907, 46.594461036980931 ], [ 27.868674047671291, 46.594461036980931 ], [ 27.868674047671291, 46.594738814758706 ], [ 27.868396269893513, 46.594738814758706 ], [ 27.868396269893513, 46.595016592536481 ], [ 27.867840714337959, 46.595016592536481 ], [ 27.867840714337959, 46.595294370314264 ], [ 27.867285158782401, 46.595294370314264 ], [ 27.867285158782401, 46.595572148092039 ], [ 27.866729603226847, 46.595572148092039 ], [ 27.866729603226847, 46.595849925869821 ], [ 27.865618492115736, 46.595849925869821 ], [ 27.865618492115736, 46.596127703647596 ], [ 27.865340714337957, 46.596127703647596 ], [ 27.865340714337957, 46.595849925869821 ], [ 27.865062936560179, 46.595849925869821 ], [ 27.865062936560179, 46.595572148092039 ], [ 27.864507381004625, 46.595572148092039 ], [ 27.864507381004625, 46.595294370314264 ], [ 27.864229603226846, 46.595294370314264 ], [ 27.864229603226846, 46.594738814758706 ], [ 27.863396269893514, 46.594738814758706 ], [ 27.863396269893514, 46.594461036980931 ], [ 27.863118492115735, 46.594461036980931 ], [ 27.863118492115735, 46.595016592536481 ], [ 27.862840714337956, 46.595016592536481 ], [ 27.862840714337956, 46.596127703647596 ], [ 27.862562936560181, 46.596127703647596 ] ], [ [ 27.862285158782402, 46.595016592536481 ], [ 27.862562936560181, 46.595016592536481 ], [ 27.862562936560181, 46.594738814758706 ], [ 27.862285158782402, 46.594738814758706 ], [ 27.862285158782402, 46.595016592536481 ] ] ] } },
{ "type": "Feature", "properties": { "rank": 34, "lake_id": 171099 }, "geometry": { "type": "Polygon", "coordinates": [ [ [ 24.336844058649309, 45.007574915019397 ], [ 24.336844058649309, 45.007297137241622 ], [ 24.337121836427087, 45.007297137241622 ], [ 24.337121836427087, 45.007019359463847 ], [ 24.336844058649309, 45.007019359463847 ], [ 24.336844058649309, 45.005908248352732 ], [ 24.337121836427087, 45.005908248352732 ], [ 24.337121836427087, 45.005630470574957 ], [ 24.337399614204866, 45.005630470574957 ], [ 24.337399614204866, 45.005352692797175 ], [ 24.336844058649309, 45.005352692797175 ], [ 24.336844058649309, 45.005074915019399 ], [ 24.336010725315976, 45.005074915019399 ], [ 24.336010725315976, 45.005352692797175 ], [ 24.335455169760419, 45.005352692797175 ], [ 24.335455169760419, 45.005908248352732 ], [ 24.335177391982644, 45.005908248352732 ], [ 24.335177391982644, 45.006463803908289 ], [ 24.334899614204865, 45.006463803908289 ], [ 24.334899614204865, 45.006186026130507 ], [ 24.334621836427086, 45.006186026130507 ], [ 24.334621836427086, 45.005908248352732 ], [ 24.334344058649307, 45.005908248352732 ], [ 24.334344058649307, 45.005630470574957 ], [ 24.334066280871532, 45.005630470574957 ], [ 24.334066280871532, 45.005074915019399 ], [ 24.334344058649307, 45.005074915019399 ], [ 24.334344058649307, 45.004519359463842 ], [ 24.334621836427086, 45.004519359463842 ], [ 24.334621836427086, 45.003963803908285 ], [ 24.334899614204865, 45.003963803908285 ], [ 24.334899614204865, 45.003686026130509 ], [ 24.340732947538196, 45.003686026130509 ], [ 24.340732947538196, 45.003408248352734 ], [ 24.341010725315975, 45.003408248352734 ], [ 24.341010725315975, 45.003130470574952 ], [ 24.341288503093754, 45.003130470574952 ], [ 24.341288503093754, 45.003408248352734 ], [ 24.342121836427086, 45.003408248352734 ], [ 24.342121836427086, 45.003130470574952 ], [ 24.342399614204865, 45.003130470574952 ], [ 24.342399614204865, 45.002852692797177 ], [ 24.342955169760419, 45.002852692797177 ], [ 24.342955169760419, 45.003130470574952 ], [ 24.343232947538198, 45.003130470574952 ], [ 24.343232947538198, 45.002852692797177 ], [ 24.343510725315976, 45.002852692797177 ], [ 24.343510725315976, 45.003130470574952 ], [ 24.343788503093755, 45.003130470574952 ], [ 24.343788503093755, 45.003408248352734 ], [ 24.344344058649309, 45.003408248352734 ], [ 24.344344058649309, 45.003686026130509 ], [ 24.344621836427088, 45.003686026130509 ], [ 24.344621836427088, 45.004241581686067 ], [ 24.342121836427086, 45.004241581686067 ], [ 24.342121836427086, 45.004797137241624 ], [ 24.344344058649309, 45.004797137241624 ], [ 24.344344058649309, 45.005352692797175 ], [ 24.345177391982642, 45.005352692797175 ], [ 24.345177391982642, 45.005630470574957 ], [ 24.34545516976042, 45.005630470574957 ], [ 24.34545516976042, 45.006186026130507 ], [ 24.345177391982642, 45.006186026130507 ], [ 24.345177391982642, 45.006463803908289 ], [ 24.344621836427088, 45.006463803908289 ], [ 24.344621836427088, 45.006741581686065 ], [ 24.34406628087153, 45.006741581686065 ], [ 24.34406628087153, 45.007019359463847 ], [ 24.343510725315976, 45.007019359463847 ], [ 24.343510725315976, 45.006741581686065 ], [ 24.343232947538198, 45.006741581686065 ], [ 24.343232947538198, 45.007019359463847 ], [ 24.341288503093754, 45.007019359463847 ], [ 24.341288503093754, 45.007297137241622 ], [ 24.340177391982643, 45.007297137241622 ], [ 24.340177391982643, 45.007019359463847 ], [ 24.341010725315975, 45.007019359463847 ], [ 24.341010725315975, 45.006463803908289 ], [ 24.341288503093754, 45.006463803908289 ], [ 24.341288503093754, 45.006741581686065 ], [ 24.342399614204865, 45.006741581686065 ], [ 24.342399614204865, 45.006463803908289 ], [ 24.343788503093755, 45.006463803908289 ], [ 24.343788503093755, 45.006186026130507 ], [ 24.34406628087153, 45.006186026130507 ], [ 24.34406628087153, 45.005630470574957 ], [ 24.343788503093755, 45.005630470574957 ], [ 24.343788503093755, 45.005352692797175 ], [ 24.34406628087153, 45.005352692797175 ], [ 24.34406628087153, 45.005074915019399 ], [ 24.342677391982644, 45.005074915019399 ], [ 24.342677391982644, 45.005352692797175 ], [ 24.342121836427086, 45.005352692797175 ], [ 24.342121836427086, 45.005074915019399 ], [ 24.341844058649308, 45.005074915019399 ], [ 24.341844058649308, 45.005630470574957 ], [ 24.342121836427086, 45.005630470574957 ], [ 24.342121836427086, 45.006463803908289 ], [ 24.341844058649308, 45.006463803908289 ], [ 24.341844058649308, 45.006186026130507 ], [ 24.341566280871533, 45.006186026130507 ], [ 24.341566280871533, 45.005908248352732 ], [ 24.341288503093754, 45.005908248352732 ], [ 24.341288503093754, 45.006186026130507 ], [ 24.340177391982643, 45.006186026130507 ], [ 24.340177391982643, 45.006463803908289 ], [ 24.33934405864931, 45.006463803908289 ], [ 24.33934405864931, 45.006741581686065 ], [ 24.338788503093753, 45.006741581686065 ], [ 24.338788503093753, 45.007019359463847 ], [ 24.338232947538199, 45.007019359463847 ], [ 24.338232947538199, 45.007297137241622 ], [ 24.337399614204866, 45.007297137241622 ], [ 24.337399614204866, 45.007574915019397 ], [ 24.336844058649309, 45.007574915019397 ] ], [ [ 24.33795516976042, 45.005074915019399 ], [ 24.338232947538199, 45.005074915019399 ], [ 24.338232947538199, 45.004797137241624 ], [ 24.33795516976042, 45.004797137241624 ], [ 24.33795516976042, 45.005074915019399 ] ] ] } },
{ "type": "Feature", "properties": { "rank": 35, "lake_id": 169119 }, "geometry": { "type": "Polygon", "coordinates": [ [ [ 22.327972176386556, 47.086222647224524 ], [ 22.327972176386556, 47.085944869446742 ], [ 22.327416620830999, 47.085944869446742 ], [ 22.327416620830999, 47.085667091668967 ], [ 22.32713884305322, 47.085667091668967 ], [ 22.32713884305322, 47.085389313891191 ], [ 22.326861065275445, 47.085389313891191 ], [ 22.326861065275445, 47.085111536113409 ], [ 22.325749954164333, 47.085111536113409 ], [ 22.325749954164333, 47.084833758335634 ], [ 22.325194398608776, 47.084833758335634 ], [ 22.325194398608776, 47.085389313891191 ], [ 22.325472176386555, 47.085389313891191 ], [ 22.325472176386555, 47.085667091668967 ], [ 22.324638843053222, 47.085667091668967 ], [ 22.324638843053222, 47.085389313891191 ], [ 22.324361065275443, 47.085389313891191 ], [ 22.324361065275443, 47.085111536113409 ], [ 22.324083287497665, 47.085111536113409 ], [ 22.324083287497665, 47.084278202780077 ], [ 22.324638843053222, 47.084278202780077 ], [ 22.324638843053222, 47.084000425002301 ], [ 22.325194398608776, 47.084000425002301 ], [ 22.325194398608776, 47.082611536113411 ], [ 22.325472176386555, 47.082611536113411 ], [ 22.325472176386555, 47.082333758335629 ], [ 22.326027731942109, 47.082333758335629 ], [ 22.326027731942109, 47.082055980557854 ], [ 22.326305509719887, 47.082055980557854 ], [ 22.326305509719887, 47.081778202780079 ], [ 22.326583287497666, 47.081778202780079 ], [ 22.326583287497666, 47.081500425002297 ], [ 22.326861065275445, 47.081500425002297 ], [ 22.326861065275445, 47.081222647224521 ], [ 22.32713884305322, 47.081222647224521 ], [ 22.32713884305322, 47.080944869446746 ], [ 22.327416620830999, 47.080944869446746 ], [ 22.327416620830999, 47.080667091668964 ], [ 22.327694398608777, 47.080667091668964 ], [ 22.327694398608777, 47.080389313891189 ], [ 22.327972176386556, 47.080389313891189 ], [ 22.327972176386556, 47.080111536113414 ], [ 22.328249954164331, 47.080111536113414 ], [ 22.328249954164331, 47.079833758335631 ], [ 22.329083287497667, 47.079833758335631 ], [ 22.329083287497667, 47.079555980557856 ], [ 22.328805509719889, 47.079555980557856 ], [ 22.328805509719889, 47.079278202780074 ], [ 22.32852773194211, 47.079278202780074 ], [ 22.32852773194211, 47.079000425002299 ], [ 22.327972176386556, 47.079000425002299 ], [ 22.327972176386556, 47.078722647224524 ], [ 22.330194398608779, 47.078722647224524 ], [ 22.330194398608779, 47.079000425002299 ], [ 22.330472176386554, 47.079000425002299 ], [ 22.330472176386554, 47.079278202780074 ], [ 22.331027731942111, 47.079278202780074 ], [ 22.331027731942111, 47.079555980557856 ], [ 22.330472176386554, 47.079555980557856 ], [ 22.330472176386554, 47.080111536113414 ], [ 22.330194398608779, 47.080111536113414 ], [ 22.330194398608779, 47.080389313891189 ], [ 22.330749954164332, 47.080389313891189 ], [ 22.330749954164332, 47.080111536113414 ], [ 22.331305509719886, 47.080111536113414 ], [ 22.331305509719886, 47.079833758335631 ], [ 22.331583287497665, 47.079833758335631 ], [ 22.331583287497665, 47.080111536113414 ], [ 22.331861065275444, 47.080111536113414 ], [ 22.331861065275444, 47.080389313891189 ], [ 22.332138843053222, 47.080389313891189 ], [ 22.332138843053222, 47.080667091668964 ], [ 22.332416620830998, 47.080667091668964 ], [ 22.332416620830998, 47.081500425002297 ], [ 22.332694398608776, 47.081500425002297 ], [ 22.332694398608776, 47.082889313891187 ], [ 22.332416620830998, 47.082889313891187 ], [ 22.332416620830998, 47.083167091668969 ], [ 22.332138843053222, 47.083167091668969 ], [ 22.332138843053222, 47.082889313891187 ], [ 22.331583287497665, 47.082889313891187 ], [ 22.331583287497665, 47.083167091668969 ], [ 22.331861065275444, 47.083167091668969 ], [ 22.331861065275444, 47.083722647224519 ], [ 22.332138843053222, 47.083722647224519 ], [ 22.332138843053222, 47.084000425002301 ], [ 22.331861065275444, 47.084000425002301 ], [ 22.331861065275444, 47.084278202780077 ], [ 22.331583287497665, 47.084278202780077 ], [ 22.331583287497665, 47.084555980557852 ], [ 22.331305509719886, 47.084555980557852 ], [ 22.331305509719886, 47.084833758335634 ], [ 22.331027731942111, 47.084833758335634 ], [ 22.331027731942111, 47.085111536113409 ], [ 22.330472176386554, 47.085111536113409 ], [ 22.330472176386554, 47.085389313891191 ], [ 22.330194398608779, 47.085389313891191 ], [ 22.330194398608779, 47.085667091668967 ], [ 22.329361065275442, 47.085667091668967 ], [ 22.329361065275442, 47.085944869446742 ], [ 22.328249954164331, 47.085944869446742 ], [ 22.328249954164331, 47.086222647224524 ], [ 22.327972176386556, 47.086222647224524 ] ], [ [ 22.326861065275445, 47.084278202780077 ], [ 22.32713884305322, 47.084278202780077 ], [ 22.32713884305322, 47.084000425002301 ], [ 22.326861065275445, 47.084000425002301 ], [ 22.326861065275445, 47.084278202780077 ] ], [ [ 22.326027731942109, 47.083722647224519 ], [ 22.326583287497666, 47.083722647224519 ], [ 22.326583287497666, 47.082889313891187 ], [ 22.326305509719887, 47.082889313891187 ], [ 22.326305509719887, 47.083444869446744 ], [ 22.326027731942109, 47.083444869446744 ], [ 22.326027731942109, 47.083722647224519 ] ], [ [ 22.330749954164332, 47.083722647224519 ], [ 22.331027731942111, 47.083722647224519 ], [ 22.331027731942111, 47.083444869446744 ], [ 22.330749954164332, 47.083444869446744 ], [ 22.330749954164332, 47.083722647224519 ] ], [ [ 22.32852773194211, 47.082055980557854 ], [ 22.328805509719889, 47.082055980557854 ], [ 22.328805509719889, 47.081778202780079 ], [ 22.32852773194211, 47.081778202780079 ], [ 22.32852773194211, 47.082055980557854 ] ], [ [ 22.329083287497667, 47.079555980557856 ], [ 22.329361065275442, 47.079555980557856 ], [ 22.329361065275442, 47.079278202780074 ], [ 22.329083287497667, 47.079278202780074 ], [ 22.329083287497667, 47.079555980557856 ] ] ] } },
{ "type": "Feature", "properties": { "rank": 36, "lake_id": 169290 }, "geometry": { "type": "Polygon", "coordinates": [ [ [ 27.806590175927404, 46.824571307163268 ], [ 27.806590175927404, 46.824293529385493 ], [ 27.805479064816293, 46.824293529385493 ], [ 27.805479064816293, 46.824015751607718 ], [ 27.80464573148296, 46.824015751607718 ], [ 27.80464573148296, 46.823737973829935 ], [ 27.804367953705182, 46.823737973829935 ], [ 27.804367953705182, 46.82346019605216 ], [ 27.803812398149628, 46.82346019605216 ], [ 27.803812398149628, 46.823182418274385 ], [ 27.803534620371849, 46.823182418274385 ], [ 27.803534620371849, 46.822904640496603 ], [ 27.80325684259407, 46.822904640496603 ], [ 27.80325684259407, 46.822626862718828 ], [ 27.802979064816295, 46.822626862718828 ], [ 27.802979064816295, 46.821515751607713 ], [ 27.802701287038516, 46.821515751607713 ], [ 27.802701287038516, 46.820960196052162 ], [ 27.802423509260738, 46.820960196052162 ], [ 27.802423509260738, 46.81929352938549 ], [ 27.802701287038516, 46.81929352938549 ], [ 27.802701287038516, 46.819015751607715 ], [ 27.802979064816295, 46.819015751607715 ], [ 27.802979064816295, 46.818460196052158 ], [ 27.80325684259407, 46.818460196052158 ], [ 27.80325684259407, 46.818182418274382 ], [ 27.803534620371849, 46.818182418274382 ], [ 27.803534620371849, 46.817904640496607 ], [ 27.803812398149628, 46.817904640496607 ], [ 27.803812398149628, 46.817626862718825 ], [ 27.804367953705182, 46.817626862718825 ], [ 27.804367953705182, 46.81734908494105 ], [ 27.80464573148296, 46.81734908494105 ], [ 27.80464573148296, 46.817071307163275 ], [ 27.805479064816293, 46.817071307163275 ], [ 27.805479064816293, 46.816793529385492 ], [ 27.806590175927404, 46.816793529385492 ], [ 27.806590175927404, 46.816515751607717 ], [ 27.809645731482959, 46.816515751607717 ], [ 27.809645731482959, 46.816793529385492 ], [ 27.810756842594071, 46.816793529385492 ], [ 27.810756842594071, 46.817071307163275 ], [ 27.811590175927407, 46.817071307163275 ], [ 27.811590175927407, 46.81734908494105 ], [ 27.811867953705182, 46.81734908494105 ], [ 27.811867953705182, 46.817626862718825 ], [ 27.812423509260739, 46.817626862718825 ], [ 27.812423509260739, 46.817904640496607 ], [ 27.812701287038514, 46.817904640496607 ], [ 27.812701287038514, 46.818182418274382 ], [ 27.812979064816293, 46.818182418274382 ], [ 27.812979064816293, 46.818460196052158 ], [ 27.813256842594072, 46.818460196052158 ], [ 27.813256842594072, 46.81873797382994 ], [ 27.813534620371851, 46.81873797382994 ], [ 27.813534620371851, 46.81929352938549 ], [ 27.813812398149626, 46.81929352938549 ], [ 27.813812398149626, 46.819849084941048 ], [ 27.814090175927404, 46.819849084941048 ], [ 27.814090175927404, 46.821237973829938 ], [ 27.813812398149626, 46.821237973829938 ], [ 27.813812398149626, 46.821793529385495 ], [ 27.813534620371851, 46.821793529385495 ], [ 27.813534620371851, 46.822349084941052 ], [ 27.813256842594072, 46.822349084941052 ], [ 27.813256842594072, 46.822626862718828 ], [ 27.812979064816293, 46.822626862718828 ], [ 27.812979064816293, 46.822904640496603 ], [ 27.812701287038514, 46.822904640496603 ], [ 27.812701287038514, 46.823182418274385 ], [ 27.812423509260739, 46.823182418274385 ], [ 27.812423509260739, 46.82346019605216 ], [ 27.811867953705182, 46.82346019605216 ], [ 27.811867953705182, 46.823737973829935 ], [ 27.811590175927407, 46.823737973829935 ], [ 27.811590175927407, 46.824015751607718 ], [ 27.810756842594071, 46.824015751607718 ], [ 27.810756842594071, 46.824293529385493 ], [ 27.809645731482959, 46.824293529385493 ], [ 27.809645731482959, 46.824571307163268 ], [ 27.806590175927404, 46.824571307163268 ] ] ] } },
{ "type": "Feature", "properties": { "rank": 37, "lake_id": 168909 }, "geometry": { "type": "Polygon", "coordinates": [ [ [ 27.272267075959086, 47.409117883769127 ], [ 27.272267075959086, 47.408840105991352 ], [ 27.271155964847974, 47.408840105991352 ], [ 27.271155964847974, 47.40856232821357 ], [ 27.270322631514642, 47.40856232821357 ], [ 27.270322631514642, 47.408284550435795 ], [ 27.269767075959084, 47.408284550435795 ], [ 27.269767075959084, 47.408006772658013 ], [ 27.269489298181309, 47.408006772658013 ], [ 27.269489298181309, 47.407728994880237 ], [ 27.26921152040353, 47.407728994880237 ], [ 27.26921152040353, 47.407451217102462 ], [ 27.268933742625752, 47.407451217102462 ], [ 27.268933742625752, 47.40717343932468 ], [ 27.268655964847973, 47.40717343932468 ], [ 27.268655964847973, 47.406895661546905 ], [ 27.268378187070198, 47.406895661546905 ], [ 27.268378187070198, 47.40661788376913 ], [ 27.268100409292419, 47.40661788376913 ], [ 27.268100409292419, 47.406062328213572 ], [ 27.26782263151464, 47.406062328213572 ], [ 27.26782263151464, 47.404117883769125 ], [ 27.268100409292419, 47.404117883769125 ], [ 27.268100409292419, 47.403562328213575 ], [ 27.268378187070198, 47.403562328213575 ], [ 27.268378187070198, 47.403284550435792 ], [ 27.268655964847973, 47.403284550435792 ], [ 27.268655964847973, 47.403006772658017 ], [ 27.268933742625752, 47.403006772658017 ], [ 27.268933742625752, 47.402728994880235 ], [ 27.26921152040353, 47.402728994880235 ], [ 27.26921152040353, 47.40245121710246 ], [ 27.269489298181309, 47.40245121710246 ], [ 27.269489298181309, 47.402173439324685 ], [ 27.269767075959084, 47.402173439324685 ], [ 27.269767075959084, 47.401895661546902 ], [ 27.270322631514642, 47.401895661546902 ], [ 27.270322631514642, 47.401617883769127 ], [ 27.271155964847974, 47.401617883769127 ], [ 27.271155964847974, 47.401340105991352 ], [ 27.272267075959086, 47.401340105991352 ], [ 27.272267075959086, 47.40106232821357 ], [ 27.275322631514641, 47.40106232821357 ], [ 27.275322631514641, 47.401340105991352 ], [ 27.276433742625752, 47.401340105991352 ], [ 27.276433742625752, 47.401617883769127 ], [ 27.277267075959085, 47.401617883769127 ], [ 27.277267075959085, 47.401895661546902 ], [ 27.277822631514642, 47.401895661546902 ], [ 27.277822631514642, 47.402173439324685 ], [ 27.278100409292417, 47.402173439324685 ], [ 27.278100409292417, 47.40245121710246 ], [ 27.278378187070196, 47.40245121710246 ], [ 27.278378187070196, 47.402728994880235 ], [ 27.278655964847975, 47.402728994880235 ], [ 27.278655964847975, 47.403006772658017 ], [ 27.278933742625753, 47.403006772658017 ], [ 27.278933742625753, 47.403284550435792 ], [ 27.279211520403528, 47.403284550435792 ], [ 27.279211520403528, 47.403562328213575 ], [ 27.279489298181307, 47.403562328213575 ], [ 27.279489298181307, 47.40384010599135 ], [ 27.278655964847975, 47.40384010599135 ], [ 27.278655964847975, 47.404117883769125 ], [ 27.277267075959085, 47.404117883769125 ], [ 27.277267075959085, 47.40384010599135 ], [ 27.276711520403531, 47.40384010599135 ], [ 27.276711520403531, 47.403562328213575 ], [ 27.276155964847973, 47.403562328213575 ], [ 27.276155964847973, 47.40384010599135 ], [ 27.275878187070198, 47.40384010599135 ], [ 27.275878187070198, 47.404117883769125 ], [ 27.275600409292419, 47.404117883769125 ], [ 27.275600409292419, 47.404395661546907 ], [ 27.275322631514641, 47.404395661546907 ], [ 27.275322631514641, 47.404673439324682 ], [ 27.274489298181308, 47.404673439324682 ], [ 27.274489298181308, 47.404951217102457 ], [ 27.274211520403529, 47.404951217102457 ], [ 27.274211520403529, 47.40522899488024 ], [ 27.273933742625751, 47.40522899488024 ], [ 27.273933742625751, 47.407451217102462 ], [ 27.274767075959087, 47.407451217102462 ], [ 27.274767075959087, 47.407728994880237 ], [ 27.276711520403531, 47.407728994880237 ], [ 27.276711520403531, 47.407451217102462 ], [ 27.278378187070196, 47.407451217102462 ], [ 27.278378187070196, 47.407728994880237 ], [ 27.278100409292417, 47.407728994880237 ], [ 27.278100409292417, 47.408006772658013 ], [ 27.277822631514642, 47.408006772658013 ], [ 27.277822631514642, 47.408284550435795 ], [ 27.277267075959085, 47.408284550435795 ], [ 27.277267075959085, 47.40856232821357 ], [ 27.276433742625752, 47.40856232821357 ], [ 27.276433742625752, 47.408840105991352 ], [ 27.275322631514641, 47.408840105991352 ], [ 27.275322631514641, 47.409117883769127 ], [ 27.272267075959086, 47.409117883769127 ] ] ] } },
{ "type": "Feature", "properties": { "rank": 38, "lake_id": 13974 }, "geometry": { "type": "Polygon", "coordinates": [ [ [ 27.138513813332874, 47.90401297111724 ], [ 27.138513813332874, 47.903735193339465 ], [ 27.137402702221763, 47.903735193339465 ], [ 27.137402702221763, 47.903457415561689 ], [ 27.136569368888431, 47.903457415561689 ], [ 27.136569368888431, 47.903179637783907 ], [ 27.136013813332873, 47.903179637783907 ], [ 27.136013813332873, 47.902901860006132 ], [ 27.135736035555095, 47.902901860006132 ], [ 27.135736035555095, 47.902624082228357 ], [ 27.135180479999541, 47.902624082228357 ], [ 27.135180479999541, 47.902346304450575 ], [ 27.134902702221762, 47.902346304450575 ], [ 27.134902702221762, 47.902068526672799 ], [ 27.134624924443983, 47.902068526672799 ], [ 27.134624924443983, 47.901512971117242 ], [ 27.134347146666208, 47.901512971117242 ], [ 27.134347146666208, 47.901235193339467 ], [ 27.135180479999541, 47.901235193339467 ], [ 27.135180479999541, 47.900957415561685 ], [ 27.136013813332873, 47.900957415561685 ], [ 27.136013813332873, 47.901235193339467 ], [ 27.136569368888431, 47.901235193339467 ], [ 27.136569368888431, 47.901512971117242 ], [ 27.137680479999538, 47.901512971117242 ], [ 27.137680479999538, 47.901790748895024 ], [ 27.13879159111065, 47.901790748895024 ], [ 27.13879159111065, 47.902068526672799 ], [ 27.139624924443986, 47.902068526672799 ], [ 27.139624924443986, 47.902346304450575 ], [ 27.139902702221761, 47.902346304450575 ], [ 27.139902702221761, 47.902624082228357 ], [ 27.140458257777318, 47.902624082228357 ], [ 27.140458257777318, 47.902901860006132 ], [ 27.140736035555097, 47.902901860006132 ], [ 27.140736035555097, 47.903179637783907 ], [ 27.14295825777732, 47.903179637783907 ], [ 27.14295825777732, 47.902901860006132 ], [ 27.141013813332872, 47.902901860006132 ], [ 27.141013813332872, 47.902624082228357 ], [ 27.140736035555097, 47.902624082228357 ], [ 27.140736035555097, 47.902346304450575 ], [ 27.140458257777318, 47.902346304450575 ], [ 27.140458257777318, 47.902068526672799 ], [ 27.14018047999954, 47.902068526672799 ], [ 27.14018047999954, 47.901790748895024 ], [ 27.139624924443986, 47.901790748895024 ], [ 27.139624924443986, 47.901512971117242 ], [ 27.139069368888428, 47.901512971117242 ], [ 27.139069368888428, 47.901235193339467 ], [ 27.138236035555096, 47.901235193339467 ], [ 27.138236035555096, 47.900957415561685 ], [ 27.136847146666206, 47.900957415561685 ], [ 27.136847146666206, 47.900679637783909 ], [ 27.136013813332873, 47.900679637783909 ], [ 27.136013813332873, 47.900401860006134 ], [ 27.134902702221762, 47.900401860006134 ], [ 27.134902702221762, 47.900679637783909 ], [ 27.134347146666208, 47.900679637783909 ], [ 27.134347146666208, 47.900401860006134 ], [ 27.134069368888429, 47.900401860006134 ], [ 27.134069368888429, 47.899012971117244 ], [ 27.134347146666208, 47.899012971117244 ], [ 27.134347146666208, 47.898457415561687 ], [ 27.134624924443983, 47.898457415561687 ], [ 27.134624924443983, 47.897901860006129 ], [ 27.134902702221762, 47.897901860006129 ], [ 27.134902702221762, 47.897624082228354 ], [ 27.135180479999541, 47.897624082228354 ], [ 27.135180479999541, 47.897346304450579 ], [ 27.135736035555095, 47.897346304450579 ], [ 27.135736035555095, 47.897068526672797 ], [ 27.136013813332873, 47.897068526672797 ], [ 27.136013813332873, 47.896790748895022 ], [ 27.136569368888431, 47.896790748895022 ], [ 27.136569368888431, 47.896512971117239 ], [ 27.137402702221763, 47.896512971117239 ], [ 27.137402702221763, 47.896235193339464 ], [ 27.138513813332874, 47.896235193339464 ], [ 27.138513813332874, 47.895957415561689 ], [ 27.14156936888843, 47.895957415561689 ], [ 27.14156936888843, 47.896235193339464 ], [ 27.142680479999541, 47.896235193339464 ], [ 27.142680479999541, 47.896512971117239 ], [ 27.143513813332873, 47.896512971117239 ], [ 27.143513813332873, 47.896790748895022 ], [ 27.144069368888427, 47.896790748895022 ], [ 27.144069368888427, 47.897068526672797 ], [ 27.144347146666206, 47.897068526672797 ], [ 27.144347146666206, 47.897346304450579 ], [ 27.144902702221763, 47.897346304450579 ], [ 27.144902702221763, 47.897624082228354 ], [ 27.145180479999539, 47.897624082228354 ], [ 27.145180479999539, 47.897901860006129 ], [ 27.145458257777317, 47.897901860006129 ], [ 27.145458257777317, 47.898457415561687 ], [ 27.145736035555096, 47.898457415561687 ], [ 27.145736035555096, 47.899012971117244 ], [ 27.146013813332875, 47.899012971117244 ], [ 27.146013813332875, 47.900957415561685 ], [ 27.145736035555096, 47.900957415561685 ], [ 27.145736035555096, 47.901512971117242 ], [ 27.145458257777317, 47.901512971117242 ], [ 27.145458257777317, 47.902068526672799 ], [ 27.145180479999539, 47.902068526672799 ], [ 27.145180479999539, 47.902346304450575 ], [ 27.144902702221763, 47.902346304450575 ], [ 27.144902702221763, 47.902624082228357 ], [ 27.144347146666206, 47.902624082228357 ], [ 27.144347146666206, 47.902901860006132 ], [ 27.144069368888427, 47.902901860006132 ], [ 27.144069368888427, 47.903179637783907 ], [ 27.143513813332873, 47.903179637783907 ], [ 27.143513813332873, 47.903457415561689 ], [ 27.142680479999541, 47.903457415561689 ], [ 27.142680479999541, 47.903735193339465 ], [ 27.14156936888843, 47.903735193339465 ], [ 27.14156936888843, 47.90401297111724 ], [ 27.138513813332874, 47.90401297111724 ] ] ] } },
{ "type": "Feature", "properties": { "rank": 39, "lake_id": 169740 }, "geometry": { "type": "Polygon", "coordinates": [ [ [ 26.388485848952413, 46.320157651564266 ], [ 26.388485848952413, 46.319879873786491 ], [ 26.387652515619081, 46.319879873786491 ], [ 26.387652515619081, 46.319602096008708 ], [ 26.388208071174635, 46.319602096008708 ], [ 26.388208071174635, 46.319324318230933 ], [ 26.387652515619081, 46.319324318230933 ], [ 26.387652515619081, 46.318768762675376 ], [ 26.387374737841302, 46.318768762675376 ], [ 26.387374737841302, 46.319046540453151 ], [ 26.387096960063523, 46.319046540453151 ], [ 26.387096960063523, 46.319324318230933 ], [ 26.38654140450797, 46.319324318230933 ], [ 26.38654140450797, 46.319602096008708 ], [ 26.386263626730191, 46.319602096008708 ], [ 26.386263626730191, 46.319879873786491 ], [ 26.385985848952412, 46.319879873786491 ], [ 26.385985848952412, 46.319602096008708 ], [ 26.385708071174637, 46.319602096008708 ], [ 26.385708071174637, 46.319046540453151 ], [ 26.385985848952412, 46.319046540453151 ], [ 26.385985848952412, 46.318768762675376 ], [ 26.385430293396858, 46.318768762675376 ], [ 26.385430293396858, 46.319046540453151 ], [ 26.38515251561908, 46.319046540453151 ], [ 26.38515251561908, 46.319324318230933 ], [ 26.384874737841301, 46.319324318230933 ], [ 26.384874737841301, 46.319602096008708 ], [ 26.384319182285747, 46.319602096008708 ], [ 26.384319182285747, 46.319324318230933 ], [ 26.384041404507968, 46.319324318230933 ], [ 26.384041404507968, 46.318768762675376 ], [ 26.383208071174636, 46.318768762675376 ], [ 26.383208071174636, 46.318490984897601 ], [ 26.38376362673019, 46.318490984897601 ], [ 26.38376362673019, 46.317935429342043 ], [ 26.383208071174636, 46.317935429342043 ], [ 26.383208071174636, 46.317379873786486 ], [ 26.382930293396857, 46.317379873786486 ], [ 26.382930293396857, 46.317102096008711 ], [ 26.382652515619078, 46.317102096008711 ], [ 26.382652515619078, 46.316824318230928 ], [ 26.382096960063524, 46.316824318230928 ], [ 26.382096960063524, 46.316546540453153 ], [ 26.381819182285746, 46.316546540453153 ], [ 26.381819182285746, 46.316268762675378 ], [ 26.382096960063524, 46.316268762675378 ], [ 26.382096960063524, 46.315990984897596 ], [ 26.383485848952414, 46.315990984897596 ], [ 26.383485848952414, 46.316546540453153 ], [ 26.384041404507968, 46.316546540453153 ], [ 26.384041404507968, 46.317102096008711 ], [ 26.384319182285747, 46.317102096008711 ], [ 26.384319182285747, 46.317657651564268 ], [ 26.384596960063526, 46.317657651564268 ], [ 26.384596960063526, 46.317935429342043 ], [ 26.384874737841301, 46.317935429342043 ], [ 26.384874737841301, 46.317657651564268 ], [ 26.385430293396858, 46.317657651564268 ], [ 26.385430293396858, 46.316824318230928 ], [ 26.385708071174637, 46.316824318230928 ], [ 26.385708071174637, 46.317102096008711 ], [ 26.385985848952412, 46.317102096008711 ], [ 26.385985848952412, 46.316824318230928 ], [ 26.386263626730191, 46.316824318230928 ], [ 26.386263626730191, 46.317102096008711 ], [ 26.386819182285745, 46.317102096008711 ], [ 26.386819182285745, 46.316546540453153 ], [ 26.388208071174635, 46.316546540453153 ], [ 26.388208071174635, 46.316268762675378 ], [ 26.388763626730192, 46.316268762675378 ], [ 26.388763626730192, 46.315713207119821 ], [ 26.389596960063525, 46.315713207119821 ], [ 26.389596960063525, 46.315435429342045 ], [ 26.390152515619079, 46.315435429342045 ], [ 26.390152515619079, 46.314879873786488 ], [ 26.389874737841303, 46.314879873786488 ], [ 26.389874737841303, 46.314602096008713 ], [ 26.390430293396857, 46.314602096008713 ], [ 26.390430293396857, 46.314324318230931 ], [ 26.390985848952415, 46.314324318230931 ], [ 26.390985848952415, 46.314602096008713 ], [ 26.39126362673019, 46.314602096008713 ], [ 26.39126362673019, 46.314879873786488 ], [ 26.391819182285747, 46.314879873786488 ], [ 26.391819182285747, 46.315157651564263 ], [ 26.392096960063522, 46.315157651564263 ], [ 26.392096960063522, 46.315435429342045 ], [ 26.392374737841301, 46.315435429342045 ], [ 26.392374737841301, 46.315990984897596 ], [ 26.392096960063522, 46.315990984897596 ], [ 26.392096960063522, 46.316268762675378 ], [ 26.391541404507969, 46.316268762675378 ], [ 26.391541404507969, 46.315990984897596 ], [ 26.390985848952415, 46.315990984897596 ], [ 26.390985848952415, 46.315713207119821 ], [ 26.390708071174636, 46.315713207119821 ], [ 26.390708071174636, 46.317379873786486 ], [ 26.389596960063525, 46.317379873786486 ], [ 26.389596960063525, 46.317935429342043 ], [ 26.389319182285746, 46.317935429342043 ], [ 26.389319182285746, 46.318213207119818 ], [ 26.389596960063525, 46.318213207119818 ], [ 26.389596960063525, 46.318490984897601 ], [ 26.388763626730192, 46.318490984897601 ], [ 26.388763626730192, 46.319602096008708 ], [ 26.389319182285746, 46.319602096008708 ], [ 26.389319182285746, 46.319879873786491 ], [ 26.388763626730192, 46.319879873786491 ], [ 26.388763626730192, 46.320157651564266 ], [ 26.388485848952413, 46.320157651564266 ] ], [ [ 26.384041404507968, 46.318768762675376 ], [ 26.384596960063526, 46.318768762675376 ], [ 26.384596960063526, 46.318490984897601 ], [ 26.384319182285747, 46.318490984897601 ], [ 26.384319182285747, 46.318213207119818 ], [ 26.384041404507968, 46.318213207119818 ], [ 26.384041404507968, 46.318768762675376 ] ], [ [ 26.38654140450797, 46.318768762675376 ], [ 26.386819182285745, 46.318768762675376 ], [ 26.386819182285745, 46.318490984897601 ], [ 26.38654140450797, 46.318490984897601 ], [ 26.38654140450797, 46.318768762675376 ] ], [ [ 26.387096960063523, 46.318490984897601 ], [ 26.387374737841302, 46.318490984897601 ], [ 26.387374737841302, 46.318213207119818 ], [ 26.387096960063523, 46.318213207119818 ], [ 26.387096960063523, 46.318490984897601 ] ], [ [ 26.384041404507968, 46.317935429342043 ], [ 26.384319182285747, 46.317935429342043 ], [ 26.384319182285747, 46.317657651564268 ], [ 26.384041404507968, 46.317657651564268 ], [ 26.384041404507968, 46.317935429342043 ] ], [ [ 26.38654140450797, 46.317935429342043 ], [ 26.386819182285745, 46.317935429342043 ], [ 26.386819182285745, 46.317657651564268 ], [ 26.38654140450797, 46.317657651564268 ], [ 26.38654140450797, 46.317935429342043 ] ], [ [ 26.383208071174636, 46.317379873786486 ], [ 26.383485848952414, 46.317379873786486 ], [ 26.383485848952414, 46.317102096008711 ], [ 26.383208071174636, 46.317102096008711 ], [ 26.383208071174636, 46.317379873786486 ] ], [ [ 26.383208071174636, 46.316824318230928 ], [ 26.383485848952414, 46.316824318230928 ], [ 26.383485848952414, 46.316546540453153 ], [ 26.383208071174636, 46.316546540453153 ], [ 26.383208071174636, 46.316824318230928 ] ], [ [ 26.390430293396857, 46.315713207119821 ], [ 26.390708071174636, 46.315713207119821 ], [ 26.390708071174636, 46.315435429342045 ], [ 26.390985848952415, 46.315435429342045 ], [ 26.390985848952415, 46.315157651564263 ], [ 26.390430293396857, 46.315157651564263 ], [ 26.390430293396857, 46.315713207119821 ] ] ] } },
{ "type": "Feature", "properties": { "rank": 40, "lake_id": 169039 }, "geometry": { "type": "Polygon", "coordinates": [ [ [ 27.225449158652733, 47.201799632901142 ], [ 27.225449158652733, 47.201244077345585 ], [ 27.225171380874954, 47.201244077345585 ], [ 27.225171380874954, 47.20152185512336 ], [ 27.224338047541622, 47.20152185512336 ], [ 27.224338047541622, 47.201244077345585 ], [ 27.224060269763843, 47.201244077345585 ], [ 27.224060269763843, 47.20096629956781 ], [ 27.224338047541622, 47.20096629956781 ], [ 27.224338047541622, 47.200132966234477 ], [ 27.2246158253194, 47.200132966234477 ], [ 27.2246158253194, 47.199299632901145 ], [ 27.224893603097176, 47.199299632901145 ], [ 27.224893603097176, 47.198744077345587 ], [ 27.225171380874954, 47.198744077345587 ], [ 27.225171380874954, 47.19818852179003 ], [ 27.2246158253194, 47.19818852179003 ], [ 27.2246158253194, 47.198466299567805 ], [ 27.224338047541622, 47.198466299567805 ], [ 27.224338047541622, 47.198744077345587 ], [ 27.224060269763843, 47.198744077345587 ], [ 27.224060269763843, 47.199021855123362 ], [ 27.223782491986064, 47.199021855123362 ], [ 27.223782491986064, 47.199299632901145 ], [ 27.223504714208289, 47.199299632901145 ], [ 27.223504714208289, 47.19957741067892 ], [ 27.222949158652732, 47.19957741067892 ], [ 27.222949158652732, 47.200132966234477 ], [ 27.222671380874953, 47.200132966234477 ], [ 27.222671380874953, 47.200410744012252 ], [ 27.222393603097178, 47.200410744012252 ], [ 27.222393603097178, 47.200132966234477 ], [ 27.222115825319399, 47.200132966234477 ], [ 27.222115825319399, 47.19957741067892 ], [ 27.222393603097178, 47.19957741067892 ], [ 27.222393603097178, 47.199299632901145 ], [ 27.222671380874953, 47.199299632901145 ], [ 27.222671380874953, 47.199021855123362 ], [ 27.222115825319399, 47.199021855123362 ], [ 27.222115825319399, 47.199299632901145 ], [ 27.22183804754162, 47.199299632901145 ], [ 27.22183804754162, 47.19957741067892 ], [ 27.221560269763845, 47.19957741067892 ], [ 27.221560269763845, 47.199299632901145 ], [ 27.221282491986067, 47.199299632901145 ], [ 27.221282491986067, 47.198466299567805 ], [ 27.221004714208288, 47.198466299567805 ], [ 27.221004714208288, 47.19818852179003 ], [ 27.221282491986067, 47.19818852179003 ], [ 27.221282491986067, 47.197910744012255 ], [ 27.221004714208288, 47.197910744012255 ], [ 27.221004714208288, 47.197077410678922 ], [ 27.221282491986067, 47.197077410678922 ], [ 27.221282491986067, 47.196244077345582 ], [ 27.221560269763845, 47.196244077345582 ], [ 27.221560269763845, 47.195966299567807 ], [ 27.22183804754162, 47.195966299567807 ], [ 27.22183804754162, 47.195688521790032 ], [ 27.222115825319399, 47.195688521790032 ], [ 27.222115825319399, 47.19541074401225 ], [ 27.222393603097178, 47.19541074401225 ], [ 27.222393603097178, 47.195132966234475 ], [ 27.222671380874953, 47.195132966234475 ], [ 27.222671380874953, 47.1948551884567 ], [ 27.222949158652732, 47.1948551884567 ], [ 27.222949158652732, 47.194577410678917 ], [ 27.223504714208289, 47.194577410678917 ], [ 27.223504714208289, 47.194299632901142 ], [ 27.224338047541622, 47.194299632901142 ], [ 27.224338047541622, 47.194021855123367 ], [ 27.225449158652733, 47.194021855123367 ], [ 27.225449158652733, 47.193744077345585 ], [ 27.226004714208287, 47.193744077345585 ], [ 27.226004714208287, 47.194299632901142 ], [ 27.226282491986066, 47.194299632901142 ], [ 27.226282491986066, 47.194577410678917 ], [ 27.226560269763844, 47.194577410678917 ], [ 27.226560269763844, 47.195132966234475 ], [ 27.226282491986066, 47.195132966234475 ], [ 27.226282491986066, 47.195966299567807 ], [ 27.226004714208287, 47.195966299567807 ], [ 27.226004714208287, 47.196521855123365 ], [ 27.226282491986066, 47.196521855123365 ], [ 27.226282491986066, 47.197355188456697 ], [ 27.226560269763844, 47.197355188456697 ], [ 27.226560269763844, 47.197632966234472 ], [ 27.227393603097177, 47.197632966234472 ], [ 27.227393603097177, 47.197910744012255 ], [ 27.227671380874956, 47.197910744012255 ], [ 27.227671380874956, 47.198466299567805 ], [ 27.227949158652731, 47.198466299567805 ], [ 27.227949158652731, 47.198744077345587 ], [ 27.229615825319399, 47.198744077345587 ], [ 27.229615825319399, 47.198466299567805 ], [ 27.230171380874953, 47.198466299567805 ], [ 27.230171380874953, 47.19818852179003 ], [ 27.230449158652732, 47.19818852179003 ], [ 27.230449158652732, 47.197910744012255 ], [ 27.230726936430511, 47.197910744012255 ], [ 27.230726936430511, 47.197077410678922 ], [ 27.231004714208289, 47.197077410678922 ], [ 27.231004714208289, 47.19541074401225 ], [ 27.231282491986065, 47.19541074401225 ], [ 27.231282491986065, 47.195132966234475 ], [ 27.231560269763843, 47.195132966234475 ], [ 27.231560269763843, 47.19541074401225 ], [ 27.231838047541622, 47.19541074401225 ], [ 27.231838047541622, 47.195688521790032 ], [ 27.232115825319401, 47.195688521790032 ], [ 27.232115825319401, 47.195966299567807 ], [ 27.232393603097176, 47.195966299567807 ], [ 27.232393603097176, 47.196244077345582 ], [ 27.232671380874955, 47.196244077345582 ], [ 27.232671380874955, 47.197077410678922 ], [ 27.232949158652733, 47.197077410678922 ], [ 27.232949158652733, 47.197355188456697 ], [ 27.232393603097176, 47.197355188456697 ], [ 27.232393603097176, 47.197632966234472 ], [ 27.232115825319401, 47.197632966234472 ], [ 27.232115825319401, 47.197910744012255 ], [ 27.231838047541622, 47.197910744012255 ], [ 27.231838047541622, 47.19818852179003 ], [ 27.232115825319401, 47.19818852179003 ], [ 27.232115825319401, 47.198466299567805 ], [ 27.231838047541622, 47.198466299567805 ], [ 27.231838047541622, 47.198744077345587 ], [ 27.231560269763843, 47.198744077345587 ], [ 27.231560269763843, 47.199021855123362 ], [ 27.231282491986065, 47.199021855123362 ], [ 27.231282491986065, 47.199299632901145 ], [ 27.231560269763843, 47.199299632901145 ], [ 27.231560269763843, 47.19957741067892 ], [ 27.231282491986065, 47.19957741067892 ], [ 27.231282491986065, 47.199855188456695 ], [ 27.231004714208289, 47.199855188456695 ], [ 27.231004714208289, 47.200132966234477 ], [ 27.230726936430511, 47.200132966234477 ], [ 27.230726936430511, 47.20096629956781 ], [ 27.230449158652732, 47.20096629956781 ], [ 27.230449158652732, 47.201244077345585 ], [ 27.229615825319399, 47.201244077345585 ], [ 27.229615825319399, 47.20152185512336 ], [ 27.228504714208288, 47.20152185512336 ], [ 27.228504714208288, 47.201799632901142 ], [ 27.225449158652733, 47.201799632901142 ] ] ] } },
{ "type": "Feature", "properties": { "rank": 41, "lake_id": 14297 }, "geometry": { "type": "Polygon", "coordinates": [ [ [ 22.566798061683983, 44.490080235781967 ], [ 22.566798061683983, 44.48952468022641 ], [ 22.567075839461758, 44.48952468022641 ], [ 22.567075839461758, 44.489246902448627 ], [ 22.566520283906204, 44.489246902448627 ], [ 22.566520283906204, 44.488969124670852 ], [ 22.565964728350647, 44.488969124670852 ], [ 22.565964728350647, 44.488691346893077 ], [ 22.565686950572871, 44.488691346893077 ], [ 22.565686950572871, 44.488413569115295 ], [ 22.565409172795093, 44.488413569115295 ], [ 22.565409172795093, 44.48813579133752 ], [ 22.565131395017314, 44.48813579133752 ], [ 22.565131395017314, 44.487580235781962 ], [ 22.56457583946176, 44.487580235781962 ], [ 22.56457583946176, 44.487302458004187 ], [ 22.564020283906203, 44.487302458004187 ], [ 22.564020283906203, 44.487024680226412 ], [ 22.563742506128424, 44.487024680226412 ], [ 22.563742506128424, 44.486469124670855 ], [ 22.564020283906203, 44.486469124670855 ], [ 22.564020283906203, 44.486191346893072 ], [ 22.56457583946176, 44.486191346893072 ], [ 22.56457583946176, 44.485913569115297 ], [ 22.564853617239535, 44.485913569115297 ], [ 22.564853617239535, 44.485635791337522 ], [ 22.565409172795093, 44.485635791337522 ], [ 22.565409172795093, 44.48535801355974 ], [ 22.565964728350647, 44.48535801355974 ], [ 22.565964728350647, 44.485080235781965 ], [ 22.567075839461758, 44.485080235781965 ], [ 22.567075839461758, 44.484802458004189 ], [ 22.570131395017313, 44.484802458004189 ], [ 22.570131395017313, 44.485080235781965 ], [ 22.571242506128424, 44.485080235781965 ], [ 22.571242506128424, 44.48535801355974 ], [ 22.571798061683982, 44.48535801355974 ], [ 22.571798061683982, 44.485635791337522 ], [ 22.572353617239536, 44.485635791337522 ], [ 22.572353617239536, 44.485913569115297 ], [ 22.572631395017314, 44.485913569115297 ], [ 22.572631395017314, 44.486191346893072 ], [ 22.573186950572872, 44.486191346893072 ], [ 22.573186950572872, 44.486469124670855 ], [ 22.573464728350647, 44.486469124670855 ], [ 22.573464728350647, 44.487024680226412 ], [ 22.573742506128426, 44.487024680226412 ], [ 22.573742506128426, 44.487302458004187 ], [ 22.574020283906204, 44.487302458004187 ], [ 22.574020283906204, 44.48813579133752 ], [ 22.574298061683979, 44.48813579133752 ], [ 22.574298061683979, 44.489246902448627 ], [ 22.574020283906204, 44.489246902448627 ], [ 22.574020283906204, 44.48952468022641 ], [ 22.57207583946176, 44.48952468022641 ], [ 22.57207583946176, 44.489802458004185 ], [ 22.571242506128424, 44.489802458004185 ], [ 22.571242506128424, 44.48952468022641 ], [ 22.57068695057287, 44.48952468022641 ], [ 22.57068695057287, 44.489802458004185 ], [ 22.56929806168398, 44.489802458004185 ], [ 22.56929806168398, 44.490080235781967 ], [ 22.569020283906202, 44.490080235781967 ], [ 22.569020283906202, 44.489802458004185 ], [ 22.568742506128427, 44.489802458004185 ], [ 22.568742506128427, 44.490080235781967 ], [ 22.566798061683983, 44.490080235781967 ] ] ] } },
{ "type": "Feature", "properties": { "rank": 42, "lake_id": 1352457 }, "geometry": { "type": "Polygon", "coordinates": [ [ [ 22.540015195255648, 46.816732629863317 ], [ 22.540015195255648, 46.816454852085535 ], [ 22.539459639700091, 46.816454852085535 ], [ 22.539459639700091, 46.81617707430776 ], [ 22.538626306366758, 46.81617707430776 ], [ 22.538626306366758, 46.815899296529984 ], [ 22.538070750811205, 46.815899296529984 ], [ 22.538070750811205, 46.815621518752202 ], [ 22.537792973033426, 46.815621518752202 ], [ 22.537792973033426, 46.815343740974427 ], [ 22.538070750811205, 46.815343740974427 ], [ 22.538070750811205, 46.815065963196645 ], [ 22.538626306366758, 46.815065963196645 ], [ 22.538626306366758, 46.815343740974427 ], [ 22.540292973033424, 46.815343740974427 ], [ 22.540292973033424, 46.81478818541887 ], [ 22.540570750811202, 46.81478818541887 ], [ 22.540570750811202, 46.814510407641095 ], [ 22.540848528588981, 46.814510407641095 ], [ 22.540848528588981, 46.81478818541887 ], [ 22.541404084144535, 46.81478818541887 ], [ 22.541404084144535, 46.81339929652998 ], [ 22.540848528588981, 46.81339929652998 ], [ 22.540848528588981, 46.813121518752205 ], [ 22.540292973033424, 46.813121518752205 ], [ 22.540292973033424, 46.812843740974429 ], [ 22.53973741747787, 46.812843740974429 ], [ 22.53973741747787, 46.812565963196647 ], [ 22.539459639700091, 46.812565963196647 ], [ 22.539459639700091, 46.812288185418872 ], [ 22.540015195255648, 46.812288185418872 ], [ 22.540015195255648, 46.81201040764109 ], [ 22.540292973033424, 46.81201040764109 ], [ 22.540292973033424, 46.811732629863315 ], [ 22.54112630636676, 46.811732629863315 ], [ 22.54112630636676, 46.811454852085539 ], [ 22.541959639700092, 46.811454852085539 ], [ 22.541959639700092, 46.81201040764109 ], [ 22.541681861922314, 46.81201040764109 ], [ 22.541681861922314, 46.812288185418872 ], [ 22.541404084144535, 46.812288185418872 ], [ 22.541404084144535, 46.812565963196647 ], [ 22.541681861922314, 46.812565963196647 ], [ 22.541681861922314, 46.812843740974429 ], [ 22.543904084144536, 46.812843740974429 ], [ 22.543904084144536, 46.813121518752205 ], [ 22.544181861922315, 46.813121518752205 ], [ 22.544181861922315, 46.81339929652998 ], [ 22.543348528588982, 46.81339929652998 ], [ 22.543348528588982, 46.813677074307762 ], [ 22.542792973033425, 46.813677074307762 ], [ 22.542792973033425, 46.813954852085537 ], [ 22.543904084144536, 46.813954852085537 ], [ 22.543904084144536, 46.814510407641095 ], [ 22.544737417477869, 46.814510407641095 ], [ 22.544737417477869, 46.815343740974427 ], [ 22.543904084144536, 46.815343740974427 ], [ 22.543904084144536, 46.815899296529984 ], [ 22.543626306366757, 46.815899296529984 ], [ 22.543626306366757, 46.81617707430776 ], [ 22.543348528588982, 46.81617707430776 ], [ 22.543348528588982, 46.816454852085535 ], [ 22.542792973033425, 46.816454852085535 ], [ 22.542792973033425, 46.816732629863317 ], [ 22.541959639700092, 46.816732629863317 ], [ 22.541959639700092, 46.816454852085535 ], [ 22.541404084144535, 46.816454852085535 ], [ 22.541404084144535, 46.81617707430776 ], [ 22.540848528588981, 46.81617707430776 ], [ 22.540848528588981, 46.816454852085535 ], [ 22.540570750811202, 46.816454852085535 ], [ 22.540570750811202, 46.816732629863317 ], [ 22.540015195255648, 46.816732629863317 ] ], [ [ 22.543348528588982, 46.815343740974427 ], [ 22.543626306366757, 46.815343740974427 ], [ 22.543626306366757, 46.815065963196645 ], [ 22.543348528588982, 46.815065963196645 ], [ 22.543348528588982, 46.815343740974427 ] ], [ [ 22.543070750811204, 46.815065963196645 ], [ 22.543348528588982, 46.815065963196645 ], [ 22.543348528588982, 46.81478818541887 ], [ 22.543070750811204, 46.81478818541887 ], [ 22.543070750811204, 46.815065963196645 ] ], [ [ 22.542792973033425, 46.81478818541887 ], [ 22.543070750811204, 46.81478818541887 ], [ 22.543070750811204, 46.814510407641095 ], [ 22.542792973033425, 46.814510407641095 ], [ 22.542792973033425, 46.81478818541887 ] ], [ [ 22.541959639700092, 46.814510407641095 ], [ 22.542792973033425, 46.814510407641095 ], [ 22.542792973033425, 46.813954852085537 ], [ 22.541681861922314, 46.813954852085537 ], [ 22.541681861922314, 46.814232629863312 ], [ 22.541959639700092, 46.814232629863312 ], [ 22.541959639700092, 46.814510407641095 ] ] ] } },
{ "type": "Feature", "properties": { "rank": 43, "lake_id": 168613 }, "geometry": { "type": "Polygon", "coordinates": [ [ [ 26.104285956303151, 47.936668882033089 ], [ 26.104285956303151, 47.936391104255307 ], [ 26.10317484519204, 47.936391104255307 ], [ 26.10317484519204, 47.936113326477532 ], [ 26.102341511858707, 47.936113326477532 ], [ 26.102341511858707, 47.935835548699757 ], [ 26.10178595630315, 47.935835548699757 ], [ 26.10178595630315, 47.935557770921974 ], [ 26.101508178525375, 47.935557770921974 ], [ 26.101508178525375, 47.935279993144199 ], [ 26.100952622969817, 47.935279993144199 ], [ 26.100952622969817, 47.935002215366424 ], [ 26.100674845192039, 47.935002215366424 ], [ 26.100674845192039, 47.934724437588642 ], [ 26.100397067414264, 47.934724437588642 ], [ 26.100397067414264, 47.934168882033092 ], [ 26.100119289636485, 47.934168882033092 ], [ 26.100119289636485, 47.933613326477534 ], [ 26.099841511858706, 47.933613326477534 ], [ 26.099841511858706, 47.931668882033087 ], [ 26.100119289636485, 47.931668882033087 ], [ 26.100119289636485, 47.931113326477529 ], [ 26.100397067414264, 47.931113326477529 ], [ 26.100397067414264, 47.930835548699754 ], [ 26.100674845192039, 47.930835548699754 ], [ 26.100674845192039, 47.930279993144197 ], [ 26.100952622969817, 47.930279993144197 ], [ 26.100952622969817, 47.930002215366422 ], [ 26.101508178525375, 47.930002215366422 ], [ 26.101508178525375, 47.929724437588646 ], [ 26.10178595630315, 47.929724437588646 ], [ 26.10178595630315, 47.929446659810864 ], [ 26.102341511858707, 47.929446659810864 ], [ 26.102341511858707, 47.929168882033089 ], [ 26.10317484519204, 47.929168882033089 ], [ 26.10317484519204, 47.928891104255314 ], [ 26.104285956303151, 47.928891104255314 ], [ 26.104285956303151, 47.928613326477532 ], [ 26.107341511858706, 47.928613326477532 ], [ 26.107341511858706, 47.928891104255314 ], [ 26.108452622969818, 47.928891104255314 ], [ 26.108452622969818, 47.929168882033089 ], [ 26.10928595630315, 47.929168882033089 ], [ 26.10928595630315, 47.929446659810864 ], [ 26.109841511858708, 47.929446659810864 ], [ 26.109841511858708, 47.929724437588646 ], [ 26.110119289636483, 47.929724437588646 ], [ 26.110119289636483, 47.930002215366422 ], [ 26.11067484519204, 47.930002215366422 ], [ 26.11067484519204, 47.930279993144197 ], [ 26.110952622969819, 47.930279993144197 ], [ 26.110952622969819, 47.930557770921979 ], [ 26.111230400747594, 47.930557770921979 ], [ 26.111230400747594, 47.931113326477529 ], [ 26.111508178525373, 47.931113326477529 ], [ 26.111508178525373, 47.931668882033087 ], [ 26.111785956303152, 47.931668882033087 ], [ 26.111785956303152, 47.933613326477534 ], [ 26.111508178525373, 47.933613326477534 ], [ 26.111508178525373, 47.934168882033092 ], [ 26.110952622969819, 47.934168882033092 ], [ 26.110952622969819, 47.934446659810867 ], [ 26.11067484519204, 47.934446659810867 ], [ 26.11067484519204, 47.934724437588642 ], [ 26.110397067414262, 47.934724437588642 ], [ 26.110397067414262, 47.935279993144199 ], [ 26.110119289636483, 47.935279993144199 ], [ 26.110119289636483, 47.935557770921974 ], [ 26.109841511858708, 47.935557770921974 ], [ 26.109841511858708, 47.935835548699757 ], [ 26.10928595630315, 47.935835548699757 ], [ 26.10928595630315, 47.936113326477532 ], [ 26.108452622969818, 47.936113326477532 ], [ 26.108452622969818, 47.936391104255307 ], [ 26.107341511858706, 47.936391104255307 ], [ 26.107341511858706, 47.936668882033089 ], [ 26.104285956303151, 47.936668882033089 ] ], [ [ 26.107063734080928, 47.935835548699757 ], [ 26.107619289636485, 47.935835548699757 ], [ 26.107619289636485, 47.935557770921974 ], [ 26.107063734080928, 47.935557770921974 ], [ 26.107063734080928, 47.935835548699757 ] ], [ [ 26.107619289636485, 47.935557770921974 ], [ 26.108452622969818, 47.935557770921974 ], [ 26.108452622969818, 47.935279993144199 ], [ 26.107619289636485, 47.935279993144199 ], [ 26.107619289636485, 47.935557770921974 ] ], [ [ 26.108452622969818, 47.935279993144199 ], [ 26.108730400747596, 47.935279993144199 ], [ 26.108730400747596, 47.935002215366424 ], [ 26.108452622969818, 47.935002215366424 ], [ 26.108452622969818, 47.935279993144199 ] ] ] } },
{ "type": "Feature", "properties": { "rank": 44, "lake_id": 171006 }, "geometry": { "type": "Polygon", "coordinates": [ [ [ 24.416873553604006, 45.164873634637473 ], [ 24.416873553604006, 45.164040301304141 ], [ 24.417151331381785, 45.164040301304141 ], [ 24.417151331381785, 45.163484745748583 ], [ 24.416595775826231, 45.163484745748583 ], [ 24.416595775826231, 45.162929190193033 ], [ 24.416317998048452, 45.162929190193033 ], [ 24.416317998048452, 45.162373634637476 ], [ 24.415762442492895, 45.162373634637476 ], [ 24.415762442492895, 45.162651412415251 ], [ 24.416040220270673, 45.162651412415251 ], [ 24.416040220270673, 45.163484745748583 ], [ 24.416317998048452, 45.163484745748583 ], [ 24.416317998048452, 45.163762523526366 ], [ 24.415762442492895, 45.163762523526366 ], [ 24.415762442492895, 45.163484745748583 ], [ 24.414929109159562, 45.163484745748583 ], [ 24.414929109159562, 45.163762523526366 ], [ 24.414373553604008, 45.163762523526366 ], [ 24.414373553604008, 45.164040301304141 ], [ 24.413817998048451, 45.164040301304141 ], [ 24.413817998048451, 45.163762523526366 ], [ 24.413540220270676, 45.163762523526366 ], [ 24.413540220270676, 45.164040301304141 ], [ 24.41270688693734, 45.164040301304141 ], [ 24.41270688693734, 45.163762523526366 ], [ 24.411873553604007, 45.163762523526366 ], [ 24.411873553604007, 45.163484745748583 ], [ 24.412151331381786, 45.163484745748583 ], [ 24.412151331381786, 45.163206967970808 ], [ 24.412429109159564, 45.163206967970808 ], [ 24.412429109159564, 45.162929190193033 ], [ 24.412151331381786, 45.162929190193033 ], [ 24.412151331381786, 45.162651412415251 ], [ 24.411873553604007, 45.162651412415251 ], [ 24.411873553604007, 45.162373634637476 ], [ 24.411595775826228, 45.162373634637476 ], [ 24.411595775826228, 45.162095856859693 ], [ 24.411040220270674, 45.162095856859693 ], [ 24.411040220270674, 45.162373634637476 ], [ 24.410762442492896, 45.162373634637476 ], [ 24.410762442492896, 45.161818079081918 ], [ 24.410484664715117, 45.161818079081918 ], [ 24.410484664715117, 45.162095856859693 ], [ 24.410206886937342, 45.162095856859693 ], [ 24.410206886937342, 45.161818079081918 ], [ 24.409651331381784, 45.161818079081918 ], [ 24.409651331381784, 45.162095856859693 ], [ 24.409373553604006, 45.162095856859693 ], [ 24.409373553604006, 45.161540301304143 ], [ 24.408817998048452, 45.161540301304143 ], [ 24.408817998048452, 45.161818079081918 ], [ 24.407429109159562, 45.161818079081918 ], [ 24.407429109159562, 45.160984745748586 ], [ 24.408262442492898, 45.160984745748586 ], [ 24.408262442492898, 45.16070696797081 ], [ 24.408817998048452, 45.16070696797081 ], [ 24.408817998048452, 45.160429190193028 ], [ 24.409095775826231, 45.160429190193028 ], [ 24.409095775826231, 45.160984745748586 ], [ 24.409651331381784, 45.160984745748586 ], [ 24.409651331381784, 45.161262523526361 ], [ 24.410762442492896, 45.161262523526361 ], [ 24.410762442492896, 45.161540301304143 ], [ 24.411317998048453, 45.161540301304143 ], [ 24.411317998048453, 45.161262523526361 ], [ 24.411595775826228, 45.161262523526361 ], [ 24.411595775826228, 45.16070696797081 ], [ 24.411873553604007, 45.16070696797081 ], [ 24.411873553604007, 45.160429190193028 ], [ 24.412151331381786, 45.160429190193028 ], [ 24.412151331381786, 45.160151412415253 ], [ 24.41270688693734, 45.160151412415253 ], [ 24.41270688693734, 45.160429190193028 ], [ 24.41409577582623, 45.160429190193028 ], [ 24.41409577582623, 45.159873634637471 ], [ 24.414373553604008, 45.159873634637471 ], [ 24.414373553604008, 45.160151412415253 ], [ 24.414929109159562, 45.160151412415253 ], [ 24.414929109159562, 45.160429190193028 ], [ 24.41548466471512, 45.160429190193028 ], [ 24.41548466471512, 45.160984745748586 ], [ 24.415762442492895, 45.160984745748586 ], [ 24.415762442492895, 45.16070696797081 ], [ 24.416317998048452, 45.16070696797081 ], [ 24.416317998048452, 45.161818079081918 ], [ 24.416040220270673, 45.161818079081918 ], [ 24.416040220270673, 45.162095856859693 ], [ 24.416595775826231, 45.162095856859693 ], [ 24.416595775826231, 45.161818079081918 ], [ 24.416873553604006, 45.161818079081918 ], [ 24.416873553604006, 45.162373634637476 ], [ 24.417151331381785, 45.162373634637476 ], [ 24.417151331381785, 45.162651412415251 ], [ 24.417429109159563, 45.162651412415251 ], [ 24.417429109159563, 45.162929190193033 ], [ 24.417151331381785, 45.162929190193033 ], [ 24.417151331381785, 45.163206967970808 ], [ 24.417429109159563, 45.163206967970808 ], [ 24.417429109159563, 45.163762523526366 ], [ 24.418262442492896, 45.163762523526366 ], [ 24.418262442492896, 45.164040301304141 ], [ 24.417984664715117, 45.164040301304141 ], [ 24.417984664715117, 45.164318079081916 ], [ 24.417706886937342, 45.164318079081916 ], [ 24.417706886937342, 45.164595856859698 ], [ 24.417151331381785, 45.164595856859698 ], [ 24.417151331381785, 45.164873634637473 ], [ 24.416873553604006, 45.164873634637473 ] ], [ [ 24.417151331381785, 45.164318079081916 ], [ 24.417429109159563, 45.164318079081916 ], [ 24.417429109159563, 45.164040301304141 ], [ 24.417151331381785, 45.164040301304141 ], [ 24.417151331381785, 45.164318079081916 ] ], [ [ 24.414373553604008, 45.163206967970808 ], [ 24.414651331381783, 45.163206967970808 ], [ 24.414651331381783, 45.162929190193033 ], [ 24.414373553604008, 45.162929190193033 ], [ 24.414373553604008, 45.163206967970808 ] ], [ [ 24.414651331381783, 45.162929190193033 ], [ 24.414929109159562, 45.162929190193033 ], [ 24.414929109159562, 45.162651412415251 ], [ 24.414651331381783, 45.162651412415251 ], [ 24.414651331381783, 45.162929190193033 ] ], [ [ 24.414929109159562, 45.162651412415251 ], [ 24.415206886937341, 45.162651412415251 ], [ 24.415206886937341, 45.162373634637476 ], [ 24.41548466471512, 45.162373634637476 ], [ 24.41548466471512, 45.162095856859693 ], [ 24.415206886937341, 45.162095856859693 ], [ 24.415206886937341, 45.161818079081918 ], [ 24.414929109159562, 45.161818079081918 ], [ 24.414929109159562, 45.162651412415251 ] ], [ [ 24.415206886937341, 45.161818079081918 ], [ 24.41548466471512, 45.161818079081918 ], [ 24.41548466471512, 45.161262523526361 ], [ 24.415206886937341, 45.161262523526361 ], [ 24.415206886937341, 45.161818079081918 ] ], [ [ 24.408540220270673, 45.161540301304143 ], [ 24.408817998048452, 45.161540301304143 ], [ 24.408817998048452, 45.160984745748586 ], [ 24.408540220270673, 45.160984745748586 ], [ 24.408540220270673, 45.161540301304143 ] ] ] } },
{ "type": "Feature", "properties": { "rank": 45, "lake_id": 169061 }, "geometry": { "type": "Polygon", "coordinates": [ [ [ 24.930035644001237, 47.156307964172029 ], [ 24.930035644001237, 47.156030186394254 ], [ 24.929757866223458, 47.156030186394254 ], [ 24.929757866223458, 47.155752408616479 ], [ 24.929202310667904, 47.155752408616479 ], [ 24.929202310667904, 47.155474630838697 ], [ 24.928924532890125, 47.155474630838697 ], [ 24.928924532890125, 47.155752408616479 ], [ 24.926980088445681, 47.155752408616479 ], [ 24.926980088445681, 47.155474630838697 ], [ 24.926702310667903, 47.155474630838697 ], [ 24.926702310667903, 47.154919075283146 ], [ 24.925591199556791, 47.154919075283146 ], [ 24.925591199556791, 47.154641297505364 ], [ 24.92448008844568, 47.154641297505364 ], [ 24.92448008844568, 47.154919075283146 ], [ 24.924202310667901, 47.154919075283146 ], [ 24.924202310667901, 47.154641297505364 ], [ 24.923924532890126, 47.154641297505364 ], [ 24.923924532890126, 47.153252408616474 ], [ 24.924202310667901, 47.153252408616474 ], [ 24.924202310667901, 47.152974630838699 ], [ 24.923924532890126, 47.152974630838699 ], [ 24.923924532890126, 47.152696853060924 ], [ 24.923646755112348, 47.152696853060924 ], [ 24.923646755112348, 47.152419075283142 ], [ 24.923924532890126, 47.152419075283142 ], [ 24.923924532890126, 47.152141297505366 ], [ 24.924757866223459, 47.152141297505366 ], [ 24.924757866223459, 47.151863519727584 ], [ 24.925035644001238, 47.151863519727584 ], [ 24.925035644001238, 47.152696853060924 ], [ 24.924757866223459, 47.152696853060924 ], [ 24.924757866223459, 47.152974630838699 ], [ 24.925313421779013, 47.152974630838699 ], [ 24.925313421779013, 47.152419075283142 ], [ 24.926146755112349, 47.152419075283142 ], [ 24.926146755112349, 47.152696853060924 ], [ 24.92586897733457, 47.152696853060924 ], [ 24.92586897733457, 47.152974630838699 ], [ 24.925591199556791, 47.152974630838699 ], [ 24.925591199556791, 47.153252408616474 ], [ 24.925035644001238, 47.153252408616474 ], [ 24.925035644001238, 47.153530186394256 ], [ 24.924757866223459, 47.153530186394256 ], [ 24.924757866223459, 47.153807964172032 ], [ 24.925035644001238, 47.153807964172032 ], [ 24.925035644001238, 47.154085741949807 ], [ 24.924757866223459, 47.154085741949807 ], [ 24.924757866223459, 47.154363519727589 ], [ 24.926146755112349, 47.154363519727589 ], [ 24.926146755112349, 47.154085741949807 ], [ 24.92586897733457, 47.154085741949807 ], [ 24.92586897733457, 47.153530186394256 ], [ 24.926146755112349, 47.153530186394256 ], [ 24.926146755112349, 47.153252408616474 ], [ 24.926702310667903, 47.153252408616474 ], [ 24.926702310667903, 47.153530186394256 ], [ 24.92725786622346, 47.153530186394256 ], [ 24.92725786622346, 47.153807964172032 ], [ 24.927813421779014, 47.153807964172032 ], [ 24.927813421779014, 47.154085741949807 ], [ 24.928091199556793, 47.154085741949807 ], [ 24.928091199556793, 47.154641297505364 ], [ 24.928924532890125, 47.154641297505364 ], [ 24.928924532890125, 47.154919075283146 ], [ 24.929202310667904, 47.154919075283146 ], [ 24.929202310667904, 47.154363519727589 ], [ 24.929480088445683, 47.154363519727589 ], [ 24.929480088445683, 47.154085741949807 ], [ 24.928924532890125, 47.154085741949807 ], [ 24.928924532890125, 47.153530186394256 ], [ 24.929757866223458, 47.153530186394256 ], [ 24.929757866223458, 47.153252408616474 ], [ 24.929202310667904, 47.153252408616474 ], [ 24.929202310667904, 47.152696853060924 ], [ 24.929480088445683, 47.152696853060924 ], [ 24.929480088445683, 47.152419075283142 ], [ 24.930035644001237, 47.152419075283142 ], [ 24.930035644001237, 47.152696853060924 ], [ 24.931146755112348, 47.152696853060924 ], [ 24.931146755112348, 47.152974630838699 ], [ 24.932257866223459, 47.152974630838699 ], [ 24.932257866223459, 47.153252408616474 ], [ 24.932535644001238, 47.153252408616474 ], [ 24.932535644001238, 47.153530186394256 ], [ 24.932813421779013, 47.153530186394256 ], [ 24.932813421779013, 47.153807964172032 ], [ 24.93336897733457, 47.153807964172032 ], [ 24.93336897733457, 47.153530186394256 ], [ 24.933924532890124, 47.153530186394256 ], [ 24.933924532890124, 47.153807964172032 ], [ 24.934480088445682, 47.153807964172032 ], [ 24.934480088445682, 47.154085741949807 ], [ 24.933924532890124, 47.154085741949807 ], [ 24.933924532890124, 47.154641297505364 ], [ 24.933646755112349, 47.154641297505364 ], [ 24.933646755112349, 47.154085741949807 ], [ 24.932535644001238, 47.154085741949807 ], [ 24.932535644001238, 47.154363519727589 ], [ 24.931702310667902, 47.154363519727589 ], [ 24.931702310667902, 47.154085741949807 ], [ 24.931146755112348, 47.154085741949807 ], [ 24.931146755112348, 47.154363519727589 ], [ 24.930868977334569, 47.154363519727589 ], [ 24.930868977334569, 47.154641297505364 ], [ 24.93059119955679, 47.154641297505364 ], [ 24.93059119955679, 47.154919075283146 ], [ 24.930035644001237, 47.154919075283146 ], [ 24.930035644001237, 47.155752408616479 ], [ 24.930313421779015, 47.155752408616479 ], [ 24.930313421779015, 47.155474630838697 ], [ 24.930868977334569, 47.155474630838697 ], [ 24.930868977334569, 47.155196853060922 ], [ 24.931424532890126, 47.155196853060922 ], [ 24.931424532890126, 47.154919075283146 ], [ 24.932257866223459, 47.154919075283146 ], [ 24.932257866223459, 47.154641297505364 ], [ 24.93336897733457, 47.154641297505364 ], [ 24.93336897733457, 47.154919075283146 ], [ 24.933091199556792, 47.154919075283146 ], [ 24.933091199556792, 47.155196853060922 ], [ 24.933646755112349, 47.155196853060922 ], [ 24.933646755112349, 47.155474630838697 ], [ 24.932813421779013, 47.155474630838697 ], [ 24.932813421779013, 47.155752408616479 ], [ 24.932257866223459, 47.155752408616479 ], [ 24.932257866223459, 47.155474630838697 ], [ 24.93198008844568, 47.155474630838697 ], [ 24.93198008844568, 47.155752408616479 ], [ 24.931702310667902, 47.155752408616479 ], [ 24.931702310667902, 47.156030186394254 ], [ 24.931424532890126, 47.156030186394254 ], [ 24.931424532890126, 47.156307964172029 ], [ 24.93059119955679, 47.156307964172029 ], [ 24.93059119955679, 47.156030186394254 ], [ 24.930313421779015, 47.156030186394254 ], [ 24.930313421779015, 47.156307964172029 ], [ 24.930035644001237, 47.156307964172029 ] ], [ [ 24.929480088445683, 47.154641297505364 ], [ 24.929757866223458, 47.154641297505364 ], [ 24.929757866223458, 47.154363519727589 ], [ 24.929480088445683, 47.154363519727589 ], [ 24.929480088445683, 47.154641297505364 ] ], [ [ 24.926424532890124, 47.154085741949807 ], [ 24.926702310667903, 47.154085741949807 ], [ 24.926702310667903, 47.153807964172032 ], [ 24.926424532890124, 47.153807964172032 ], [ 24.926424532890124, 47.154085741949807 ] ], [ [ 24.929757866223458, 47.153807964172032 ], [ 24.930313421779015, 47.153807964172032 ], [ 24.930313421779015, 47.153530186394256 ], [ 24.929757866223458, 47.153530186394256 ], [ 24.929757866223458, 47.153807964172032 ] ], [ [ 24.931146755112348, 47.153530186394256 ], [ 24.931424532890126, 47.153530186394256 ], [ 24.931424532890126, 47.153252408616474 ], [ 24.931146755112348, 47.153252408616474 ], [ 24.931146755112348, 47.153530186394256 ] ] ] } },
{ "type": "Feature", "properties": { "rank": 46, "lake_id": 169809 }, "geometry": { "type": "Polygon", "coordinates": [ [ [ 27.652488010921292, 46.289214726216919 ], [ 27.652488010921292, 46.288936948439144 ], [ 27.652765788699071, 46.288936948439144 ], [ 27.652765788699071, 46.286436948439146 ], [ 27.652210233143514, 46.286436948439146 ], [ 27.652210233143514, 46.285603615105813 ], [ 27.652765788699071, 46.285603615105813 ], [ 27.652765788699071, 46.285048059550256 ], [ 27.652488010921292, 46.285048059550256 ], [ 27.652488010921292, 46.284770281772481 ], [ 27.65165467758796, 46.284770281772481 ], [ 27.65165467758796, 46.284214726216923 ], [ 27.651376899810181, 46.284214726216923 ], [ 27.651376899810181, 46.283936948439141 ], [ 27.651099122032402, 46.283936948439141 ], [ 27.651099122032402, 46.282270281772476 ], [ 27.651376899810181, 46.282270281772476 ], [ 27.651376899810181, 46.281436948439143 ], [ 27.651932455365738, 46.281436948439143 ], [ 27.651932455365738, 46.281159170661368 ], [ 27.654988010921294, 46.281159170661368 ], [ 27.654988010921294, 46.281436948439143 ], [ 27.656099122032405, 46.281436948439143 ], [ 27.656099122032405, 46.281714726216919 ], [ 27.656654677587959, 46.281714726216919 ], [ 27.656654677587959, 46.281992503994701 ], [ 27.657210233143516, 46.281992503994701 ], [ 27.657210233143516, 46.282270281772476 ], [ 27.65776578869907, 46.282270281772476 ], [ 27.65776578869907, 46.282548059550258 ], [ 27.658043566476849, 46.282548059550258 ], [ 27.658043566476849, 46.282825837328033 ], [ 27.658321344254627, 46.282825837328033 ], [ 27.658321344254627, 46.283103615105809 ], [ 27.658599122032403, 46.283103615105809 ], [ 27.658599122032403, 46.283381392883591 ], [ 27.658876899810181, 46.283381392883591 ], [ 27.658876899810181, 46.283936948439141 ], [ 27.65915467758796, 46.283936948439141 ], [ 27.65915467758796, 46.284492503994699 ], [ 27.658876899810181, 46.284492503994699 ], [ 27.658876899810181, 46.286714726216921 ], [ 27.658599122032403, 46.286714726216921 ], [ 27.658599122032403, 46.287270281772479 ], [ 27.658321344254627, 46.287270281772479 ], [ 27.658321344254627, 46.287548059550254 ], [ 27.658043566476849, 46.287548059550254 ], [ 27.658043566476849, 46.287825837328036 ], [ 27.65776578869907, 46.287825837328036 ], [ 27.65776578869907, 46.288103615105811 ], [ 27.657210233143516, 46.288103615105811 ], [ 27.657210233143516, 46.288381392883586 ], [ 27.656654677587959, 46.288381392883586 ], [ 27.656654677587959, 46.288659170661369 ], [ 27.656099122032405, 46.288659170661369 ], [ 27.656099122032405, 46.288936948439144 ], [ 27.654988010921294, 46.288936948439144 ], [ 27.654988010921294, 46.289214726216919 ], [ 27.652488010921292, 46.289214726216919 ] ] ] } },
{ "type": "Feature", "properties": { "rank": 47, "lake_id": 1352799 }, "geometry": { "type": "Polygon", "coordinates": [ [ [ 23.311763893573492, 46.712426124871946 ], [ 23.311763893573492, 46.712148347094171 ], [ 23.311486115795713, 46.712148347094171 ], [ 23.311486115795713, 46.711870569316396 ], [ 23.311208338017934, 46.711870569316396 ], [ 23.311208338017934, 46.711315013760839 ], [ 23.310930560240156, 46.711315013760839 ], [ 23.310930560240156, 46.711037235983063 ], [ 23.31065278246238, 46.711037235983063 ], [ 23.31065278246238, 46.710759458205281 ], [ 23.310930560240156, 46.710759458205281 ], [ 23.310930560240156, 46.710203902649731 ], [ 23.311208338017934, 46.710203902649731 ], [ 23.311208338017934, 46.709370569316391 ], [ 23.310930560240156, 46.709370569316391 ], [ 23.310930560240156, 46.708815013760841 ], [ 23.31065278246238, 46.708815013760841 ], [ 23.31065278246238, 46.708259458205283 ], [ 23.311208338017934, 46.708259458205283 ], [ 23.311208338017934, 46.707426124871951 ], [ 23.310930560240156, 46.707426124871951 ], [ 23.310930560240156, 46.707148347094169 ], [ 23.310097226906823, 46.707148347094169 ], [ 23.310097226906823, 46.707703902649726 ], [ 23.309541671351269, 46.707703902649726 ], [ 23.309541671351269, 46.707426124871951 ], [ 23.308708338017933, 46.707426124871951 ], [ 23.308708338017933, 46.707148347094169 ], [ 23.308152782462379, 46.707148347094169 ], [ 23.308152782462379, 46.706870569316393 ], [ 23.308430560240158, 46.706870569316393 ], [ 23.308430560240158, 46.706315013760836 ], [ 23.308708338017933, 46.706315013760836 ], [ 23.308708338017933, 46.705759458205286 ], [ 23.309541671351269, 46.705759458205286 ], [ 23.309541671351269, 46.706037235983061 ], [ 23.310097226906823, 46.706037235983061 ], [ 23.310097226906823, 46.706315013760836 ], [ 23.31065278246238, 46.706315013760836 ], [ 23.31065278246238, 46.706037235983061 ], [ 23.310930560240156, 46.706037235983061 ], [ 23.310930560240156, 46.705759458205286 ], [ 23.311763893573492, 46.705759458205286 ], [ 23.311763893573492, 46.705481680427503 ], [ 23.312875004684603, 46.705481680427503 ], [ 23.312875004684603, 46.705759458205286 ], [ 23.313986115795714, 46.705759458205286 ], [ 23.313986115795714, 46.706037235983061 ], [ 23.314263893573489, 46.706037235983061 ], [ 23.314263893573489, 46.706315013760836 ], [ 23.313986115795714, 46.706315013760836 ], [ 23.313986115795714, 46.706592791538618 ], [ 23.313708338017936, 46.706592791538618 ], [ 23.313708338017936, 46.706870569316393 ], [ 23.313152782462378, 46.706870569316393 ], [ 23.313152782462378, 46.707148347094169 ], [ 23.312875004684603, 46.707148347094169 ], [ 23.312875004684603, 46.707426124871951 ], [ 23.312597226906824, 46.707426124871951 ], [ 23.312597226906824, 46.707703902649726 ], [ 23.312875004684603, 46.707703902649726 ], [ 23.312875004684603, 46.708259458205283 ], [ 23.313152782462378, 46.708259458205283 ], [ 23.313152782462378, 46.708537235983059 ], [ 23.313708338017936, 46.708537235983059 ], [ 23.313708338017936, 46.708815013760841 ], [ 23.314263893573489, 46.708815013760841 ], [ 23.314263893573489, 46.709092791538616 ], [ 23.313708338017936, 46.709092791538616 ], [ 23.313708338017936, 46.709370569316391 ], [ 23.313430560240157, 46.709370569316391 ], [ 23.313430560240157, 46.709648347094173 ], [ 23.313152782462378, 46.709648347094173 ], [ 23.313152782462378, 46.709926124871949 ], [ 23.312597226906824, 46.709926124871949 ], [ 23.312597226906824, 46.710203902649731 ], [ 23.312319449129046, 46.710203902649731 ], [ 23.312319449129046, 46.710481680427506 ], [ 23.312875004684603, 46.710481680427506 ], [ 23.312875004684603, 46.711592791538614 ], [ 23.312597226906824, 46.711592791538614 ], [ 23.312597226906824, 46.711870569316396 ], [ 23.312041671351267, 46.711870569316396 ], [ 23.312041671351267, 46.712426124871946 ], [ 23.311763893573492, 46.712426124871946 ] ], [ [ 23.312041671351267, 46.711592791538614 ], [ 23.312319449129046, 46.711592791538614 ], [ 23.312319449129046, 46.711037235983063 ], [ 23.312041671351267, 46.711037235983063 ], [ 23.312041671351267, 46.711592791538614 ] ], [ [ 23.310930560240156, 46.708815013760841 ], [ 23.311208338017934, 46.708815013760841 ], [ 23.311208338017934, 46.708537235983059 ], [ 23.310930560240156, 46.708537235983059 ], [ 23.310930560240156, 46.708815013760841 ] ], [ [ 23.311763893573492, 46.707148347094169 ], [ 23.312319449129046, 46.707148347094169 ], [ 23.312319449129046, 46.706870569316393 ], [ 23.312597226906824, 46.706870569316393 ], [ 23.312597226906824, 46.706592791538618 ], [ 23.312041671351267, 46.706592791538618 ], [ 23.312041671351267, 46.706870569316393 ], [ 23.311763893573492, 46.706870569316393 ], [ 23.311763893573492, 46.707148347094169 ] ], [ [ 23.31065278246238, 46.706592791538618 ], [ 23.311208338017934, 46.706592791538618 ], [ 23.311208338017934, 46.706315013760836 ], [ 23.31065278246238, 46.706315013760836 ], [ 23.31065278246238, 46.706592791538618 ] ], [ [ 23.312875004684603, 46.706592791538618 ], [ 23.313430560240157, 46.706592791538618 ], [ 23.313430560240157, 46.706315013760836 ], [ 23.312875004684603, 46.706315013760836 ], [ 23.312875004684603, 46.706592791538618 ] ], [ [ 23.311486115795713, 46.706315013760836 ], [ 23.311763893573492, 46.706315013760836 ], [ 23.311763893573492, 46.706037235983061 ], [ 23.311486115795713, 46.706037235983061 ], [ 23.311486115795713, 46.706315013760836 ] ] ] } },
{ "type": "Feature", "properties": { "rank": 48, "lake_id": 14276 }, "geometry": { "type": "Polygon", "coordinates": [ [ [ 24.34887559801043, 44.596689246997329 ], [ 24.34887559801043, 44.596411469219547 ], [ 24.347764486899319, 44.596411469219547 ], [ 24.347764486899319, 44.596133691441771 ], [ 24.347208931343765, 44.596133691441771 ], [ 24.347208931343765, 44.595855913663989 ], [ 24.346653375788208, 44.595855913663989 ], [ 24.346653375788208, 44.595578135886214 ], [ 24.346375598010429, 44.595578135886214 ], [ 24.346375598010429, 44.595300358108439 ], [ 24.345820042454875, 44.595300358108439 ], [ 24.345820042454875, 44.595022580330657 ], [ 24.345542264677096, 44.595022580330657 ], [ 24.345542264677096, 44.594467024775106 ], [ 24.345264486899321, 44.594467024775106 ], [ 24.345264486899321, 44.594189246997324 ], [ 24.344986709121542, 44.594189246997324 ], [ 24.344986709121542, 44.593355913663991 ], [ 24.344708931343764, 44.593355913663991 ], [ 24.344708931343764, 44.592800358108434 ], [ 24.344986709121542, 44.592800358108434 ], [ 24.344986709121542, 44.592522580330659 ], [ 24.344708931343764, 44.592522580330659 ], [ 24.344708931343764, 44.591967024775101 ], [ 24.345820042454875, 44.591967024775101 ], [ 24.345820042454875, 44.591689246997326 ], [ 24.345264486899321, 44.591689246997326 ], [ 24.345264486899321, 44.591411469219551 ], [ 24.344986709121542, 44.591411469219551 ], [ 24.344986709121542, 44.591133691441769 ], [ 24.345264486899321, 44.591133691441769 ], [ 24.345264486899321, 44.590855913663994 ], [ 24.345542264677096, 44.590855913663994 ], [ 24.345542264677096, 44.590578135886211 ], [ 24.345820042454875, 44.590578135886211 ], [ 24.345820042454875, 44.590022580330661 ], [ 24.346375598010429, 44.590022580330661 ], [ 24.346375598010429, 44.589744802552879 ], [ 24.346653375788208, 44.589744802552879 ], [ 24.346653375788208, 44.589467024775104 ], [ 24.347208931343765, 44.589467024775104 ], [ 24.347208931343765, 44.589189246997329 ], [ 24.347764486899319, 44.589189246997329 ], [ 24.347764486899319, 44.588911469219546 ], [ 24.34887559801043, 44.588911469219546 ], [ 24.34887559801043, 44.588633691441771 ], [ 24.349431153565988, 44.588633691441771 ], [ 24.349431153565988, 44.588911469219546 ], [ 24.349708931343763, 44.588911469219546 ], [ 24.349708931343763, 44.589467024775104 ], [ 24.349986709121541, 44.589467024775104 ], [ 24.349986709121541, 44.590022580330661 ], [ 24.35026448689932, 44.590022580330661 ], [ 24.35026448689932, 44.590300358108436 ], [ 24.350542264677099, 44.590300358108436 ], [ 24.350542264677099, 44.590578135886211 ], [ 24.351097820232653, 44.590578135886211 ], [ 24.351097820232653, 44.590855913663994 ], [ 24.351375598010431, 44.590855913663994 ], [ 24.351375598010431, 44.591133691441769 ], [ 24.35165337578821, 44.591133691441769 ], [ 24.35165337578821, 44.591411469219551 ], [ 24.351931153565985, 44.591411469219551 ], [ 24.351931153565985, 44.591689246997326 ], [ 24.352486709121543, 44.591689246997326 ], [ 24.352486709121543, 44.591967024775101 ], [ 24.353042264677097, 44.591967024775101 ], [ 24.353042264677097, 44.592244802552884 ], [ 24.353597820232654, 44.592244802552884 ], [ 24.353597820232654, 44.592522580330659 ], [ 24.353875598010429, 44.592522580330659 ], [ 24.353875598010429, 44.592800358108434 ], [ 24.354708931343765, 44.592800358108434 ], [ 24.354708931343765, 44.593078135886216 ], [ 24.35498670912154, 44.593078135886216 ], [ 24.35498670912154, 44.593355913663991 ], [ 24.355542264677098, 44.593355913663991 ], [ 24.355542264677098, 44.593633691441767 ], [ 24.355820042454877, 44.593633691441767 ], [ 24.355820042454877, 44.593911469219549 ], [ 24.355542264677098, 44.593911469219549 ], [ 24.355542264677098, 44.594189246997324 ], [ 24.355264486899319, 44.594189246997324 ], [ 24.355264486899319, 44.594467024775106 ], [ 24.35498670912154, 44.594467024775106 ], [ 24.35498670912154, 44.595022580330657 ], [ 24.354708931343765, 44.595022580330657 ], [ 24.354708931343765, 44.595300358108439 ], [ 24.354153375788208, 44.595300358108439 ], [ 24.354153375788208, 44.595578135886214 ], [ 24.353875598010429, 44.595578135886214 ], [ 24.353875598010429, 44.595855913663989 ], [ 24.353320042454875, 44.595855913663989 ], [ 24.353320042454875, 44.596133691441771 ], [ 24.352208931343764, 44.596133691441771 ], [ 24.352208931343764, 44.596411469219547 ], [ 24.351931153565985, 44.596411469219547 ], [ 24.351931153565985, 44.596689246997329 ], [ 24.34887559801043, 44.596689246997329 ] ], [ [ 24.349986709121541, 44.596133691441771 ], [ 24.35026448689932, 44.596133691441771 ], [ 24.35026448689932, 44.595855913663989 ], [ 24.349986709121541, 44.595855913663989 ], [ 24.349986709121541, 44.596133691441771 ] ], [ [ 24.351097820232653, 44.596133691441771 ], [ 24.352208931343764, 44.596133691441771 ], [ 24.352208931343764, 44.595855913663989 ], [ 24.351097820232653, 44.595855913663989 ], [ 24.351097820232653, 44.596133691441771 ] ], [ [ 24.349708931343763, 44.595855913663989 ], [ 24.349986709121541, 44.595855913663989 ], [ 24.349986709121541, 44.595578135886214 ], [ 24.349708931343763, 44.595578135886214 ], [ 24.349708931343763, 44.595855913663989 ] ], [ [ 24.347208931343765, 44.595300358108439 ], [ 24.34748670912154, 44.595300358108439 ], [ 24.34748670912154, 44.595022580330657 ], [ 24.347208931343765, 44.595022580330657 ], [ 24.347208931343765, 44.595300358108439 ] ], [ [ 24.349431153565988, 44.593633691441767 ], [ 24.349986709121541, 44.593633691441767 ], [ 24.349986709121541, 44.593355913663991 ], [ 24.349708931343763, 44.593355913663991 ], [ 24.349708931343763, 44.593078135886216 ], [ 24.349431153565988, 44.593078135886216 ], [ 24.349431153565988, 44.593633691441767 ] ], [ [ 24.345264486899321, 44.593078135886216 ], [ 24.345542264677096, 44.593078135886216 ], [ 24.345542264677096, 44.592800358108434 ], [ 24.345264486899321, 44.592800358108434 ], [ 24.345264486899321, 44.593078135886216 ] ], [ [ 24.347208931343765, 44.592244802552884 ], [ 24.34748670912154, 44.592244802552884 ], [ 24.34748670912154, 44.591689246997326 ], [ 24.346931153565986, 44.591689246997326 ], [ 24.346931153565986, 44.591967024775101 ], [ 24.347208931343765, 44.591967024775101 ], [ 24.347208931343765, 44.592244802552884 ] ], [ [ 24.348320042454876, 44.591967024775101 ], [ 24.348597820232651, 44.591967024775101 ], [ 24.348597820232651, 44.591689246997326 ], [ 24.348320042454876, 44.591689246997326 ], [ 24.348320042454876, 44.591967024775101 ] ] ] } },
{ "type": "Feature", "properties": { "rank": 49, "lake_id": 171162 }, "geometry": { "type": "Polygon", "coordinates": [ [ [ 24.291727601099502, 44.966554039291275 ], [ 24.291727601099502, 44.966276261513492 ], [ 24.290616489988391, 44.966276261513492 ], [ 24.290616489988391, 44.965998483735717 ], [ 24.290060934432837, 44.965998483735717 ], [ 24.290060934432837, 44.965720705957942 ], [ 24.28950537887728, 44.965720705957942 ], [ 24.28950537887728, 44.96544292818016 ], [ 24.289227601099501, 44.96544292818016 ], [ 24.289227601099501, 44.965165150402385 ], [ 24.288949823321726, 44.965165150402385 ], [ 24.288949823321726, 44.964887372624609 ], [ 24.288394267766169, 44.964887372624609 ], [ 24.288394267766169, 44.964609594846827 ], [ 24.28811648998839, 44.964609594846827 ], [ 24.28811648998839, 44.96405403929127 ], [ 24.287838712210615, 44.96405403929127 ], [ 24.287838712210615, 44.963498483735719 ], [ 24.287560934432836, 44.963498483735719 ], [ 24.287560934432836, 44.961554039291272 ], [ 24.287838712210615, 44.961554039291272 ], [ 24.287838712210615, 44.960998483735715 ], [ 24.28811648998839, 44.960998483735715 ], [ 24.28811648998839, 44.960442928180164 ], [ 24.288394267766169, 44.960442928180164 ], [ 24.288394267766169, 44.960165150402382 ], [ 24.288672045543947, 44.960165150402382 ], [ 24.288672045543947, 44.959887372624607 ], [ 24.289227601099501, 44.959887372624607 ], [ 24.289227601099501, 44.959609594846832 ], [ 24.28950537887728, 44.959609594846832 ], [ 24.28950537887728, 44.959331817069049 ], [ 24.290338712210612, 44.959331817069049 ], [ 24.290338712210612, 44.959054039291274 ], [ 24.290616489988391, 44.959054039291274 ], [ 24.290616489988391, 44.959331817069049 ], [ 24.291449823321724, 44.959331817069049 ], [ 24.291449823321724, 44.959609594846832 ], [ 24.291727601099502, 44.959609594846832 ], [ 24.291727601099502, 44.959887372624607 ], [ 24.292005378877281, 44.959887372624607 ], [ 24.292005378877281, 44.960165150402382 ], [ 24.29228315665506, 44.960165150402382 ], [ 24.29228315665506, 44.960442928180164 ], [ 24.292560934432835, 44.960442928180164 ], [ 24.292560934432835, 44.960720705957939 ], [ 24.293116489988392, 44.960720705957939 ], [ 24.293116489988392, 44.960998483735715 ], [ 24.293394267766168, 44.960998483735715 ], [ 24.293394267766168, 44.960720705957939 ], [ 24.293672045543946, 44.960720705957939 ], [ 24.293672045543946, 44.959887372624607 ], [ 24.293949823321725, 44.959887372624607 ], [ 24.293949823321725, 44.960165150402382 ], [ 24.294505378877279, 44.960165150402382 ], [ 24.294505378877279, 44.960442928180164 ], [ 24.29561648998839, 44.960442928180164 ], [ 24.29561648998839, 44.960720705957939 ], [ 24.296727601099501, 44.960720705957939 ], [ 24.296727601099501, 44.960998483735715 ], [ 24.297283156655059, 44.960998483735715 ], [ 24.297283156655059, 44.961276261513497 ], [ 24.297560934432838, 44.961276261513497 ], [ 24.297560934432838, 44.960998483735715 ], [ 24.297838712210613, 44.960998483735715 ], [ 24.297838712210613, 44.961276261513497 ], [ 24.298672045543949, 44.961276261513497 ], [ 24.298672045543949, 44.961554039291272 ], [ 24.298949823321724, 44.961554039291272 ], [ 24.298949823321724, 44.963498483735719 ], [ 24.298672045543949, 44.963498483735719 ], [ 24.298672045543949, 44.96405403929127 ], [ 24.29839426776617, 44.96405403929127 ], [ 24.29839426776617, 44.964609594846827 ], [ 24.298116489988391, 44.964609594846827 ], [ 24.298116489988391, 44.964887372624609 ], [ 24.297838712210613, 44.964887372624609 ], [ 24.297838712210613, 44.965165150402385 ], [ 24.297283156655059, 44.965165150402385 ], [ 24.297283156655059, 44.96544292818016 ], [ 24.29700537887728, 44.96544292818016 ], [ 24.29700537887728, 44.965720705957942 ], [ 24.296449823321726, 44.965720705957942 ], [ 24.296449823321726, 44.965998483735717 ], [ 24.295894267766169, 44.965998483735717 ], [ 24.295894267766169, 44.966276261513492 ], [ 24.294783156655058, 44.966276261513492 ], [ 24.294783156655058, 44.966554039291275 ], [ 24.291727601099502, 44.966554039291275 ] ] ] } },
{ "type": "Feature", "properties": { "rank": 50, "lake_id": 170318 }, "geometry": { "type": "Polygon", "coordinates": [ [ [ 24.892140056647271, 45.858420048482955 ], [ 24.892140056647271, 45.857864492927405 ], [ 24.891862278869493, 45.857864492927405 ], [ 24.891862278869493, 45.85814227070518 ], [ 24.891306723313939, 45.85814227070518 ], [ 24.891306723313939, 45.857586715149623 ], [ 24.891862278869493, 45.857586715149623 ], [ 24.891862278869493, 45.857308937371847 ], [ 24.892140056647271, 45.857308937371847 ], [ 24.892140056647271, 45.857031159594065 ], [ 24.891862278869493, 45.857031159594065 ], [ 24.891862278869493, 45.85675338181629 ], [ 24.892140056647271, 45.85675338181629 ], [ 24.892140056647271, 45.856197826260733 ], [ 24.89241783442505, 45.856197826260733 ], [ 24.89241783442505, 45.855920048482957 ], [ 24.892140056647271, 45.855920048482957 ], [ 24.892140056647271, 45.854808937371843 ], [ 24.892695612202829, 45.854808937371843 ], [ 24.892695612202829, 45.854531159594067 ], [ 24.892973389980604, 45.854531159594067 ], [ 24.892973389980604, 45.85397560403851 ], [ 24.892695612202829, 45.85397560403851 ], [ 24.892695612202829, 45.854253381816292 ], [ 24.89241783442505, 45.854253381816292 ], [ 24.89241783442505, 45.85397560403851 ], [ 24.892140056647271, 45.85397560403851 ], [ 24.892140056647271, 45.853697826260735 ], [ 24.893528945536161, 45.853697826260735 ], [ 24.893528945536161, 45.85342004848296 ], [ 24.894084501091715, 45.85342004848296 ], [ 24.894084501091715, 45.853142270705177 ], [ 24.895195612202826, 45.853142270705177 ], [ 24.895195612202826, 45.852864492927402 ], [ 24.895473389980605, 45.852864492927402 ], [ 24.895473389980605, 45.852586715149627 ], [ 24.89714005664727, 45.852586715149627 ], [ 24.89714005664727, 45.852864492927402 ], [ 24.897695612202828, 45.852864492927402 ], [ 24.897695612202828, 45.853142270705177 ], [ 24.897973389980606, 45.853142270705177 ], [ 24.897973389980606, 45.85342004848296 ], [ 24.89852894553616, 45.85342004848296 ], [ 24.89852894553616, 45.853697826260735 ], [ 24.898806723313939, 45.853697826260735 ], [ 24.898806723313939, 45.856197826260733 ], [ 24.89852894553616, 45.856197826260733 ], [ 24.89852894553616, 45.856475604038515 ], [ 24.898251167758382, 45.856475604038515 ], [ 24.898251167758382, 45.85675338181629 ], [ 24.897417834425049, 45.85675338181629 ], [ 24.897417834425049, 45.857031159594065 ], [ 24.896028945536159, 45.857031159594065 ], [ 24.896028945536159, 45.856197826260733 ], [ 24.896306723313938, 45.856197826260733 ], [ 24.896306723313938, 45.853142270705177 ], [ 24.895473389980605, 45.853142270705177 ], [ 24.895473389980605, 45.855920048482957 ], [ 24.895195612202826, 45.855920048482957 ], [ 24.895195612202826, 45.85675338181629 ], [ 24.894362278869494, 45.85675338181629 ], [ 24.894362278869494, 45.857031159594065 ], [ 24.89380672331394, 45.857031159594065 ], [ 24.89380672331394, 45.857308937371847 ], [ 24.894640056647273, 45.857308937371847 ], [ 24.894640056647273, 45.857031159594065 ], [ 24.894917834425051, 45.857031159594065 ], [ 24.894917834425051, 45.857864492927405 ], [ 24.894640056647273, 45.857864492927405 ], [ 24.894640056647273, 45.858420048482955 ], [ 24.892140056647271, 45.858420048482955 ] ], [ [ 24.893528945536161, 45.856197826260733 ], [ 24.894084501091715, 45.856197826260733 ], [ 24.894084501091715, 45.855920048482957 ], [ 24.89380672331394, 45.855920048482957 ], [ 24.89380672331394, 45.855642270705182 ], [ 24.893251167758383, 45.855642270705182 ], [ 24.893251167758383, 45.855920048482957 ], [ 24.893528945536161, 45.855920048482957 ], [ 24.893528945536161, 45.856197826260733 ] ], [ [ 24.89241783442505, 45.855920048482957 ], [ 24.892695612202829, 45.855920048482957 ], [ 24.892695612202829, 45.855642270705182 ], [ 24.89241783442505, 45.855642270705182 ], [ 24.89241783442505, 45.855920048482957 ] ], [ [ 24.89714005664727, 45.855920048482957 ], [ 24.897417834425049, 45.855920048482957 ], [ 24.897417834425049, 45.855642270705182 ], [ 24.897695612202828, 45.855642270705182 ], [ 24.897695612202828, 45.8553644929274 ], [ 24.89714005664727, 45.8553644929274 ], [ 24.89714005664727, 45.855920048482957 ] ] ] } }
]
}
