{
"type": "FeatureCollection",
"name": "contours_engineered",
"crs": { "type": "name", "properties": { "name": "urn:ogc:def:crs:OGC:1.3:CRS84" } },
"features": [
{ "type": "Feature", "properties": { "rank": 1, "lake_id": 1360316, "elevation_m": 200.0 }, "geometry": { "type": "LineString", "coordinates": [ [ 22.450088594173469, 44.931175709651868 ], [ 22.450084207386858, 44.931175290951302 ], [ 22.449870707382523, 44.93089751317352 ], [ 22.449923743990833, 44.930619735395744 ], [ 22.44981081639569, 44.930524613115892 ], [ 22.449547899755512, 44.930341957617969 ], [ 22.449697542906204, 44.930064179840187 ], [ 22.449533038617915, 44.92988301830367 ], [ 22.449411717037801, 44.929786402062412 ], [ 22.449255260840136, 44.929696804254654 ], [ 22.448977483062357, 44.929755152438261 ], [ 22.448875923885488, 44.929786402062412 ], [ 22.448699705284579, 44.929927823521815 ], [ 22.448421927506804, 44.929889901379596 ], [ 22.448262582654813, 44.929786402062412 ], [ 22.448144149729025, 44.929687340976272 ], [ 22.447866371951246, 44.929533254847001 ], [ 22.447817478982341, 44.929508624284644 ], [ 22.447588594173471, 44.929317263498426 ], [ 22.447325414884681, 44.929230846506854 ], [ 22.447310816395692, 44.929193701285627 ], [ 22.447033038617914, 44.928968495102282 ], [ 22.447015588405051, 44.928953068729079 ], [ 22.446953430236256, 44.928675290951304 ], [ 22.447033038617917, 44.928654822897286 ], [ 22.447068400456754, 44.928675290951304 ], [ 22.447310816395692, 44.92887558494639 ], [ 22.447470457747702, 44.928953068729079 ], [ 22.447588594173471, 44.929011418390303 ], [ 22.447866371951246, 44.929130628527766 ], [ 22.448144149729025, 44.929183323064478 ], [ 22.448337971477752, 44.929230846506854 ], [ 22.448421927506804, 44.92932023806074 ], [ 22.448699705284579, 44.929391526273605 ], [ 22.448977483062357, 44.929365419651283 ], [ 22.449255260840136, 44.929426701436178 ], [ 22.449533038617915, 44.929479754770846 ], [ 22.44976328810743, 44.929508624284637 ], [ 22.44981081639569, 44.92952401567689 ], [ 22.450088594173469, 44.929621883735443 ], [ 22.450366371951247, 44.929679263620294 ], [ 22.450644149729026, 44.929781566799775 ], [ 22.450656363491472, 44.929786402062405 ], [ 22.450921927506801, 44.929988069701309 ], [ 22.450978626205856, 44.93006417984018 ], [ 22.450921927506801, 44.930269948937017 ], [ 22.450897963083019, 44.930341957617969 ], [ 22.450821182231046, 44.930619735395744 ], [ 22.450703252969582, 44.93089751317352 ], [ 22.450644149729026, 44.930956926653359 ], [ 22.450366371951247, 44.931040326157479 ], [ 22.450089749642736, 44.931175290951302 ], [ 22.450088594173469, 44.931175709651868 ] ] } },
{ "type": "Feature", "properties": { "rank": 1, "lake_id": 1360316, "elevation_m": 200.0 }, "geometry": { "type": "LineString", "coordinates": [ [ 22.446477483062356, 44.928247453780187 ], [ 22.446273699237121, 44.928119735395747 ], [ 22.44647748306236, 44.928043261745742 ], [ 22.446640779807328, 44.928119735395747 ], [ 22.446477483062356, 44.928247453780187 ] ] } },
{ "type": "Feature", "properties": { "rank": 1, "lake_id": 1360316, "elevation_m": 200.0 }, "geometry": { "type": "LineString", "coordinates": [ [ 22.442081303609591, 44.920064179840189 ], [ 22.442310816395693, 44.920193740699759 ], [ 22.442588594173472, 44.920296018130486 ], [ 22.442629312918299, 44.920341957617964 ], [ 22.442839390568249, 44.920619735395746 ], [ 22.442866371951247, 44.920643349265575 ], [ 22.443144149729026, 44.920805228243346 ], [ 22.443377213813129, 44.920897513173522 ], [ 22.443421927506801, 44.920918619009079 ], [ 22.44369970528458, 44.9210485394469 ], [ 22.443935094650335, 44.921175290951304 ], [ 22.443977483062358, 44.921197786071254 ], [ 22.444255260840141, 44.921350868057132 ], [ 22.444357934488046, 44.921453068729079 ], [ 22.444533038617912, 44.921606850396763 ], [ 22.444710056508661, 44.921730846506854 ], [ 22.444810816395691, 44.921827096089423 ], [ 22.445017552099142, 44.922008624284636 ], [ 22.44508859417347, 44.922076620694661 ], [ 22.445249089218322, 44.922286402062412 ], [ 22.445366371951248, 44.922388229649833 ], [ 22.445550674461575, 44.922564179840187 ], [ 22.445644149729024, 44.922639761729798 ], [ 22.445921927506802, 44.922785241442504 ], [ 22.446078573811299, 44.922841957617969 ], [ 22.446199705284581, 44.922890873042988 ], [ 22.44647748306236, 44.922944328096889 ], [ 22.446755260840135, 44.92292001286868 ], [ 22.447033038617914, 44.922896464359084 ], [ 22.447310816395692, 44.922967549896931 ], [ 22.447482250042832, 44.923119735395744 ], [ 22.447416038512408, 44.923397513173526 ], [ 22.447415871103278, 44.923675290951302 ], [ 22.447314575913918, 44.92395306872907 ], [ 22.447310816395692, 44.923963625845637 ], [ 22.447227102411109, 44.924230846506859 ], [ 22.447123005384334, 44.924508624284627 ], [ 22.447033038617914, 44.924725509241284 ], [ 22.446991180176219, 44.924786402062409 ], [ 22.446843996767292, 44.925064179840192 ], [ 22.446762205615688, 44.925341957617967 ], [ 22.446844935098941, 44.925619735395742 ], [ 22.446755260840135, 44.925833553191623 ], [ 22.446702376325369, 44.925897513173524 ], [ 22.446543720910309, 44.926175290951299 ], [ 22.44647748306236, 44.926242708154028 ], [ 22.446268274960712, 44.926453068729082 ], [ 22.446199705284581, 44.926592219516806 ], [ 22.44602796565837, 44.926730846506857 ], [ 22.445921927506802, 44.926952790413509 ], [ 22.445855653773936, 44.926730846506857 ], [ 22.445921927506802, 44.926497338226618 ], [ 22.445950937654263, 44.926453068729082 ], [ 22.446050487360523, 44.926175290951299 ], [ 22.446199705284581, 44.925911107467954 ], [ 22.446214320334025, 44.925897513173524 ], [ 22.446465302122391, 44.925619735395742 ], [ 22.44647748306236, 44.92558823912163 ], [ 22.446735456439821, 44.925341957617967 ], [ 22.446656777454507, 44.925064179840192 ], [ 22.44647748306236, 44.924942161940251 ], [ 22.446389199803658, 44.924786402062409 ], [ 22.446264343176413, 44.924508624284634 ], [ 22.446199705284581, 44.924441946764105 ], [ 22.445931594173235, 44.924230846506859 ], [ 22.445921927506802, 44.924224708372847 ], [ 22.445644149729024, 44.923995479246685 ], [ 22.445599652058071, 44.923953068729084 ], [ 22.445366371951248, 44.923676568875266 ], [ 22.445364911859809, 44.923675290951302 ], [ 22.44508859417347, 44.92349708016507 ], [ 22.444863603784384, 44.923397513173526 ], [ 22.444810816395691, 44.923359826120013 ], [ 22.444533038617912, 44.923220638833172 ], [ 22.44438240470382, 44.923119735395744 ], [ 22.444255260840137, 44.923029947010754 ], [ 22.443977483062358, 44.922902693542255 ], [ 22.443873752479288, 44.922841957617969 ], [ 22.44369970528458, 44.922702092450514 ], [ 22.443541778859363, 44.922564179840187 ], [ 22.443421927506801, 44.922447269600411 ], [ 22.443322340378803, 44.922286402062412 ], [ 22.443231094272051, 44.922008624284636 ], [ 22.443191210617318, 44.921730846506854 ], [ 22.443144149729026, 44.921495571823861 ], [ 22.443124575693023, 44.921453068729079 ], [ 22.442866371951247, 44.921241087914979 ], [ 22.442840381433417, 44.921175290951297 ], [ 22.442588594173468, 44.920974683412794 ], [ 22.442414767281505, 44.920897513173522 ], [ 22.442310816395693, 44.920825726391691 ], [ 22.442067173829315, 44.920619735395746 ], [ 22.442033038617915, 44.92058685572114 ], [ 22.441755260840136, 44.920344149144931 ], [ 22.441752745983528, 44.920341957617964 ], [ 22.441477483062357, 44.920106069269977 ], [ 22.441414408148891, 44.920064179840189 ] ] } },
{ "type": "Feature", "properties": { "rank": 1, "lake_id": 1360316, "elevation_m": 250.0 }, "geometry": { "type": "LineString", "coordinates": [ [ 22.474178877312159, 44.955619735395743 ], [ 22.474255260840135, 44.955417671196713 ], [ 22.474293562184162, 44.955341957617968 ], [ 22.474413043342107, 44.955064179840193 ], [ 22.474472594985162, 44.954786402062417 ], [ 22.474518868948142, 44.954508624284642 ], [ 22.474533038617913, 44.954465222019294 ], [ 22.474664663727172, 44.954230846506853 ], [ 22.474667071449982, 44.953953068729078 ], [ 22.474739788093721, 44.953675290951303 ], [ 22.474665264663095, 44.95339751317352 ], [ 22.474533038617913, 44.953311621838154 ], [ 22.474255260840135, 44.953261703945671 ], [ 22.47397748306236, 44.95327532724933 ], [ 22.473699705284581, 44.953324569730093 ], [ 22.473421927506802, 44.95339410486261 ], [ 22.473345299834097, 44.95339751317352 ], [ 22.473144149729023, 44.953407207249811 ], [ 22.473052056555481, 44.95339751317352 ], [ 22.472866371951248, 44.953380057243955 ], [ 22.47258859417347, 44.953318282006492 ], [ 22.472310816395691, 44.95325619139868 ], [ 22.472033038617912, 44.953186492537419 ], [ 22.471755260840137, 44.953131024372539 ], [ 22.47169422084249, 44.953119735395752 ], [ 22.471477483062358, 44.953046432883461 ], [ 22.47119970528458, 44.952963587505899 ], [ 22.470921927506801, 44.952881180438887 ], [ 22.470885048916294, 44.95284195761797 ], [ 22.470803510316365, 44.952564179840188 ], [ 22.470644149729026, 44.952396623109124 ], [ 22.47053970319179, 44.952286402062413 ], [ 22.470366371951247, 44.952121060521108 ], [ 22.47025333206232, 44.952008624284645 ], [ 22.470088594173472, 44.951822417296988 ], [ 22.470013488366142, 44.951730846506848 ], [ 22.469864489927602, 44.95145306872908 ], [ 22.469810816395693, 44.95135066290532 ], [ 22.46972894423449, 44.951175290951298 ], [ 22.469533038617914, 44.950903330877985 ], [ 22.469529165429531, 44.950897513173523 ], [ 22.469295923432224, 44.950619735395748 ], [ 22.469255260840136, 44.950578601368399 ], [ 22.468977483062357, 44.950348714945946 ], [ 22.468968099073159, 44.950341957617965 ], [ 22.468699705284582, 44.950152643662676 ], [ 22.468488148972909, 44.95006417984019 ], [ 22.468421927506803, 44.950019305370624 ], [ 22.468144149729024, 44.949872996541444 ], [ 22.467866371951246, 44.949786635315128 ], [ 22.467865768039349, 44.949786402062415 ], [ 22.467588594173471, 44.949634417985791 ], [ 22.467371781430799, 44.949508624284633 ], [ 22.467310816395692, 44.949454608012005 ], [ 22.467134056167101, 44.949230846506858 ], [ 22.467033038617913, 44.949119618293459 ], [ 22.46684390799135, 44.948953068729075 ], [ 22.466755260840134, 44.948893486888707 ], [ 22.466477483062359, 44.948851289447909 ], [ 22.466199705284581, 44.948848485626563 ], [ 22.465921927506802, 44.948845061114746 ], [ 22.465644149729023, 44.948871764275637 ], [ 22.465399399919246, 44.948953068729075 ], [ 22.465366371951252, 44.948968091400992 ], [ 22.465088594173469, 44.949092959475429 ], [ 22.464810816395691, 44.949182300753577 ], [ 22.464533038617915, 44.949178390628553 ], [ 22.464381796104917, 44.948953068729075 ], [ 22.464506903410363, 44.9486752909513 ], [ 22.464533038617919, 44.948648378197305 ], [ 22.464770113864841, 44.948397513173525 ], [ 22.464810816395691, 44.948379474247012 ], [ 22.465088594173469, 44.94830564587155 ], [ 22.465366371951248, 44.948197777998367 ], [ 22.465512230634484, 44.948119735395743 ], [ 22.465644149729023, 44.947946687876232 ], [ 22.465713279808309, 44.947841957617968 ], [ 22.465658372828482, 44.947564179840192 ], [ 22.465644149729023, 44.947538744911256 ], [ 22.465527381090627, 44.94728640206241 ], [ 22.465366371951248, 44.947111466017731 ], [ 22.465262052225761, 44.947008624284635 ], [ 22.465088594173469, 44.946839756037804 ], [ 22.46495702357867, 44.94673084650686 ], [ 22.464810816395691, 44.946564991867383 ], [ 22.464678509208653, 44.946453068729078 ], [ 22.464732744041982, 44.946175290951302 ], [ 22.464747322936738, 44.94589751317352 ], [ 22.46472120306904, 44.945619735395745 ], [ 22.46467588385665, 44.94534195761797 ], [ 22.464599217973817, 44.945064179840188 ], [ 22.464533523581647, 44.944786402062412 ], [ 22.464533038617915, 44.944767606259653 ], [ 22.464528961422154, 44.944508624284637 ], [ 22.464533038617919, 44.944485652082271 ], [ 22.464612232855806, 44.944230846506855 ], [ 22.464721927588585, 44.94395306872908 ], [ 22.464810816395691, 44.943763449911906 ], [ 22.464869869566137, 44.943675290951298 ], [ 22.465003973803668, 44.943397513173522 ], [ 22.465088594173469, 44.943252937332041 ], [ 22.465136268620949, 44.943119735395747 ], [ 22.465189574516941, 44.942841957617965 ], [ 22.465099372303712, 44.94256417984019 ], [ 22.465088594173469, 44.942447253726669 ], [ 22.465069149680197, 44.942286402062415 ], [ 22.465031108511333, 44.942008624284632 ], [ 22.465016012917442, 44.941730846506857 ], [ 22.464949249198444, 44.941453068729082 ], [ 22.464810816395691, 44.941243296697174 ], [ 22.464720437889579, 44.9411752909513 ], [ 22.464533038617915, 44.941069596368401 ], [ 22.464255260840137, 44.940964739126336 ], [ 22.464093349435501, 44.940897513173525 ], [ 22.463977483062358, 44.940852321482545 ], [ 22.463699705284579, 44.940733262096273 ], [ 22.463493713769434, 44.940619735395742 ], [ 22.463421927506804, 44.940581834112344 ], [ 22.463144149729025, 44.940526770794037 ], [ 22.462866371951247, 44.940483342659448 ], [ 22.462588594173468, 44.940362758366305 ], [ 22.462458960278706, 44.940341957617967 ], [ 22.462310816395693, 44.940324072790844 ], [ 22.462180338763545, 44.940341957617967 ], [ 22.462033038617918, 44.940358593582069 ], [ 22.461755260840135, 44.940407101400709 ], [ 22.461477483062357, 44.94044034801189 ], [ 22.461199705284582, 44.940464178747014 ], [ 22.460968946190437, 44.940341957617967 ], [ 22.460921927506803, 44.940174197308728 ], [ 22.46084953307275, 44.940064179840192 ], [ 22.460644149729024, 44.940029725453989 ], [ 22.460366371951245, 44.939997142987743 ], [ 22.46008859417347, 44.939923405706303 ], [ 22.459810816395692, 44.939796151210317 ], [ 22.45979767138974, 44.93978640206241 ], [ 22.459533038617913, 44.939600827046945 ], [ 22.459332874730624, 44.939508624284635 ], [ 22.459255260840138, 44.939471589387217 ], [ 22.458977483062359, 44.939385490180804 ], [ 22.45879833265429, 44.93923084650686 ], [ 22.45869970528458, 44.93914173773053 ], [ 22.458430767872738, 44.938953068729077 ], [ 22.458421927506802, 44.93894734593141 ], [ 22.458144149729026, 44.93888613690239 ], [ 22.457866371951248, 44.938910294198571 ], [ 22.457588594173469, 44.938944768531179 ], [ 22.457559232683483, 44.938953068729077 ], [ 22.45731081639569, 44.939018531426015 ], [ 22.457033038617915, 44.939079042316159 ], [ 22.456755260840133, 44.939029122473166 ], [ 22.456539363406268, 44.938953068729077 ], [ 22.456477483062358, 44.938926401884139 ], [ 22.456199705284579, 44.938835869698224 ], [ 22.455921927506804, 44.938771422799022 ], [ 22.455644149729025, 44.938694556027635 ], [ 22.455589713795739, 44.938675290951302 ], [ 22.455644149729025, 44.938640480396693 ], [ 22.455921927506804, 44.938440100769093 ], [ 22.455969286665947, 44.93839751317352 ], [ 22.456199705284579, 44.938340530694724 ], [ 22.456477483062358, 44.938321377083113 ], [ 22.456755260840136, 44.93829556474693 ], [ 22.457033038617915, 44.938209392838296 ], [ 22.457179259234458, 44.938119735395745 ], [ 22.45731081639569, 44.937938908517069 ], [ 22.457378438145881, 44.93784195761797 ], [ 22.457448059265712, 44.937564179840187 ], [ 22.457437045408351, 44.937286402062412 ], [ 22.457588594173469, 44.937065114090117 ], [ 22.457613548872246, 44.937008624284637 ], [ 22.45768382353452, 44.936730846506855 ], [ 22.457698629476354, 44.93645306872908 ], [ 22.457652688262769, 44.936175290951297 ], [ 22.457600352831122, 44.935897513173522 ], [ 22.457588594173469, 44.935710913118733 ], [ 22.457582243938983, 44.935619735395747 ], [ 22.457588594173465, 44.935584019478455 ], [ 22.45762406364581, 44.935341957617965 ], [ 22.457588594173469, 44.935183133850728 ], [ 22.457545664451718, 44.93506417984019 ], [ 22.457324404152459, 44.934786402062414 ], [ 22.45731081639569, 44.934772814305646 ], [ 22.457033038617919, 44.934625872927334 ], [ 22.456755260840136, 44.934517226174087 ], [ 22.456697543142646, 44.934508624284632 ], [ 22.456477483062358, 44.934472526514163 ], [ 22.456199705284579, 44.934442815535832 ], [ 22.455921927506804, 44.93442747312308 ], [ 22.455644149729025, 44.934446798360916 ], [ 22.455366371951246, 44.934444595759047 ], [ 22.455088594173468, 44.934403043071711 ], [ 22.454810816395693, 44.934290758811358 ], [ 22.45467152653746, 44.934230846506857 ], [ 22.454533038617914, 44.934180089937882 ], [ 22.454255260840135, 44.934085091856055 ], [ 22.453977483062356, 44.93402359667963 ], [ 22.453699705284581, 44.934019371827866 ], [ 22.453421927506803, 44.934089133091383 ], [ 22.45324037237641, 44.934230846506864 ], [ 22.453144149729024, 44.934403282564489 ], [ 22.453081340046324, 44.934508624284632 ], [ 22.452866371951249, 44.934686249090866 ], [ 22.45258859417347, 44.934620196909897 ], [ 22.452310816395691, 44.934517312363297 ], [ 22.452289967006738, 44.934508624284632 ], [ 22.452033038617913, 44.934418919720109 ], [ 22.451755260840137, 44.934381272138459 ], [ 22.451477483062359, 44.934426720384764 ], [ 22.451358723320709, 44.934508624284632 ], [ 22.451217234616557, 44.934786402062414 ], [ 22.451329878496175, 44.93506417984019 ], [ 22.451319036030682, 44.935341957617965 ], [ 22.45119970528458, 44.935534227272832 ], [ 22.450921927506801, 44.935378717927087 ], [ 22.450889088710138, 44.935341957617965 ], [ 22.45064414972903, 44.9351243522255 ], [ 22.450592619144796, 44.93506417984019 ], [ 22.450434563440037, 44.934786402062414 ], [ 22.450376432959292, 44.934508624284632 ], [ 22.450366371951247, 44.934397754365051 ], [ 22.450353255178811, 44.934230846506857 ], [ 22.450180802212643, 44.933953068729082 ], [ 22.450088594173469, 44.933900061423259 ], [ 22.44981081639569, 44.933814663223799 ], [ 22.449533038617915, 44.933731621691955 ], [ 22.449436855984501, 44.933675290951307 ], [ 22.449255260840136, 44.933569489084597 ], [ 22.448977483062357, 44.933413001992072 ], [ 22.448956853360432, 44.933397513173531 ], [ 22.448699705284579, 44.933200668810315 ], [ 22.448580674102342, 44.933119735395742 ], [ 22.448436663530646, 44.932841957617967 ], [ 22.448421927506804, 44.932804011941307 ], [ 22.448347825041168, 44.932564179840192 ], [ 22.448197407140078, 44.93228640206241 ], [ 22.448144149729025, 44.932018629877412 ], [ 22.448142626756795, 44.932008624284641 ], [ 22.448144149729025, 44.932001195257392 ], [ 22.448234597208771, 44.931730846506859 ], [ 22.448323696261809, 44.931453068729077 ], [ 22.448421927506804, 44.931286449120783 ], [ 22.448540176273049, 44.931175290951302 ], [ 22.448421927506804, 44.931032249932947 ], [ 22.448144149729021, 44.93100530519451 ], [ 22.447866371951246, 44.931105469122535 ], [ 22.447663983935097, 44.931175290951302 ], [ 22.447588594173475, 44.93121435903825 ], [ 22.447310816395692, 44.931280645494603 ], [ 22.447221816197935, 44.931175290951302 ], [ 22.447256367888098, 44.93089751317352 ], [ 22.447292970186759, 44.930619735395737 ], [ 22.447310816395692, 44.930595267852823 ], [ 22.447588594173471, 44.930356551264495 ], [ 22.447611587264532, 44.930341957617969 ], [ 22.447619512321623, 44.930064179840187 ], [ 22.447588594173471, 44.930040883343736 ], [ 22.447310816395692, 44.929796244896004 ], [ 22.447292762420183, 44.929786402062412 ], [ 22.447033038617914, 44.929642984249007 ], [ 22.446841308600487, 44.929508624284637 ], [ 22.446755260840135, 44.929454780715339 ], [ 22.446483313840371, 44.929230846506854 ], [ 22.44647748306236, 44.929225313282558 ], [ 22.446199705284581, 44.92901458094196 ], [ 22.446131907183716, 44.928953068729086 ], [ 22.445921927506802, 44.928733924691841 ], [ 22.445741335004058, 44.928675290951304 ], [ 22.445644149729024, 44.928646857058467 ], [ 22.445366371951248, 44.928650057735176 ], [ 22.44508859417347, 44.928613009439381 ], [ 22.444810816395691, 44.928507843637703 ], [ 22.444602791042282, 44.928397513173522 ], [ 22.444810816395691, 44.928264742126451 ], [ 22.444949911595319, 44.928119735395747 ], [ 22.445041292788911, 44.927841957617964 ], [ 22.445014778432512, 44.927564179840189 ], [ 22.444931267239646, 44.927286402062414 ], [ 22.444972115333133, 44.927008624284632 ], [ 22.445024004688637, 44.926730846506864 ], [ 22.44508859417347, 44.926470184271452 ], [ 22.445091769374422, 44.926453068729082 ], [ 22.445263939386805, 44.926175290951299 ], [ 22.445366371951248, 44.926034147136207 ], [ 22.44549253262436, 44.925897513173524 ], [ 22.445642169470826, 44.925619735395749 ], [ 22.445567114805694, 44.925341957617967 ], [ 22.445526515125966, 44.925064179840192 ], [ 22.445384317267077, 44.924786402062409 ], [ 22.445366371951248, 44.924760108973544 ], [ 22.4452198349165, 44.924508624284634 ], [ 22.445088594173466, 44.924306716625885 ], [ 22.445021597368022, 44.924230846506859 ], [ 22.444810816395691, 44.924092009652611 ], [ 22.444533038617912, 44.92400716310614 ], [ 22.444255260840137, 44.923984375694289 ], [ 22.44412329834509, 44.923953068729077 ], [ 22.443977483062358, 44.923893022788818 ], [ 22.443699705284576, 44.923685590472822 ], [ 22.443689201171161, 44.923675290951302 ], [ 22.443421927506801, 44.923473831630261 ], [ 22.443324125870134, 44.923397513173526 ], [ 22.443144149729026, 44.923270393685463 ], [ 22.442940916693495, 44.923119735395744 ], [ 22.442866371951247, 44.92307286928493 ], [ 22.442588594173468, 44.922957224609327 ], [ 22.442322522472871, 44.922841957617969 ], [ 22.442310816395693, 44.922836878210603 ], [ 22.442033038617915, 44.922687374443122 ], [ 22.441755260840136, 44.92260018515946 ], [ 22.441648983539395, 44.922564179840187 ], [ 22.441477483062357, 44.922505563111464 ], [ 22.441199705284582, 44.922469870947737 ], [ 22.440921927506803, 44.922468380273649 ], [ 22.440644149729025, 44.922515933515349 ], [ 22.440366371951246, 44.92254752981006 ], [ 22.440088594173471, 44.922391336807578 ], [ 22.440044006254436, 44.922286402062412 ], [ 22.4399022911788, 44.922008624284636 ], [ 22.439979987357148, 44.921730846506854 ], [ 22.440088594173471, 44.921666941997962 ], [ 22.440366371951246, 44.92156219816615 ], [ 22.440644149729025, 44.921546287686795 ], [ 22.440921927506803, 44.921548617402202 ], [ 22.441199705284582, 44.921544746446848 ], [ 22.441403846167702, 44.921453068729079 ], [ 22.441253040722611, 44.921175290951304 ], [ 22.441199705284582, 44.921126287549086 ], [ 22.440921927506803, 44.920900549962667 ], [ 22.440917894657414, 44.920897513173522 ], [ 22.440644149729025, 44.920697681920529 ], [ 22.440536686776564, 44.920619735395746 ], [ 22.440366371951246, 44.920538155877423 ], [ 22.440088594173471, 44.920460829107675 ], [ 22.439823173321788, 44.920341957617964 ], [ 22.439810816395692, 44.920330454688468 ], [ 22.439637492503639, 44.920064179840189 ] ] } },
{ "type": "Feature", "properties": { "rank": 1, "lake_id": 1360316, "elevation_m": 250.0 }, "geometry": { "type": "LineString", "coordinates": [ [ 22.450175541846665, 44.93228640206241 ], [ 22.450366371951247, 44.932364595372448 ], [ 22.450644149729026, 44.932359603251662 ], [ 22.450921927506801, 44.932348540141206 ], [ 22.451184028017124, 44.93228640206241 ], [ 22.45119970528458, 44.932276923939121 ], [ 22.451477483062359, 44.932121431278702 ], [ 22.451755260840137, 44.932050772846772 ], [ 22.451853383759577, 44.932008624284634 ], [ 22.452033038617913, 44.931931538754021 ], [ 22.452310816395691, 44.931736213840395 ], [ 22.452318629424131, 44.931730846506859 ], [ 22.452310816395691, 44.931653395403906 ], [ 22.452292068575307, 44.931453068729077 ], [ 22.452234003750721, 44.931175290951302 ], [ 22.452033038617913, 44.93092743511118 ], [ 22.451755260840137, 44.930907129037315 ], [ 22.451477483062359, 44.931099537965018 ], [ 22.451410059470106, 44.931175290951302 ], [ 22.45119970528458, 44.93143330057849 ], [ 22.451180692593812, 44.931453068729077 ], [ 22.450925449560273, 44.931730846506859 ], [ 22.450921927506801, 44.931737226826819 ], [ 22.450644149729026, 44.931839708674175 ], [ 22.450366371951247, 44.931928697394333 ], [ 22.450301643139341, 44.932008624284634 ], [ 22.450175541846665, 44.93228640206241 ] ] } },
{ "type": "Feature", "properties": { "rank": 1, "lake_id": 1360316, "elevation_m": 250.0 }, "geometry": { "type": "LineString", "coordinates": [ [ 22.443759930756414, 44.920064179840189 ], [ 22.443977483062358, 44.920091453579538 ], [ 22.444255260840137, 44.92012292734956 ], [ 22.444533038617912, 44.920178230329739 ], [ 22.444810816395691, 44.920220733541505 ], [ 22.44508859417347, 44.920304812362701 ], [ 22.445183247894775, 44.920341957617964 ], [ 22.445366371951248, 44.920415484003108 ], [ 22.445644149729024, 44.920493247300506 ], [ 22.445921927506802, 44.92057948035265 ], [ 22.446098380947209, 44.920619735395746 ], [ 22.445921927506802, 44.920732520321778 ], [ 22.445753205987327, 44.920897513173522 ], [ 22.445644149729024, 44.92094643064339 ], [ 22.445366371951248, 44.921097972782455 ], [ 22.445299149919862, 44.921175290951304 ], [ 22.445366371951248, 44.921255352579962 ], [ 22.445503490793964, 44.921453068729079 ], [ 22.445644149729024, 44.921590441272222 ], [ 22.445772544706337, 44.921730846506847 ], [ 22.445921927506802, 44.921952454807915 ], [ 22.4459846334953, 44.922008624284636 ], [ 22.446199705284581, 44.922160390319313 ], [ 22.446435097142388, 44.922286402062412 ], [ 22.44647748306236, 44.9223043164655 ], [ 22.446755260840135, 44.922335425710429 ], [ 22.447033038617914, 44.922324494676467 ], [ 22.447310816395692, 44.922324346813383 ], [ 22.447588594173471, 44.922316351260875 ], [ 22.447866371951246, 44.922342723536786 ], [ 22.448144149729025, 44.922380779866842 ], [ 22.448421927506804, 44.922370019395096 ], [ 22.448699705284579, 44.922328998153816 ], [ 22.448823699460714, 44.922286402062412 ], [ 22.448977483062354, 44.922226141448633 ], [ 22.449218224498697, 44.922008624284636 ], [ 22.449255260840136, 44.921979552556486 ], [ 22.449533038617915, 44.921805483258758 ], [ 22.449684244077577, 44.922008624284636 ], [ 22.449621603070756, 44.922286402062412 ], [ 22.449533038617915, 44.922474055660139 ], [ 22.449467051050195, 44.922564179840187 ], [ 22.449255260840136, 44.922785637702717 ], [ 22.449222489036952, 44.922841957617969 ], [ 22.448977483062357, 44.923088456503294 ], [ 22.448935239704944, 44.923119735395744 ], [ 22.448767691563489, 44.923397513173526 ], [ 22.448699705284579, 44.923562120854079 ], [ 22.448561013558436, 44.923675290951302 ], [ 22.448699705284579, 44.923902590887863 ], [ 22.448723408923019, 44.923953068729077 ], [ 22.448699705284582, 44.923994033416719 ], [ 22.448421927506804, 44.92418741474274 ], [ 22.448410060866376, 44.924230846506859 ], [ 22.448421927506804, 44.924481363080623 ], [ 22.448424131507416, 44.924508624284634 ], [ 22.448421927506804, 44.924538062658584 ], [ 22.448411352591933, 44.924786402062409 ], [ 22.448421927506804, 44.924797574691254 ], [ 22.448547401333542, 44.925064179840192 ], [ 22.448421927506804, 44.92533056151202 ], [ 22.448410369416621, 44.925341957617967 ], [ 22.448207012804438, 44.925619735395742 ], [ 22.448240708956551, 44.925897513173524 ], [ 22.448144149729025, 44.925954317813137 ], [ 22.447866371951246, 44.926106935421998 ], [ 22.447822502628124, 44.926175290951299 ], [ 22.447864923266838, 44.926453068729082 ], [ 22.44763205372972, 44.926730846506857 ], [ 22.447588594173471, 44.926772953709843 ], [ 22.447370763340217, 44.927008624284632 ], [ 22.44751864509373, 44.927286402062414 ], [ 22.447310816395692, 44.927522080337951 ], [ 22.44728313572254, 44.927564179840189 ], [ 22.447310816395689, 44.927825627378127 ], [ 22.447312852879147, 44.927841957617964 ], [ 22.447588594173471, 44.927963301063883 ], [ 22.447866371951246, 44.928117494872957 ], [ 22.447868980447314, 44.928119735395747 ], [ 22.448117457490945, 44.928397513173522 ], [ 22.448144149729025, 44.928416240359354 ], [ 22.448421927506804, 44.928561188885332 ], [ 22.448670222519198, 44.928675290951304 ], [ 22.448699705284579, 44.928689596066938 ], [ 22.448977483062357, 44.928743686642619 ], [ 22.449255260840136, 44.928711217602839 ], [ 22.449533038617915, 44.928771779755849 ], [ 22.44981081639569, 44.928847216339122 ], [ 22.450088594173469, 44.928910110272078 ], [ 22.450177724917527, 44.928953068729072 ], [ 22.450366371951247, 44.929066592582885 ], [ 22.450644149729026, 44.929199033271715 ], [ 22.450732742853759, 44.929230846506854 ], [ 22.450921927506801, 44.929266959379667 ], [ 22.45119970528458, 44.929349171282468 ], [ 22.451477483062362, 44.929507268481636 ], [ 22.45147999366435, 44.929508624284637 ], [ 22.451629555142826, 44.929786402062412 ], [ 22.451755260840137, 44.929949649757326 ], [ 22.451953970929353, 44.930064179840187 ], [ 22.452033038617916, 44.930329244573265 ], [ 22.452036899418225, 44.930341957617969 ], [ 22.452033038617913, 44.930568762906027 ], [ 22.452031122153844, 44.930619735395744 ], [ 22.452033038617913, 44.93062645058405 ], [ 22.452310816395691, 44.930700963301753 ], [ 22.45258859417347, 44.930734862564336 ], [ 22.452866371951249, 44.930736114825663 ], [ 22.453144149729024, 44.930751442075284 ], [ 22.453421927506803, 44.930741586510756 ], [ 22.453699705284581, 44.930712332325136 ], [ 22.453977483062356, 44.93071582660496 ], [ 22.454255260840135, 44.930759252282748 ], [ 22.454533038617917, 44.930832075858291 ], [ 22.454707354482842, 44.93089751317352 ], [ 22.454810816395693, 44.93092995586521 ], [ 22.455088594173468, 44.93100273704998 ], [ 22.455366371951246, 44.931061456123295 ], [ 22.455606135932769, 44.931175290951302 ], [ 22.455644149729025, 44.931195616346187 ], [ 22.455921927506804, 44.931394322926558 ], [ 22.455974139095225, 44.931453068729077 ], [ 22.456199705284579, 44.931611827405092 ], [ 22.456356682174299, 44.931730846506859 ], [ 22.456477483062358, 44.931837954508033 ], [ 22.456755260840133, 44.931975160427264 ], [ 22.456806486008169, 44.932008624284641 ], [ 22.457033038617915, 44.932129958506287 ], [ 22.45731081639569, 44.932231416776808 ], [ 22.457496749093124, 44.93228640206241 ], [ 22.457588594173469, 44.932318327405788 ], [ 22.457866371951244, 44.932436102418066 ], [ 22.458114223599924, 44.932564179840192 ], [ 22.458019815907271, 44.932841957617967 ], [ 22.458144149729026, 44.932944768170373 ], [ 22.458421927506805, 44.933052498472982 ], [ 22.458699705284584, 44.933083148397593 ], [ 22.458977483062359, 44.93305434341638 ], [ 22.459255260840138, 44.933012798334076 ], [ 22.459525323299069, 44.933119735395742 ], [ 22.459447497972608, 44.933397513173524 ], [ 22.45930686442162, 44.9336752909513 ], [ 22.459255260840138, 44.933939973696809 ], [ 22.459251334110519, 44.933953068729082 ], [ 22.459255260840138, 44.933958600523908 ], [ 22.459454266578881, 44.934230846506857 ], [ 22.459533038617913, 44.93430559506389 ], [ 22.459743753065116, 44.934508624284632 ], [ 22.459810816395692, 44.934567729036907 ], [ 22.460044902308656, 44.934786402062414 ], [ 22.46008859417347, 44.934814202354595 ], [ 22.460366371951245, 44.934926831195305 ], [ 22.460644149729024, 44.935024909319417 ], [ 22.460706186480564, 44.93506417984019 ], [ 22.460689418924503, 44.935341957617965 ], [ 22.460644149729024, 44.935540825543086 ], [ 22.460623777326202, 44.935619735395747 ], [ 22.460579958237023, 44.935897513173522 ], [ 22.460644149729024, 44.936077193077303 ], [ 22.460683666891306, 44.936175290951297 ], [ 22.460763209352518, 44.93645306872908 ], [ 22.460840708699642, 44.936730846506855 ], [ 22.460921927506803, 44.936816066406585 ], [ 22.461040997040392, 44.937008624284637 ], [ 22.461199705284582, 44.93715317719645 ], [ 22.461363764619644, 44.937286402062412 ], [ 22.461477483062357, 44.937402359077005 ], [ 22.461635429247643, 44.937564179840187 ], [ 22.461753700173681, 44.93784195761797 ], [ 22.461755260840135, 44.937843510368744 ], [ 22.462021326730095, 44.938119735395745 ], [ 22.462033038617914, 44.938127497155413 ], [ 22.462310816395693, 44.938207637040293 ], [ 22.462588594173468, 44.938277021161682 ], [ 22.462866371951247, 44.938348987332709 ], [ 22.463084524739088, 44.93839751317352 ], [ 22.463144149729025, 44.938404952456956 ], [ 22.463185529946468, 44.93839751317352 ], [ 22.463421927506804, 44.938312127404082 ], [ 22.463699705284583, 44.938272130942671 ], [ 22.463977483062358, 44.938288772483546 ], [ 22.464255260840137, 44.938312474360977 ], [ 22.464533038617915, 44.938357132041993 ], [ 22.464628561602272, 44.93839751317352 ], [ 22.464810816395691, 44.938455611833291 ], [ 22.465088594173473, 44.938568575408503 ], [ 22.465320678388668, 44.938675290951302 ], [ 22.465366371951248, 44.938693929419202 ], [ 22.465644149729023, 44.938820037777298 ], [ 22.465921927506802, 44.938939869112104 ], [ 22.465952419927394, 44.938953068729084 ], [ 22.466199705284581, 44.939061277991939 ], [ 22.466477483062359, 44.939178286131309 ], [ 22.466537574599471, 44.93923084650686 ], [ 22.466690720221461, 44.939508624284635 ], [ 22.466755260840134, 44.939635058193062 ], [ 22.466831444850001, 44.93978640206241 ], [ 22.467033038617913, 44.940009067891786 ], [ 22.467079359614399, 44.940064179840185 ], [ 22.467301819393498, 44.940341957617967 ], [ 22.467310816395692, 44.940357312467775 ], [ 22.467490092613705, 44.940619735395742 ], [ 22.467552648878076, 44.940897513173525 ], [ 22.467571899901674, 44.9411752909513 ], [ 22.467588594173471, 44.941249409205469 ], [ 22.46763593763961, 44.941453068729082 ], [ 22.46778669169024, 44.941730846506857 ], [ 22.467866371951246, 44.941954302186353 ], [ 22.467883964148914, 44.942008624284632 ], [ 22.46790677195289, 44.942286402062408 ], [ 22.467937190225406, 44.94256417984019 ], [ 22.468002207720332, 44.942841957617965 ], [ 22.46803887466351, 44.943119735395747 ], [ 22.467968313869601, 44.943397513173522 ], [ 22.467866371951246, 44.943646986725504 ], [ 22.467854409591347, 44.943675290951298 ], [ 22.467838625959377, 44.94395306872908 ], [ 22.467725400180019, 44.944230846506855 ], [ 22.467588594173471, 44.944409893511647 ], [ 22.467521340784547, 44.944508624284637 ], [ 22.467406778682118, 44.944786402062412 ], [ 22.467382011080481, 44.945064179840188 ], [ 22.467370311657135, 44.94534195761797 ], [ 22.467310816395692, 44.945614097616819 ], [ 22.467308912273484, 44.945619735395745 ], [ 22.467234770985336, 44.94589751317352 ], [ 22.467186074255974, 44.946175290951302 ], [ 22.467126541974007, 44.946453068729078 ], [ 22.467158314169382, 44.94673084650686 ], [ 22.467225696929852, 44.947008624284635 ], [ 22.467310816395692, 44.947183348494733 ], [ 22.467350284114588, 44.94728640206241 ], [ 22.467543100184731, 44.947564179840192 ], [ 22.467588594173471, 44.947620456778253 ], [ 22.467713427959275, 44.94784195761796 ], [ 22.467866371951246, 44.947997862234196 ], [ 22.467945641065221, 44.948119735395743 ], [ 22.468123026831602, 44.948397513173525 ], [ 22.468144149729024, 44.948424530640445 ], [ 22.468326504365614, 44.9486752909513 ], [ 22.468421927506803, 44.948766509844674 ], [ 22.468676126798865, 44.948953068729075 ], [ 22.468699705284582, 44.948968617953327 ], [ 22.468977483062357, 44.949168415420722 ], [ 22.469067745827626, 44.949230846506858 ], [ 22.469255260840136, 44.949377471779634 ], [ 22.469473512805571, 44.949508624284633 ], [ 22.469533038617914, 44.949543059155488 ], [ 22.469810816395693, 44.949706420404823 ], [ 22.469923297177115, 44.949786402062415 ], [ 22.470088594173468, 44.94991477641284 ], [ 22.470281616707958, 44.95006417984019 ], [ 22.470366371951247, 44.95013076890006 ], [ 22.470633069315795, 44.950341957617965 ], [ 22.470644149729026, 44.950353311907143 ], [ 22.470921927506801, 44.950611889065407 ], [ 22.470933043867213, 44.950619735395748 ], [ 22.47119970528458, 44.950805841846751 ], [ 22.471337563126394, 44.950897513173523 ], [ 22.471477483062358, 44.951016787465804 ], [ 22.471646715800723, 44.951175290951298 ], [ 22.471755260840137, 44.951293212920973 ], [ 22.471952312472247, 44.95145306872908 ], [ 22.472033038617912, 44.951547853258838 ], [ 22.472199508141774, 44.951730846506855 ], [ 22.472310816395691, 44.95179468902947 ], [ 22.47258859417347, 44.951898076490849 ], [ 22.472866371951248, 44.95196584891255 ], [ 22.473144149729023, 44.951947891222666 ], [ 22.473421927506802, 44.951943634865152 ], [ 22.473699705284581, 44.951944236387696 ], [ 22.47397748306236, 44.951929031735411 ], [ 22.474255260840135, 44.951842284743407 ], [ 22.474533038617913, 44.951820142771801 ], [ 22.474810816395692, 44.951888717596496 ], [ 22.475087389115458, 44.952008624284638 ], [ 22.475088594173471, 44.952009504705579 ], [ 22.475366371951246, 44.952248197834322 ], [ 22.47541664802257, 44.952286402062413 ], [ 22.475644149729025, 44.952447025046382 ], [ 22.475895062408895, 44.952564179840188 ], [ 22.475921927506803, 44.952576685339402 ], [ 22.476199705284582, 44.952686872052197 ], [ 22.47639866753455, 44.95284195761797 ], [ 22.476477483062357, 44.952953689844335 ], [ 22.476584042872844, 44.953119735395745 ], [ 22.476614259728429, 44.95339751317352 ], [ 22.476522654442949, 44.953675290951303 ], [ 22.476477483062357, 44.953831710578619 ], [ 22.476425455749993, 44.953953068729078 ], [ 22.476477483062357, 44.954221106012326 ], [ 22.476478926941347, 44.954230846506853 ], [ 22.476477483062357, 44.954246643590459 ], [ 22.476445235615287, 44.954508624284635 ], [ 22.476326211148006, 44.95478640206241 ], [ 22.476199705284582, 44.955034583547949 ], [ 22.476183202446958, 44.955064179840193 ], [ 22.475998752066729, 44.955341957617968 ], [ 22.475921927506803, 44.955485822794323 ], [ 22.475836507159315, 44.955619735395743 ] ] } },
{ "type": "Feature", "properties": { "rank": 1, "lake_id": 1360316, "elevation_m": 300.0 }, "geometry": { "type": "LineString", "coordinates": [ [ 22.473132808686628, 44.95561973539575 ], [ 22.473144149729023, 44.955598804746124 ], [ 22.47327513490265, 44.955341957617968 ], [ 22.473378092553766, 44.955064179840193 ], [ 22.473421927506802, 44.954909691345726 ], [ 22.473471330701784, 44.95478640206241 ], [ 22.473523200154947, 44.954508624284635 ], [ 22.473421927506799, 44.954319418533281 ], [ 22.473144149729023, 44.954242307992111 ], [ 22.472921579434029, 44.954230846506853 ], [ 22.472866371951248, 44.954227768266882 ], [ 22.47258859417347, 44.954051469135393 ], [ 22.472477370631406, 44.953953068729085 ], [ 22.472310816395691, 44.953876241826279 ], [ 22.472033038617912, 44.953749904985088 ], [ 22.47187401923242, 44.953675290951303 ], [ 22.471755260840137, 44.953627160116838 ], [ 22.471477483062358, 44.953583082623645 ], [ 22.47119970528458, 44.953604351256899 ], [ 22.470921927506801, 44.953639929532692 ], [ 22.470644149729026, 44.953615772882983 ], [ 22.470369033769536, 44.95339751317352 ], [ 22.470366371951247, 44.953393525998706 ], [ 22.470192540858736, 44.953119735395745 ], [ 22.470088594173468, 44.952973598139238 ], [ 22.47002480516749, 44.95284195761797 ], [ 22.469908276503297, 44.952564179840188 ], [ 22.469810816395693, 44.952463842325287 ], [ 22.469533038617914, 44.952309315492109 ], [ 22.469493690508326, 44.952286402062413 ], [ 22.469255260840136, 44.952066120985741 ], [ 22.469216738295501, 44.952008624284638 ], [ 22.469121936523411, 44.951730846506855 ], [ 22.469035109203656, 44.95145306872908 ], [ 22.468977483062357, 44.951335708756197 ], [ 22.468910125849305, 44.951175290951298 ], [ 22.468699705284582, 44.95090238945901 ], [ 22.468695173851476, 44.950897513173516 ], [ 22.468421927506803, 44.950664001213639 ], [ 22.468352318109332, 44.950619735395748 ], [ 22.468144149729024, 44.950501500889288 ], [ 22.467866371951242, 44.950377252671494 ], [ 22.467803430901402, 44.950341957617965 ], [ 22.467588594173471, 44.950202389250165 ], [ 22.467310816395692, 44.950068190636664 ], [ 22.467301327895424, 44.950064179840183 ], [ 22.467033038617913, 44.949954898658774 ], [ 22.466755260840134, 44.949813594796773 ], [ 22.466690041209102, 44.949786402062415 ], [ 22.466477483062356, 44.949535043692698 ], [ 22.466199705284581, 44.94959191355796 ], [ 22.466067713190725, 44.949786402062415 ], [ 22.465921927506802, 44.94997580749888 ], [ 22.465789555788412, 44.95006417984019 ], [ 22.465644149729023, 44.950101214886836 ], [ 22.46556382189581, 44.95006417984019 ], [ 22.465366371951248, 44.949970811506653 ], [ 22.465088594173469, 44.949831017809068 ], [ 22.464997962502824, 44.949786402062415 ], [ 22.464810816395691, 44.949725522858976 ], [ 22.464533038617915, 44.94966599126608 ], [ 22.464255260840137, 44.94963896777822 ], [ 22.463977483062358, 44.949609052461469 ], [ 22.463699705284579, 44.949586346498862 ], [ 22.463421927506804, 44.949603149777822 ], [ 22.463144149729025, 44.949721010103382 ], [ 22.463028417548308, 44.949786402062415 ], [ 22.462866371951247, 44.949912332832682 ], [ 22.462650406039771, 44.95006417984019 ], [ 22.462588594173464, 44.950112269003014 ], [ 22.46241605261427, 44.950341957617965 ], [ 22.462310816395693, 44.950512810044756 ], [ 22.462033038617914, 44.950615987019248 ], [ 22.461810588344267, 44.950341957617965 ], [ 22.461755260840135, 44.950152154300007 ], [ 22.461661413242297, 44.95006417984019 ], [ 22.461755260840135, 44.950046696090681 ], [ 22.462033038617914, 44.949973684199236 ], [ 22.462291064187006, 44.949786402062415 ], [ 22.462310816395693, 44.949705564670388 ], [ 22.462344674660571, 44.949508624284633 ], [ 22.462571802994212, 44.94923084650685 ], [ 22.462588594173468, 44.949220891104886 ], [ 22.462866371951247, 44.949068385263757 ], [ 22.463033714428796, 44.948953068729075 ], [ 22.463144149729025, 44.948861614386857 ], [ 22.463421927506804, 44.948698897010011 ], [ 22.463447088787451, 44.9486752909513 ], [ 22.463583223635261, 44.948397513173525 ], [ 22.463699705284583, 44.948359409907141 ], [ 22.463977483062358, 44.948178621847752 ], [ 22.464081669425216, 44.948119735395743 ], [ 22.464255260840137, 44.948017542009033 ], [ 22.464533038617915, 44.947968634821294 ], [ 22.464810816395691, 44.947931775577231 ], [ 22.465088594173469, 44.947881593375484 ], [ 22.465136349901631, 44.947841957617968 ], [ 22.465088594173469, 44.947728951336188 ], [ 22.464961806282055, 44.947564179840192 ], [ 22.464810816395691, 44.947382930051226 ], [ 22.464735273786388, 44.947286402062417 ], [ 22.464533038617919, 44.947051934338944 ], [ 22.464490349249605, 44.947008624284628 ], [ 22.46425526084014, 44.946867002684456 ], [ 22.463977483062358, 44.94674124516245 ], [ 22.463961762365091, 44.94673084650686 ], [ 22.463728998215579, 44.946453068729078 ], [ 22.463791472212971, 44.946175290951302 ], [ 22.463957246562401, 44.94589751317352 ], [ 22.463962323840281, 44.945619735395745 ], [ 22.463960968628392, 44.94534195761797 ], [ 22.463942482897096, 44.945064179840188 ], [ 22.463845762682922, 44.944786402062412 ], [ 22.463931648577329, 44.944508624284637 ], [ 22.463977483062358, 44.944446479482501 ], [ 22.464081815539931, 44.944230846506855 ], [ 22.464140893719165, 44.94395306872908 ], [ 22.464090780950848, 44.943675290951298 ], [ 22.464041415410346, 44.943397513173522 ], [ 22.464217268953295, 44.943119735395747 ], [ 22.464255260840137, 44.94302346383612 ], [ 22.464292414111888, 44.942841957617965 ], [ 22.464255260840137, 44.942742139553793 ], [ 22.464161065803737, 44.94256417984019 ], [ 22.463977483062358, 44.942325877600091 ], [ 22.463931159967256, 44.942286402062415 ], [ 22.463771245140936, 44.942008624284632 ], [ 22.463699705284579, 44.941947252476467 ], [ 22.463496096420705, 44.941730846506857 ], [ 22.463421927506804, 44.941679930820804 ], [ 22.463144149729029, 44.94153132842829 ], [ 22.462948217020877, 44.941453068729082 ], [ 22.462866371951247, 44.941413709111096 ], [ 22.462588594173468, 44.941280039013748 ], [ 22.462337727173516, 44.9411752909513 ], [ 22.462310816395693, 44.941164121724491 ], [ 22.462033038617914, 44.941104166420402 ], [ 22.461755260840135, 44.941140723192333 ], [ 22.461596966475398, 44.9411752909513 ], [ 22.461477483062357, 44.94119022615488 ], [ 22.461199705284582, 44.941210674914622 ], [ 22.460921927506803, 44.941238718234629 ], [ 22.460644149729024, 44.941340358683362 ], [ 22.46036998139018, 44.941453068729082 ], [ 22.460366371951245, 44.941454604052737 ], [ 22.460359963769125, 44.941453068729082 ], [ 22.46008859417347, 44.941311791963138 ], [ 22.460031836129584, 44.941175290951307 ], [ 22.459965444280851, 44.940897513173525 ], [ 22.459888809598283, 44.940619735395742 ], [ 22.459810816395692, 44.940563744462722 ], [ 22.459593271138043, 44.940341957617967 ], [ 22.459533038617913, 44.940293857639219 ], [ 22.459261427715209, 44.940064179840192 ], [ 22.459255260840138, 44.94006053692511 ], [ 22.458977483062359, 44.93997581285057 ], [ 22.45869970528458, 44.939803885450608 ], [ 22.458670898466117, 44.93978640206241 ], [ 22.458421927506802, 44.939636937978619 ], [ 22.458144149729026, 44.93957727597904 ], [ 22.457866371951248, 44.939593344405964 ], [ 22.457588594173469, 44.939714868835118 ], [ 22.45731081639569, 44.939785952231155 ], [ 22.457033038617915, 44.939782373241407 ], [ 22.456755260840136, 44.939741141055201 ], [ 22.456477483062358, 44.939628618709449 ], [ 22.456205771490541, 44.939508624284635 ], [ 22.456199705284579, 44.939505946372805 ], [ 22.455921927506804, 44.939376805754101 ], [ 22.455644149729025, 44.939310850710989 ], [ 22.455366371951246, 44.939291609798104 ], [ 22.455088594173468, 44.939383540786302 ], [ 22.454936195778625, 44.939508624284635 ], [ 22.454810816395693, 44.939572605379681 ], [ 22.454533038617914, 44.93974072571541 ], [ 22.454473762491244, 44.93978640206241 ], [ 22.454264276644047, 44.940064179840192 ], [ 22.454255260840132, 44.940079270437039 ], [ 22.454094853209916, 44.940341957617967 ], [ 22.454177188657656, 44.940619735395742 ], [ 22.453977483062356, 44.940871084369469 ], [ 22.453950332877376, 44.940897513173525 ], [ 22.453737763042458, 44.9411752909513 ], [ 22.453699705284585, 44.941225058986689 ], [ 22.453637471368765, 44.9411752909513 ], [ 22.453421927506803, 44.941056606917144 ], [ 22.45335038510262, 44.940897513173525 ], [ 22.453273906889898, 44.940619735395742 ], [ 22.453221998436899, 44.940341957617967 ], [ 22.453144149729024, 44.940212540391023 ], [ 22.453080823730534, 44.940064179840192 ], [ 22.453144149729024, 44.93993156520979 ], [ 22.45324789438175, 44.93978640206241 ], [ 22.453421927506803, 44.939598095164747 ], [ 22.453496571100349, 44.939508624284635 ], [ 22.453683798920324, 44.93923084650686 ], [ 22.453699705284581, 44.939175751574908 ], [ 22.453795128759769, 44.938953068729077 ], [ 22.453932970524889, 44.938675290951302 ], [ 22.453977483062356, 44.938631845629864 ], [ 22.454255260840135, 44.938402508135219 ], [ 22.454265352644722, 44.93839751317352 ], [ 22.454533038617914, 44.938280082820448 ], [ 22.454810816395693, 44.938125233776148 ], [ 22.45483113727796, 44.938119735395745 ], [ 22.455088594173468, 44.93807282339683 ], [ 22.455366371951246, 44.938008653747808 ], [ 22.455644149729025, 44.937951637759895 ], [ 22.455921927506804, 44.937897207873 ], [ 22.456199705284579, 44.9378464449657 ], [ 22.456218439268497, 44.93784195761797 ], [ 22.456477483062358, 44.937668272081076 ], [ 22.456544110807709, 44.937564179840187 ], [ 22.456500818665621, 44.937286402062412 ], [ 22.456553265012772, 44.937008624284637 ], [ 22.456667493971654, 44.936730846506855 ], [ 22.456658641133007, 44.93645306872908 ], [ 22.456552218076851, 44.936175290951297 ], [ 22.456492991734731, 44.935897513173522 ], [ 22.456477483062358, 44.935861952051134 ], [ 22.456278931204654, 44.935619735395747 ], [ 22.456199705284579, 44.935574051977127 ], [ 22.455921927506804, 44.935485169910208 ], [ 22.455644149729025, 44.935370410509236 ], [ 22.45555669085628, 44.935341957617965 ], [ 22.455366371951246, 44.935285540794105 ], [ 22.455088594173468, 44.935191995612108 ], [ 22.454810816395696, 44.935103208361085 ], [ 22.454712097951024, 44.93506417984019 ], [ 22.454533038617914, 44.934996414354764 ], [ 22.454255260840135, 44.934929785065258 ], [ 22.453977483062356, 44.93500470566125 ], [ 22.453944779070859, 44.93506417984019 ], [ 22.453813455411183, 44.935341957617965 ], [ 22.453699705284581, 44.93543309827227 ], [ 22.453421927506803, 44.935522202255697 ], [ 22.453144149729024, 44.935495689708972 ], [ 22.452866371951249, 44.935518530134026 ], [ 22.452721297165116, 44.935619735395747 ], [ 22.452685650025686, 44.935897513173522 ], [ 22.452678971955795, 44.936175290951304 ], [ 22.45258859417347, 44.936358714535075 ], [ 22.452537631423723, 44.93645306872908 ], [ 22.452408491666063, 44.936730846506855 ], [ 22.452310816395695, 44.936864611093995 ], [ 22.452196770912447, 44.937008624284637 ], [ 22.452153246275419, 44.937286402062412 ], [ 22.452052475110701, 44.937564179840187 ], [ 22.452033038617909, 44.937624516229747 ], [ 22.451802741152243, 44.93784195761797 ], [ 22.451755260840137, 44.937859677914389 ], [ 22.451710723403647, 44.937841957617977 ], [ 22.451477483062359, 44.937629432323192 ], [ 22.451439296736314, 44.937564179840187 ], [ 22.45136242405124, 44.937286402062412 ], [ 22.451314918754491, 44.937008624284637 ], [ 22.45119970528458, 44.936778003594071 ], [ 22.451175657402874, 44.936730846506855 ], [ 22.451057555116353, 44.93645306872908 ], [ 22.450921927506801, 44.93631208808447 ], [ 22.450768396933675, 44.936175290951297 ], [ 22.450644149729026, 44.936076045959261 ], [ 22.450471397282918, 44.935897513173522 ], [ 22.450366371951247, 44.935771986860559 ], [ 22.4502264655105, 44.935619735395747 ], [ 22.450088594173469, 44.935508731565427 ], [ 22.449958351076607, 44.935341957617965 ], [ 22.449877206227299, 44.93506417984019 ], [ 22.449810816395694, 44.934911170282817 ], [ 22.449760555223833, 44.934786402062414 ], [ 22.449566450021322, 44.934508624284632 ], [ 22.449533038617915, 44.934494286181966 ], [ 22.449255260840136, 44.934425290535813 ], [ 22.448977483062357, 44.934331779248268 ], [ 22.448846799995998, 44.934230846506857 ], [ 22.448699705284579, 44.934046385386296 ], [ 22.448612378968477, 44.933953068729082 ], [ 22.448421927506804, 44.933795328819407 ], [ 22.448271399569375, 44.9336752909513 ], [ 22.448144149729025, 44.933584486115492 ], [ 22.447936464920442, 44.933397513173524 ], [ 22.447866371951246, 44.933278777195383 ], [ 22.447769379620681, 44.933119735395742 ], [ 22.447589632302599, 44.932841957617967 ], [ 22.447588594173471, 44.932821310557031 ], [ 22.44755714093349, 44.932564179840192 ], [ 22.447310816395692, 44.932343813443005 ], [ 22.4470694128985, 44.932564179840192 ], [ 22.447033038617914, 44.932582269720129 ], [ 22.446755260840135, 44.932657931571001 ], [ 22.44647748306236, 44.932610208123606 ], [ 22.44633977275415, 44.932564179840192 ], [ 22.446234463736189, 44.93228640206241 ], [ 22.446251693172499, 44.932008624284634 ], [ 22.446199705284581, 44.931826401560876 ], [ 22.446181710799411, 44.931730846506852 ], [ 22.44615682576682, 44.931453068729077 ], [ 22.446151525519959, 44.931175290951302 ], [ 22.446199705284581, 44.931147717600076 ], [ 22.44647748306236, 44.930951787013662 ], [ 22.446538727054833, 44.93089751317352 ], [ 22.446635432747922, 44.930619735395744 ], [ 22.446755260840135, 44.930397955681165 ], [ 22.44678392157315, 44.930341957617969 ], [ 22.446755260840135, 44.930306578939344 ], [ 22.446571049613446, 44.930064179840187 ], [ 22.44647748306236, 44.929984719897156 ], [ 22.446199705284581, 44.929811200396699 ], [ 22.446167415630679, 44.929786402062412 ], [ 22.445921927506806, 44.929575915823996 ], [ 22.445854008795397, 44.929508624284637 ], [ 22.445644149729024, 44.92930157029209 ], [ 22.445466312429271, 44.929230846506854 ], [ 22.445366371951248, 44.929204778814906 ], [ 22.44508859417347, 44.929200005460729 ], [ 22.444810816395691, 44.929139886746604 ], [ 22.444533038617912, 44.929057508778186 ], [ 22.44429781983699, 44.928953068729079 ], [ 22.444255260840137, 44.928934420256041 ], [ 22.443977483062358, 44.92883529175424 ], [ 22.44369970528458, 44.92868640064632 ], [ 22.443673533266992, 44.928675290951304 ], [ 22.443478330974887, 44.928397513173522 ], [ 22.443611960881324, 44.928119735395747 ], [ 22.44369970528458, 44.928006097694976 ], [ 22.443847098014089, 44.927841957617964 ], [ 22.443977483062358, 44.927688307248587 ], [ 22.444047980087241, 44.927564179840189 ], [ 22.444081995635287, 44.927286402062414 ], [ 22.444157877799707, 44.927008624284632 ], [ 22.444251568199633, 44.926730846506864 ], [ 22.444255260840137, 44.926722801546852 ], [ 22.444394091875022, 44.926453068729082 ], [ 22.444533038617912, 44.926192263608428 ], [ 22.44454334086937, 44.926175290951299 ], [ 22.444673615272329, 44.925897513173524 ], [ 22.444749596632636, 44.925619735395749 ], [ 22.444680540707981, 44.925341957617967 ], [ 22.444542446165698, 44.925064179840192 ], [ 22.444533038617912, 44.925045942692336 ], [ 22.444255260840137, 44.924794124582142 ], [ 22.444225783505601, 44.924786402062409 ], [ 22.443977483062358, 44.924736853555991 ], [ 22.44369970528458, 44.924718321546123 ], [ 22.443421927506801, 44.924657983330519 ], [ 22.443174551080769, 44.924508624284634 ], [ 22.443144149729026, 44.92444838749666 ], [ 22.443047616415473, 44.924230846506859 ], [ 22.442866371951244, 44.924026016738836 ], [ 22.442786574090544, 44.923953068729077 ], [ 22.442588594173468, 44.923834388290636 ], [ 22.442310816395697, 44.923731226979214 ], [ 22.442140768319764, 44.923675290951302 ], [ 22.442033038617915, 44.923639051197192 ], [ 22.441755260840136, 44.923549296488353 ], [ 22.441508858038269, 44.923397513173526 ], [ 22.441477483062357, 44.923368992769277 ], [ 22.441199705284582, 44.923297088811424 ], [ 22.441002838705092, 44.923397513173526 ], [ 22.440921927506803, 44.923437432784446 ], [ 22.440644149729025, 44.923595128373449 ], [ 22.440431204208515, 44.923675290951302 ], [ 22.440366371951246, 44.923691145803282 ], [ 22.440088594173471, 44.923770140991252 ], [ 22.439810816395692, 44.923838789743805 ], [ 22.439533038617913, 44.923846449338221 ], [ 22.439255260840135, 44.923842593325887 ], [ 22.438977483062359, 44.923800606260677 ], [ 22.438699705284577, 44.923711993416553 ], [ 22.438636110924403, 44.923675290951302 ], [ 22.438421927506802, 44.923504267459847 ], [ 22.438324996399771, 44.923397513173526 ], [ 22.438193809793411, 44.923119735395744 ], [ 22.438144149729023, 44.922974454226335 ], [ 22.438086379135154, 44.922841957617969 ], [ 22.437866371951248, 44.92270436150153 ], [ 22.437588594173469, 44.922652099499217 ], [ 22.437310816395691, 44.922648192217551 ], [ 22.437033038617916, 44.922621240476595 ], [ 22.436875078522888, 44.922564179840187 ], [ 22.437033038617912, 44.922406565628755 ], [ 22.437151740137111, 44.922286402062412 ], [ 22.437310816395691, 44.922242776817569 ], [ 22.437588594173469, 44.922097194524639 ], [ 22.437709746884245, 44.922008624284636 ], [ 22.437866371951248, 44.921948813223736 ], [ 22.438144149729023, 44.921858080783871 ], [ 22.438421927506802, 44.921787590756225 ], [ 22.438684610371535, 44.921730846506854 ], [ 22.438699705284581, 44.921726872512529 ], [ 22.438951844945805, 44.921453068729079 ], [ 22.438977483062363, 44.921419480838495 ], [ 22.439255260840135, 44.921217431690074 ], [ 22.439300960909964, 44.921175290951304 ], [ 22.439255260840135, 44.921132553809734 ], [ 22.438987876956009, 44.920897513173522 ], [ 22.438977483062359, 44.920887827744679 ], [ 22.438748994844413, 44.920619735395746 ], [ 22.438699705284581, 44.920461639660651 ], [ 22.438421927506802, 44.920342280277424 ], [ 22.438144149729023, 44.920357308802245 ], [ 22.437950838576324, 44.920341957617964 ], [ 22.437866371951248, 44.920332314430155 ], [ 22.437588594173469, 44.92014930838905 ], [ 22.437503330855613, 44.920064179840189 ] ] } },
{ "type": "Feature", "properties": { "rank": 1, "lake_id": 1360316, "elevation_m": 300.0 }, "geometry": { "type": "LineString", "coordinates": [ [ 22.447453229513357, 44.920064179840189 ], [ 22.447536908801712, 44.920341957617964 ], [ 22.447400091729612, 44.920619735395746 ], [ 22.447310816395692, 44.92084044972961 ], [ 22.447281430863459, 44.920897513173522 ], [ 22.447310816395692, 44.92096991605046 ], [ 22.447430400167548, 44.921175290951304 ], [ 22.447588594173471, 44.921333190964027 ], [ 22.447820050604982, 44.921453068729079 ], [ 22.447866371951246, 44.921478284455816 ], [ 22.448144149729025, 44.92161861593096 ], [ 22.448421927506804, 44.921564053134297 ], [ 22.448699705284579, 44.921457858001112 ], [ 22.448705700573147, 44.921453068729079 ], [ 22.448977483062357, 44.92118947732444 ], [ 22.449006819854691, 44.921175290951304 ], [ 22.449255260840136, 44.921063923225525 ], [ 22.449533038617915, 44.921013096060534 ], [ 22.44981081639569, 44.920976873913268 ], [ 22.450088594173469, 44.92097189971107 ], [ 22.450366371951247, 44.921009474437582 ], [ 22.450644149729026, 44.921089494736037 ], [ 22.450870747347935, 44.921175290951304 ], [ 22.450921927506801, 44.921189989490188 ], [ 22.45119970528458, 44.921272481216953 ], [ 22.451477483062359, 44.921347719406512 ], [ 22.451755260840134, 44.921416924083935 ], [ 22.4519664834929, 44.921453068729079 ], [ 22.452033038617913, 44.921500569221436 ], [ 22.452170267360529, 44.921730846506854 ], [ 22.452033038617916, 44.921785952633648 ], [ 22.451755260840137, 44.921875448789031 ], [ 22.451477483062359, 44.921949954468559 ], [ 22.451296756310477, 44.922008624284636 ], [ 22.45119970528458, 44.922045136997767 ], [ 22.450921927506801, 44.922196414361053 ], [ 22.45079059150094, 44.922286402062412 ], [ 22.450644149729026, 44.922512492930018 ], [ 22.450623795849264, 44.922564179840187 ], [ 22.450437169278473, 44.922841957617969 ], [ 22.450366371951247, 44.922936834814131 ], [ 22.450186456168396, 44.923119735395744 ], [ 22.450215413382612, 44.923397513173526 ], [ 22.450248983504771, 44.923675290951302 ], [ 22.450363572187744, 44.923953068729077 ], [ 22.450366371951247, 44.923962136935089 ], [ 22.450456108507769, 44.924230846506859 ], [ 22.450530603110984, 44.924508624284634 ], [ 22.450497848013583, 44.924786402062409 ], [ 22.450463370447508, 44.925064179840192 ], [ 22.450366371951247, 44.925331796599409 ], [ 22.450361183854145, 44.925341957617967 ], [ 22.450088594173469, 44.92557109834199 ], [ 22.450017230126495, 44.925619735395742 ], [ 22.44981081639569, 44.925806932858976 ], [ 22.449741491110728, 44.925897513173524 ], [ 22.449543632820287, 44.926175290951299 ], [ 22.449533038617915, 44.926184858650416 ], [ 22.449255260840136, 44.92640810842984 ], [ 22.449204060750343, 44.926453068729082 ], [ 22.449079993572134, 44.92673084650685 ], [ 22.449018721363615, 44.927008624284632 ], [ 22.448977483062357, 44.927113181154809 ], [ 22.448943646868653, 44.927286402062414 ], [ 22.448847701272303, 44.927564179840189 ], [ 22.448874802475071, 44.927841957617964 ], [ 22.448977483062357, 44.927889035784254 ], [ 22.449255260840136, 44.927998548469866 ], [ 22.449533038617915, 44.928107979689962 ], [ 22.449555215816119, 44.928119735395754 ], [ 22.44981081639569, 44.928177137198482 ], [ 22.450088594173469, 44.928219997996045 ], [ 22.450366371951247, 44.928241681892054 ], [ 22.450644149729026, 44.928287682817782 ], [ 22.450921927506801, 44.928353745923815 ], [ 22.451014642224301, 44.928397513173522 ], [ 22.45119970528458, 44.928489501197042 ], [ 22.451477483062359, 44.928644941343087 ], [ 22.451607583587144, 44.928675290951304 ], [ 22.451755260840137, 44.928709112346198 ], [ 22.452033038617913, 44.928773661034384 ], [ 22.452310816395691, 44.928751248769167 ], [ 22.452557492106735, 44.928953068729079 ], [ 22.45258859417347, 44.929016755105216 ], [ 22.452726932217143, 44.929230846506854 ], [ 22.45258859417347, 44.929370175530082 ], [ 22.452559411496324, 44.929508624284637 ], [ 22.45258859417347, 44.929550258770199 ], [ 22.452755512842689, 44.929786402062412 ], [ 22.452866371951249, 44.929924066350303 ], [ 22.453144149729024, 44.930035524936663 ], [ 22.453277524263004, 44.930064179840187 ], [ 22.453421927506803, 44.930085043958805 ], [ 22.453699705284581, 44.930130291113564 ], [ 22.453977483062356, 44.930187838425027 ], [ 22.454255260840132, 44.930249230463815 ], [ 22.454533038617917, 44.930311528409 ], [ 22.454730364792056, 44.930341957617969 ], [ 22.454810816395693, 44.930352302028638 ], [ 22.455088594173468, 44.93040437035382 ], [ 22.455366371951246, 44.930449791153883 ], [ 22.455644149729025, 44.930488056810589 ], [ 22.455921927506804, 44.930542540862142 ], [ 22.456056199596684, 44.930619735395744 ], [ 22.456199705284579, 44.930761772879826 ], [ 22.456325331187461, 44.930897513173527 ], [ 22.456477483062358, 44.930996197514496 ], [ 22.456727853215899, 44.931175290951302 ], [ 22.456755260840136, 44.931198105796476 ], [ 22.457033038617915, 44.931369663242897 ], [ 22.457249018860402, 44.931453068729077 ], [ 22.45731081639569, 44.931480482531462 ], [ 22.457588594173469, 44.931555207026591 ], [ 22.457866371951248, 44.931601549932957 ], [ 22.458144149729026, 44.931627450254339 ], [ 22.458421927506802, 44.93162652236969 ], [ 22.45869970528458, 44.931575705786344 ], [ 22.458977483062359, 44.931534574727607 ], [ 22.459255260840138, 44.931530140119513 ], [ 22.459533038617913, 44.931573175742514 ], [ 22.459810816395692, 44.931566845495851 ], [ 22.46008859417347, 44.931550890722491 ], [ 22.460366371951245, 44.931582130056199 ], [ 22.460644149729024, 44.931643894078562 ], [ 22.460866371776255, 44.931730846506859 ], [ 22.460921927506803, 44.931814514274073 ], [ 22.461023384597826, 44.932008624284634 ], [ 22.46100547704927, 44.93228640206241 ], [ 22.460970323405412, 44.932564179840192 ], [ 22.460991068105528, 44.932841957617967 ], [ 22.460921927506803, 44.933014155525491 ], [ 22.460859678771904, 44.933119735395742 ], [ 22.460741457103676, 44.933397513173524 ], [ 22.460838342389376, 44.9336752909513 ], [ 22.460921927506803, 44.93377258562063 ], [ 22.461085997916001, 44.933953068729082 ], [ 22.461199705284582, 44.934049445789391 ], [ 22.461333618941076, 44.934230846506857 ], [ 22.461477483062357, 44.934381591905748 ], [ 22.461554189340841, 44.934508624284632 ], [ 22.461611110892971, 44.934786402062414 ], [ 22.461596124351232, 44.93506417984019 ], [ 22.461702810553597, 44.935341957617965 ], [ 22.461755260840135, 44.935410384421935 ], [ 22.461875648508574, 44.93561973539574 ], [ 22.462033038617914, 44.935791084247377 ], [ 22.462160587545775, 44.935897513173522 ], [ 22.462295207185889, 44.936175290951297 ], [ 22.462310816395693, 44.93619429957068 ], [ 22.462565815576554, 44.93645306872908 ], [ 22.462588594173468, 44.936479956437829 ], [ 22.462837658645562, 44.936730846506855 ], [ 22.462866371951247, 44.936746833432871 ], [ 22.463144149729025, 44.936856532077385 ], [ 22.463421927506804, 44.936940509587416 ], [ 22.463594481135722, 44.937008624284637 ], [ 22.463699705284579, 44.937074479101071 ], [ 22.463977483062358, 44.937251510496992 ], [ 22.464032805272669, 44.937286402062412 ], [ 22.464255260840137, 44.937403845696345 ], [ 22.464533038617919, 44.93753557598837 ], [ 22.464582745564908, 44.937564179840194 ], [ 22.464810816395691, 44.937660156797904 ], [ 22.465088594173469, 44.937758946045783 ], [ 22.465275902163263, 44.93784195761797 ], [ 22.465366371951248, 44.937874255799173 ], [ 22.465644149729023, 44.937952602307455 ], [ 22.465921927506802, 44.938085940345381 ], [ 22.466003263811231, 44.938119735395745 ], [ 22.466199705284581, 44.938178177918395 ], [ 22.466477483062356, 44.938293937139875 ], [ 22.466755260840134, 44.938390466373953 ], [ 22.46676918747065, 44.93839751317352 ], [ 22.467033038617913, 44.938571966606936 ], [ 22.467175044423978, 44.938675290951302 ], [ 22.467310816395692, 44.938855856570747 ], [ 22.467373708433254, 44.938953068729077 ], [ 22.46749819813823, 44.93923084650686 ], [ 22.467588594173471, 44.93937387909088 ], [ 22.467658968934074, 44.939508624284635 ], [ 22.467866371951246, 44.939720005931505 ], [ 22.467908754153378, 44.93978640206241 ], [ 22.468144149729024, 44.939935881431445 ], [ 22.468331669496528, 44.940064179840192 ], [ 22.468421927506803, 44.940162243079989 ], [ 22.468655296866682, 44.940341957617967 ], [ 22.468699705284582, 44.940430826630312 ], [ 22.468802781714309, 44.940619735395742 ], [ 22.468769592480633, 44.940897513173525 ], [ 22.468772600927835, 44.9411752909513 ], [ 22.468820457033452, 44.941453068729082 ], [ 22.468931049359284, 44.941730846506857 ], [ 22.468977483062357, 44.941979112685296 ], [ 22.468982168994334, 44.942008624284632 ], [ 22.468996070280443, 44.942286402062415 ], [ 22.468998898517171, 44.942564179840197 ], [ 22.469004168315319, 44.942841957617972 ], [ 22.468979456303646, 44.943119735395747 ], [ 22.468977483062361, 44.943181473979415 ], [ 22.468970118109564, 44.943397513173522 ], [ 22.468977483062357, 44.943449257261797 ], [ 22.469020191655794, 44.94367529095129 ], [ 22.46908163335285, 44.94395306872908 ], [ 22.469121063719381, 44.944230846506855 ], [ 22.469133813153498, 44.944508624284637 ], [ 22.469089020158435, 44.944786402062405 ], [ 22.468977483062357, 44.944993415179297 ], [ 22.46892288836262, 44.945064179840188 ], [ 22.468699705284582, 44.945265771985916 ], [ 22.468634744401061, 44.94534195761797 ], [ 22.468421927506803, 44.945572280622883 ], [ 22.468387533009924, 44.945619735395745 ], [ 22.468196498134898, 44.94589751317352 ], [ 22.468144149729024, 44.946093040800662 ], [ 22.468127561216157, 44.946175290951302 ], [ 22.468106527704681, 44.946453068729078 ], [ 22.468126811794594, 44.94673084650686 ], [ 22.468144149729024, 44.946804575121753 ], [ 22.468198774403948, 44.947008624284628 ], [ 22.468292679275201, 44.94728640206241 ], [ 22.468421927506803, 44.94755866036143 ], [ 22.46842541192235, 44.947564179840192 ], [ 22.468571305023136, 44.947841957617968 ], [ 22.468671300566108, 44.948119735395743 ], [ 22.468699705284582, 44.948243324792521 ], [ 22.468786898673557, 44.948397513173532 ], [ 22.468977483062357, 44.948490989765297 ], [ 22.469255260840136, 44.948511704918936 ], [ 22.469533038617914, 44.948530675565046 ], [ 22.469810816395693, 44.948672422588494 ], [ 22.469814857523897, 44.9486752909513 ], [ 22.470088594173468, 44.948803883018854 ], [ 22.470366371951247, 44.948934633143004 ], [ 22.470395596053372, 44.948953068729075 ], [ 22.470644149729022, 44.949205414348192 ], [ 22.470663298492472, 44.949230846506858 ], [ 22.470873288228887, 44.949508624284633 ], [ 22.470921927506801, 44.949561446572261 ], [ 22.47111657733063, 44.949786402062415 ], [ 22.47119970528458, 44.949867357080869 ], [ 22.471376123366653, 44.95006417984019 ], [ 22.471477483062358, 44.950146801631199 ], [ 22.47169779207935, 44.950341957617965 ], [ 22.471755260840137, 44.950384700643291 ], [ 22.472033038617916, 44.950597312098402 ], [ 22.472066355968181, 44.950619735395748 ], [ 22.472310816395691, 44.950799416849016 ], [ 22.472452191799814, 44.950897513173523 ], [ 22.47258859417347, 44.95098403143021 ], [ 22.472866371951248, 44.951102489646374 ], [ 22.473092512352913, 44.951175290951298 ], [ 22.473144149729023, 44.951202264280859 ], [ 22.473421927506802, 44.951379979678379 ], [ 22.473576965031882, 44.95145306872908 ], [ 22.473699705284581, 44.951479193377097 ], [ 22.47397748306236, 44.951485228946865 ], [ 22.474183553824787, 44.95145306872908 ], [ 22.474255260840135, 44.951439160426233 ], [ 22.474533038617913, 44.951389860398514 ], [ 22.474810816395696, 44.951415763904031 ], [ 22.475082639352429, 44.95145306872908 ], [ 22.475088594173471, 44.951453845444298 ], [ 22.475366371951246, 44.951493242583112 ], [ 22.475644149729025, 44.951485159900933 ], [ 22.475921927506807, 44.951633578583262 ], [ 22.476034729080375, 44.951730846506855 ], [ 22.476199705284582, 44.951870638267629 ], [ 22.476329220412733, 44.952008624284638 ], [ 22.476477483062357, 44.952147168334918 ], [ 22.476658619721068, 44.952286402062413 ], [ 22.476755260840136, 44.952342973069584 ], [ 22.477033038617915, 44.95247576875876 ], [ 22.477232406994904, 44.952564179840188 ], [ 22.47731081639569, 44.952605943760688 ], [ 22.477588594173469, 44.952716726299272 ], [ 22.477837905423161, 44.95284195761797 ], [ 22.477866371951247, 44.9529048671628 ], [ 22.47791913074942, 44.953119735395752 ], [ 22.477866371951247, 44.953203492298798 ], [ 22.477616794749672, 44.953397513173527 ], [ 22.477588594173469, 44.953407310484572 ], [ 22.47731081639569, 44.953483448582915 ], [ 22.477147194372311, 44.953675290951303 ], [ 22.477033038617915, 44.953825335390917 ], [ 22.476980011615073, 44.953953068729078 ], [ 22.477033038617915, 44.954190295794014 ], [ 22.477049265517056, 44.954230846506853 ], [ 22.477151382700729, 44.954508624284635 ], [ 22.477033038617915, 44.954677270269215 ], [ 22.476974239190444, 44.95478640206241 ], [ 22.477032401830137, 44.955064179840193 ], [ 22.476950552697691, 44.955341957617968 ], [ 22.476795155223353, 44.955619735395743 ] ] } },
{ "type": "Feature", "properties": { "rank": 1, "lake_id": 1360316, "elevation_m": 350.0 }, "geometry": { "type": "LineString", "coordinates": [ [ 22.472151029959949, 44.955619735395743 ], [ 22.472297784359348, 44.955341957617961 ], [ 22.472310816395691, 44.955242587237002 ], [ 22.472343182900079, 44.955064179840193 ], [ 22.472310816395691, 44.955035899526727 ], [ 22.472033038617909, 44.954843766556067 ], [ 22.47196801188732, 44.954786402062417 ], [ 22.471807922065626, 44.954508624284635 ], [ 22.471755260840137, 44.954440832111921 ], [ 22.471477483062358, 44.95424330059965 ], [ 22.471406978173931, 44.95423084650686 ], [ 22.47119970528458, 44.954207869750995 ], [ 22.470921927506801, 44.954218306151922 ], [ 22.470801882711534, 44.954230846506853 ], [ 22.470644149729026, 44.954246601202456 ], [ 22.470366371951247, 44.954276309801486 ], [ 22.470088594173468, 44.954328519251114 ], [ 22.469810816395693, 44.954335386208086 ], [ 22.469533038617914, 44.954231819954472 ], [ 22.469530976344736, 44.954230846506853 ], [ 22.469255260840139, 44.954081460917223 ], [ 22.46911593908834, 44.953953068729078 ], [ 22.469126491993439, 44.953675290951303 ], [ 22.469151989910848, 44.95339751317352 ], [ 22.469166984493803, 44.953119735395745 ], [ 22.469072477495409, 44.95284195761797 ], [ 22.468977483062357, 44.952778518448909 ], [ 22.468699705284578, 44.952604037217192 ], [ 22.468649289523658, 44.952564179840195 ], [ 22.468445545553713, 44.952286402062413 ], [ 22.468421927506803, 44.952236611023665 ], [ 22.468328063384426, 44.952008624284638 ], [ 22.468284908893647, 44.951730846506855 ], [ 22.468240004058757, 44.95145306872908 ], [ 22.468144149729024, 44.951297803336296 ], [ 22.468047408669371, 44.951175290951298 ], [ 22.467866371951246, 44.951045317078474 ], [ 22.467588594173471, 44.950920120472574 ], [ 22.467540755769349, 44.950897513173523 ], [ 22.467310816395692, 44.950799561315627 ], [ 22.467033038617913, 44.950714699793394 ], [ 22.466755260840138, 44.950715980091367 ], [ 22.466477483062359, 44.950826275482505 ], [ 22.46640029173118, 44.950897513173523 ], [ 22.466342265832012, 44.951175290951298 ], [ 22.466209858041733, 44.95145306872908 ], [ 22.466199705284581, 44.95146191609178 ], [ 22.465921927506798, 44.951490785866767 ], [ 22.465836562916007, 44.95145306872908 ], [ 22.465644149729023, 44.951308243369496 ], [ 22.465564398292891, 44.951175290951298 ], [ 22.465366371951244, 44.950941957689203 ], [ 22.465324965749812, 44.950897513173516 ], [ 22.465144246296862, 44.950619735395748 ], [ 22.465088594173469, 44.950572323787945 ], [ 22.464810816395691, 44.950367402616472 ], [ 22.464767023426184, 44.950341957617965 ], [ 22.464533038617915, 44.950225594225358 ], [ 22.464255260840137, 44.950233314208276 ], [ 22.463977483062358, 44.950217633468341 ], [ 22.463699705284579, 44.950243525894471 ], [ 22.463462023407654, 44.950341957617958 ], [ 22.463421927506804, 44.950383328511172 ], [ 22.463244584393308, 44.950619735395748 ], [ 22.463144149729025, 44.950756634205618 ], [ 22.463075031384836, 44.950897513173523 ], [ 22.462866371951247, 44.951167904577183 ], [ 22.462859715789758, 44.951175290951298 ], [ 22.462629881999312, 44.95145306872908 ], [ 22.462588594173468, 44.951577227791432 ], [ 22.462415533002755, 44.951730846506862 ], [ 22.462310816395693, 44.951793389651861 ], [ 22.462033038617914, 44.951937430225037 ], [ 22.461755260840135, 44.951969363051532 ], [ 22.461477483062357, 44.951987209098547 ], [ 22.461369653947575, 44.952008624284638 ], [ 22.461199705284582, 44.952050166788332 ], [ 22.460921927506803, 44.952141995806933 ], [ 22.460644149729024, 44.952222819820022 ], [ 22.460486508867195, 44.952286402062413 ], [ 22.460366371951245, 44.952335003739641 ], [ 22.46008859417347, 44.952472945117734 ], [ 22.459951103158875, 44.952564179840188 ], [ 22.459810816395692, 44.952726911997942 ], [ 22.459737314616806, 44.952564179840188 ], [ 22.45971932341666, 44.952286402062413 ], [ 22.459791004382922, 44.952008624284638 ], [ 22.459810816395692, 44.951992190515618 ], [ 22.460088283574404, 44.951730846506855 ], [ 22.46008859417347, 44.951730557336631 ], [ 22.460366371951245, 44.951464343194814 ], [ 22.460390358474722, 44.95145306872908 ], [ 22.460644149729024, 44.951313959859426 ], [ 22.46088447064988, 44.951175290951298 ], [ 22.460921927506803, 44.951148722161619 ], [ 22.461175679301778, 44.950897513173523 ], [ 22.460950626226612, 44.950619735395748 ], [ 22.460921927506803, 44.950600224406486 ], [ 22.460644149729024, 44.950472616922809 ], [ 22.460366371951245, 44.950404270762867 ], [ 22.46008859417347, 44.950377393478632 ], [ 22.459810816395692, 44.950450942885659 ], [ 22.459533038617913, 44.950586879751306 ], [ 22.459400755946167, 44.950619735395748 ], [ 22.459255260840138, 44.950652669491411 ], [ 22.458977483062363, 44.950623573613058 ], [ 22.458968282687632, 44.950619735395748 ], [ 22.45869970528458, 44.950514080600151 ], [ 22.458421927506802, 44.950374080014946 ], [ 22.458384192923237, 44.950341957617965 ], [ 22.458144149729026, 44.950081369560671 ], [ 22.458090073048506, 44.95006417984019 ], [ 22.458144149729026, 44.950045138745239 ], [ 22.458421927506802, 44.949984741090759 ], [ 22.45869970528458, 44.949945116166965 ], [ 22.458977483062359, 44.949885844047429 ], [ 22.459128881815136, 44.949786402062415 ], [ 22.459255260840138, 44.949720387974423 ], [ 22.459533038617913, 44.9495847317719 ], [ 22.459741684664547, 44.949508624284633 ], [ 22.459810816395692, 44.949498751204828 ], [ 22.46008859417347, 44.949485546203682 ], [ 22.460366371951249, 44.949476358484851 ], [ 22.460644149729028, 44.949470682641909 ], [ 22.460921927506803, 44.949458529977314 ], [ 22.461199705284582, 44.949452875236155 ], [ 22.461477483062357, 44.949446558738288 ], [ 22.461755260840135, 44.949354703334549 ], [ 22.461881942613445, 44.949230846506858 ], [ 22.462033038617914, 44.949030874415627 ], [ 22.462124376493747, 44.948953068729075 ], [ 22.462179661234085, 44.9486752909513 ], [ 22.462062910180816, 44.948397513173525 ], [ 22.462310816395693, 44.948202745251123 ], [ 22.462452141489472, 44.948119735395743 ], [ 22.462588594173468, 44.948084892987424 ], [ 22.462866371951247, 44.947999492424493 ], [ 22.463144149729025, 44.94792554318343 ], [ 22.463421927506804, 44.947876796167328 ], [ 22.463526352849051, 44.947841957617968 ], [ 22.463699705284579, 44.947746386089946 ], [ 22.463797322512399, 44.947564179840192 ], [ 22.463728458038815, 44.94728640206241 ], [ 22.463699705284579, 44.947260320251075 ], [ 22.463421927506804, 44.947149618952807 ], [ 22.463144149729025, 44.947008962022728 ], [ 22.463143763816451, 44.947008624284635 ], [ 22.462972365111774, 44.94673084650686 ], [ 22.462866371951247, 44.946500992629538 ], [ 22.462837584960063, 44.946453068729085 ], [ 22.462639956278679, 44.946175290951302 ], [ 22.462588594173468, 44.946013805006451 ], [ 22.462562205453636, 44.94589751317352 ], [ 22.462588594173468, 44.945837766455 ], [ 22.46274202471632, 44.945619735395745 ], [ 22.462866371951247, 44.945461041575889 ], [ 22.462949105850104, 44.94534195761797 ], [ 22.463144149729025, 44.945100293663735 ], [ 22.463159900523191, 44.945064179840188 ], [ 22.463144149729025, 44.945007847628148 ], [ 22.463059570316684, 44.944786402062412 ], [ 22.463082250190155, 44.944508624284637 ], [ 22.463135104955192, 44.944230846506855 ], [ 22.463144149729025, 44.944201640263657 ], [ 22.463248868358768, 44.94395306872908 ], [ 22.463234195083952, 44.943675290951298 ], [ 22.463280072451852, 44.943397513173522 ], [ 22.463249888381817, 44.943119735395747 ], [ 22.463233973572546, 44.942841957617965 ], [ 22.463144149729025, 44.942702874947017 ], [ 22.463067590787489, 44.94256417984019 ], [ 22.462866371951247, 44.94242306681182 ], [ 22.462597777004866, 44.942286402062415 ], [ 22.462588594173468, 44.942281281213148 ], [ 22.462310816395693, 44.942094556746994 ], [ 22.462190054772673, 44.942008624284632 ], [ 22.462033038617914, 44.941879647773845 ], [ 22.461755260840135, 44.941790040401607 ], [ 22.461477483062357, 44.941780823244251 ], [ 22.461199705284582, 44.941831569749731 ], [ 22.460921927506803, 44.941940281689234 ], [ 22.460795135562215, 44.942008624284632 ], [ 22.460644149729024, 44.942101966067234 ], [ 22.460366371951245, 44.942271615681612 ], [ 22.4602981373801, 44.942286402062415 ], [ 22.46008859417347, 44.942334652528977 ], [ 22.459957020506952, 44.942286402062415 ], [ 22.459810816395692, 44.942242411462949 ], [ 22.459533038617913, 44.942114183685391 ], [ 22.459386868640149, 44.942008624284632 ], [ 22.459382320568725, 44.941730846506857 ], [ 22.459312747438688, 44.941453068729082 ], [ 22.459255260840138, 44.941313907349347 ], [ 22.459201717842063, 44.9411752909513 ], [ 22.459106797699494, 44.940897513173525 ], [ 22.458977483062359, 44.940744780840959 ], [ 22.458881145821042, 44.94061973539575 ], [ 22.45869970528458, 44.940433268503497 ], [ 22.458604510757002, 44.940341957617967 ], [ 22.458421927506802, 44.940211637395137 ], [ 22.45814414972903, 44.940175631482333 ], [ 22.457866371951248, 44.940256820091001 ], [ 22.457688909822078, 44.940341957617967 ], [ 22.457588594173469, 44.940403213644409 ], [ 22.45731081639569, 44.940554951904332 ], [ 22.457033038617915, 44.940531567067367 ], [ 22.456755260840136, 44.940392301588332 ], [ 22.456672280080916, 44.940341957617967 ], [ 22.456477483062358, 44.940224526245103 ], [ 22.456199705284579, 44.940125674739363 ], [ 22.455960826575499, 44.940064179840192 ], [ 22.455921927506804, 44.940052447498985 ], [ 22.455644149729025, 44.939976944886681 ], [ 22.455366371951246, 44.940007040299477 ], [ 22.455287013607109, 44.940064179840192 ], [ 22.455088594173468, 44.940326899117771 ], [ 22.455081333570444, 44.940341957617967 ], [ 22.455028523802731, 44.940619735395742 ], [ 22.454810816395693, 44.940817215218317 ], [ 22.454755227749398, 44.940897513173525 ], [ 22.454718187300358, 44.9411752909513 ], [ 22.454657387370887, 44.941453068729082 ], [ 22.454554494424123, 44.941730846506857 ], [ 22.454644256929239, 44.942008624284632 ], [ 22.454533038617914, 44.942171363707516 ], [ 22.454432615033948, 44.942286402062415 ], [ 22.454255260840135, 44.942476437210217 ], [ 22.454182686443509, 44.94256417984019 ], [ 22.454050802057065, 44.942841957617965 ], [ 22.453977483062356, 44.94302184735831 ], [ 22.453928141764216, 44.943119735395747 ], [ 22.453953520618395, 44.943397513173522 ], [ 22.453977483062356, 44.943470810130378 ], [ 22.454041817312397, 44.943675290951298 ], [ 22.453977483062356, 44.943918182418464 ], [ 22.453699705284581, 44.94383591163605 ], [ 22.453462274423366, 44.943675290951298 ], [ 22.453421927506803, 44.943656891684618 ], [ 22.45321051770032, 44.943397513173522 ], [ 22.453144149729024, 44.943305007434638 ], [ 22.453042682650519, 44.943119735395747 ], [ 22.453012813991325, 44.942841957617965 ], [ 22.45292259516502, 44.94256417984019 ], [ 22.452866371951249, 44.942367604566542 ], [ 22.452835071708527, 44.942286402062415 ], [ 22.452591490704481, 44.942008624284632 ], [ 22.45258859417347, 44.941990131433379 ], [ 22.45255358484637, 44.941730846506857 ], [ 22.452571127405296, 44.941453068729082 ], [ 22.45258859417347, 44.941403182318652 ], [ 22.452653291334226, 44.9411752909513 ], [ 22.45258859417347, 44.940907681130433 ], [ 22.452585282657843, 44.940897513173525 ], [ 22.452410928904374, 44.940619735395742 ], [ 22.452373753351626, 44.940341957617967 ], [ 22.452450005397043, 44.940064179840192 ], [ 22.452476979222169, 44.93978640206241 ], [ 22.452441034989405, 44.939508624284635 ], [ 22.452548536348285, 44.93923084650686 ], [ 22.45258859417347, 44.93917198321364 ], [ 22.452798169160438, 44.938953068729077 ], [ 22.452866371951249, 44.938869510280654 ], [ 22.453057914470417, 44.938675290951302 ], [ 22.453144149729024, 44.938525027646833 ], [ 22.453205844717871, 44.93839751317352 ], [ 22.453177184340241, 44.938119735395745 ], [ 22.453421927506803, 44.937982859136703 ], [ 22.453696839806344, 44.93784195761797 ], [ 22.453699705284581, 44.937840492088576 ], [ 22.453977483062356, 44.937719546350721 ], [ 22.454255260840135, 44.937665490024528 ], [ 22.454533038617914, 44.937630445773237 ], [ 22.454738070373153, 44.93756417984018 ], [ 22.454810816395689, 44.937526297729853 ], [ 22.455088594173468, 44.937384091396162 ], [ 22.455338218838516, 44.937286402062412 ], [ 22.455366371951246, 44.937271385391547 ], [ 22.455644149729025, 44.937031626786791 ], [ 22.455657254557426, 44.937008624284637 ], [ 22.455713893046745, 44.936730846506855 ], [ 22.455644149729025, 44.936498167207723 ], [ 22.455625552486399, 44.93645306872908 ], [ 22.455366371951246, 44.936215663162798 ], [ 22.45522988974977, 44.936175290951297 ], [ 22.455088594173468, 44.936130204181985 ], [ 22.45499300293833, 44.936175290951297 ], [ 22.454810816395696, 44.936286933667333 ], [ 22.454613043379783, 44.93645306872908 ], [ 22.454533038617914, 44.936504293799949 ], [ 22.454270204400085, 44.936730846506855 ], [ 22.454255260840132, 44.936747652585659 ], [ 22.454020411726592, 44.937008624284637 ], [ 22.453977483062356, 44.937082239921409 ], [ 22.453744261373256, 44.937286402062412 ], [ 22.453699705284581, 44.937305563493418 ], [ 22.453421927506803, 44.937417289488401 ], [ 22.4532241867736, 44.937564179840187 ], [ 22.453144149729024, 44.937815112232371 ], [ 22.453135116894988, 44.93784195761797 ], [ 22.453111007678313, 44.938119735395745 ], [ 22.452866371951249, 44.938306258908227 ], [ 22.452780018607676, 44.93839751317352 ], [ 22.45258859417347, 44.938508084004773 ], [ 22.452310816395691, 44.938637988373081 ], [ 22.452205568031239, 44.938675290951302 ], [ 22.452033038617913, 44.938752205994 ], [ 22.451755260840137, 44.938831879116684 ], [ 22.451477483062359, 44.938820076018281 ], [ 22.45119970528458, 44.938751615532098 ], [ 22.450921927506801, 44.938707382249866 ], [ 22.450644149729026, 44.938716694111029 ], [ 22.450366371951247, 44.938685750542462 ], [ 22.450305442474772, 44.938675290951302 ], [ 22.450088594173469, 44.938632106294328 ], [ 22.44981081639569, 44.938606252601012 ], [ 22.449533038617915, 44.938542113609991 ], [ 22.449264842112601, 44.93839751317352 ], [ 22.449255260840136, 44.938393681329501 ], [ 22.448977483062357, 44.938340642003361 ], [ 22.448699705284579, 44.938293565893211 ], [ 22.448421927506804, 44.938227772860785 ], [ 22.448144149729025, 44.93815263497153 ], [ 22.448038455415208, 44.938119735395738 ], [ 22.447866371951246, 44.938019663278993 ], [ 22.447588594173471, 44.937908854172022 ], [ 22.447505309569184, 44.93784195761797 ], [ 22.447557817996969, 44.937564179840187 ], [ 22.447588594173471, 44.937553723698969 ], [ 22.447866371951243, 44.937547325642477 ], [ 22.448144149729025, 44.937530816514212 ], [ 22.448421927506804, 44.937514664332397 ], [ 22.448699705284579, 44.937513486649351 ], [ 22.448977483062357, 44.937500737191499 ], [ 22.449255260840136, 44.937475954330175 ], [ 22.449533038617911, 44.937441355718484 ], [ 22.44981081639569, 44.937386191687608 ], [ 22.450088594173469, 44.937295534991939 ], [ 22.450106602629088, 44.937286402062412 ], [ 22.450237818395394, 44.93700862428463 ], [ 22.450104042438824, 44.936730846506855 ], [ 22.450088594173469, 44.936709430258112 ], [ 22.449931452201461, 44.93645306872908 ], [ 22.44981081639569, 44.936303780472848 ], [ 22.449740347400692, 44.936175290951297 ], [ 22.449542819313891, 44.935897513173522 ], [ 22.449533038617915, 44.935882510239374 ], [ 22.449380370267761, 44.935619735395747 ], [ 22.449255260840136, 44.935445033605639 ], [ 22.449162309331282, 44.935341957617965 ], [ 22.448977483062361, 44.935093498272479 ], [ 22.448942707049781, 44.93506417984019 ], [ 22.448699705284579, 44.934936632241687 ], [ 22.448421927506804, 44.93482015373079 ], [ 22.448379840871794, 44.934786402062407 ], [ 22.448159644851785, 44.934508624284632 ], [ 22.448144149729025, 44.934492880974055 ], [ 22.447866371951246, 44.934232965204259 ], [ 22.447864598494796, 44.934230846506857 ], [ 22.447588594173467, 44.934025568962696 ], [ 22.447493295697207, 44.933953068729082 ], [ 22.447310816395692, 44.933779171111865 ], [ 22.447174549866364, 44.9336752909513 ], [ 22.447033038617914, 44.933555486748396 ], [ 22.446755260840135, 44.933513215686006 ], [ 22.44647748306236, 44.93347191580564 ], [ 22.446199705284581, 44.93348961583213 ], [ 22.445921927506799, 44.933527270773908 ], [ 22.445644149729024, 44.933551177828207 ], [ 22.445366371951248, 44.933567525891064 ], [ 22.44508859417347, 44.933598185026284 ], [ 22.444810816395691, 44.933636606089955 ], [ 22.444533038617912, 44.933665270112755 ], [ 22.444446319056887, 44.9336752909513 ], [ 22.444255260840137, 44.933695309217612 ], [ 22.443977483062358, 44.933703319116972 ], [ 22.44381302120653, 44.9336752909513 ], [ 22.44384087362603, 44.933397513173524 ], [ 22.443977483062358, 44.933321245026633 ], [ 22.444255260840137, 44.93313917530822 ], [ 22.444280502890578, 44.933119735395742 ], [ 22.444464825236363, 44.932841957617967 ], [ 22.444533038617912, 44.932750319046797 ], [ 22.444715455364349, 44.932564179840185 ], [ 22.444810816395687, 44.93250153416777 ], [ 22.44508859417347, 44.932362743788637 ], [ 22.445165806709159, 44.93228640206241 ], [ 22.445366371951248, 44.932067666074005 ], [ 22.445407831899292, 44.932008624284634 ], [ 22.445398161980087, 44.931730846506859 ], [ 22.445366371951248, 44.93169076328752 ], [ 22.445171669568168, 44.931453068729077 ], [ 22.44508859417347, 44.931351384613386 ], [ 22.444850566494964, 44.931175290951302 ], [ 22.44508859417347, 44.930973807048332 ], [ 22.445187195799658, 44.93089751317352 ], [ 22.445366371951248, 44.930725508120389 ], [ 22.445478946857818, 44.930619735395744 ], [ 22.44542744438996, 44.930341957617969 ], [ 22.445366371951248, 44.930222694715766 ], [ 22.445289930514143, 44.930064179840187 ], [ 22.44508859417347, 44.929937460116001 ], [ 22.444810816395691, 44.929845579494717 ], [ 22.444590597497797, 44.929786402062412 ], [ 22.444533038617912, 44.929774496544447 ], [ 22.444255260840137, 44.929712018377742 ], [ 22.443977483062358, 44.929576906845448 ], [ 22.443846828223155, 44.929508624284637 ], [ 22.44369970528458, 44.929444578512573 ], [ 22.443421927506801, 44.92936086076368 ], [ 22.443144149729026, 44.929291220268034 ], [ 22.442882680673954, 44.929230846506854 ], [ 22.442866371951247, 44.929225160854642 ], [ 22.442588594173468, 44.929119841749817 ], [ 22.442396820478873, 44.928953068729079 ], [ 22.442519634477726, 44.928675290951304 ], [ 22.442558440221703, 44.928397513173522 ], [ 22.442588594173468, 44.928320895508335 ], [ 22.442647663984268, 44.928119735395747 ], [ 22.442658961088526, 44.927841957617964 ], [ 22.442725143636888, 44.927564179840189 ], [ 22.442866371951247, 44.927446759655361 ], [ 22.443031915456743, 44.927286402062414 ], [ 22.443144149729026, 44.927209351782423 ], [ 22.443417449213285, 44.927008624284625 ], [ 22.443421927506801, 44.926998589565294 ], [ 22.443507963671671, 44.926730846506857 ], [ 22.443578805587691, 44.926453068729082 ], [ 22.443691873943134, 44.926175290951299 ], [ 22.44369970528458, 44.926152515925487 ], [ 22.44377651270667, 44.925897513173524 ], [ 22.443760038832128, 44.925619735395742 ], [ 22.44369970528458, 44.92554290479908 ], [ 22.443421927506801, 44.925396933693136 ], [ 22.443215194772417, 44.925341957617967 ], [ 22.443144149729026, 44.925327010721858 ], [ 22.442866371951251, 44.925198917019323 ], [ 22.442631872291891, 44.925064179840192 ], [ 22.442588594173468, 44.925039585345111 ], [ 22.442310816395693, 44.924825666193058 ], [ 22.442260901087543, 44.924786402062402 ], [ 22.442033038617915, 44.924594136953225 ], [ 22.441867765352317, 44.924508624284634 ], [ 22.441755260840136, 44.924449426917022 ], [ 22.441477483062357, 44.924349976673582 ], [ 22.441199705284582, 44.924382947154093 ], [ 22.440976499062558, 44.924508624284627 ], [ 22.440921927506807, 44.92452649618955 ], [ 22.440644149729025, 44.924576171308146 ], [ 22.440366371951246, 44.924659316029143 ], [ 22.440088594173471, 44.924658285940389 ], [ 22.439810816395692, 44.924566870743988 ], [ 22.439557226342895, 44.924508624284634 ], [ 22.439533038617913, 44.924504083509412 ], [ 22.439255260840135, 44.924479976006545 ], [ 22.438977483062359, 44.924483057852342 ], [ 22.438699705284581, 44.924460312776446 ], [ 22.438421927506802, 44.924400720059779 ], [ 22.438144149729023, 44.924254377860123 ], [ 22.438090933492518, 44.924230846506859 ], [ 22.437866371951248, 44.924071310599317 ], [ 22.437672316992533, 44.923953068729077 ], [ 22.437588594173469, 44.923889085097692 ], [ 22.437310816395691, 44.923746554659473 ], [ 22.437033038617912, 44.923881007653165 ], [ 22.436986578936089, 44.923953068729077 ], [ 22.437033038617912, 44.924126308457211 ], [ 22.437063538389516, 44.924230846506859 ], [ 22.437033038617912, 44.92425794487832 ], [ 22.436837639813767, 44.924508624284634 ], [ 22.436755260840137, 44.92458320357391 ], [ 22.436477483062358, 44.924772856532691 ], [ 22.436429741830562, 44.924786402062409 ], [ 22.436199705284576, 44.924838718089646 ], [ 22.435921927506808, 44.924844493857016 ], [ 22.435708187004106, 44.924786402062409 ], [ 22.435804413353409, 44.924508624284634 ], [ 22.435678148881809, 44.924230846506859 ], [ 22.435644149729026, 44.924208232944252 ], [ 22.435366371951243, 44.923975506726286 ], [ 22.435348122562054, 44.923953068729084 ], [ 22.435291765791177, 44.923675290951302 ], [ 22.435295379122216, 44.923397513173526 ], [ 22.435366371951247, 44.923224770445202 ], [ 22.435434211502919, 44.923119735395744 ], [ 22.435366371951247, 44.922976496906585 ], [ 22.435316483991699, 44.922841957617969 ], [ 22.435366371951247, 44.92269688517878 ], [ 22.435439782857692, 44.922564179840187 ], [ 22.435592273698099, 44.922286402062412 ], [ 22.435644149729026, 44.922229807597567 ], [ 22.435852097766919, 44.922008624284636 ], [ 22.435921927506804, 44.921951652434785 ], [ 22.436199705284579, 44.921768969492099 ], [ 22.436461947797206, 44.921730846506854 ], [ 22.436477483062362, 44.921728759169469 ], [ 22.436755260840137, 44.921710974455046 ], [ 22.437033038617912, 44.921569737239281 ], [ 22.437176655984079, 44.921453068729079 ], [ 22.437310816395691, 44.921325282704757 ], [ 22.437588594173469, 44.921179132759598 ], [ 22.437596646780666, 44.921175290951304 ], [ 22.437588594173469, 44.921171484438005 ], [ 22.437310816395691, 44.921052285431095 ], [ 22.437071888713046, 44.920897513173522 ], [ 22.437033038617912, 44.920877890798401 ], [ 22.436755260840137, 44.920722943739989 ], [ 22.436547411901277, 44.920619735395746 ], [ 22.436477483062358, 44.920587196111228 ], [ 22.436199705284579, 44.920425163077155 ], [ 22.436036700889765, 44.920341957617964 ], [ 22.435921927506804, 44.920285939269419 ], [ 22.435644149729026, 44.92015812789316 ], [ 22.435366371951247, 44.92014931406446 ], [ 22.435088594173468, 44.920138941247124 ], [ 22.434810816395693, 44.920069278757396 ], [ 22.434805533783916, 44.920064179840196 ] ] } },
{ "type": "Feature", "properties": { "rank": 1, "lake_id": 1360316, "elevation_m": 350.0 }, "geometry": { "type": "LineString", "coordinates": [ [ 22.448679110559539, 44.920064179840189 ], [ 22.448699705284579, 44.920074780358888 ], [ 22.448977483062357, 44.920161066054639 ], [ 22.449255260840133, 44.920219034114247 ], [ 22.449533038617918, 44.92026344621037 ], [ 22.449810816395694, 44.920292205196084 ], [ 22.450088594173469, 44.920336523610111 ], [ 22.450171951544935, 44.920341957617964 ], [ 22.450366371951247, 44.920353108292936 ], [ 22.450644149729026, 44.920363949736135 ], [ 22.450921927506801, 44.920406730736005 ], [ 22.45119970528458, 44.920472174415565 ], [ 22.451477483062359, 44.920529718342188 ], [ 22.451755260840137, 44.920585412986533 ], [ 22.451903177581826, 44.920619735395746 ], [ 22.452033038617913, 44.920656370208015 ], [ 22.452310816395691, 44.920764047111199 ], [ 22.45258859417347, 44.920830995485375 ], [ 22.452866371951249, 44.920857911489094 ], [ 22.453093072864242, 44.920897513173522 ], [ 22.453144149729024, 44.920907440572343 ], [ 22.453421927506803, 44.920971423463413 ], [ 22.453699705284581, 44.921015270030274 ], [ 22.453977483062353, 44.921078294418848 ], [ 22.454128421554767, 44.921175290951304 ], [ 22.453977483062353, 44.921262898180657 ], [ 22.453719471417113, 44.921453068729079 ], [ 22.453699705284585, 44.921470432914397 ], [ 22.453421927506803, 44.921687002757217 ], [ 22.453363156211676, 44.921730846506854 ], [ 22.453144149729024, 44.92191396636175 ], [ 22.453031694396433, 44.922008624284636 ], [ 22.452866371951249, 44.92217614399145 ], [ 22.452688770142924, 44.922286402062412 ], [ 22.45258859417347, 44.922341056018112 ], [ 22.452310816395691, 44.922473756269625 ], [ 22.452033038617913, 44.922557057420732 ], [ 22.45201780785213, 44.922564179840187 ], [ 22.451755260840137, 44.922773754090969 ], [ 22.451691189765636, 44.922841957617969 ], [ 22.451590168405957, 44.923119735395744 ], [ 22.451477483062359, 44.923284248792022 ], [ 22.451407277417953, 44.923397513173526 ], [ 22.451458515808724, 44.923675290951302 ], [ 22.451476741604527, 44.923953068729077 ], [ 22.451477483062359, 44.92395537449471 ], [ 22.451545447594746, 44.924230846506859 ], [ 22.451613062042643, 44.924508624284634 ], [ 22.451755260840137, 44.924715860145241 ], [ 22.451791371089946, 44.924786402062409 ], [ 22.451786193344624, 44.925064179840192 ], [ 22.451755260840137, 44.925147654066016 ], [ 22.451682663164164, 44.925341957617967 ], [ 22.451644719241965, 44.925619735395742 ], [ 22.451569480213941, 44.925897513173524 ], [ 22.451519256367419, 44.926175290951299 ], [ 22.451477483062359, 44.926351860476075 ], [ 22.451449610410275, 44.926453068729082 ], [ 22.451477483062359, 44.926516400595716 ], [ 22.451617687840553, 44.926730846506857 ], [ 22.451755260840137, 44.926849791304114 ], [ 22.451979778009417, 44.927008624284632 ], [ 22.452033038617913, 44.92704909386633 ], [ 22.452199123491848, 44.927286402062414 ], [ 22.452310816395691, 44.927372148277279 ], [ 22.452521845808306, 44.927564179840189 ], [ 22.45258859417347, 44.927637286124799 ], [ 22.452761772244028, 44.927841957617964 ], [ 22.452866371951249, 44.927945553130854 ], [ 22.453023736499013, 44.928119735395747 ], [ 22.453036004644794, 44.928397513173522 ], [ 22.453144149729024, 44.928554431442393 ], [ 22.453251434029077, 44.928675290951304 ], [ 22.453421927506799, 44.928893505689487 ], [ 22.453474578057275, 44.928953068729079 ], [ 22.453699705284581, 44.929215530763791 ], [ 22.453715720105027, 44.929230846506854 ], [ 22.453977483062356, 44.929496786203579 ], [ 22.453998958846398, 44.929508624284637 ], [ 22.454255260840135, 44.929618911536608 ], [ 22.454533038617914, 44.929704781047285 ], [ 22.454810816395693, 44.929745181994335 ], [ 22.45502868429492, 44.929786402062412 ], [ 22.455088594173468, 44.929797642688172 ], [ 22.455366371951246, 44.929836347115106 ], [ 22.455644149729025, 44.929885584117315 ], [ 22.455921927506804, 44.929935585105909 ], [ 22.456199705284579, 44.929947675968634 ], [ 22.456477483062358, 44.930007013455686 ], [ 22.456635750926743, 44.930064179840187 ], [ 22.456755260840136, 44.930129532769634 ], [ 22.457033038617915, 44.930310394608149 ], [ 22.457082486382667, 44.930341957617969 ], [ 22.45731081639569, 44.930489352311781 ], [ 22.457588594173469, 44.930560348310387 ], [ 22.457866371951248, 44.930584466896384 ], [ 22.458144149729026, 44.930479187840412 ], [ 22.45828467591447, 44.930341957617969 ], [ 22.458415417778454, 44.930064179840187 ], [ 22.458421927506802, 44.930057603362897 ], [ 22.45869970528458, 44.930038801307234 ], [ 22.458771567137369, 44.930064179840187 ], [ 22.458977483062359, 44.930182602871696 ], [ 22.459255260840138, 44.930309087527291 ], [ 22.459311048279954, 44.930341957617969 ], [ 22.459533038617913, 44.930511256768938 ], [ 22.459648508245625, 44.930619735395744 ], [ 22.459810816395692, 44.930748171395081 ], [ 22.46008859417347, 44.93084620578486 ], [ 22.460366371951245, 44.930883796858971 ], [ 22.460573165721179, 44.93089751317352 ], [ 22.460644149729024, 44.93090112413978 ], [ 22.460921927506803, 44.93096110051976 ], [ 22.461199705284582, 44.930978988620552 ], [ 22.461439305463227, 44.931175290951302 ], [ 22.461477483062357, 44.931220862310731 ], [ 22.461630666263829, 44.931453068729077 ], [ 22.461755260840135, 44.931701891153658 ], [ 22.461774814473973, 44.931730846506866 ], [ 22.461891381421715, 44.932008624284634 ], [ 22.461843192524647, 44.93228640206241 ], [ 22.461929291769113, 44.932564179840192 ], [ 22.461934198222835, 44.932841957617967 ], [ 22.462033038617914, 44.933080209491223 ], [ 22.462052890142765, 44.933119735395742 ], [ 22.462033038617914, 44.933200654289656 ], [ 22.461996276691508, 44.933397513173524 ], [ 22.462033038617914, 44.933488673421181 ], [ 22.462207615498315, 44.9336752909513 ], [ 22.462310816395693, 44.933756106609714 ], [ 22.462588594173468, 44.933921312875484 ], [ 22.462601534176574, 44.933953068729082 ], [ 22.462669686388924, 44.934230846506857 ], [ 22.462708887884734, 44.934508624284632 ], [ 22.462636451074697, 44.934786402062414 ], [ 22.462702294132246, 44.93506417984019 ], [ 22.462866371951247, 44.935341109274276 ], [ 22.462866910944527, 44.935341957617965 ], [ 22.462968765415841, 44.935619735395747 ], [ 22.463144149729029, 44.935890814678764 ], [ 22.463148611641603, 44.935897513173522 ], [ 22.46337755963583, 44.936175290951297 ], [ 22.463421927506804, 44.936207085309242 ], [ 22.463699705284576, 44.936417821827 ], [ 22.463765978681053, 44.93645306872908 ], [ 22.463977483062358, 44.936524544642438 ], [ 22.464255260840137, 44.936571648010975 ], [ 22.464533038617915, 44.936590805271912 ], [ 22.464810816395691, 44.936633317763018 ], [ 22.465063168547992, 44.936730846506855 ], [ 22.465088594173469, 44.936746347063497 ], [ 22.465366371951248, 44.936957421743443 ], [ 22.465456726804881, 44.937008624284637 ], [ 22.465644149729023, 44.937119338176636 ], [ 22.465921927506802, 44.937242768678239 ], [ 22.465994291519454, 44.937286402062412 ], [ 22.466199705284581, 44.937431206747753 ], [ 22.466371392416622, 44.937564179840187 ], [ 22.466477483062359, 44.937661247827727 ], [ 22.466686362998381, 44.93784195761797 ], [ 22.466755260840134, 44.937885400375471 ], [ 22.467033038617913, 44.93806336801341 ], [ 22.467093120172571, 44.938119735395752 ], [ 22.467310816395692, 44.938269688095957 ], [ 22.467524733105087, 44.93839751317352 ], [ 22.467588594173471, 44.938447702968773 ], [ 22.467845953879703, 44.938675290951302 ], [ 22.467866371951246, 44.938706997587659 ], [ 22.468006644563754, 44.938953068729077 ], [ 22.468089913599233, 44.93923084650686 ], [ 22.468122814321838, 44.939508624284635 ], [ 22.468144149729024, 44.9395426537194 ], [ 22.468252036365918, 44.939786402062403 ], [ 22.468421927506803, 44.939911127603075 ], [ 22.468591919625794, 44.940064179840192 ], [ 22.468699705284582, 44.940159114463214 ], [ 22.468977483062357, 44.940320634267842 ], [ 22.469011677742305, 44.940341957617967 ], [ 22.469200118333923, 44.940619735395742 ], [ 22.469247812351025, 44.940897513173525 ], [ 22.469255260840136, 44.940909033141033 ], [ 22.469496804849157, 44.9411752909513 ], [ 22.469533038617914, 44.941221616214278 ], [ 22.469722018979102, 44.941453068729082 ], [ 22.469810816395693, 44.941647554641058 ], [ 22.469849118778658, 44.941730846506857 ], [ 22.469835658708742, 44.942008624284632 ], [ 22.469810816395693, 44.942142785850379 ], [ 22.469783989094761, 44.942286402062415 ], [ 22.469793610861721, 44.94256417984019 ], [ 22.469810816395693, 44.942672594375075 ], [ 22.469838794980923, 44.942841957617965 ], [ 22.469892786861905, 44.943119735395747 ], [ 22.470011064248823, 44.943397513173522 ], [ 22.470088594173468, 44.943554347261895 ], [ 22.470148290756935, 44.943675290951298 ], [ 22.470254599756725, 44.94395306872908 ], [ 22.470300151010779, 44.944230846506855 ], [ 22.47033443593779, 44.944508624284637 ], [ 22.470321429120599, 44.944786402062412 ], [ 22.470286927504933, 44.945064179840188 ], [ 22.470154688075361, 44.94534195761797 ], [ 22.470088594173468, 44.945406059496023 ], [ 22.469922466575301, 44.945619735395745 ], [ 22.469810816395693, 44.945748025889323 ], [ 22.469706823036777, 44.94589751317352 ], [ 22.469533038617914, 44.946086179524542 ], [ 22.469447569800874, 44.946175290951302 ], [ 22.469290199530811, 44.946453068729078 ], [ 22.469361916165401, 44.94673084650686 ], [ 22.469533038617914, 44.946947393643136 ], [ 22.469598009436108, 44.947008624284635 ], [ 22.469810816395693, 44.947204704140646 ], [ 22.469881932699636, 44.947286402062403 ], [ 22.470088594173465, 44.947537415674816 ], [ 22.47011427795783, 44.947564179840192 ], [ 22.470366371951247, 44.947769534341717 ], [ 22.470449906757743, 44.947841957617968 ], [ 22.470644149729026, 44.947975432366896 ], [ 22.470822097610554, 44.948119735395743 ], [ 22.470921927506801, 44.948196004160856 ], [ 22.471144142789026, 44.948397513173525 ], [ 22.47119970528458, 44.948457240673854 ], [ 22.471362652200959, 44.9486752909513 ], [ 22.471477483062358, 44.94886609238192 ], [ 22.471560447712999, 44.948953068729075 ], [ 22.471755260840137, 44.94907315765893 ], [ 22.471976521235092, 44.949230846506858 ], [ 22.472033038617912, 44.949283657090398 ], [ 22.472222731757842, 44.949508624284633 ], [ 22.472310816395691, 44.949636415122797 ], [ 22.472458006779352, 44.949786402062415 ], [ 22.47258859417347, 44.949936470633098 ], [ 22.472722368842856, 44.95006417984019 ], [ 22.472866371951248, 44.95015564823111 ], [ 22.473101455883207, 44.950341957617965 ], [ 22.473144149729023, 44.950372197722672 ], [ 22.473421927506802, 44.950547801117885 ], [ 22.473699705284577, 44.950596968919704 ], [ 22.47381672904649, 44.95061973539574 ], [ 22.47397748306236, 44.950648956935829 ], [ 22.474255260840135, 44.950719746288598 ], [ 22.474533038617913, 44.950741428107087 ], [ 22.474810816395696, 44.950763417997599 ], [ 22.475088594173471, 44.950765492765662 ], [ 22.475366371951246, 44.950769283350013 ], [ 22.475644149729025, 44.950735269236723 ], [ 22.475921927506803, 44.950747786409174 ], [ 22.476199705284586, 44.950867942061585 ], [ 22.476247726935657, 44.950897513173523 ], [ 22.476477483062357, 44.951042668301966 ], [ 22.476755260840136, 44.951171540567294 ], [ 22.476763573789697, 44.951175290951298 ], [ 22.477033038617915, 44.951349547598888 ], [ 22.477194997688596, 44.95145306872908 ], [ 22.47731081639569, 44.951555317429282 ], [ 22.477588594173469, 44.951675641649139 ], [ 22.477866371951247, 44.951689783259859 ], [ 22.477948843090644, 44.951730846506855 ], [ 22.478089524142561, 44.952008624284638 ], [ 22.478144149729026, 44.952067170801378 ], [ 22.478323611293629, 44.952286402062413 ], [ 22.478421927506801, 44.952475551403531 ], [ 22.478480766338812, 44.952564179840188 ], [ 22.47869970528458, 44.952765964341552 ], [ 22.478812308978988, 44.95284195761797 ], [ 22.478792730611691, 44.953119735395745 ], [ 22.47869970528458, 44.953353573763046 ], [ 22.478671182683314, 44.95339751317352 ], [ 22.478681079135448, 44.953675290951303 ], [ 22.478511596411487, 44.953953068729078 ], [ 22.478421927506801, 44.954055377001986 ], [ 22.478294957720632, 44.954230846506853 ], [ 22.478421927506801, 44.954361201757287 ], [ 22.478592446138133, 44.954508624284635 ], [ 22.47869970528458, 44.954755362835954 ], [ 22.478712383878928, 44.95478640206241 ], [ 22.47873052891136, 44.9550641798402 ], [ 22.478977483062359, 44.955169760965681 ], [ 22.479152020203173, 44.955341957617968 ], [ 22.479255260840137, 44.955488183533859 ], [ 22.479339025180842, 44.955619735395743 ] ] } },
{ "type": "Feature", "properties": { "rank": 1, "lake_id": 1360316, "elevation_m": 400.0 }, "geometry": { "type": "LineString", "coordinates": [ [ 22.471229742552925, 44.955619735395743 ], [ 22.471271487805041, 44.955341957617968 ], [ 22.47119970528458, 44.955216720243939 ], [ 22.470997936546077, 44.955064179840193 ], [ 22.470921927506801, 44.955030169602615 ], [ 22.470644149729026, 44.954990085915767 ], [ 22.470366371951247, 44.954984844083071 ], [ 22.470088594173468, 44.955013117757929 ], [ 22.469810816395693, 44.954989142806056 ], [ 22.469533038617914, 44.954921351431473 ], [ 22.469255260840136, 44.954854223252241 ], [ 22.468977483062357, 44.954816561668174 ], [ 22.468791941085026, 44.95478640206241 ], [ 22.468699705284582, 44.954764393976511 ], [ 22.4684219275068, 44.95452162530767 ], [ 22.468397120484337, 44.954508624284642 ], [ 22.468144149729024, 44.954292613200209 ], [ 22.468063097677533, 44.954230846506853 ], [ 22.467901030792202, 44.953953068729078 ], [ 22.468144149729024, 44.953750281926737 ], [ 22.468191322536263, 44.953675290951303 ], [ 22.468259745036175, 44.95339751317352 ], [ 22.468144149729024, 44.953171942070234 ], [ 22.468098287173362, 44.953119735395745 ], [ 22.467866371951246, 44.952925988863853 ], [ 22.467785895666214, 44.95284195761797 ], [ 22.467614587110369, 44.952564179840188 ], [ 22.467588594173471, 44.952524937678994 ], [ 22.467310816395692, 44.95230670693558 ], [ 22.467033038617913, 44.952366700669813 ], [ 22.466755260840134, 44.952487848729504 ], [ 22.46659405609536, 44.952564179840188 ], [ 22.466477483062359, 44.952621393644925 ], [ 22.466199705284577, 44.9526438934437 ], [ 22.466001305081029, 44.952564179840188 ], [ 22.465921927506802, 44.952512575948006 ], [ 22.465694485287866, 44.952286402062413 ], [ 22.465644149729023, 44.952255315461024 ], [ 22.465366371951248, 44.952084155038996 ], [ 22.465250232228076, 44.952008624284638 ], [ 22.465088594173473, 44.951791364882141 ], [ 22.465057192332669, 44.951730846506848 ], [ 22.464921846460125, 44.95145306872908 ], [ 22.464810816395691, 44.951361521780498 ], [ 22.464551346938983, 44.951175290951298 ], [ 22.464533038617915, 44.951147083522649 ], [ 22.46433890602264, 44.950897513173523 ], [ 22.464255260840137, 44.950845339151194 ], [ 22.464078164842199, 44.95089751317353 ], [ 22.463977483062358, 44.950952990553048 ], [ 22.463780632736945, 44.951175290951291 ], [ 22.463699705284579, 44.951243179251527 ], [ 22.463516809367434, 44.95145306872908 ], [ 22.463421927506804, 44.951699999808866 ], [ 22.463409280166676, 44.951730846506855 ], [ 22.463353757168424, 44.952008624284638 ], [ 22.463144149729025, 44.952273451127468 ], [ 22.46312817686492, 44.952286402062413 ], [ 22.462866371951247, 44.95242226761664 ], [ 22.462588594173468, 44.952519790017739 ], [ 22.462377248064097, 44.952564179840188 ], [ 22.462310816395693, 44.952577714905168 ], [ 22.462033038617914, 44.952589970902302 ], [ 22.461755260840135, 44.952628742860064 ], [ 22.461477483062357, 44.952694281375763 ], [ 22.461199705284582, 44.952756540138779 ], [ 22.460980422718414, 44.95284195761797 ], [ 22.460921927506803, 44.95298823668157 ], [ 22.460885524392811, 44.953119735395745 ], [ 22.460921927506803, 44.95323369456711 ], [ 22.460972991236023, 44.95339751317352 ], [ 22.461199705284585, 44.953664258440405 ], [ 22.461206499996777, 44.953675290951303 ], [ 22.461199705284578, 44.953707392778803 ], [ 22.460921927506803, 44.953886560130343 ], [ 22.460644149729028, 44.95380527217997 ], [ 22.460366371951245, 44.953743738644839 ], [ 22.46008859417347, 44.953706617568905 ], [ 22.459810816395692, 44.953713293546471 ], [ 22.459533038617913, 44.953752957176654 ], [ 22.459255260840138, 44.953826720882347 ], [ 22.458977483062359, 44.953905464274413 ], [ 22.45869970528458, 44.953914592621928 ], [ 22.458642164642484, 44.953675290951296 ], [ 22.45869970528458, 44.95351977481554 ], [ 22.458749028518795, 44.95339751317352 ], [ 22.458875076198844, 44.953119735395745 ], [ 22.458868275108323, 44.95284195761797 ], [ 22.458806363481905, 44.952564179840188 ], [ 22.458772541402201, 44.952286402062413 ], [ 22.458789035719974, 44.952008624284638 ], [ 22.458977483062359, 44.951764227110324 ], [ 22.459035965545443, 44.951730846506855 ], [ 22.459255260840138, 44.951454483176953 ], [ 22.459256686982293, 44.95145306872908 ], [ 22.459255260840138, 44.951452427585181 ], [ 22.458977483062359, 44.951402565268062 ], [ 22.45869970528458, 44.95139259515873 ], [ 22.458421927506802, 44.951307575761561 ], [ 22.458280873965506, 44.951175290951298 ], [ 22.458144149729026, 44.951062602679791 ], [ 22.458041135660075, 44.950897513173523 ], [ 22.457866371951248, 44.950708434945298 ], [ 22.457609895350167, 44.950619735395748 ], [ 22.457588594173469, 44.950612763935879 ], [ 22.45731081639569, 44.950475327345529 ], [ 22.457033038617915, 44.950349645244685 ], [ 22.456993981089003, 44.950341957617972 ], [ 22.456755260840136, 44.950306811731402 ], [ 22.456477483062358, 44.950316450397558 ], [ 22.456381146824661, 44.950341957617965 ], [ 22.456199705284579, 44.950392260503598 ], [ 22.455921927506804, 44.950540982509239 ], [ 22.4558041763398, 44.950619735395748 ], [ 22.455706867362647, 44.950897513173523 ], [ 22.455644149729025, 44.950974328972329 ], [ 22.455366371951246, 44.951026428324646 ], [ 22.45531061896342, 44.950897513173516 ], [ 22.455366371951246, 44.950710352092102 ], [ 22.455427102613303, 44.950619735395748 ], [ 22.455494314821596, 44.950341957617965 ], [ 22.45554934899447, 44.95006417984019 ], [ 22.455644149729025, 44.949927581093689 ], [ 22.455745680211834, 44.949786402062415 ], [ 22.455921927506804, 44.949646124512363 ], [ 22.456100842081469, 44.949508624284633 ], [ 22.456199705284579, 44.949449258338902 ], [ 22.456477483062358, 44.949261474929251 ], [ 22.456548291848225, 44.949230846506858 ], [ 22.456755260840136, 44.949151598483304 ], [ 22.457033038617915, 44.949165935180517 ], [ 22.457270634124797, 44.949230846506858 ], [ 22.45731081639569, 44.949239571374143 ], [ 22.457588594173469, 44.949323513398568 ], [ 22.457866371951248, 44.949380946241661 ], [ 22.458144149729026, 44.949408419730865 ], [ 22.458421927506802, 44.949393647771835 ], [ 22.45869970528458, 44.949343869516554 ], [ 22.458977483062359, 44.949267781486817 ], [ 22.459093722866729, 44.949230846506858 ], [ 22.459255260840134, 44.949197449145608 ], [ 22.459533038617916, 44.949207987287537 ], [ 22.459810816395692, 44.949203567815971 ], [ 22.46008859417347, 44.949165250011667 ], [ 22.460366371951245, 44.949113411923086 ], [ 22.460644149729024, 44.949060024959941 ], [ 22.460921927506803, 44.948986980748515 ], [ 22.461018895223802, 44.948953068729075 ], [ 22.460921927506803, 44.948785051475575 ], [ 22.460868856322726, 44.9486752909513 ], [ 22.460726810022717, 44.948397513173525 ], [ 22.460644149729024, 44.948121673141991 ], [ 22.46064340843683, 44.948119735395743 ], [ 22.460644149729024, 44.948119206294081 ], [ 22.460921927506803, 44.947948075151487 ], [ 22.461179454130232, 44.947841957617968 ], [ 22.461199705284582, 44.947837467393448 ], [ 22.461477483062357, 44.947803990621999 ], [ 22.461755260840135, 44.947780892037379 ], [ 22.462033038617914, 44.947695252398034 ], [ 22.462279989069216, 44.947564179840199 ], [ 22.462147737311181, 44.94728640206241 ], [ 22.462117109953294, 44.947008624284635 ], [ 22.462107326476399, 44.94673084650686 ], [ 22.462043161525745, 44.946453068729078 ], [ 22.462033038617914, 44.946437259275186 ], [ 22.461755260840132, 44.946177044052078 ], [ 22.46175275807709, 44.946175290951302 ], [ 22.461755260840139, 44.94614007240272 ], [ 22.461764614556962, 44.94589751317352 ], [ 22.461806845094038, 44.945619735395745 ], [ 22.461934527623853, 44.94534195761797 ], [ 22.461996248789081, 44.945064179840188 ], [ 22.461875111547258, 44.944786402062412 ], [ 22.462033038617914, 44.944534250226198 ], [ 22.462049991462937, 44.944508624284637 ], [ 22.462206470175019, 44.944230846506855 ], [ 22.462310816395693, 44.944104451537399 ], [ 22.462403737361498, 44.94395306872908 ], [ 22.462432634755952, 44.943675290951298 ], [ 22.462314513456974, 44.943397513173522 ], [ 22.462310816395693, 44.943383212797002 ], [ 22.462234028307893, 44.943119735395747 ], [ 22.462123644841689, 44.942841957617965 ], [ 22.462033038617914, 44.942710309366852 ], [ 22.461945767213692, 44.94256417984019 ], [ 22.461755260840135, 44.94245636649466 ], [ 22.461477483062357, 44.942403445872024 ], [ 22.461199705284582, 44.942462299504705 ], [ 22.461086584781842, 44.94256417984019 ], [ 22.460921927506803, 44.942827008969857 ], [ 22.460906982030824, 44.942841957617965 ], [ 22.460650784774952, 44.943119735395747 ], [ 22.460644149729024, 44.943130546214867 ], [ 22.460366371951245, 44.943362318317973 ], [ 22.46008859417347, 44.94332836476206 ], [ 22.459810816395692, 44.943227273164524 ], [ 22.459684679176149, 44.943119735395747 ], [ 22.459533038617913, 44.942986139172937 ], [ 22.459383786316419, 44.942841957617965 ], [ 22.459255260840138, 44.942761354917472 ], [ 22.458977483062359, 44.9426624967004 ], [ 22.458792666330506, 44.94256417984019 ], [ 22.45869970528458, 44.942511268249021 ], [ 22.458497361349444, 44.942286402062415 ], [ 22.458421927506802, 44.942089521325727 ], [ 22.458379999857261, 44.942008624284632 ], [ 22.45838817460638, 44.941730846506857 ], [ 22.458421927506802, 44.941535235426237 ], [ 22.458436724371669, 44.941453068729082 ], [ 22.458421927506802, 44.941423232747205 ], [ 22.458249823748211, 44.9411752909513 ], [ 22.458144149729026, 44.941084391098229 ], [ 22.457866371951248, 44.941100715533679 ], [ 22.457653247939252, 44.9411752909513 ], [ 22.457588594173469, 44.941193039878911 ], [ 22.457310816395687, 44.941263084951743 ], [ 22.457033038617915, 44.941259809195714 ], [ 22.456755260840136, 44.941203138100427 ], [ 22.456690762367153, 44.9411752909513 ], [ 22.456477483062358, 44.941056194827524 ], [ 22.456199705284583, 44.940902892646811 ], [ 22.456144848868103, 44.940897513173525 ], [ 22.455921927506804, 44.94087482758458 ], [ 22.455823226600149, 44.940897513173525 ], [ 22.455644149729022, 44.940947921007535 ], [ 22.45549776197883, 44.9411752909513 ], [ 22.455500835036386, 44.941453068729082 ], [ 22.455560989228672, 44.941730846506857 ], [ 22.455566295775039, 44.942008624284632 ], [ 22.455517360309297, 44.942286402062415 ], [ 22.455366371951246, 44.942528719684653 ], [ 22.455343199474672, 44.94256417984019 ], [ 22.455126095119727, 44.942841957617965 ], [ 22.455088594173468, 44.942883867628581 ], [ 22.454902623854931, 44.943119735395747 ], [ 22.454940346596846, 44.943397513173522 ], [ 22.455076962733362, 44.943675290951298 ], [ 22.45503356017991, 44.94395306872908 ], [ 22.454949967663968, 44.944230846506855 ], [ 22.454909706997491, 44.944508624284637 ], [ 22.454810816395693, 44.94470530464519 ], [ 22.454759486599169, 44.944786402062412 ], [ 22.454567432243557, 44.945064179840188 ], [ 22.454533038617914, 44.945146573860427 ], [ 22.454391802503288, 44.94534195761797 ], [ 22.454355882367256, 44.945619735395745 ], [ 22.454255260840135, 44.945830668141518 ], [ 22.453977483062356, 44.945807172937165 ], [ 22.453699705284581, 44.945661951684727 ], [ 22.453616491333833, 44.945619735395745 ], [ 22.453421927506803, 44.945528145259374 ], [ 22.453144149729024, 44.945405272987408 ], [ 22.452932370112084, 44.94534195761797 ], [ 22.452866371951249, 44.945319277762721 ], [ 22.45258859417347, 44.945259990704244 ], [ 22.452310816395691, 44.945210913638668 ], [ 22.452033038617913, 44.94509912878145 ], [ 22.451988594173468, 44.945064179840188 ], [ 22.452033038617913, 44.944975642346691 ], [ 22.452148401981091, 44.944786402062412 ], [ 22.452310816395691, 44.944689651023737 ], [ 22.45258859417347, 44.944560642563616 ], [ 22.452702181758085, 44.944508624284637 ], [ 22.452789867239694, 44.944230846506855 ], [ 22.452603758757466, 44.94395306872908 ], [ 22.45258859417347, 44.943937887426905 ], [ 22.452374784699142, 44.943675290951298 ], [ 22.452310816395691, 44.94356257456861 ], [ 22.452223976324436, 44.943397513173522 ], [ 22.452124299389244, 44.943119735395747 ], [ 22.45208396309225, 44.942841957617965 ], [ 22.452033038617913, 44.94272883600965 ], [ 22.45195001384786, 44.94256417984019 ], [ 22.451763465165445, 44.942286402062415 ], [ 22.451755260840137, 44.942262913937377 ], [ 22.451671506816776, 44.942008624284632 ], [ 22.451652863569123, 44.941730846506857 ], [ 22.451747942763411, 44.941453068729082 ], [ 22.451755260840137, 44.941423141289903 ], [ 22.451832513256026, 44.9411752909513 ], [ 22.451755260840137, 44.941041497644655 ], [ 22.451658813901155, 44.940897513173525 ], [ 22.451560501855269, 44.940619735395742 ], [ 22.451592908788687, 44.940341957617967 ], [ 22.451731262675175, 44.940064179840192 ], [ 22.451755260840137, 44.939940321485238 ], [ 22.451800127664828, 44.93978640206241 ], [ 22.451755260840137, 44.939719863741551 ], [ 22.451477483062359, 44.939560111450298 ], [ 22.451221789643991, 44.939508624284635 ], [ 22.45119970528458, 44.939505198048629 ], [ 22.450921927506801, 44.939443717957225 ], [ 22.450644149729026, 44.939378636740756 ], [ 22.450366371951247, 44.939321510010188 ], [ 22.450088594173465, 44.939285168074392 ], [ 22.44981081639569, 44.939259045277957 ], [ 22.449533038617915, 44.939235058676473 ], [ 22.449482461666893, 44.939230846506852 ], [ 22.449255260840136, 44.939211993755208 ], [ 22.448977483062357, 44.939070669554148 ], [ 22.448811123434318, 44.938953068729077 ], [ 22.448699705284579, 44.938916968720271 ], [ 22.448421927506804, 44.938846753856204 ], [ 22.448144149729025, 44.938782453846734 ], [ 22.447866371951246, 44.938752755710468 ], [ 22.447588594173471, 44.938771381506228 ], [ 22.447310816395692, 44.938803039798749 ], [ 22.447033038617914, 44.938867019669303 ], [ 22.446839044411114, 44.938953068729077 ], [ 22.446755260840135, 44.939026341098632 ], [ 22.446660278433423, 44.93923084650686 ], [ 22.44647748306236, 44.939486388517011 ], [ 22.446420386661636, 44.939508624284635 ], [ 22.446199705284577, 44.93960140691371 ], [ 22.445921927506802, 44.939765627429317 ], [ 22.445876207370365, 44.93978640206241 ], [ 22.445644149729024, 44.939961823018535 ], [ 22.445366371951248, 44.939979699365288 ], [ 22.44508859417347, 44.93985410622264 ], [ 22.444977751282931, 44.93978640206241 ], [ 22.444810816395691, 44.939708275165891 ], [ 22.444533038617912, 44.939575464787936 ], [ 22.444367217119062, 44.939508624284635 ], [ 22.444255260840137, 44.939400525050679 ], [ 22.4441677052118, 44.93923084650686 ], [ 22.444255260840137, 44.939094263340145 ], [ 22.444405764036759, 44.938953068729077 ], [ 22.444533038617912, 44.938857113643941 ], [ 22.444810816395691, 44.938699492671809 ], [ 22.444843316702411, 44.938675290951302 ], [ 22.444925571314183, 44.93839751317352 ], [ 22.44508859417347, 44.938153355473183 ], [ 22.445109582981438, 44.938119735395745 ], [ 22.445366371951248, 44.93789739241025 ], [ 22.44544609510049, 44.93784195761797 ], [ 22.445644149729024, 44.937732226572791 ], [ 22.445921927506802, 44.937611660084656 ], [ 22.44599649101286, 44.937564179840187 ], [ 22.446199705284581, 44.937469739123053 ], [ 22.44647748306236, 44.937324172301359 ], [ 22.446540465685885, 44.937286402062412 ], [ 22.446755260840135, 44.937160981185663 ], [ 22.447033038617914, 44.937041180669858 ], [ 22.447104497425048, 44.937008624284637 ], [ 22.447310816395692, 44.936948321587835 ], [ 22.447588594173471, 44.936922109843074 ], [ 22.447866371951246, 44.936889648380813 ], [ 22.448144149729025, 44.93684992518677 ], [ 22.448421927506804, 44.936822731587363 ], [ 22.448684735194465, 44.936730846506855 ], [ 22.448699705284582, 44.936664426012094 ], [ 22.448736584744644, 44.93645306872908 ], [ 22.448699705284579, 44.936375120114072 ], [ 22.448607323696052, 44.936175290951297 ], [ 22.44842370381242, 44.935897513173522 ], [ 22.448421927506804, 44.935894038177864 ], [ 22.448258374380966, 44.935619735395747 ], [ 22.448144149729025, 44.935545913804049 ], [ 22.447866371951246, 44.935429342191362 ], [ 22.447688309106272, 44.935341957617965 ], [ 22.447588594173471, 44.935258238870809 ], [ 22.447404361265267, 44.93506417984019 ], [ 22.447310816395689, 44.934823356995189 ], [ 22.447296367810846, 44.934786402062414 ], [ 22.447033038617914, 44.93453691931532 ], [ 22.446993491819004, 44.934508624284632 ], [ 22.446755260840135, 44.934399768713789 ], [ 22.44647748306236, 44.934271589680634 ], [ 22.446199705284581, 44.934243582368794 ], [ 22.445921927506806, 44.934234783272395 ], [ 22.445644149729027, 44.934242498399442 ], [ 22.445366371951245, 44.93427647975745 ], [ 22.44508859417347, 44.934361503937858 ], [ 22.444810816395691, 44.934345007367227 ], [ 22.444533038617912, 44.934382616719873 ], [ 22.444255260840137, 44.934440094120994 ], [ 22.443977483062358, 44.934449743944967 ], [ 22.44369970528458, 44.934458827390266 ], [ 22.443421927506801, 44.93446212040925 ], [ 22.443144149729026, 44.934402466442073 ], [ 22.442929754607295, 44.934230846506857 ], [ 22.442866371951247, 44.934176823547411 ], [ 22.442680128043285, 44.933953068729082 ], [ 22.442674850786783, 44.9336752909513 ], [ 22.442815376347745, 44.933397513173524 ], [ 22.442866371951244, 44.9333494396137 ], [ 22.443144149729026, 44.933126094324123 ], [ 22.44315415204704, 44.933119735395742 ], [ 22.443421927506801, 44.932863890012733 ], [ 22.44344079811875, 44.932841957617967 ], [ 22.443649954687842, 44.932564179840192 ], [ 22.44369970528458, 44.932492382726004 ], [ 22.443896019522732, 44.93228640206241 ], [ 22.443977483062358, 44.932214742991178 ], [ 22.444217184937266, 44.932008624284634 ], [ 22.444185421274643, 44.931730846506859 ], [ 22.443977483062358, 44.931601938058833 ], [ 22.443699705284583, 44.9314561523137 ], [ 22.443670100589824, 44.931453068729077 ], [ 22.443421927506801, 44.931392603477711 ], [ 22.443293202008714, 44.931175290951309 ], [ 22.443421927506805, 44.93109867306223 ], [ 22.44369970528458, 44.930991039313696 ], [ 22.443939565401866, 44.93089751317352 ], [ 22.443751338752755, 44.930619735395744 ], [ 22.443716500021889, 44.930341957617969 ], [ 22.44369970528458, 44.930329164230947 ], [ 22.443421927506801, 44.930149284002226 ], [ 22.443203495964035, 44.930064179840187 ], [ 22.443144149729026, 44.930041468574977 ], [ 22.442866371951247, 44.929950158157141 ], [ 22.442588594173468, 44.92988691606358 ], [ 22.442310816395693, 44.929814660382974 ], [ 22.442244445500634, 44.929786402062412 ], [ 22.442033038617915, 44.929732895802395 ], [ 22.441755260840136, 44.929637230329618 ], [ 22.441512432775706, 44.929508624284637 ], [ 22.441477483062357, 44.929489533788114 ], [ 22.441199705284582, 44.929353576767376 ], [ 22.440939635028702, 44.929230846506854 ], [ 22.440921927506803, 44.929215332514296 ], [ 22.440644149729025, 44.928975060600706 ], [ 22.440608306755614, 44.928953068729079 ], [ 22.440644149729025, 44.928865015206497 ], [ 22.440697891621358, 44.928675290951304 ], [ 22.440921927506803, 44.928568780955722 ], [ 22.441199705284582, 44.928485482537802 ], [ 22.441373811178178, 44.928397513173522 ], [ 22.441477483062361, 44.928323755496542 ], [ 22.441678326124421, 44.928119735395747 ], [ 22.441755260840136, 44.927866175528358 ], [ 22.441760365552305, 44.927841957617964 ], [ 22.441755260840136, 44.927808781593825 ], [ 22.441708701343071, 44.927564179840189 ], [ 22.441668164928629, 44.927286402062414 ], [ 22.441755260840136, 44.92710473605932 ], [ 22.441850436524607, 44.927008624284632 ], [ 22.442033038617915, 44.926875834884044 ], [ 22.442253932008413, 44.926730846506857 ], [ 22.442310816395693, 44.926678042717882 ], [ 22.442495052780451, 44.926453068729082 ], [ 22.442548381327288, 44.926175290951299 ], [ 22.442485521953792, 44.925897513173524 ], [ 22.442310816395693, 44.925732863294662 ], [ 22.442180367802482, 44.925619735395742 ], [ 22.442033038617915, 44.925527927099935 ], [ 22.441755260840136, 44.925405948262188 ], [ 22.441477483062354, 44.925368217447733 ], [ 22.441199705284582, 44.92538598327755 ], [ 22.440921927506803, 44.92541810201071 ], [ 22.440644149729025, 44.925475043048692 ], [ 22.440366371951246, 44.925520919470614 ], [ 22.440088594173471, 44.925543964430446 ], [ 22.439810816395692, 44.925510114759994 ], [ 22.439533038617913, 44.925393448304902 ], [ 22.439450009021673, 44.925341957617967 ], [ 22.439255260840135, 44.925215507071456 ], [ 22.438977483062359, 44.925112716487348 ], [ 22.438763742661212, 44.925064179840192 ], [ 22.438699705284581, 44.925053230520739 ], [ 22.438421927506802, 44.925026344308868 ], [ 22.438197225817664, 44.925064179840192 ], [ 22.438144149729023, 44.925253615680901 ], [ 22.438129247896654, 44.925341957617967 ], [ 22.437866371951248, 44.925542325269298 ], [ 22.437793032021403, 44.925619735395742 ], [ 22.437588594173469, 44.925878179578547 ], [ 22.437570501193367, 44.925897513173524 ], [ 22.437310816395691, 44.926075661097705 ], [ 22.437033038617912, 44.926163024378667 ], [ 22.436936644262349, 44.926175290951299 ], [ 22.436755260840137, 44.926192512633676 ], [ 22.43666929011982, 44.926175290951299 ], [ 22.436477483062358, 44.926109687808236 ], [ 22.436294260502248, 44.925897513173524 ], [ 22.436199705284579, 44.925777690983196 ], [ 22.435921927506804, 44.925640150385995 ], [ 22.435862711748698, 44.925619735395749 ], [ 22.435644149729026, 44.925563893301799 ], [ 22.435366371951247, 44.925486096611515 ], [ 22.435088594173468, 44.925444642483754 ], [ 22.434810816395689, 44.925438157947063 ], [ 22.434533038617914, 44.925457442340921 ], [ 22.434255260840136, 44.925489447087323 ], [ 22.433977483062357, 44.925540428612457 ] ] } },
{ "type": "Feature", "properties": { "rank": 1, "lake_id": 1360316, "elevation_m": 400.0 }, "geometry": { "type": "LineString", "coordinates": [ [ 22.433977483062357, 44.924119345962929 ], [ 22.434255260840136, 44.92399695652125 ], [ 22.434327120503177, 44.923953068729077 ], [ 22.434394032286647, 44.923675290951302 ], [ 22.434293987868397, 44.923397513173526 ], [ 22.434255260840136, 44.923294102253905 ], [ 22.434183957528088, 44.923119735395744 ], [ 22.434225878753484, 44.922841957617976 ], [ 22.434227225757592, 44.922564179840187 ], [ 22.434255260840132, 44.92245369384387 ], [ 22.434317691418649, 44.922286402062412 ], [ 22.434533038617914, 44.922122211365128 ], [ 22.434658104984461, 44.922008624284636 ], [ 22.434810816395693, 44.921882164144435 ], [ 22.434981517769454, 44.921730846506854 ], [ 22.435088594173468, 44.921589466517695 ], [ 22.435241159436707, 44.921453068729086 ], [ 22.435366371951247, 44.921260780467442 ], [ 22.435533413726496, 44.921175290951297 ], [ 22.435366371951247, 44.921134689935343 ], [ 22.435088594173468, 44.921162588286911 ], [ 22.435023990523032, 44.921175290951304 ], [ 22.434810816395693, 44.921234203447135 ], [ 22.434533038617911, 44.921245221910027 ], [ 22.434372505711607, 44.921175290951304 ], [ 22.434255260840136, 44.9210937549188 ], [ 22.434102407711858, 44.920897513173522 ], [ 22.433977483062357, 44.920681143360383 ] ] } },
{ "type": "Feature", "properties": { "rank": 1, "lake_id": 1360316, "elevation_m": 400.0 }, "geometry": { "type": "LineString", "coordinates": [ [ 22.456248176463188, 44.920064179840189 ], [ 22.456199705284579, 44.920213940872557 ], [ 22.456142572773491, 44.920341957617964 ], [ 22.455921927506804, 44.920508479095076 ], [ 22.45580708348422, 44.920619735395746 ], [ 22.455695361683638, 44.920897513173529 ], [ 22.455644149729025, 44.921070580962009 ], [ 22.455613419579063, 44.921175290951304 ], [ 22.455531522324129, 44.921453068729079 ], [ 22.455440867280348, 44.921730846506861 ], [ 22.455366371951246, 44.921806184488595 ], [ 22.455174878206758, 44.922008624284636 ], [ 22.455088594173468, 44.922073873161246 ], [ 22.454810816395693, 44.922275999843272 ], [ 22.454797229036593, 44.922286402062412 ], [ 22.454533038617914, 44.922504135939327 ], [ 22.454416797460329, 44.922564179840187 ], [ 22.454255260840135, 44.922624188442711 ], [ 22.453977483062356, 44.922773424934647 ], [ 22.453937334029249, 44.922841957617969 ], [ 22.45396325385531, 44.923119735395744 ], [ 22.453757099159649, 44.923397513173526 ], [ 22.453699705284581, 44.92350884423869 ], [ 22.453595338068006, 44.923675290951302 ], [ 22.453450685827004, 44.923953068729077 ], [ 22.453428339984551, 44.924230846506859 ], [ 22.453421927506806, 44.924237773137783 ], [ 22.453148538092954, 44.924508624284634 ], [ 22.453144149729024, 44.924515736529699 ], [ 22.452976268767188, 44.924786402062409 ], [ 22.452866371951249, 44.92502435780645 ], [ 22.452851598446745, 44.925064179840192 ], [ 22.452846180967633, 44.925341957617967 ], [ 22.452829405889325, 44.925619735395742 ], [ 22.45283031294526, 44.925897513173524 ], [ 22.452865627967192, 44.926175290951299 ], [ 22.452866371951249, 44.926178585197647 ], [ 22.453144149729024, 44.926353324878804 ], [ 22.453421927506799, 44.926418222935389 ], [ 22.453468682822908, 44.926453068729082 ], [ 22.453421927506803, 44.92666617058569 ], [ 22.453363715888283, 44.926730846506857 ], [ 22.453260566716235, 44.927008624284632 ], [ 22.453421927506803, 44.927191328725634 ], [ 22.453487093353996, 44.927286402062414 ], [ 22.453699705284585, 44.927562923093703 ], [ 22.453700655031902, 44.927564179840189 ], [ 22.453925748642352, 44.927841957617964 ], [ 22.453977483062356, 44.927908994169535 ], [ 22.454183633023199, 44.928119735395747 ], [ 22.454255260840135, 44.928184578534072 ], [ 22.454461998543195, 44.928397513173522 ], [ 22.454533038617914, 44.928488446349967 ], [ 22.454688681588632, 44.928675290951304 ], [ 22.454810816395693, 44.92885256332363 ], [ 22.454991964202769, 44.928953068729079 ], [ 22.455088594173468, 44.928976227135934 ], [ 22.455366371951246, 44.929073673774099 ], [ 22.455644149729029, 44.929153307192692 ], [ 22.455921927506804, 44.929183212684265 ], [ 22.456199705284579, 44.929228622661469 ], [ 22.456223134105119, 44.929230846506854 ], [ 22.456477483062358, 44.929253279708959 ], [ 22.456570856064957, 44.929230846506854 ], [ 22.456755260840136, 44.929170208453868 ], [ 22.457033038617915, 44.929106286035434 ], [ 22.45731081639569, 44.929011434153516 ], [ 22.457363385820145, 44.928953068729079 ], [ 22.457588594173469, 44.928715873170439 ], [ 22.457705693111372, 44.928675290951304 ], [ 22.457866371951251, 44.928616668409425 ], [ 22.458144149729023, 44.928607607756035 ], [ 22.458421927506798, 44.928617468839789 ], [ 22.45869970528458, 44.928590258316213 ], [ 22.458977483062359, 44.928590881824903 ], [ 22.459210009549427, 44.928675290951304 ], [ 22.459255260840138, 44.928695363712521 ], [ 22.459533038617913, 44.928925153621357 ], [ 22.459574700344241, 44.928953068729079 ], [ 22.459810816395692, 44.929073817865913 ], [ 22.46008859417347, 44.929199579520791 ], [ 22.460135031385388, 44.929230846506854 ], [ 22.46035841156873, 44.929508624284637 ], [ 22.460366371951245, 44.92951892219763 ], [ 22.460588662010419, 44.929786402062412 ], [ 22.460644149729024, 44.929830076916524 ], [ 22.460921927506803, 44.930035200280727 ], [ 22.460966157470011, 44.93006417984018 ], [ 22.461199705284582, 44.930158329786728 ], [ 22.461477483062357, 44.930161487971731 ], [ 22.461755260840135, 44.930171422677432 ], [ 22.462033038617914, 44.930284399596353 ], [ 22.462078830468169, 44.930341957617969 ], [ 22.462176525137721, 44.930619735395744 ], [ 22.462310816395696, 44.9308601729674 ], [ 22.462330653188712, 44.93089751317352 ], [ 22.462465147766782, 44.931175290951302 ], [ 22.462534239000821, 44.931453068729077 ], [ 22.462588594173468, 44.93170698152322 ], [ 22.462594598153157, 44.931730846506859 ], [ 22.462699283286121, 44.932008624284634 ], [ 22.462862847870333, 44.93228640206241 ], [ 22.462866371951247, 44.932325043473355 ], [ 22.462892231159127, 44.932564179840192 ], [ 22.463066819732767, 44.932841957617967 ], [ 22.463144149729025, 44.932899984836467 ], [ 22.463364366115226, 44.933119735395742 ], [ 22.463421927506804, 44.933183781931945 ], [ 22.463566109715252, 44.933397513173524 ], [ 22.463614099414805, 44.9336752909513 ], [ 22.463505509170137, 44.933953068729082 ], [ 22.463549122676298, 44.934230846506857 ], [ 22.463674640442338, 44.934508624284632 ], [ 22.463624052051905, 44.934786402062414 ], [ 22.463610505912452, 44.93506417984019 ], [ 22.463699705284579, 44.935267345711026 ], [ 22.463734635555802, 44.935341957617965 ], [ 22.463930225317444, 44.935619735395747 ], [ 22.463977483062358, 44.935679996013782 ], [ 22.464178089420997, 44.935897513173522 ], [ 22.464255260840137, 44.935944506060679 ], [ 22.464533038617919, 44.936063443807654 ], [ 22.464810816395691, 44.93615730964536 ], [ 22.464843262812945, 44.93617529095129 ], [ 22.465088594173469, 44.936305640709243 ], [ 22.465309875162532, 44.93645306872908 ], [ 22.465366371951248, 44.936489178824843 ], [ 22.465644149729023, 44.936637474339484 ], [ 22.465863113593645, 44.936730846506855 ], [ 22.465921927506802, 44.936763441085965 ], [ 22.466199705284581, 44.936905138883546 ], [ 22.466429413842587, 44.937008624284637 ], [ 22.466477483062359, 44.937039401928025 ], [ 22.466755260840134, 44.937249908351475 ], [ 22.466803853497666, 44.937286402062412 ], [ 22.467033038617913, 44.937453511900372 ], [ 22.467232781780485, 44.937564179840187 ], [ 22.467310816395692, 44.937640528753612 ], [ 22.467494043474066, 44.93784195761797 ], [ 22.467588594173471, 44.937919115777781 ], [ 22.467866371951246, 44.938062316842604 ], [ 22.467954731688291, 44.938119735395745 ], [ 22.468144149729024, 44.938314582044264 ], [ 22.468205825351429, 44.93839751317352 ], [ 22.468419307873525, 44.938675290951302 ], [ 22.468421927506803, 44.938681468170984 ], [ 22.46852522590979, 44.938953068729077 ], [ 22.468504451398388, 44.93923084650686 ], [ 22.468495084078292, 44.939508624284635 ], [ 22.468578571760954, 44.93978640206241 ], [ 22.468699705284582, 44.939887822647918 ], [ 22.46890996471992, 44.940064179840192 ], [ 22.468977483062357, 44.940101279615014 ], [ 22.469255260840132, 44.940216400485554 ], [ 22.469390832459787, 44.940341957617967 ], [ 22.469511241297393, 44.940619735395742 ], [ 22.469533038617914, 44.940672728966284 ], [ 22.469678804860891, 44.940897513173525 ], [ 22.469810816395693, 44.941027438421884 ], [ 22.469961319722128, 44.9411752909513 ], [ 22.470088594173468, 44.941311518711039 ], [ 22.470235889518602, 44.941453068729082 ], [ 22.470366371951247, 44.941629725097421 ], [ 22.470460433679253, 44.941730846506857 ], [ 22.470605547953504, 44.942008624284632 ], [ 22.470640068979687, 44.942286402062415 ], [ 22.470644149729026, 44.942306397474418 ], [ 22.470703815423587, 44.942564179840183 ], [ 22.470769812968513, 44.942841957617965 ], [ 22.470848923345144, 44.943119735395747 ], [ 22.470921927506801, 44.943290340653427 ], [ 22.470961236929387, 44.943397513173522 ], [ 22.471122838696143, 44.943675290951298 ], [ 22.47119970528458, 44.943809599160993 ], [ 22.471284919162017, 44.94395306872908 ], [ 22.471388862651779, 44.944230846506855 ], [ 22.471477483062358, 44.944391594246923 ], [ 22.471543060018131, 44.944508624284637 ], [ 22.471685141855453, 44.944786402062412 ], [ 22.471700935634985, 44.945064179840188 ], [ 22.471663942351423, 44.94534195761797 ], [ 22.471675230546499, 44.945619735395745 ], [ 22.471755260840137, 44.945840493596549 ], [ 22.471778982706862, 44.94589751317352 ], [ 22.471857631815137, 44.946175290951302 ], [ 22.471801509140231, 44.946453068729078 ], [ 22.471755260840137, 44.946505562829579 ], [ 22.471518207218022, 44.94673084650686 ], [ 22.471477483062358, 44.946831881085032 ], [ 22.471423252388551, 44.947008624284635 ], [ 22.471477483062358, 44.947081622579951 ], [ 22.471646946775788, 44.94728640206241 ], [ 22.471755260840137, 44.947387181753456 ], [ 22.471974129732189, 44.947564179840192 ], [ 22.472033038617912, 44.947619297672006 ], [ 22.472249107063153, 44.947841957617968 ], [ 22.472310816395691, 44.947914602154896 ], [ 22.472464002622402, 44.948119735395743 ], [ 22.47258859417347, 44.948204723218772 ], [ 22.472866371951248, 44.948351664317137 ], [ 22.472965447363102, 44.948397513173525 ], [ 22.473144149729023, 44.948455455348814 ], [ 22.473421927506802, 44.948558892213754 ], [ 22.473622523291667, 44.9486752909513 ], [ 22.473699705284581, 44.948762778293599 ], [ 22.473856130774937, 44.948953068729075 ], [ 22.473975673356765, 44.949230846506858 ], [ 22.47397748306236, 44.949232763066632 ], [ 22.474255260840135, 44.949432780235711 ], [ 22.474397294265106, 44.949508624284633 ], [ 22.474533038617913, 44.949561085741337 ], [ 22.474810816395692, 44.949663662168874 ], [ 22.475088594173471, 44.949750297722041 ], [ 22.475366371951246, 44.949782093974967 ], [ 22.47541682011191, 44.949786402062415 ], [ 22.475644149729025, 44.949805391445246 ], [ 22.475921927506803, 44.949892559248603 ], [ 22.476089846379409, 44.95006417984019 ], [ 22.476199705284582, 44.950136043627396 ], [ 22.476477483062357, 44.950334459419452 ], [ 22.476482996174724, 44.950341957617965 ], [ 22.476680073701811, 44.950619735395748 ], [ 22.476755260840136, 44.950683562130024 ], [ 22.477033038617918, 44.950877795353492 ], [ 22.477066098088788, 44.950897513173523 ], [ 22.47731081639569, 44.951051189331935 ], [ 22.477459348570836, 44.951175290951298 ], [ 22.477588594173469, 44.951271816540476 ], [ 22.477866371951247, 44.95141079287577 ], [ 22.477986139017595, 44.95145306872908 ], [ 22.478144149729026, 44.951525927412582 ], [ 22.478337378216924, 44.951730846506855 ], [ 22.478403994181441, 44.952008624284638 ], [ 22.478421927506801, 44.952028962210825 ], [ 22.478662878223094, 44.952286402062413 ], [ 22.47869970528458, 44.952331426021331 ], [ 22.478977483062359, 44.95252088323582 ], [ 22.479047658391373, 44.952564179840188 ], [ 22.479255260840137, 44.952726452134371 ], [ 22.479376568023298, 44.95284195761797 ], [ 22.479391179734645, 44.953119735395738 ], [ 22.479377594099493, 44.95339751317352 ], [ 22.479405796656131, 44.953675290951303 ], [ 22.479423635762629, 44.953953068729078 ], [ 22.479472020707117, 44.954230846506853 ], [ 22.479533038617912, 44.954339526681224 ], [ 22.479628453227644, 44.954508624284635 ], [ 22.479810816395691, 44.954700667197557 ], [ 22.4798861229362, 44.95478640206241 ], [ 22.48008859417347, 44.954962018629466 ], [ 22.480266976419383, 44.955064179840193 ], [ 22.480366371951249, 44.955107535777792 ], [ 22.480644149729027, 44.955205901156432 ], [ 22.480921927506802, 44.955310007599721 ], [ 22.480976770265535, 44.955341957617968 ], [ 22.481199705284581, 44.955481264883517 ], [ 22.48147748306236, 44.955596642041087 ], [ 22.481512887414947, 44.955619735395743 ] ] } },
{ "type": "Feature", "properties": { "rank": 1, "lake_id": 1360316, "elevation_m": 450.0 }, "geometry": { "type": "LineString", "coordinates": [ [ 22.470059985420697, 44.955619735395743 ], [ 22.469810816395693, 44.955567272499337 ], [ 22.469533038617914, 44.955514844389171 ], [ 22.469255260840136, 44.955454150312647 ], [ 22.468977483062357, 44.955416196700348 ], [ 22.468699705284582, 44.955389195568792 ], [ 22.468421927506803, 44.955350982460324 ], [ 22.468392912112797, 44.955341957617968 ], [ 22.468144149729024, 44.955212510569424 ], [ 22.467948015777026, 44.955064179840193 ], [ 22.467866371951246, 44.955015273525596 ], [ 22.467588594173471, 44.954875492469938 ], [ 22.467413246996767, 44.95478640206241 ], [ 22.467310816395692, 44.95471561072911 ], [ 22.467109223852283, 44.954508624284635 ], [ 22.467033038617913, 44.954423114149613 ], [ 22.466880382014804, 44.954230846506853 ], [ 22.466885992252021, 44.953953068729078 ], [ 22.466977636051297, 44.953675290951303 ], [ 22.466755260840134, 44.953543674518798 ], [ 22.466477483062359, 44.953563896166486 ], [ 22.466199705284581, 44.95358342842102 ], [ 22.465921927506802, 44.953525370209839 ], [ 22.465667522374087, 44.95339751317352 ], [ 22.465644149729023, 44.953383431875956 ], [ 22.465366371951248, 44.953126031432944 ], [ 22.465361693138014, 44.953119735395745 ], [ 22.465170912757749, 44.95284195761797 ], [ 22.465088594173469, 44.952780261905687 ], [ 22.464810816395687, 44.952663930769667 ], [ 22.464595322738841, 44.952564179840188 ], [ 22.464533038617915, 44.952530850369484 ], [ 22.464255260840137, 44.952487407886458 ], [ 22.464087673662316, 44.952564179840188 ], [ 22.463977483062354, 44.95258693899271 ], [ 22.463699705284579, 44.952703531394619 ], [ 22.463421927506804, 44.952798407686863 ], [ 22.46332330046889, 44.95284195761797 ], [ 22.463144149729025, 44.952943002991567 ], [ 22.46291010947083, 44.953119735395745 ], [ 22.462866371951247, 44.953149210118184 ], [ 22.462588594173468, 44.953221310801993 ], [ 22.462310816395693, 44.95325761312413 ], [ 22.462033038617914, 44.953315782085141 ], [ 22.461910655865424, 44.95339751317352 ], [ 22.462033038617914, 44.953549730113572 ], [ 22.462125414935244, 44.953675290951303 ], [ 22.462310816395693, 44.953855287255116 ], [ 22.462409935881524, 44.953953068729078 ], [ 22.46243957641693, 44.954230846506853 ], [ 22.462355945552822, 44.954508624284635 ], [ 22.462310816395689, 44.954552802932525 ], [ 22.462033038617914, 44.954599534930402 ], [ 22.461755260840135, 44.954569023062945 ], [ 22.461477483062357, 44.954563472314106 ], [ 22.461199705284582, 44.954590374747546 ], [ 22.460921927506803, 44.954622023063472 ], [ 22.460644149729024, 44.954622586729307 ], [ 22.460366371951242, 44.954543142205509 ], [ 22.4603012540218, 44.954508624284642 ], [ 22.460088594173467, 44.954315990402492 ], [ 22.459810816395692, 44.954277548947836 ], [ 22.459533038617913, 44.954367857015875 ], [ 22.459277498243438, 44.954508624284635 ], [ 22.459255260840138, 44.954523374085632 ], [ 22.458977483062359, 44.954780562660154 ], [ 22.458969977714176, 44.95478640206241 ], [ 22.45869970528458, 44.954940989379622 ], [ 22.458452341446957, 44.955064179840193 ], [ 22.458421927506802, 44.955078852873704 ], [ 22.458144149729026, 44.955258946445554 ], [ 22.458012394414631, 44.955341957617968 ], [ 22.457866371951248, 44.955439194900073 ], [ 22.457588594173469, 44.955512342418203 ], [ 22.457469005560064, 44.955341957617975 ], [ 22.457478253634921, 44.955064179840193 ], [ 22.457523478159906, 44.95478640206241 ], [ 22.457583608152873, 44.954508624284635 ], [ 22.457588594173469, 44.954488904322865 ], [ 22.457650543411919, 44.954230846506853 ], [ 22.45777498156831, 44.953953068729078 ], [ 22.457844464864849, 44.953675290951303 ], [ 22.457866371951248, 44.95364860099405 ], [ 22.458079516005679, 44.95339751317352 ], [ 22.458144149729026, 44.95317184660091 ], [ 22.458157824946628, 44.953119735395745 ], [ 22.458144149729026, 44.953045943461674 ], [ 22.458099725368363, 44.952841957617977 ], [ 22.45809120559057, 44.952564179840181 ], [ 22.458001075902747, 44.952286402062413 ], [ 22.457866371951248, 44.952077795080335 ], [ 22.457812947770368, 44.952008624284638 ], [ 22.457615896725009, 44.951730846506855 ], [ 22.457588594173469, 44.951685680181939 ], [ 22.45742002561115, 44.95145306872908 ], [ 22.45731081639569, 44.951347933713585 ], [ 22.457033038617912, 44.951187838166931 ], [ 22.456755260840136, 44.951205242984472 ], [ 22.456477483062358, 44.951413530074404 ], [ 22.456425466035324, 44.95145306872908 ], [ 22.456199705284583, 44.951568473326589 ], [ 22.455921927506804, 44.951729703026743 ], [ 22.455920262240792, 44.951730846506855 ], [ 22.455644149729025, 44.951886268285179 ], [ 22.455496373480564, 44.952008624284638 ], [ 22.455366371951246, 44.952147148296568 ], [ 22.455207961888551, 44.952286402062413 ], [ 22.455088594173468, 44.952463265803971 ], [ 22.454999202813685, 44.952564179840188 ], [ 22.454810816395693, 44.952804708661269 ], [ 22.454702073548876, 44.95284195761797 ], [ 22.454533038617914, 44.952874746264797 ], [ 22.454255260840135, 44.952924286531356 ], [ 22.453977483062356, 44.952962560648487 ], [ 22.453699705284585, 44.952958151550071 ], [ 22.453421927506803, 44.952898336534332 ], [ 22.453144149729024, 44.952860139703446 ], [ 22.453098716313431, 44.95284195761797 ], [ 22.453144149729024, 44.952761996506375 ], [ 22.453258100695145, 44.952564179840188 ], [ 22.453269219648913, 44.952286402062413 ], [ 22.453421927506803, 44.952150945130342 ], [ 22.453543672325875, 44.952008624284638 ], [ 22.453699705284581, 44.951828788020229 ], [ 22.453780070967653, 44.951730846506855 ], [ 22.453967325282441, 44.95145306872908 ], [ 22.453977483062356, 44.951438915875016 ], [ 22.454136160898759, 44.951175290951298 ], [ 22.454255260840135, 44.950982477356753 ], [ 22.454305277053347, 44.950897513173523 ], [ 22.454417294502679, 44.950619735395748 ], [ 22.454533038617914, 44.950371931219458 ], [ 22.454548624680061, 44.950341957617965 ], [ 22.454786446112379, 44.95006417984019 ], [ 22.454810816395693, 44.950041323115769 ], [ 22.455024708880764, 44.949786402062408 ], [ 22.455088594173468, 44.949705457441809 ], [ 22.455272500146815, 44.949508624284633 ], [ 22.455366371951246, 44.949376295145314 ], [ 22.455509654209472, 44.949230846506858 ], [ 22.455644149729025, 44.94909836202806 ], [ 22.455795219288081, 44.948953068729075 ], [ 22.455921927506804, 44.948750003294386 ], [ 22.455999868940143, 44.9486752909513 ], [ 22.456199705284579, 44.948538217193821 ], [ 22.456477483062358, 44.948457137922134 ], [ 22.456755260840136, 44.948429731570066 ], [ 22.457033038617915, 44.948478136994119 ], [ 22.45731081639569, 44.94859515600438 ], [ 22.457477387123486, 44.9486752909513 ], [ 22.457588594173469, 44.948721705413078 ], [ 22.457866371951248, 44.948835428805275 ], [ 22.458144149729026, 44.948904224919126 ], [ 22.458421927506802, 44.948937277736476 ], [ 22.45869970528458, 44.948929950483851 ], [ 22.458977483062359, 44.948912079514805 ], [ 22.459255260840138, 44.948866160986697 ], [ 22.459533038617913, 44.948722237280514 ], [ 22.459606845042369, 44.9486752909513 ], [ 22.459696630480789, 44.948397513173525 ], [ 22.45962577289356, 44.948119735395743 ], [ 22.459703019997018, 44.947841957617968 ], [ 22.459810816395692, 44.947604372680757 ], [ 22.459840754206418, 44.947564179840192 ], [ 22.46008859417347, 44.947428043638041 ], [ 22.460366371951245, 44.947336894071903 ], [ 22.460644149729024, 44.947306305863002 ], [ 22.460921927506803, 44.947309881143809 ], [ 22.461125657522761, 44.94728640206241 ], [ 22.461199705284582, 44.947275825697815 ], [ 22.461452466363344, 44.947008624284635 ], [ 22.461440090227867, 44.94673084650686 ], [ 22.461199705284582, 44.946561726776373 ], [ 22.461126853549569, 44.946453068729078 ], [ 22.460949367906302, 44.946175290951302 ], [ 22.460921927506803, 44.94605494417705 ], [ 22.460881292826958, 44.94589751317352 ], [ 22.460921927506803, 44.945818272451966 ], [ 22.461055824776572, 44.945619735395745 ], [ 22.461084684871981, 44.94534195761797 ], [ 22.461108726027099, 44.945064179840188 ], [ 22.461023848556479, 44.944786402062412 ], [ 22.460997271264237, 44.944508624284637 ], [ 22.460921927506803, 44.94434764498012 ], [ 22.460644149729024, 44.944312299826088 ], [ 22.460366371951245, 44.944334452826858 ], [ 22.46008859417347, 44.94425586959963 ], [ 22.460055049788501, 44.944230846506855 ], [ 22.459810816395692, 44.944077789445053 ], [ 22.459555540337579, 44.94395306872908 ], [ 22.459533038617913, 44.943944577179501 ], [ 22.459255260840138, 44.94389667747798 ], [ 22.458977483062355, 44.943791724306713 ], [ 22.458799731332103, 44.943675290951298 ], [ 22.45869970528458, 44.943493190633298 ], [ 22.458652212462276, 44.943397513173515 ], [ 22.458421927506802, 44.943234181372986 ], [ 22.458256206689331, 44.943119735395747 ], [ 22.458144149729026, 44.943026808881818 ], [ 22.457943686345722, 44.942841957617965 ], [ 22.457866371951248, 44.942731127036765 ], [ 22.457757965018807, 44.94256417984019 ], [ 22.457588594173469, 44.942319205650172 ], [ 22.457567186864022, 44.942286402062415 ], [ 22.457529236718937, 44.942008624284632 ], [ 22.45731081639569, 44.941904983979271 ], [ 22.457033038617915, 44.941943457511009 ], [ 22.456763861010192, 44.942008624284625 ], [ 22.456755260840136, 44.942012168525387 ], [ 22.456525100946287, 44.942286402062415 ], [ 22.456477483062358, 44.942472323879286 ], [ 22.456458290099466, 44.94256417984019 ], [ 22.456230356368128, 44.942841957617965 ], [ 22.456199705284579, 44.942879543231179 ], [ 22.455921927506804, 44.943113689322196 ], [ 22.4559170260627, 44.943119735395747 ], [ 22.455914354468103, 44.943397513173522 ], [ 22.455803865676078, 44.943675290951298 ], [ 22.455854530518764, 44.94395306872908 ], [ 22.455853555218098, 44.944230846506855 ], [ 22.455865075295232, 44.944508624284637 ], [ 22.455838072247136, 44.944786402062412 ], [ 22.455644149729025, 44.945013106776997 ], [ 22.45558886438468, 44.945064179840188 ], [ 22.455366371951246, 44.945331403325589 ], [ 22.45535998867928, 44.94534195761797 ], [ 22.455244933125325, 44.945619735395745 ], [ 22.455088594173468, 44.945893218758926 ], [ 22.455087148794586, 44.94589751317352 ], [ 22.455087745478295, 44.946175290951302 ], [ 22.454990838350298, 44.946453068729078 ], [ 22.454810816395693, 44.946648001037353 ], [ 22.454646406381752, 44.94673084650686 ], [ 22.454533038617914, 44.946794099586192 ], [ 22.454312136487342, 44.947008624284635 ], [ 22.454255260840135, 44.947056616302746 ], [ 22.453977483062356, 44.947165839846562 ], [ 22.453699705284581, 44.947050504599211 ], [ 22.453652642846436, 44.947008624284635 ], [ 22.453421927506803, 44.946769789868419 ], [ 22.453379303368159, 44.94673084650686 ], [ 22.45320007958157, 44.946453068729078 ], [ 22.453144149729024, 44.946369023254519 ], [ 22.45303153752636, 44.946175290951302 ], [ 22.452866371951249, 44.946069091918929 ], [ 22.45258859417347, 44.94597141951764 ], [ 22.452346626490222, 44.94589751317352 ], [ 22.452310816395691, 44.945888776445024 ], [ 22.452033038617913, 44.945843408992694 ], [ 22.451755260840137, 44.945829157757338 ], [ 22.451477483062359, 44.945827118403329 ], [ 22.45119970528458, 44.945814543295533 ], [ 22.450921927506801, 44.945727035555187 ], [ 22.450644149729026, 44.94564344302858 ], [ 22.450588745215146, 44.945619735395745 ], [ 22.450400159649217, 44.94534195761797 ], [ 22.450531749249627, 44.945064179840188 ], [ 22.450644149729026, 44.944998292234523 ], [ 22.450921927506801, 44.944795045826758 ], [ 22.450933807166852, 44.944786402062412 ], [ 22.45119970528458, 44.944616812127904 ], [ 22.45128547575495, 44.944508624284637 ], [ 22.451477483062359, 44.944307522964039 ], [ 22.451546896846789, 44.944230846506855 ], [ 22.45159843215383, 44.94395306872908 ], [ 22.451477483062359, 44.943741437934115 ], [ 22.45144194517971, 44.943675290951298 ], [ 22.451295262838048, 44.943397513173522 ], [ 22.451271749564896, 44.943119735395747 ], [ 22.45119970528458, 44.942994639734202 ], [ 22.451056149029068, 44.942841957617965 ], [ 22.450921927506801, 44.942717163150988 ], [ 22.450811235354013, 44.94256417984019 ], [ 22.45087558513395, 44.942286402062415 ], [ 22.450856768904522, 44.942008624284632 ], [ 22.450794151782684, 44.941730846506857 ], [ 22.450921927506801, 44.941497478006177 ], [ 22.450958042552745, 44.941453068729082 ], [ 22.450921927506801, 44.941343468326224 ], [ 22.450859825845484, 44.9411752909513 ], [ 22.450644149729026, 44.940906788291322 ], [ 22.450637894439755, 44.940897513173525 ], [ 22.45054022199368, 44.940619735395735 ], [ 22.450531634795681, 44.940341957617967 ], [ 22.450366371951247, 44.940246581161588 ], [ 22.450088594173469, 44.940196378477786 ], [ 22.44981081639569, 44.940235694348729 ], [ 22.449533038617915, 44.940236791255302 ], [ 22.449255260840136, 44.940297631686228 ], [ 22.448977483062357, 44.940256007453591 ], [ 22.448699705284579, 44.940158554569898 ], [ 22.448445420884042, 44.940064179840192 ], [ 22.448421927506804, 44.940054477324388 ], [ 22.448144149729025, 44.939908676916623 ], [ 22.447937506977723, 44.93978640206241 ], [ 22.447866371951246, 44.939736180014904 ], [ 22.447588594173471, 44.939709299327063 ], [ 22.447310816395692, 44.939777974675316 ], [ 22.447301369114342, 44.93978640206241 ], [ 22.447033038617914, 44.940011774083608 ], [ 22.446974109759243, 44.940064179840192 ], [ 22.446755260840135, 44.940326444024528 ], [ 22.446744018258858, 44.940341957617967 ], [ 22.446541534991816, 44.940619735395742 ], [ 22.44647748306236, 44.940670471641667 ], [ 22.446199705284581, 44.940748889440805 ], [ 22.445921927506802, 44.940780300903839 ], [ 22.445644149729024, 44.940825895364888 ], [ 22.445366371951248, 44.940895974037566 ], [ 22.445360015708818, 44.940897513173525 ], [ 22.44508859417347, 44.940997465277938 ], [ 22.444810816395691, 44.941000708147705 ], [ 22.444533038617912, 44.940965339875802 ], [ 22.444438188857841, 44.940897513173525 ], [ 22.44426479621173, 44.940619735395742 ], [ 22.444255260840137, 44.940604919503848 ], [ 22.444068408702453, 44.940341957617967 ], [ 22.443977483062358, 44.940279282234449 ], [ 22.44369970528458, 44.94021399267266 ], [ 22.443421927506801, 44.940282622638591 ], [ 22.443144149729026, 44.940329537572012 ], [ 22.443107137583198, 44.940341957617967 ], [ 22.442866371951247, 44.940435996903773 ], [ 22.442588594173468, 44.940571549936415 ], [ 22.44237479196525, 44.940619735395742 ], [ 22.442310816395693, 44.940629705440934 ], [ 22.442033038617915, 44.940628987224926 ], [ 22.441755260840136, 44.940635654217395 ], [ 22.441640830820287, 44.940619735395742 ], [ 22.441477483062357, 44.940560184600905 ], [ 22.441199705284582, 44.940355229339509 ], [ 22.441188952343222, 44.940341957617967 ], [ 22.441199705284582, 44.940337290753725 ], [ 22.441477483062357, 44.940129715056166 ], [ 22.44156291098794, 44.940064179840192 ], [ 22.441755260840136, 44.93981980310857 ], [ 22.441774174112659, 44.93978640206241 ], [ 22.441979096940955, 44.939508624284628 ], [ 22.442033038617915, 44.939469096259515 ], [ 22.4422741735012, 44.939230846506867 ], [ 22.44231081639569, 44.939205651833625 ], [ 22.442588594173468, 44.939029781832922 ], [ 22.442681505732825, 44.938953068729077 ], [ 22.442866371951247, 44.93884674208487 ], [ 22.443144149729026, 44.938708208439529 ], [ 22.443225076176823, 44.938675290951302 ], [ 22.443421927506805, 44.93860479574608 ], [ 22.44369970528458, 44.93848354796026 ], [ 22.443861222878802, 44.93839751317352 ], [ 22.443977483062358, 44.938321172877153 ], [ 22.44414092618527, 44.938119735395745 ], [ 22.444255260840137, 44.93789896988357 ], [ 22.444297124681615, 44.93784195761797 ], [ 22.444533038617912, 44.93768484132751 ], [ 22.444756192151825, 44.937564179840187 ], [ 22.444810816395691, 44.937535136590164 ], [ 22.44508859417347, 44.937388508124883 ], [ 22.445356551147796, 44.937286402062412 ], [ 22.445366371951248, 44.937283464052719 ], [ 22.44564414972902, 44.937191159946444 ], [ 22.445921927506802, 44.937043893187074 ], [ 22.445970387265458, 44.937008624284637 ], [ 22.446199705284581, 44.936818108657661 ], [ 22.446354592412806, 44.936730846506855 ], [ 22.44647748306236, 44.936666751529508 ], [ 22.446755260840135, 44.93657247061185 ], [ 22.447033038617914, 44.936483983330589 ], [ 22.447174916318534, 44.93645306872908 ], [ 22.447310816395692, 44.936379650237015 ], [ 22.447526570223793, 44.936175290951304 ], [ 22.447310816395692, 44.936001878672897 ], [ 22.447200151971089, 44.935897513173522 ], [ 22.447033038617914, 44.935806381058043 ], [ 22.446789085469863, 44.935619735395747 ], [ 22.446755260840135, 44.935575807203385 ], [ 22.446539133875394, 44.935341957617965 ], [ 22.44647748306236, 44.935250639675246 ], [ 22.446229915391559, 44.93506417984019 ], [ 22.446199705284581, 44.935053786984504 ], [ 22.445921927506802, 44.935026007036193 ], [ 22.445644149729024, 44.935046557640455 ], [ 22.445580534235745, 44.93506417984019 ], [ 22.445366371951248, 44.935161761156138 ], [ 22.44508859417347, 44.935226334757346 ], [ 22.444810816395691, 44.935251688042278 ], [ 22.444533038617912, 44.935217446919715 ], [ 22.444255260840137, 44.935161236398301 ], [ 22.443977483062358, 44.935110615189139 ], [ 22.443699705284576, 44.935096700058239 ], [ 22.443421927506801, 44.935115566470316 ], [ 22.443144149729026, 44.935140780948856 ], [ 22.442866371951247, 44.93516511450742 ], [ 22.442632075313604, 44.93506417984019 ], [ 22.442588594173468, 44.935053656799738 ], [ 22.442310816395693, 44.934884251945192 ], [ 22.442066649779754, 44.934786402062414 ], [ 22.442033038617915, 44.93477740866151 ], [ 22.441755260840136, 44.934667726177665 ], [ 22.441492816017675, 44.934508624284632 ], [ 22.441477483062357, 44.934497314156779 ], [ 22.441199705284582, 44.934270421926847 ], [ 22.441149376896696, 44.934230846506857 ], [ 22.441199705284582, 44.934156319664012 ], [ 22.441477483062357, 44.933977779218679 ], [ 22.441517602680868, 44.933953068729082 ], [ 22.441755260840136, 44.933766115206097 ], [ 22.441807475051867, 44.9336752909513 ], [ 22.44189610955053, 44.933397513173524 ], [ 22.442033038617915, 44.9331580593906 ], [ 22.442056832841768, 44.933119735395742 ], [ 22.442310816395693, 44.932844084896843 ], [ 22.442313257641299, 44.932841957617967 ], [ 22.442480293889801, 44.932564179840192 ], [ 22.442310816395693, 44.932325750408573 ], [ 22.442251764208091, 44.93228640206241 ], [ 22.442033038617915, 44.932128798719802 ], [ 22.441947933160868, 44.932008624284634 ], [ 22.442033038617915, 44.931886936890201 ], [ 22.44210615836208, 44.931730846506859 ], [ 22.442158657369106, 44.931453068729077 ], [ 22.442219660565524, 44.931175290951302 ], [ 22.442310816395693, 44.930927061040137 ], [ 22.44232542391973, 44.93089751317352 ], [ 22.442310816395693, 44.930883492619081 ], [ 22.442033038617915, 44.930743309924999 ], [ 22.441781859429458, 44.930619735395744 ], [ 22.441755260840136, 44.930602470543526 ], [ 22.441477483062357, 44.930432097449916 ], [ 22.441364394415139, 44.930341957617969 ], [ 22.441199705284582, 44.930217005219305 ], [ 22.441016521996666, 44.930064179840187 ], [ 22.440921927506803, 44.929977649344885 ], [ 22.440647649582825, 44.929786402062412 ], [ 22.440644149729025, 44.929784732070821 ], [ 22.440366371951246, 44.929667876135156 ], [ 22.440088594173471, 44.92958823853418 ], [ 22.439810816395692, 44.92956747434858 ], [ 22.439533038617913, 44.929582905722185 ], [ 22.439255260840135, 44.929571603220552 ], [ 22.438977483062359, 44.929529833629935 ], [ 22.438964162490095, 44.929508624284637 ], [ 22.438977483062356, 44.929463115944969 ], [ 22.43905965555026, 44.929230846506854 ], [ 22.439255260840135, 44.928991623298622 ], [ 22.439307375884557, 44.928953068729079 ], [ 22.439410612894015, 44.928675290951304 ], [ 22.439533038617913, 44.928495479794563 ], [ 22.43958451518813, 44.928397513173522 ], [ 22.439810816395692, 44.928176705999746 ], [ 22.439914254200051, 44.928119735395747 ], [ 22.440088594173471, 44.928048839694185 ], [ 22.440366371951246, 44.927946706917325 ], [ 22.440644149729025, 44.927845691163448 ], [ 22.440650707286341, 44.927841957617964 ], [ 22.440808482586782, 44.927564179840189 ], [ 22.440787759654039, 44.927286402062414 ], [ 22.440850459478966, 44.927008624284632 ], [ 22.440921927506803, 44.926796609449546 ], [ 22.440946286983873, 44.926730846506857 ], [ 22.441023648438314, 44.926453068729082 ], [ 22.440921927506803, 44.926353840851021 ], [ 22.440644149729025, 44.926295511599434 ], [ 22.440366371951246, 44.926271884466807 ], [ 22.440088594173471, 44.926254792424423 ], [ 22.439810816395692, 44.926238068152458 ], [ 22.439533038617913, 44.926180275374975 ], [ 22.439502538936999, 44.926175290951299 ], [ 22.439255260840135, 44.926137567861097 ], [ 22.438977483062359, 44.926167666027936 ], [ 22.438960325272255, 44.926175290951299 ], [ 22.438699705284581, 44.926345294982887 ], [ 22.438598883279532, 44.926453068729082 ], [ 22.438421927506802, 44.926571607772146 ], [ 22.438144149729023, 44.926717846207588 ], [ 22.438098994598406, 44.926730846506857 ], [ 22.437866371951248, 44.926788226498928 ], [ 22.437588594173469, 44.92685649720211 ], [ 22.437310816395691, 44.92692612325861 ], [ 22.437033038617912, 44.926983981113011 ], [ 22.436808874721073, 44.927008624284632 ], [ 22.436755260840137, 44.927014599446771 ], [ 22.436705671924631, 44.927008624284632 ], [ 22.436477483062358, 44.926977996493818 ], [ 22.436199705284579, 44.926892744174957 ], [ 22.435921927506804, 44.926805069544947 ], [ 22.43566263970537, 44.926730846506857 ], [ 22.435644149729026, 44.926724432062969 ], [ 22.435366371951247, 44.926583761484153 ], [ 22.435176032250759, 44.926453068729082 ], [ 22.435088594173468, 44.926368259663747 ], [ 22.434810816395693, 44.926219954800729 ], [ 22.434533038617914, 44.926215081146488 ], [ 22.434255260840136, 44.926358346285269 ], [ 22.434044932494988, 44.926453068729089 ], [ 22.433977483062353, 44.926488525955151 ] ] } },
{ "type": "Feature", "properties": { "rank": 1, "lake_id": 1360316, "elevation_m": 450.0 }, "geometry": { "type": "LineString", "coordinates": [ [ 22.457886713310415, 44.920064179840189 ], [ 22.457866371951248, 44.920289254153808 ], [ 22.457861487270584, 44.920341957617964 ], [ 22.457590519310109, 44.920619735395746 ], [ 22.457588594173469, 44.920620676641185 ], [ 22.457310816395694, 44.920715311236002 ], [ 22.457079323699119, 44.920897513173529 ], [ 22.457033038617915, 44.9209637308821 ], [ 22.456960383232271, 44.921175290951304 ], [ 22.456948489315, 44.921453068729079 ], [ 22.456842886530797, 44.921730846506854 ], [ 22.456755260840136, 44.921841838760749 ], [ 22.456625554827539, 44.922008624284636 ], [ 22.456477483062358, 44.922177998820402 ], [ 22.456369931969661, 44.922286402062412 ], [ 22.456207461316623, 44.922564179840187 ], [ 22.456199705284579, 44.922573186637386 ], [ 22.456015287949398, 44.922841957617969 ], [ 22.455921927506804, 44.922962719103516 ], [ 22.455756454820584, 44.923119735395744 ], [ 22.455644149729025, 44.923212947357293 ], [ 22.455386728237578, 44.923397513173526 ], [ 22.45536637195125, 44.923422415656241 ], [ 22.455228077599891, 44.923675290951302 ], [ 22.455088594173468, 44.923863928115537 ], [ 22.455018202520442, 44.923953068729077 ], [ 22.454901384696786, 44.924230846506859 ], [ 22.454910574276727, 44.924508624284634 ], [ 22.455014978826789, 44.924786402062409 ], [ 22.455082552345935, 44.925064179840192 ], [ 22.455024658271793, 44.925341957617967 ], [ 22.455088594173468, 44.925413514651794 ], [ 22.455366371951246, 44.925609803558579 ], [ 22.455382040574417, 44.925619735395749 ], [ 22.455487281760057, 44.925897513173524 ], [ 22.45540226933965, 44.926175290951299 ], [ 22.455366371951246, 44.926255974690633 ], [ 22.455253665756185, 44.926453068729082 ], [ 22.455088594173468, 44.926696915791574 ], [ 22.455067104111393, 44.926730846506857 ], [ 22.455088594173468, 44.926780420985445 ], [ 22.455366371951246, 44.926976060051778 ], [ 22.455644149729029, 44.926958989131911 ], [ 22.455921927506804, 44.926937043136206 ], [ 22.456199705284579, 44.926901405412394 ], [ 22.456477483062358, 44.926768810566266 ], [ 22.45656590013235, 44.926730846506857 ], [ 22.456755260840136, 44.926693691552444 ], [ 22.456890860743144, 44.92673084650685 ], [ 22.457033038617915, 44.926767187654569 ], [ 22.45731081639569, 44.926876740266039 ], [ 22.457581393946779, 44.927008624284632 ], [ 22.457588594173469, 44.927012522809797 ], [ 22.457866371951248, 44.927166089810051 ], [ 22.458016211932673, 44.927286402062414 ], [ 22.458144149729026, 44.927361574053123 ], [ 22.458421927506798, 44.927505544478322 ], [ 22.45869970528458, 44.927559366046481 ], [ 22.458764531245059, 44.927564179840189 ], [ 22.458977483062359, 44.927576595319891 ], [ 22.459255260840138, 44.927583751157343 ], [ 22.459373984762756, 44.927564179840189 ], [ 22.459533038617913, 44.927535798109268 ], [ 22.459810816395692, 44.927554036512596 ], [ 22.459828868115739, 44.927564179840189 ], [ 22.46008859417347, 44.92775131499269 ], [ 22.460185701133213, 44.927841957617964 ], [ 22.460366371951245, 44.928023832916487 ], [ 22.460487558920761, 44.928119735395747 ], [ 22.460644149729024, 44.928217411257762 ], [ 22.460921927506803, 44.928367524176835 ], [ 22.460998688768075, 44.928397513173522 ], [ 22.461199705284582, 44.928486704783374 ], [ 22.461457433716053, 44.928675290951304 ], [ 22.461477483062357, 44.928702510500969 ], [ 22.461631900818784, 44.928953068729079 ], [ 22.461755260840132, 44.929102939530111 ], [ 22.461870414941231, 44.929230846506854 ], [ 22.462033038617914, 44.929336358813096 ], [ 22.462247569110808, 44.929508624284637 ], [ 22.462310816395693, 44.929545101332515 ], [ 22.462579228289744, 44.929786402062412 ], [ 22.462588594173468, 44.929797069524774 ], [ 22.462789279735393, 44.930064179840187 ], [ 22.462822797414034, 44.930341957617969 ], [ 22.462866371951247, 44.93044026695361 ], [ 22.462973671144312, 44.930619735395744 ], [ 22.463127923481569, 44.93089751317352 ], [ 22.463144149729025, 44.930927194489712 ], [ 22.463295685006671, 44.931175290951302 ], [ 22.463421927506804, 44.931392908125339 ], [ 22.463453099649879, 44.931453068729077 ], [ 22.463561711029794, 44.931730846506859 ], [ 22.463699705284579, 44.932001913683294 ], [ 22.463702761755783, 44.932008624284634 ], [ 22.46386628110745, 44.93228640206241 ], [ 22.463977483062358, 44.932481438274216 ], [ 22.464035892630005, 44.932564179840192 ], [ 22.464137402546278, 44.932841957617967 ], [ 22.464243830751716, 44.933119735395742 ], [ 22.464255260840137, 44.933128432138837 ], [ 22.464533038617915, 44.933247438866779 ], [ 22.464801918829824, 44.933397513173524 ], [ 22.464810816395691, 44.933537030410612 ], [ 22.464817324941649, 44.9336752909513 ], [ 22.464810816395691, 44.933688433409536 ], [ 22.464595065674825, 44.933953068729082 ], [ 22.464591858153792, 44.934230846506864 ], [ 22.464680656876858, 44.934508624284632 ], [ 22.464600651967956, 44.934786402062421 ], [ 22.464533038617915, 44.934916247644736 ], [ 22.464433167954585, 44.93506417984019 ], [ 22.464438799621647, 44.935341957617965 ], [ 22.464533038617915, 44.935437693224728 ], [ 22.464717099914164, 44.935619735395747 ], [ 22.464810816395691, 44.93568233148897 ], [ 22.465083874716342, 44.935897513173522 ], [ 22.465088594173469, 44.935900185270917 ], [ 22.465366371951248, 44.93611166876785 ], [ 22.465448129627671, 44.93617529095129 ], [ 22.465644149729023, 44.936294780669428 ], [ 22.465921927506802, 44.936414030829631 ], [ 22.466017186307223, 44.93645306872908 ], [ 22.466199705284581, 44.936529625504477 ], [ 22.466477483062359, 44.936644887816911 ], [ 22.46666527822676, 44.936730846506855 ], [ 22.466755260840134, 44.936783713762274 ], [ 22.467033038617913, 44.936940728975955 ], [ 22.46719043747192, 44.937008624284637 ], [ 22.467310816395692, 44.937080685114658 ], [ 22.467588594173471, 44.937252251241446 ], [ 22.467653220058612, 44.937286402062412 ], [ 22.467866371951246, 44.937424238125757 ], [ 22.468144149729028, 44.937557934596263 ], [ 22.468174982434771, 44.937564179840187 ], [ 22.468421927506803, 44.937646451892377 ], [ 22.468699705284582, 44.937701097034761 ], [ 22.468977483062357, 44.937824018589012 ], [ 22.469008064952721, 44.93784195761797 ], [ 22.469120334708158, 44.938119735395745 ], [ 22.469124652091892, 44.93839751317352 ], [ 22.469154108600456, 44.938675290951302 ], [ 22.469146578995591, 44.938953068729077 ], [ 22.469181385236553, 44.93923084650686 ], [ 22.469251233267453, 44.939508624284635 ], [ 22.469255260840136, 44.939516832863703 ], [ 22.469373129974738, 44.93978640206241 ], [ 22.469533038617914, 44.939894121628654 ], [ 22.4697328485097, 44.940064179840192 ], [ 22.469810816395693, 44.940163487553484 ], [ 22.469963610640157, 44.940341957617967 ], [ 22.470023155218069, 44.940619735395742 ], [ 22.470088594173468, 44.940701320938793 ], [ 22.470268017369506, 44.940897513173525 ], [ 22.470366371951247, 44.940981977641314 ], [ 22.470558577476446, 44.9411752909513 ], [ 22.470644149729026, 44.941254218909023 ], [ 22.470921927506801, 44.941446643504733 ], [ 22.470935467939732, 44.941453068729082 ], [ 22.47119970528458, 44.941612212324046 ], [ 22.471342605378634, 44.941730846506857 ], [ 22.471477483062362, 44.941991230548346 ], [ 22.471484067918265, 44.942008624284632 ], [ 22.471521158215648, 44.942286402062408 ], [ 22.471554981415061, 44.94256417984019 ], [ 22.471583780192645, 44.942841957617972 ], [ 22.4715982487715, 44.943119735395754 ], [ 22.471640854651938, 44.943397513173522 ], [ 22.471755260840137, 44.94358326388663 ], [ 22.471806983385331, 44.943675290951305 ], [ 22.472026292426367, 44.94395306872908 ], [ 22.472033038617912, 44.943963467035346 ], [ 22.472179776651537, 44.944230846506855 ], [ 22.472310816395691, 44.944426845880237 ], [ 22.472379273364783, 44.944508624284637 ], [ 22.472552971376427, 44.944786402062412 ], [ 22.47258859417347, 44.944889254860769 ], [ 22.472659757700672, 44.945064179840188 ], [ 22.472741908883251, 44.94534195761797 ], [ 22.472825334662112, 44.945619735395745 ], [ 22.472866371951248, 44.945719620400382 ], [ 22.472934523481946, 44.945897513173513 ], [ 22.473042237782096, 44.946175290951302 ], [ 22.47314414972902, 44.946361695205226 ], [ 22.473200366674796, 44.946453068729078 ], [ 22.473397812566141, 44.94673084650686 ], [ 22.473421927506802, 44.946772661458255 ], [ 22.473570794908394, 44.947008624284635 ], [ 22.473699705284581, 44.94718476055187 ], [ 22.473789008270874, 44.94728640206241 ], [ 22.47397748306236, 44.947480861799377 ], [ 22.474051534716544, 44.947564179840192 ], [ 22.474255260840131, 44.947802346548443 ], [ 22.474286805527647, 44.947841957617968 ], [ 22.474490171020179, 44.948119735395743 ], [ 22.474533038617913, 44.948165124347774 ], [ 22.474761405066918, 44.948397513173525 ], [ 22.474810816395692, 44.948440028415547 ], [ 22.475088594173471, 44.948657040464752 ], [ 22.475111470055708, 44.9486752909513 ], [ 22.475366371951246, 44.948853128798937 ], [ 22.475559044647419, 44.948953068729075 ], [ 22.475644149729025, 44.948986776094429 ], [ 22.475921927506803, 44.949082489914666 ], [ 22.476199705284582, 44.949185301224894 ], [ 22.476273407013093, 44.949230846506858 ], [ 22.476477483062357, 44.949393663739379 ], [ 22.47655019860612, 44.949508624284633 ], [ 22.476623657592128, 44.949786402062415 ], [ 22.476731723871701, 44.95006417984019 ], [ 22.476755260840136, 44.950098065997253 ], [ 22.47688495520519, 44.950341957617965 ], [ 22.477033038617915, 44.950533215070429 ], [ 22.477175918119574, 44.950619735395748 ], [ 22.47731081639569, 44.950686808651213 ], [ 22.477588594173469, 44.95088344865448 ], [ 22.477603842296976, 44.950897513173523 ], [ 22.477866371951244, 44.95117159625638 ], [ 22.477869846153961, 44.951175290951298 ], [ 22.478144149729026, 44.95127435419078 ], [ 22.478421927506805, 44.951377751669156 ], [ 22.478569799785312, 44.95145306872908 ], [ 22.47869970528458, 44.951636382401801 ], [ 22.478857200293533, 44.951730846506855 ], [ 22.478977483062359, 44.951866426889495 ], [ 22.479123634445962, 44.952008624284638 ], [ 22.479255260840137, 44.952110713505917 ], [ 22.479444224319085, 44.952286402062413 ], [ 22.479533038617912, 44.952341665055471 ], [ 22.479810816395691, 44.952503657010794 ], [ 22.479856682096155, 44.952564179840188 ], [ 22.48008859417347, 44.952817379702104 ], [ 22.480102883889177, 44.95284195761797 ], [ 22.480137093426684, 44.953119735395745 ], [ 22.480108227999818, 44.95339751317352 ], [ 22.480161874519911, 44.953675290951303 ], [ 22.48026945385848, 44.953953068729078 ], [ 22.480366371951249, 44.954166105615478 ], [ 22.480396622367216, 44.954230846506853 ], [ 22.480530417082697, 44.954508624284635 ], [ 22.480644149729024, 44.954637201188461 ], [ 22.480782038940532, 44.95478640206241 ], [ 22.480921927506802, 44.954858478781354 ], [ 22.481199705284581, 44.955037227559082 ], [ 22.481236658186763, 44.955064179840193 ], [ 22.48147748306236, 44.955246469228399 ], [ 22.481635713938957, 44.955341957617968 ], [ 22.481755260840135, 44.955413414872559 ], [ 22.48203303861791, 44.955579410651708 ], [ 22.482094936827565, 44.955619735395743 ] ] } },
{ "type": "Feature", "properties": { "rank": 1, "lake_id": 1360316, "elevation_m": 500.0 }, "geometry": { "type": "LineString", "coordinates": [ [ 22.456294114032563, 44.955619735395743 ], [ 22.456285310099325, 44.955341957617968 ], [ 22.45631975807272, 44.955064179840193 ], [ 22.45644475817133, 44.95478640206241 ], [ 22.456477483062358, 44.954732645264478 ], [ 22.456600085579172, 44.954508624284635 ], [ 22.456711727624381, 44.954230846506853 ], [ 22.456755260840136, 44.954182480584848 ], [ 22.457012604423337, 44.953953068729078 ], [ 22.457033038617915, 44.95392519396664 ], [ 22.457159294911069, 44.953675290951303 ], [ 22.457244432412285, 44.953397513173527 ], [ 22.45731081639569, 44.953124356912468 ], [ 22.457311667292725, 44.953119735395745 ], [ 22.457319506544994, 44.95284195761797 ], [ 22.457310816395694, 44.952644711285629 ], [ 22.457307011267943, 44.952564179840181 ], [ 22.457131427769951, 44.952286402062413 ], [ 22.457033038617915, 44.952204475314467 ], [ 22.456755260840136, 44.952202448637259 ], [ 22.456477483062358, 44.952253030180231 ], [ 22.456279694922994, 44.952286402062413 ], [ 22.456199705284579, 44.952341737566734 ], [ 22.456051516961811, 44.952564179840188 ], [ 22.455921927506804, 44.952619038337332 ], [ 22.455644149729025, 44.952840335636445 ], [ 22.455642221408432, 44.95284195761797 ], [ 22.455632419474899, 44.953119735395745 ], [ 22.455581598694469, 44.95339751317352 ], [ 22.455366371951246, 44.953575931897802 ], [ 22.455088594173468, 44.953637900630703 ], [ 22.454810816395693, 44.953648224337385 ], [ 22.454533038617914, 44.953617732718214 ], [ 22.454255260840135, 44.953586384919845 ], [ 22.453977483062356, 44.953618282634103 ], [ 22.45374660659008, 44.953675290951303 ], [ 22.453699705284578, 44.953686036237698 ], [ 22.453421927506803, 44.953721101232141 ], [ 22.453144149729024, 44.953695291184545 ], [ 22.452912597566176, 44.953675290951303 ], [ 22.452866371951249, 44.953670356305565 ], [ 22.45283584089028, 44.953675290951303 ], [ 22.45258859417347, 44.9537113224686 ], [ 22.452310816395691, 44.953765074258357 ], [ 22.452033038617913, 44.953864378249854 ], [ 22.451755260840137, 44.9538346637001 ], [ 22.451477483062359, 44.95375265711963 ], [ 22.45132609332822, 44.953675290951303 ], [ 22.45119970528458, 44.95351763600376 ], [ 22.45110209771255, 44.95339751317352 ], [ 22.451078768303287, 44.953119735395745 ], [ 22.451066738080247, 44.95284195761797 ], [ 22.45119970528458, 44.95274456201885 ], [ 22.451477483062359, 44.95263075268474 ], [ 22.451654295830597, 44.952564179840188 ], [ 22.451755260840137, 44.952542465965628 ], [ 22.452033038617913, 44.952461888723747 ], [ 22.452212264261657, 44.952286402062413 ], [ 22.452310816395691, 44.952095893017955 ], [ 22.452396756308246, 44.952008624284638 ], [ 22.452510557785811, 44.951730846506855 ], [ 22.45258859417347, 44.951598810479943 ], [ 22.452718592589292, 44.95145306872908 ], [ 22.452866371951249, 44.951376835637433 ], [ 22.453103589767213, 44.951175290951298 ], [ 22.453144149729024, 44.951120613775998 ], [ 22.453322517369315, 44.950897513173523 ], [ 22.453421927506803, 44.950746159170592 ], [ 22.453554888304318, 44.950619735395748 ], [ 22.453696676294349, 44.950341957617965 ], [ 22.453699705284581, 44.950339033132771 ], [ 22.453932807580831, 44.95006417984019 ], [ 22.453977483062356, 44.950027045522162 ], [ 22.454255260840135, 44.949861221959054 ], [ 22.45439552309638, 44.949786402062422 ], [ 22.454533038617914, 44.949723363782176 ], [ 22.454743123431069, 44.949508624284633 ], [ 22.454810816395693, 44.949388459710562 ], [ 22.454889528317747, 44.949230846506858 ], [ 22.454966286624352, 44.948953068729075 ], [ 22.455082706579773, 44.9486752909513 ], [ 22.455088594173468, 44.948646720343852 ], [ 22.455141277304406, 44.948397513173525 ], [ 22.455309505359615, 44.948119735395743 ], [ 22.455366371951246, 44.948078986440891 ], [ 22.455644149729025, 44.947900706669181 ], [ 22.455921927506804, 44.947843867320657 ], [ 22.455933084072608, 44.947841957617968 ], [ 22.456199705284579, 44.947792324603682 ], [ 22.456477483062358, 44.947822266055759 ], [ 22.456585890339756, 44.947841957617975 ], [ 22.456755260840136, 44.947866791484245 ], [ 22.457033038617915, 44.947924404281792 ], [ 22.45731081639569, 44.948003255205926 ], [ 22.457555640162504, 44.948119735395743 ], [ 22.457588594173469, 44.948129951491197 ], [ 22.457866371951248, 44.948197297396732 ], [ 22.458144149729026, 44.948328770285165 ], [ 22.458410933409453, 44.948397513173525 ], [ 22.458421927506802, 44.948399147107871 ], [ 22.458433997452268, 44.948397513173525 ], [ 22.458613785588359, 44.948119735395743 ], [ 22.458549551852439, 44.947841957617968 ], [ 22.45866009370792, 44.947564179840199 ], [ 22.45869970528458, 44.94751783990116 ], [ 22.458861667664372, 44.94728640206241 ], [ 22.458977483062359, 44.947179128573346 ], [ 22.459255260840138, 44.947011874634015 ], [ 22.459260954040982, 44.947008624284635 ], [ 22.459533038617913, 44.946875458521021 ], [ 22.459810816395692, 44.94677761055538 ], [ 22.459959711131908, 44.94673084650686 ], [ 22.46008859417347, 44.946675167213058 ], [ 22.460300632408554, 44.946453068729078 ], [ 22.460162417571578, 44.946175290951302 ], [ 22.460117802875025, 44.94589751317352 ], [ 22.460234346072962, 44.945619735395745 ], [ 22.460185762492998, 44.94534195761797 ], [ 22.46008859417347, 44.945228407119572 ], [ 22.459810816395692, 44.945065472764789 ], [ 22.459809379162241, 44.945064179840188 ], [ 22.459533038617913, 44.944853093320091 ], [ 22.459433926328074, 44.944786402062412 ], [ 22.459255260840138, 44.944664190122211 ], [ 22.458977483062359, 44.944525924915162 ], [ 22.458940103060076, 44.944508624284637 ], [ 22.45869970528458, 44.944424671516373 ], [ 22.458421927506798, 44.944306761717087 ], [ 22.458237027290938, 44.944230846506855 ], [ 22.458144149729026, 44.944181247470802 ], [ 22.457866371951248, 44.944023628190116 ], [ 22.457755995948606, 44.94395306872908 ], [ 22.457661027470841, 44.943675290951298 ], [ 22.457588594173469, 44.943603985563762 ], [ 22.457310816395694, 44.943423138983327 ], [ 22.457124872718129, 44.943397513173522 ], [ 22.457033038617915, 44.943381011825032 ], [ 22.457003800226719, 44.943397513173522 ], [ 22.456755260840136, 44.943652826643373 ], [ 22.45674580724399, 44.943675290951298 ], [ 22.456725462176319, 44.94395306872908 ], [ 22.456755260840136, 44.944021818794589 ], [ 22.456829938721707, 44.944230846506855 ], [ 22.456852198793563, 44.94450862428463 ], [ 22.456777890042449, 44.944786402062412 ], [ 22.456755260840136, 44.944809620243717 ], [ 22.456577657314298, 44.945064179840195 ], [ 22.456477483062358, 44.945274037794903 ], [ 22.45645536148275, 44.94534195761797 ], [ 22.456473587717131, 44.945619735395745 ], [ 22.456255415977612, 44.94589751317352 ], [ 22.456199705284579, 44.945945081159422 ], [ 22.456057051969342, 44.946175290951302 ], [ 22.456016062877534, 44.946453068729078 ], [ 22.455965080661592, 44.94673084650686 ], [ 22.455921927506804, 44.946814309818272 ], [ 22.455748471390656, 44.947008624284635 ], [ 22.455644149729025, 44.947152147654997 ], [ 22.455416312008687, 44.94728640206241 ], [ 22.455366371951246, 44.947313061625955 ], [ 22.455088594173468, 44.947478769412854 ], [ 22.455027822408137, 44.947564179840192 ], [ 22.45485489601748, 44.947841957617968 ], [ 22.454810816395696, 44.947901491307505 ], [ 22.454533038617914, 44.948112145423089 ], [ 22.454518316048429, 44.948119735395743 ], [ 22.454255260840139, 44.948193548089584 ], [ 22.453977483062356, 44.948231519981405 ], [ 22.453699705284581, 44.948228104548718 ], [ 22.453421927506803, 44.948158244436762 ], [ 22.453197277906174, 44.948119735395743 ], [ 22.453144149729024, 44.948106891711028 ], [ 22.452866371951249, 44.947900197620832 ], [ 22.452801898360661, 44.947841957617968 ], [ 22.452801196461529, 44.947564179840192 ], [ 22.452600493447598, 44.94728640206241 ], [ 22.45258859417347, 44.947273560276784 ], [ 22.452423906420204, 44.947008624284635 ], [ 22.45239306217324, 44.94673084650686 ], [ 22.452310816395691, 44.946612478122731 ], [ 22.452033038617916, 44.946464846592455 ], [ 22.451954993524943, 44.946453068729085 ], [ 22.451755260840137, 44.946427226768755 ], [ 22.451477483062359, 44.946420445629904 ], [ 22.45119970528458, 44.946382252773851 ], [ 22.450921927506801, 44.946372103284588 ], [ 22.450644149729026, 44.946401457849575 ], [ 22.450431495250541, 44.946453068729078 ], [ 22.450366371951247, 44.946467088744242 ], [ 22.450088594173469, 44.946546472785897 ], [ 22.44981081639569, 44.946571048772242 ], [ 22.449533038617918, 44.946527907350365 ], [ 22.449361279000062, 44.946453068729078 ], [ 22.449255260840136, 44.94623908655916 ], [ 22.449228730311468, 44.946175290951302 ], [ 22.449214691968763, 44.94589751317352 ], [ 22.449211734829717, 44.945619735395745 ], [ 22.449231375152117, 44.94534195761797 ], [ 22.449255260840136, 44.945282966496478 ], [ 22.449360207242933, 44.945064179840188 ], [ 22.449533038617915, 44.944930829128204 ], [ 22.449709265292366, 44.944786402062412 ], [ 22.44981081639569, 44.944721252426419 ], [ 22.450088594173469, 44.944558546447389 ], [ 22.450178031440629, 44.944508624284637 ], [ 22.450366371951247, 44.944391535260699 ], [ 22.45062777784544, 44.944230846506862 ], [ 22.450644149729026, 44.944047132914051 ], [ 22.450651206842181, 44.94395306872908 ], [ 22.450644149729026, 44.943939758368195 ], [ 22.450516928698832, 44.943675290951298 ], [ 22.450455055053684, 44.943397513173522 ], [ 22.450366371951247, 44.943282384369311 ], [ 22.450193727869607, 44.943119735395747 ], [ 22.450088594173469, 44.943048724309463 ], [ 22.449822765795364, 44.942841957617965 ], [ 22.44981081639569, 44.942800013951597 ], [ 22.449732982601514, 44.94256417984019 ], [ 22.449681491123211, 44.942286402062415 ], [ 22.44981081639569, 44.942050320982396 ], [ 22.449828703477362, 44.942008624284632 ], [ 22.449864207266042, 44.941730846506857 ], [ 22.44981081639569, 44.941622468778355 ], [ 22.449543504413537, 44.941453068729082 ], [ 22.449533038617915, 44.941450364916797 ], [ 22.449255260840136, 44.94142304756916 ], [ 22.448977483062357, 44.941435430462739 ], [ 22.448699705284579, 44.941288716593306 ], [ 22.448526808919915, 44.9411752909513 ], [ 22.448421927506804, 44.941123759895895 ], [ 22.448144149729025, 44.941027779474062 ], [ 22.447866371951246, 44.941042857497571 ], [ 22.447588594173471, 44.941047099627198 ], [ 22.447310816395692, 44.941106621969098 ], [ 22.447151474389532, 44.941175290951307 ], [ 22.447033038617914, 44.941214192927305 ], [ 22.446755260840135, 44.941384042613059 ], [ 22.446513777072418, 44.941453068729082 ], [ 22.44647748306236, 44.941462861217367 ], [ 22.446199705284581, 44.941522095372747 ], [ 22.445921927506802, 44.94170963920174 ], [ 22.445895736633091, 44.941730846506857 ], [ 22.445644149729024, 44.94189893914384 ], [ 22.445496169343372, 44.942008624284639 ], [ 22.445366371951248, 44.942055372706228 ], [ 22.445088594173466, 44.94210558229107 ], [ 22.444810816395691, 44.942063467085546 ], [ 22.444652100320692, 44.942008624284632 ], [ 22.444533038617912, 44.941945817164104 ], [ 22.444255260840134, 44.941850977446101 ], [ 22.443977483062362, 44.941785342594684 ], [ 22.44369970528458, 44.941750442415334 ], [ 22.44362814726253, 44.941730846506857 ], [ 22.443421927506801, 44.94165315912371 ], [ 22.443144149729026, 44.941509288678326 ], [ 22.442983260118169, 44.941453068729082 ], [ 22.442866371951247, 44.941417136263759 ], [ 22.442588594173468, 44.941383538255309 ], [ 22.442310816395693, 44.941410442009285 ], [ 22.44212933963059, 44.941453068729082 ], [ 22.442033038617915, 44.941473027145797 ], [ 22.441755260840136, 44.94152175394774 ], [ 22.441477483062357, 44.941534015934444 ], [ 22.441199705284582, 44.941518292447434 ], [ 22.440921927506803, 44.941487731491826 ], [ 22.440644149729025, 44.941454782618067 ], [ 22.440629399368277, 44.941453068729089 ], [ 22.440366371951246, 44.94141333443298 ], [ 22.440088594173471, 44.941392183143655 ], [ 22.439810816395692, 44.941389074091646 ], [ 22.439550604607071, 44.941453068729082 ], [ 22.439533038617913, 44.941459437064978 ], [ 22.439255260840135, 44.941637550976942 ], [ 22.439122565422412, 44.941730846506857 ], [ 22.438977483062359, 44.94181064080302 ], [ 22.438699705284581, 44.941883966945305 ], [ 22.438421927506802, 44.941871710768268 ], [ 22.43827036010563, 44.941730846506857 ], [ 22.438144149729023, 44.941599003983164 ], [ 22.438052518755683, 44.941453068729082 ], [ 22.437866371951248, 44.941183868275189 ], [ 22.437861013669359, 44.9411752909513 ], [ 22.437812197584872, 44.940897513173525 ], [ 22.437820534101753, 44.940619735395742 ], [ 22.437866371951248, 44.940594243466997 ], [ 22.43814414972902, 44.940499213402283 ], [ 22.438421927506802, 44.940402060249689 ], [ 22.438557713158261, 44.940341957617967 ], [ 22.438699705284581, 44.940309802702821 ], [ 22.438977483062359, 44.94021923867961 ], [ 22.439255260840135, 44.940119605737394 ], [ 22.439393960290587, 44.940064179840192 ], [ 22.439533038617913, 44.940014663317726 ], [ 22.439810816395692, 44.93988829185836 ], [ 22.439987606552432, 44.93978640206241 ], [ 22.440088594173467, 44.939717967920323 ], [ 22.440366371951246, 44.939545201046656 ], [ 22.440435529241494, 44.939508624284635 ], [ 22.440644149729025, 44.939376283240847 ], [ 22.440828886906541, 44.93923084650686 ], [ 22.440921927506803, 44.939172276101147 ], [ 22.441199705284582, 44.939100502900743 ], [ 22.441477483062357, 44.939018526089527 ], [ 22.44160438953951, 44.938953068729077 ], [ 22.441755260840136, 44.938885911664535 ], [ 22.442033038617915, 44.938747756490564 ], [ 22.442177511818635, 44.938675290951302 ], [ 22.442310816395693, 44.938577989770806 ], [ 22.442553238158137, 44.93839751317352 ], [ 22.442588594173468, 44.938362325087425 ], [ 22.442866371951247, 44.938126914618543 ], [ 22.442879476786146, 44.938119735395745 ], [ 22.443144149729026, 44.938002708365261 ], [ 22.443421927506801, 44.937866025829393 ], [ 22.443454316015984, 44.93784195761797 ], [ 22.44369970528458, 44.937662529543353 ], [ 22.443805774103293, 44.937564179840187 ], [ 22.443977483062358, 44.937399349291482 ], [ 22.444122847128718, 44.937286402062412 ], [ 22.444255260840137, 44.937204358732124 ], [ 22.444533038617912, 44.937043586561337 ], [ 22.444612611336478, 44.937008624284637 ], [ 22.444810816395691, 44.936902263679357 ], [ 22.44508859417347, 44.936800068408814 ], [ 22.445285884452893, 44.936730846506855 ], [ 22.445366371951248, 44.936670429696115 ], [ 22.445644149729024, 44.936474991766325 ], [ 22.445673457169388, 44.93645306872908 ], [ 22.445705752381787, 44.936175290951297 ], [ 22.445644149729024, 44.936148490243326 ], [ 22.445366371951248, 44.936090186223801 ], [ 22.44508859417347, 44.936066325099262 ], [ 22.444810816395691, 44.936063779784192 ], [ 22.444533038617912, 44.936077077687109 ], [ 22.444255260840137, 44.93601903061883 ], [ 22.444001014716573, 44.935897513173522 ], [ 22.443977483062358, 44.935885665894673 ], [ 22.44369970528458, 44.935783320017137 ], [ 22.443421927506801, 44.935762764000373 ], [ 22.443144149729026, 44.93579502461143 ], [ 22.442866371951247, 44.935837620606705 ], [ 22.442588594173468, 44.935849441916801 ], [ 22.442310816395693, 44.935781920415636 ], [ 22.442061241267353, 44.935619735395747 ], [ 22.442033038617915, 44.935602579834693 ], [ 22.441755260840136, 44.935421967111928 ], [ 22.441652955037334, 44.935341957617965 ], [ 22.441477483062357, 44.935194499245078 ], [ 22.441274719656302, 44.93506417984019 ], [ 22.441199705284582, 44.935027741017826 ], [ 22.440921927506803, 44.934894090179931 ], [ 22.440712185841779, 44.934786402062414 ], [ 22.440644149729025, 44.934755980370873 ], [ 22.440366371951246, 44.934575845419864 ], [ 22.44025115554221, 44.934508624284632 ], [ 22.440088594173471, 44.934444307161208 ], [ 22.439810816395692, 44.934443378946298 ], [ 22.439533038617913, 44.934473584383184 ], [ 22.439417638253371, 44.934508624284632 ], [ 22.439255260840135, 44.934548458448788 ], [ 22.438977483062359, 44.934549246759133 ], [ 22.438900210536278, 44.934508624284632 ], [ 22.438932015310705, 44.934230846506857 ], [ 22.438977483062359, 44.934155087783338 ], [ 22.439174011809556, 44.933953068729082 ], [ 22.439255260840135, 44.933881500705304 ], [ 22.439533038617913, 44.933718402036206 ], [ 22.43959210452218, 44.9336752909513 ], [ 22.439810816395692, 44.933513719312145 ], [ 22.4400210151918, 44.933397513173524 ], [ 22.440088594173467, 44.933352088237122 ], [ 22.440366371951246, 44.933300416760403 ], [ 22.440644149729025, 44.933287081485112 ], [ 22.440921927506803, 44.933215618717739 ], [ 22.441084463419465, 44.933119735395742 ], [ 22.441032258825789, 44.932841957617967 ], [ 22.440921927506803, 44.932786656070597 ], [ 22.440644149729025, 44.932648028009289 ], [ 22.440577264427041, 44.932564179840192 ], [ 22.440644149729025, 44.932482640619526 ], [ 22.44075588114903, 44.93228640206241 ], [ 22.440843769575142, 44.932008624284634 ], [ 22.440921927506803, 44.931889537779661 ], [ 22.441025082850086, 44.931730846506859 ], [ 22.441133171762761, 44.931453068729077 ], [ 22.441199705284582, 44.931278422389163 ], [ 22.441236637554542, 44.931175290951302 ], [ 22.441199705284582, 44.931150085199462 ], [ 22.4409219275068, 44.930957541701588 ], [ 22.44082898167105, 44.93089751317352 ], [ 22.440644149729025, 44.930779841667153 ], [ 22.440478501524673, 44.930619735395744 ], [ 22.440366371951246, 44.930532266202242 ], [ 22.440088594173471, 44.930427478809079 ], [ 22.439810816395696, 44.930430098607715 ], [ 22.439533038617913, 44.930470629897982 ], [ 22.439255260840135, 44.930517316374434 ], [ 22.438977483062359, 44.930589857356445 ], [ 22.438816287436396, 44.930619735395744 ], [ 22.438699705284581, 44.930638582095071 ], [ 22.438434830169118, 44.930619735395744 ], [ 22.438421927506802, 44.930616996925544 ], [ 22.438321721024625, 44.930341957617969 ], [ 22.438256396703942, 44.930064179840187 ], [ 22.438225622142379, 44.929786402062412 ], [ 22.438210972422645, 44.929508624284637 ], [ 22.438209005560349, 44.929230846506854 ], [ 22.438304371494763, 44.928953068729079 ], [ 22.438421927506802, 44.928741174841349 ], [ 22.438465640818777, 44.928675290951304 ], [ 22.438574059626568, 44.928397513173515 ], [ 22.438699705284581, 44.928228602472139 ], [ 22.438781408243557, 44.928119735395747 ], [ 22.438977483062359, 44.927959166707751 ], [ 22.439115453063071, 44.927841957617964 ], [ 22.439255260840135, 44.92769886356799 ], [ 22.439419284106432, 44.927564179840189 ], [ 22.439533038617913, 44.927414170327282 ], [ 22.439683115692191, 44.927286402062414 ], [ 22.439533038617913, 44.927098346599458 ], [ 22.439255260840135, 44.927047667428283 ], [ 22.438977483062359, 44.927113850262913 ], [ 22.438699705284581, 44.927214959719819 ], [ 22.438528227657045, 44.927286402062414 ], [ 22.438421927506802, 44.927330160539732 ], [ 22.438144149729023, 44.927408774319055 ], [ 22.437866371951248, 44.927454574301585 ], [ 22.437588594173469, 44.927477447568343 ], [ 22.437310816395691, 44.927524350661933 ], [ 22.437068692986948, 44.927564179840182 ], [ 22.437033038617912, 44.927570096455625 ], [ 22.436755260840137, 44.92765230981599 ], [ 22.436477483062358, 44.927714470903602 ], [ 22.436199705284579, 44.927740432921723 ], [ 22.435921927506804, 44.927700403706673 ], [ 22.435644149729026, 44.927642533970193 ], [ 22.435366371951247, 44.927616675122195 ], [ 22.435088594173468, 44.927631157098169 ], [ 22.434810816395693, 44.927667865270521 ], [ 22.434567518888002, 44.927841957617964 ], [ 22.434533038617914, 44.927876735125309 ], [ 22.434334758249417, 44.928119735395747 ], [ 22.434323468058157, 44.928397513173515 ], [ 22.4343596303552, 44.928675290951304 ], [ 22.434255260840136, 44.928915549802632 ], [ 22.434192322367796, 44.928953068729079 ], [ 22.433977483062357, 44.929067782251352 ] ] } },
{ "type": "Feature", "properties": { "rank": 1, "lake_id": 1360316, "elevation_m": 500.0 }, "geometry": { "type": "LineString", "coordinates": [ [ 22.467569110008515, 44.95561973539575 ], [ 22.467310816395692, 44.955486352628036 ], [ 22.46703303861791, 44.955354757744672 ], [ 22.466995057956062, 44.955341957617968 ], [ 22.466755260840134, 44.955251483899218 ], [ 22.466477483062359, 44.95512906377563 ], [ 22.466351802092042, 44.955064179840193 ], [ 22.466199705284584, 44.954918586741059 ], [ 22.466110316518328, 44.95478640206241 ], [ 22.465948662997505, 44.954508624284635 ], [ 22.465921927506802, 44.954482466655783 ], [ 22.465644149729023, 44.954368736127918 ], [ 22.465366371951248, 44.954234744816063 ], [ 22.465353169623761, 44.954230846506853 ], [ 22.465088594173469, 44.954124729444665 ], [ 22.464948786036501, 44.953953068729078 ], [ 22.464810816395691, 44.953767622662262 ], [ 22.464752635374865, 44.953675290951303 ], [ 22.464533038617915, 44.953404926567934 ], [ 22.46452217305778, 44.95339751317352 ], [ 22.464255260840137, 44.953243078150237 ], [ 22.463977483062358, 44.953243488035966 ], [ 22.463710191296006, 44.95339751317352 ], [ 22.463699705284579, 44.95340601991046 ], [ 22.463465193049576, 44.953675290951303 ], [ 22.463421927506804, 44.953896073305096 ], [ 22.463412509101186, 44.953953068729078 ], [ 22.463421927506804, 44.953984452532147 ], [ 22.463522141477377, 44.954230846506846 ], [ 22.463479186999308, 44.954508624284635 ], [ 22.463627536053046, 44.95478640206241 ], [ 22.463699705284579, 44.954936897543298 ], [ 22.463750695285867, 44.955064179840193 ], [ 22.463699705284579, 44.955146862077349 ], [ 22.463450402567616, 44.955341957617968 ], [ 22.463421927506804, 44.955352585679798 ], [ 22.463144149729025, 44.955431454204721 ], [ 22.462866371951247, 44.955446323035147 ], [ 22.462588594173468, 44.955382684554387 ], [ 22.46246465293158, 44.955341957617968 ], [ 22.462310816395693, 44.955301338053346 ], [ 22.462033038617911, 44.955162903301016 ], [ 22.461755260840135, 44.955087197267908 ], [ 22.461477483062357, 44.955144621753718 ], [ 22.461199705284582, 44.955224057803683 ], [ 22.460921927506803, 44.955320667578356 ], [ 22.460793662295288, 44.955341957617968 ], [ 22.460644149729024, 44.955359337108405 ], [ 22.460490239270534, 44.955341957617968 ], [ 22.460366371951245, 44.955322794747012 ], [ 22.46008859417347, 44.95522132116502 ], [ 22.459810816395692, 44.955149692097365 ], [ 22.459533038617909, 44.95519717415204 ], [ 22.459255260840138, 44.955312117686347 ], [ 22.459195797909548, 44.955341957617968 ], [ 22.458977483062359, 44.955475488761557 ], [ 22.458794635600768, 44.955619735395743 ] ] } },
{ "type": "Feature", "properties": { "rank": 1, "lake_id": 1360316, "elevation_m": 500.0 }, "geometry": { "type": "LineString", "coordinates": [ [ 22.459229916848841, 44.920064179840189 ], [ 22.459039946328957, 44.920341957617957 ], [ 22.458977483062359, 44.92052736250038 ], [ 22.458953171710345, 44.920619735395746 ], [ 22.458960557880008, 44.920897513173522 ], [ 22.458899925302557, 44.921175290951304 ], [ 22.45869970528458, 44.921411440496833 ], [ 22.45862101623208, 44.921453068729079 ], [ 22.458421927506802, 44.921527530679363 ], [ 22.458144149729026, 44.921631751983831 ], [ 22.457981874750093, 44.921730846506854 ], [ 22.458025785803084, 44.922008624284636 ], [ 22.458020681645273, 44.922286402062412 ], [ 22.458064386030479, 44.922564179840187 ], [ 22.458124211344941, 44.922841957617969 ], [ 22.458144149729026, 44.922981769501909 ], [ 22.458159994256622, 44.923119735395744 ], [ 22.458144149729026, 44.923216849389497 ], [ 22.458095487711933, 44.923397513173526 ], [ 22.458009374111043, 44.923675290951302 ], [ 22.457866371951248, 44.923825471763642 ], [ 22.457623664216317, 44.923953068729077 ], [ 22.457588594173465, 44.923963773081638 ], [ 22.45731081639569, 44.924037940949624 ], [ 22.457033038617915, 44.924163923340252 ], [ 22.456902484827022, 44.924230846506859 ], [ 22.456755260840136, 44.92431852462822 ], [ 22.45651292661486, 44.924508624284634 ], [ 22.456480117456749, 44.924786402062409 ], [ 22.456516399882666, 44.925064179840192 ], [ 22.456607952734828, 44.925341957617967 ], [ 22.456755260840136, 44.925451869857177 ], [ 22.457033038617919, 44.925607759280858 ], [ 22.457053931129021, 44.925619735395749 ], [ 22.45731081639569, 44.925802756237516 ], [ 22.457416379538287, 44.925897513173524 ], [ 22.457588594173469, 44.926010834855788 ], [ 22.457866371951248, 44.926113030033221 ], [ 22.458144149729023, 44.926169711510077 ], [ 22.458164372703251, 44.926175290951299 ], [ 22.458421927506802, 44.926233020036321 ], [ 22.45869970528458, 44.926301811048255 ], [ 22.458977483062359, 44.926355626677342 ], [ 22.459201001606033, 44.926453068729082 ], [ 22.459255260840138, 44.926476493129911 ], [ 22.459533038617913, 44.926568743464294 ], [ 22.459810816395692, 44.926590400521029 ], [ 22.46008859417347, 44.926561426359022 ], [ 22.460366371951245, 44.926710347886257 ], [ 22.460395300356922, 44.926730846506857 ], [ 22.460644149729024, 44.926862406252084 ], [ 22.460871914828285, 44.927008624284632 ], [ 22.460921927506803, 44.927058706439318 ], [ 22.461100974149538, 44.927286402062414 ], [ 22.461199705284582, 44.927402687809121 ], [ 22.461334881368593, 44.927564179840196 ], [ 22.461477483062357, 44.927666188431488 ], [ 22.461699150785215, 44.927841957617964 ], [ 22.461755260840135, 44.927898531237666 ], [ 22.461965313481095, 44.928119735395747 ], [ 22.462033038617914, 44.928163711640046 ], [ 22.462310816395693, 44.928350460615242 ], [ 22.46237464846422, 44.928397513173522 ], [ 22.462588594173468, 44.928659452206027 ], [ 22.462599582142083, 44.928675290951304 ], [ 22.462812339325364, 44.928953068729079 ], [ 22.462866371951247, 44.929031306426026 ], [ 22.4630023450691, 44.929230846506854 ], [ 22.463144149729025, 44.929376530744641 ], [ 22.463288956579753, 44.929508624284637 ], [ 22.463421927506804, 44.929696851144371 ], [ 22.463472099014925, 44.929786402062412 ], [ 22.463607883479007, 44.930064179840187 ], [ 22.463699705284579, 44.930328756492088 ], [ 22.463704012111251, 44.930341957617962 ], [ 22.463776170436848, 44.930619735395744 ], [ 22.463890489175252, 44.93089751317352 ], [ 22.463977483062358, 44.93107966757961 ], [ 22.464026538177162, 44.931175290951302 ], [ 22.46420130470419, 44.931453068729077 ], [ 22.464255260840137, 44.931528615058362 ], [ 22.464452526169627, 44.931730846506859 ], [ 22.464533038617915, 44.931849486165035 ], [ 22.464695956592397, 44.932008624284634 ], [ 22.464810816395691, 44.932084924707425 ], [ 22.465018637890857, 44.93228640206241 ], [ 22.465088594173469, 44.932419817738328 ], [ 22.465126680690719, 44.932564179840192 ], [ 22.465351505428472, 44.932841957617967 ], [ 22.465366371951248, 44.93285638447167 ], [ 22.465644149729023, 44.933110791059612 ], [ 22.465655103391757, 44.933119735395742 ], [ 22.465821689154101, 44.933397513173524 ], [ 22.465753706070057, 44.9336752909513 ], [ 22.46568634264408, 44.933953068729082 ], [ 22.465745169711134, 44.934230846506857 ], [ 22.465786522622263, 44.934508624284632 ], [ 22.465741152454886, 44.934786402062414 ], [ 22.465644149729023, 44.934928105335352 ], [ 22.465560360834857, 44.93506417984019 ], [ 22.465380420742033, 44.935341957617965 ], [ 22.465474490834648, 44.935619735395747 ], [ 22.465644149729023, 44.935822830221568 ], [ 22.465694932671887, 44.935897513173522 ], [ 22.465921927506802, 44.936045250034667 ], [ 22.466154486626785, 44.936175290951297 ], [ 22.466199705284581, 44.936192773004201 ], [ 22.466477483062359, 44.936334140396596 ], [ 22.466653105895489, 44.93645306872908 ], [ 22.466755260840134, 44.936503961241655 ], [ 22.467033038617913, 44.936633431017086 ], [ 22.467273746738325, 44.936730846506855 ], [ 22.467310816395692, 44.936747360116378 ], [ 22.467588594173471, 44.936900160675485 ], [ 22.467763657051545, 44.937008624284637 ], [ 22.467866371951246, 44.937070578472287 ], [ 22.468144149729024, 44.937187822966635 ], [ 22.468421927506807, 44.937281051302563 ], [ 22.468443996453207, 44.937286402062405 ], [ 22.468699705284582, 44.937349949897211 ], [ 22.468977483062357, 44.937397232168188 ], [ 22.469255260840136, 44.937484257692027 ], [ 22.469505173186267, 44.937564179840187 ], [ 22.469533038617914, 44.937580537043736 ], [ 22.469810816395693, 44.937741590073415 ], [ 22.469914154631205, 44.93784195761797 ], [ 22.469938338641342, 44.938119735395745 ], [ 22.469862525583714, 44.93839751317352 ], [ 22.46992311612593, 44.938675290951302 ], [ 22.469919813763187, 44.938953068729077 ], [ 22.469843454388631, 44.93923084650686 ], [ 22.470043568561941, 44.939508624284635 ], [ 22.470088594173468, 44.939579260810845 ], [ 22.47022429057473, 44.93978640206241 ], [ 22.470366371951247, 44.93987751743218 ], [ 22.470644149729026, 44.939999071078702 ], [ 22.470732768296774, 44.940064179840192 ], [ 22.470811732319255, 44.940341957617967 ], [ 22.47084190568496, 44.940619735395742 ], [ 22.470921927506801, 44.940753092861272 ], [ 22.471020172062655, 44.940897513173525 ], [ 22.47119970528458, 44.941033909250947 ], [ 22.471358039233891, 44.9411752909513 ], [ 22.471477483062358, 44.941256424154325 ], [ 22.4716820313974, 44.941453068729082 ], [ 22.471755260840137, 44.941542196373156 ], [ 22.471881670624558, 44.941730846506864 ], [ 22.472019325677259, 44.942008624284632 ], [ 22.472033038617912, 44.942044324977161 ], [ 22.472123958252379, 44.942286402062415 ], [ 22.472282279744508, 44.94256417984019 ], [ 22.472310816395691, 44.942657597947424 ], [ 22.472356217758342, 44.942841957617965 ], [ 22.472321097373079, 44.943119735395747 ], [ 22.472310816395691, 44.943149483986694 ], [ 22.472231109279619, 44.943397513173522 ], [ 22.472310816395691, 44.94366708006693 ], [ 22.472312901168028, 44.943675290951298 ], [ 22.472472097063733, 44.94395306872908 ], [ 22.47258859417347, 44.9440806057831 ], [ 22.472866371951252, 44.944223290556835 ], [ 22.472890766950311, 44.944230846506855 ], [ 22.473144149729023, 44.944365975875797 ], [ 22.473269505710281, 44.944508624284637 ], [ 22.473406538351565, 44.944786402062412 ], [ 22.473421927506802, 44.944824089483063 ], [ 22.473496458349619, 44.945064179840188 ], [ 22.473583412596735, 44.94534195761797 ], [ 22.473699705284581, 44.945572005709266 ], [ 22.473729857697563, 44.945619735395745 ], [ 22.473937814043165, 44.94589751317352 ], [ 22.47397748306236, 44.9459436812108 ], [ 22.474241589551252, 44.946175290951302 ], [ 22.474255260840135, 44.946189900714892 ], [ 22.474495053453001, 44.946453068729078 ], [ 22.474533038617913, 44.946494322108073 ], [ 22.474761538108105, 44.94673084650686 ], [ 22.474810816395692, 44.94680100910692 ], [ 22.474860788684975, 44.947008624284635 ], [ 22.475008829765404, 44.94728640206241 ], [ 22.475088594173471, 44.947367685880771 ], [ 22.475303015573076, 44.947564179840192 ], [ 22.475366371951246, 44.947639710160317 ], [ 22.47553212018682, 44.947841957617968 ], [ 22.475644149729025, 44.9479430504202 ], [ 22.475854924303796, 44.948119735395743 ], [ 22.475921927506803, 44.948188389096472 ], [ 22.476181187127889, 44.948397513173525 ], [ 22.476199705284582, 44.948412421356245 ], [ 22.476477483062357, 44.948637821166059 ], [ 22.476510511093661, 44.9486752909513 ], [ 22.476755260840136, 44.948949821506389 ], [ 22.476757117918684, 44.948953068729068 ], [ 22.476925026783391, 44.949230846506858 ], [ 22.476970993846315, 44.949508624284633 ], [ 22.477004032531614, 44.949786402062415 ], [ 22.477033038617915, 44.949852373383955 ], [ 22.477164243392124, 44.95006417984019 ], [ 22.47731081639569, 44.950226219304469 ], [ 22.477552251181169, 44.950341957617965 ], [ 22.477588594173469, 44.950356385251645 ], [ 22.477866371951247, 44.950472095859389 ], [ 22.478060105347492, 44.950619735395748 ], [ 22.478144149729026, 44.950708388409602 ], [ 22.478314959161438, 44.950897513173523 ], [ 22.478421927506801, 44.950996494255776 ], [ 22.47869970528458, 44.951157995217898 ], [ 22.478736951734728, 44.951175290951298 ], [ 22.478977483062359, 44.951258300175162 ], [ 22.479255260840137, 44.951336208973068 ], [ 22.479533038617912, 44.951398831971872 ], [ 22.479669860438044, 44.95145306872908 ], [ 22.479810816395691, 44.951562950226354 ], [ 22.479994322032795, 44.951730846506855 ], [ 22.48008859417347, 44.95184019644875 ], [ 22.480158674666068, 44.952008624284638 ], [ 22.480138106724588, 44.952286402062406 ], [ 22.480225198937802, 44.952564179840188 ], [ 22.480366371951249, 44.952788601790878 ], [ 22.480404093086232, 44.95284195761797 ], [ 22.480644149729024, 44.95311689852435 ], [ 22.480651176190424, 44.953119735395745 ], [ 22.480866138425597, 44.95339751317352 ], [ 22.480903923131756, 44.953675290951303 ], [ 22.480921927506802, 44.953743397656545 ], [ 22.480971077748286, 44.953953068729078 ], [ 22.481074887613076, 44.954230846506853 ], [ 22.481199705284581, 44.954482828304883 ], [ 22.481208678159895, 44.954508624284635 ], [ 22.481401075030682, 44.95478640206241 ], [ 22.48147748306236, 44.954839969724013 ], [ 22.481755260840135, 44.954985415201229 ], [ 22.481954591154903, 44.955064179840193 ], [ 22.482033038617914, 44.955095084750162 ], [ 22.482310816395692, 44.955207463928822 ], [ 22.482588594173468, 44.955291602587685 ], [ 22.482702972600684, 44.955341957617968 ], [ 22.482866371951246, 44.955517927541834 ], [ 22.482925793819295, 44.955619735395743 ] ] } },
{ "type": "Feature", "properties": { "rank": 1, "lake_id": 1360316, "elevation_m": 550.0 }, "geometry": { "type": "LineString", "coordinates": [ [ 22.455206127618023, 44.955619735395743 ], [ 22.455088594173468, 44.955371390888523 ], [ 22.455078113330476, 44.955341957617968 ], [ 22.455088594173468, 44.95516458078216 ], [ 22.455097566272972, 44.955064179840193 ], [ 22.455255533761235, 44.954786402062417 ], [ 22.455269632770317, 44.954508624284635 ], [ 22.455088594173468, 44.954424350932797 ], [ 22.454810816395689, 44.954294711518422 ], [ 22.454616082217665, 44.954230846506853 ], [ 22.454533038617914, 44.954211700617101 ], [ 22.454255260840135, 44.954189133936495 ], [ 22.453977483062356, 44.954208791300367 ], [ 22.45379562444332, 44.954230846506853 ], [ 22.453699705284578, 44.954244290625184 ], [ 22.453421927506803, 44.954284617212593 ], [ 22.453144149729024, 44.954289287709436 ], [ 22.452866371951249, 44.954316799626724 ], [ 22.45258859417347, 44.954396720593785 ], [ 22.452310816395691, 44.954465380310161 ], [ 22.452082374410811, 44.954508624284635 ], [ 22.452033038617913, 44.95451949696379 ], [ 22.451755260840137, 44.954525111645459 ], [ 22.451669999391378, 44.954508624284635 ], [ 22.451477483062359, 44.954477854209991 ], [ 22.45119970528458, 44.954443564569061 ], [ 22.450921927506801, 44.954454941567036 ], [ 22.450664649136254, 44.954508624284635 ], [ 22.450644149729026, 44.954514116086841 ], [ 22.450366371951247, 44.954564269164898 ], [ 22.450255466302433, 44.954508624284635 ], [ 22.450155404818819, 44.954230846506853 ], [ 22.450150232082343, 44.953953068729078 ], [ 22.450174874786025, 44.953675290951303 ], [ 22.450090056069765, 44.95339751317352 ], [ 22.450088594173469, 44.95338852594908 ], [ 22.45004706372071, 44.953119735395738 ], [ 22.450005411311732, 44.95284195761797 ], [ 22.450012759557911, 44.952564179840188 ], [ 22.450022653269734, 44.952286402062413 ], [ 22.450088594173469, 44.952199185688606 ], [ 22.450366371951247, 44.952025784824706 ], [ 22.450440279922631, 44.952008624284638 ], [ 22.450644149729026, 44.9519728505825 ], [ 22.450921927506801, 44.951943093354899 ], [ 22.45119970528458, 44.95192313181628 ], [ 22.451477483062359, 44.951817949707426 ], [ 22.451542503697453, 44.951730846506855 ], [ 22.451579730971662, 44.95145306872908 ], [ 22.451755260840137, 44.951205904054525 ], [ 22.451802972901625, 44.951175290951298 ], [ 22.452033038617913, 44.951049771724286 ], [ 22.45223688238605, 44.950897513173523 ], [ 22.452310816395691, 44.950844759246174 ], [ 22.452483156495514, 44.95061973539574 ], [ 22.45258859417347, 44.950520342879329 ], [ 22.452755800164212, 44.950341957617965 ], [ 22.452866371951249, 44.950262288868117 ], [ 22.453123671364505, 44.95006417984019 ], [ 22.453144149729024, 44.950043831394723 ], [ 22.453421927506803, 44.949795954258732 ], [ 22.453433651860198, 44.949786402062415 ], [ 22.453613072967244, 44.94950862428464 ], [ 22.453699705284578, 44.949385945866354 ], [ 22.453915921995815, 44.949230846506858 ], [ 22.453699705284581, 44.949116160254633 ], [ 22.453421927506803, 44.949055553629741 ], [ 22.453144149729024, 44.949005501199693 ], [ 22.453027256685353, 44.948953068729075 ], [ 22.452866371951249, 44.948877427870052 ], [ 22.45258859417347, 44.948768527158599 ], [ 22.452341461002156, 44.9486752909513 ], [ 22.452310816395691, 44.948661546417128 ], [ 22.452033038617913, 44.948516828024339 ], [ 22.451935472672986, 44.948397513173525 ], [ 22.451781173940748, 44.948119735395743 ], [ 22.451781170416098, 44.947841957617968 ], [ 22.451824610364039, 44.947564179840192 ], [ 22.451755260840137, 44.947406731508842 ], [ 22.451701304132008, 44.94728640206241 ], [ 22.451477483062359, 44.94707923798078 ], [ 22.45119970528458, 44.947029468753122 ], [ 22.450921927506801, 44.947017582823889 ], [ 22.450644149729026, 44.947063153815719 ], [ 22.450366371951247, 44.947121551963576 ], [ 22.450088594173469, 44.947161740929708 ], [ 22.44981081639569, 44.94716333587526 ], [ 22.449533038617915, 44.94712129490032 ], [ 22.449255260840136, 44.947033935830838 ], [ 22.449207980489309, 44.947008624284635 ], [ 22.448977483062357, 44.946890723948137 ], [ 22.448699705284579, 44.946778808774518 ], [ 22.448527616601801, 44.94673084650686 ], [ 22.448421927506804, 44.946686687687077 ], [ 22.448144149729025, 44.946557873285869 ], [ 22.448034821991534, 44.946453068729078 ], [ 22.448027305191985, 44.946175290951302 ], [ 22.448144149729025, 44.945977186875659 ], [ 22.448188392846273, 44.94589751317352 ], [ 22.448286974247097, 44.945619735395745 ], [ 22.448254910493759, 44.94534195761797 ], [ 22.448257910521075, 44.945064179840188 ], [ 22.448421927506804, 44.944801673752195 ], [ 22.448436342689707, 44.944786402062412 ], [ 22.448699705284579, 44.944599800145681 ], [ 22.448855095353405, 44.944508624284637 ], [ 22.448977483062357, 44.944431906734621 ], [ 22.449255260840136, 44.944269513119977 ], [ 22.449316701380091, 44.944230846506855 ], [ 22.449533038617915, 44.944053640156092 ], [ 22.449660710332353, 44.94395306872908 ], [ 22.449533038617915, 44.943720656676682 ], [ 22.449501526196485, 44.943675290951298 ], [ 22.449255260840136, 44.943552436109378 ], [ 22.448977483062357, 44.943448519658816 ], [ 22.448888600448765, 44.943397513173522 ], [ 22.448699705284582, 44.94325739787984 ], [ 22.448574785773353, 44.943119735395747 ], [ 22.448516175680503, 44.942841957617965 ], [ 22.448445257341128, 44.94256417984019 ], [ 22.448442519520849, 44.942286402062415 ], [ 22.448421927506804, 44.942264460498599 ], [ 22.448144149729025, 44.942088877939305 ], [ 22.447866371951246, 44.942031776857533 ], [ 22.447588594173471, 44.942051984491584 ], [ 22.447310816395692, 44.942066124870699 ], [ 22.447033038617914, 44.942108763854961 ], [ 22.446755260840135, 44.942177163716963 ], [ 22.44647748306236, 44.94225318057547 ], [ 22.446385475721897, 44.942286402062415 ], [ 22.446199705284581, 44.942393692819152 ], [ 22.44603193402763, 44.94256417984019 ], [ 22.445921927506802, 44.94263058105502 ], [ 22.445644149729024, 44.942728347638351 ], [ 22.445366371951248, 44.942841359813748 ], [ 22.445363686760899, 44.942841957617965 ], [ 22.44508859417347, 44.942922981142821 ], [ 22.444810816395691, 44.942951694578845 ], [ 22.444568317294937, 44.942841957617965 ], [ 22.444533038617912, 44.942826973230517 ], [ 22.444255260840137, 44.942657977783682 ], [ 22.443978478912353, 44.94256417984019 ], [ 22.443977483062358, 44.942563903329315 ], [ 22.44369970528458, 44.942517920487056 ], [ 22.443421927506801, 44.9425184685864 ], [ 22.443144149729026, 44.94256364484125 ], [ 22.443053910698922, 44.94256417984019 ], [ 22.442866371951247, 44.942565179295038 ], [ 22.442857011552697, 44.94256417984019 ], [ 22.442588594173468, 44.942522773191577 ], [ 22.442310816395693, 44.942387688826386 ], [ 22.442146442182207, 44.942286402062415 ], [ 22.442033038617915, 44.942236746288962 ], [ 22.441755260840136, 44.942167208433929 ], [ 22.441477483062357, 44.94213797730982 ], [ 22.441199705284582, 44.94211181535708 ], [ 22.440921927506803, 44.942077540207116 ], [ 22.440644149729021, 44.942043059750063 ], [ 22.440366371951246, 44.94202366742492 ], [ 22.440088594173471, 44.942090653786863 ], [ 22.439810816395692, 44.942198169748991 ], [ 22.439645125083484, 44.942286402062415 ], [ 22.439533038617913, 44.942340686229564 ], [ 22.439255260840135, 44.942446048728591 ], [ 22.439078151658109, 44.94256417984019 ], [ 22.438977483062359, 44.942617942972873 ], [ 22.438699705284581, 44.942772042554907 ], [ 22.43855107567537, 44.942841957617965 ], [ 22.438421927506802, 44.942899262578848 ], [ 22.438144149729023, 44.943023594390063 ], [ 22.437866371951248, 44.94310743086784 ], [ 22.437824464023876, 44.943119735395747 ], [ 22.437588594173473, 44.943187371477379 ], [ 22.437310816395687, 44.9432241499292 ], [ 22.437033038617912, 44.943232998847762 ], [ 22.436755260840137, 44.943228329623579 ], [ 22.436481357299133, 44.943119735395747 ], [ 22.436477483062358, 44.943116204138882 ], [ 22.436199705284579, 44.942919831186416 ], [ 22.436145627710577, 44.942841957617965 ], [ 22.436072698558533, 44.94256417984019 ], [ 22.436199705284576, 44.942486356134424 ], [ 22.436429535685594, 44.942286402062415 ], [ 22.436477483062358, 44.942249244847005 ], [ 22.436755260840137, 44.942104442416074 ], [ 22.436918656573219, 44.942008624284632 ], [ 22.437033038617912, 44.941871785903942 ], [ 22.437102388090423, 44.941730846506857 ], [ 22.437033038617912, 44.941542061102368 ], [ 22.436997836783522, 44.941453068729082 ], [ 22.436812127711395, 44.9411752909513 ], [ 22.436755260840137, 44.94109350418816 ], [ 22.436590533161194, 44.940897513173525 ], [ 22.436477483062358, 44.94076193455512 ], [ 22.436356334682749, 44.940619735395742 ], [ 22.436273357053768, 44.940341957617967 ], [ 22.436258288298976, 44.940064179840192 ], [ 22.436477483062358, 44.93990214195783 ], [ 22.436677008512103, 44.93978640206241 ], [ 22.436755260840137, 44.939747511460169 ], [ 22.437033038617916, 44.939748954144392 ], [ 22.437310816395691, 44.939741539280718 ], [ 22.437588594173469, 44.939765643948014 ], [ 22.437734635388221, 44.93978640206241 ], [ 22.437866371951248, 44.939802965513387 ], [ 22.438131709925536, 44.93978640206241 ], [ 22.438144149729023, 44.939785509107573 ], [ 22.438421927506802, 44.939724616911747 ], [ 22.438699705284581, 44.939613691976042 ], [ 22.438967669734911, 44.939508624284635 ], [ 22.438977483062359, 44.939503741850274 ], [ 22.439255260840135, 44.939328608032532 ], [ 22.439386151837965, 44.93923084650686 ], [ 22.439533038617913, 44.939001502016019 ], [ 22.4395593485234, 44.938953068729077 ], [ 22.439760261865967, 44.938675290951302 ], [ 22.439810816395692, 44.938651447351624 ], [ 22.440088594173471, 44.938561334820527 ], [ 22.440366371951246, 44.938445044195525 ], [ 22.440513832721923, 44.93839751317352 ], [ 22.440644149729021, 44.938359631698553 ], [ 22.440921927506803, 44.938357099249906 ], [ 22.441199705284582, 44.938344586223678 ], [ 22.441477483062361, 44.93828470378763 ], [ 22.441755260840136, 44.938169929022521 ], [ 22.441844364557916, 44.938119735395745 ], [ 22.442033038617915, 44.938000040967786 ], [ 22.442244495390597, 44.93784195761797 ], [ 22.44231081639569, 44.937777288579682 ], [ 22.442522450378085, 44.937564179840194 ], [ 22.442588594173468, 44.937492638375183 ], [ 22.442862442402305, 44.937286402062412 ], [ 22.442866371951247, 44.937281553852614 ], [ 22.443124262348867, 44.937008624284637 ], [ 22.443144149729026, 44.936835018205002 ], [ 22.443167935881586, 44.936730846506855 ], [ 22.443144149729026, 44.936721331038335 ], [ 22.442866371951247, 44.93666601646364 ], [ 22.442588594173468, 44.936647046770204 ], [ 22.442310816395693, 44.936648163140809 ], [ 22.442033038617915, 44.936566685273569 ], [ 22.441755260840136, 44.936488766953815 ], [ 22.441711111692364, 44.93645306872908 ], [ 22.441477483062357, 44.936244642406166 ], [ 22.441407405878493, 44.936175290951297 ], [ 22.441199705284582, 44.936049310200517 ], [ 22.440964537553189, 44.935897513173522 ], [ 22.440921927506803, 44.935857111730556 ], [ 22.440685754039659, 44.935619735395747 ], [ 22.440644149729025, 44.935582377597463 ], [ 22.440366371951249, 44.935407873661077 ], [ 22.440195378721878, 44.935341957617965 ], [ 22.440088594173471, 44.935298022692088 ], [ 22.439810816395692, 44.935190278354185 ], [ 22.43953303861791, 44.935165655241228 ], [ 22.439255260840135, 44.935191830126179 ], [ 22.438977483062359, 44.93522248369986 ], [ 22.438699705284581, 44.93525475996347 ], [ 22.438421927506802, 44.935289120105345 ], [ 22.438144149729023, 44.935310894434259 ], [ 22.437866371951248, 44.935329162600766 ], [ 22.437588594173469, 44.935250935327922 ], [ 22.437461277630085, 44.93506417984019 ], [ 22.437563992304504, 44.934786402062414 ], [ 22.437588594173473, 44.934748730262449 ], [ 22.437786801028796, 44.934508624284632 ], [ 22.437866371951248, 44.934402421491448 ], [ 22.438019743281686, 44.934230846506857 ], [ 22.438134534259191, 44.933953068729075 ], [ 22.438144149729027, 44.933942705787338 ], [ 22.438414748167322, 44.9336752909513 ], [ 22.438421927506802, 44.933669519614838 ], [ 22.438654904599606, 44.933397513173524 ], [ 22.438699705284581, 44.933353951395901 ], [ 22.438977483062359, 44.933188631496833 ], [ 22.439080740089711, 44.933119735395742 ], [ 22.439255260840135, 44.932876090730737 ], [ 22.439281155031189, 44.932841957617967 ], [ 22.43930851814995, 44.932564179840192 ], [ 22.439533038617913, 44.932288974678812 ], [ 22.439534931121951, 44.93228640206241 ], [ 22.439682831913462, 44.932008624284634 ], [ 22.439810816395692, 44.931765267138388 ], [ 22.439829525961716, 44.931730846506859 ], [ 22.439810816395692, 44.931570610832182 ], [ 22.439780027663485, 44.931453068729077 ], [ 22.439533038617913, 44.931356100616163 ], [ 22.439255260840135, 44.931385678889363 ], [ 22.438977483062359, 44.931413831505033 ], [ 22.438699705284581, 44.931431567690318 ], [ 22.438586853668919, 44.931453068729077 ], [ 22.438421927506802, 44.931484497325002 ], [ 22.438144149729023, 44.931502153781899 ], [ 22.437866371951248, 44.931500915924495 ], [ 22.437748013700389, 44.931453068729077 ], [ 22.437588594173469, 44.931218336042718 ], [ 22.437574570462793, 44.931175290951302 ], [ 22.437437846049839, 44.93089751317352 ], [ 22.437384764265722, 44.930619735395744 ], [ 22.437376777953542, 44.930341957617969 ], [ 22.437360440653265, 44.930064179840187 ], [ 22.437310816395691, 44.929870711149306 ], [ 22.437285309053198, 44.929786402062412 ], [ 22.437310816395691, 44.929590084568403 ], [ 22.437319364373078, 44.929508624284637 ], [ 22.437368412441039, 44.929230846506854 ], [ 22.437402167331626, 44.928953068729079 ], [ 22.437483056992676, 44.928675290951311 ], [ 22.437588594173469, 44.928498918367943 ], [ 22.437653877485808, 44.928397513173522 ], [ 22.437588594173469, 44.928165261540222 ], [ 22.437310816395694, 44.928159139016621 ], [ 22.437033038617912, 44.928225930206587 ], [ 22.436755260840137, 44.928319295122563 ], [ 22.436477483062358, 44.928367801350213 ], [ 22.436199705284579, 44.928379274661182 ], [ 22.435921927506804, 44.928392429145028 ], [ 22.435891509944604, 44.928397513173522 ], [ 22.435644149729026, 44.928456075000859 ], [ 22.435366371951247, 44.928643222783997 ], [ 22.435344045362292, 44.928675290951304 ], [ 22.435293335832142, 44.928953068729079 ], [ 22.435173687764717, 44.929230846506854 ], [ 22.435088594173472, 44.929299250569905 ], [ 22.434879535368839, 44.929508624284637 ], [ 22.434810816395693, 44.929571443517546 ], [ 22.434625882526646, 44.929786402062412 ], [ 22.434568410035489, 44.930064179840187 ], [ 22.434533038617911, 44.930119037828334 ], [ 22.434338109902363, 44.930341957617969 ], [ 22.434255260840136, 44.930417855179186 ], [ 22.434062475188128, 44.930619735395737 ], [ 22.433977483062357, 44.930770668469087 ] ] } },
{ "type": "Feature", "properties": { "rank": 1, "lake_id": 1360316, "elevation_m": 550.0 }, "geometry": { "type": "LineString", "coordinates": [ [ 22.465823320662725, 44.955619735395743 ], [ 22.465644149729023, 44.955486678932722 ], [ 22.465555304596212, 44.955341957617968 ], [ 22.465366371951248, 44.955075587764014 ], [ 22.465326418948226, 44.955064179840193 ], [ 22.465088594173469, 44.955010677202516 ], [ 22.464810816395691, 44.955063122289054 ], [ 22.464809790609511, 44.955064179840193 ], [ 22.464555736603238, 44.955341957617968 ], [ 22.464533038617915, 44.95540399950589 ], [ 22.464483985841611, 44.955619735395743 ] ] } },
{ "type": "Feature", "properties": { "rank": 1, "lake_id": 1360316, "elevation_m": 550.0 }, "geometry": { "type": "LineString", "coordinates": [ [ 22.457001797711108, 44.94728640206241 ], [ 22.457033038617915, 44.947296539044714 ], [ 22.45731081639569, 44.947382519667677 ], [ 22.457588594173469, 44.947428795453611 ], [ 22.457825580055623, 44.94728640206241 ], [ 22.457866371951248, 44.947238486829661 ], [ 22.458073909404163, 44.947008624284635 ], [ 22.458144149729026, 44.946949317229929 ], [ 22.458356202986128, 44.94673084650686 ], [ 22.458421927506802, 44.94662898242909 ], [ 22.45861658611798, 44.946453068729078 ], [ 22.45869970528458, 44.946392720479459 ], [ 22.458977483062359, 44.946255695350068 ], [ 22.45910109468997, 44.946175290951302 ], [ 22.459255260840138, 44.94596515409026 ], [ 22.45929493158269, 44.94589751317352 ], [ 22.459255260840138, 44.945828300380057 ], [ 22.459133361973201, 44.945619735395745 ], [ 22.458977483062359, 44.945481659680503 ], [ 22.458819028748362, 44.94534195761797 ], [ 22.45869970528458, 44.945265393900556 ], [ 22.458421927506802, 44.945086220240064 ], [ 22.458373786326035, 44.945064179840188 ], [ 22.458144149729026, 44.944958324461147 ], [ 22.457866371951248, 44.944970184059017 ], [ 22.457707575063942, 44.945064179840188 ], [ 22.457588594173469, 44.945196398290335 ], [ 22.457525808825487, 44.94534195761797 ], [ 22.457473533579932, 44.945619735395745 ], [ 22.457468882927124, 44.94589751317352 ], [ 22.45731081639569, 44.946085922497105 ], [ 22.457209757874804, 44.946175290951302 ], [ 22.457033038617915, 44.94631317542018 ], [ 22.456935367307324, 44.946453068729078 ], [ 22.456837249987721, 44.94673084650686 ], [ 22.456755260840136, 44.946897123950585 ], [ 22.456651655195934, 44.947008624284635 ], [ 22.456755260840136, 44.947112389520342 ], [ 22.457001797711108, 44.94728640206241 ] ] } },
{ "type": "Feature", "properties": { "rank": 1, "lake_id": 1360316, "elevation_m": 550.0 }, "geometry": { "type": "LineString", "coordinates": [ [ 22.460300227501808, 44.920064179840189 ], [ 22.460201453321115, 44.920341957617964 ], [ 22.46008859417347, 44.920545830750022 ], [ 22.460051481413469, 44.920619735395746 ], [ 22.45985413091103, 44.920897513173522 ], [ 22.459810816395692, 44.921037168925174 ], [ 22.459776944497044, 44.921175290951304 ], [ 22.459672916121637, 44.921453068729079 ], [ 22.459544139949678, 44.921730846506854 ], [ 22.459533038617913, 44.921752923730274 ], [ 22.459367854010257, 44.922008624284636 ], [ 22.459255260840138, 44.922169174577668 ], [ 22.459172277913819, 44.922286402062412 ], [ 22.459005596972553, 44.922564179840187 ], [ 22.458977483062359, 44.922624606482096 ], [ 22.458883743520598, 44.922841957617969 ], [ 22.458875889270761, 44.923119735395744 ], [ 22.458893735324963, 44.923397513173526 ], [ 22.458964436744491, 44.923675290951302 ], [ 22.458977483062359, 44.923744703733611 ], [ 22.459012846643052, 44.923953068729077 ], [ 22.459062596826961, 44.924230846506859 ], [ 22.459102644791244, 44.924508624284634 ], [ 22.459085929722544, 44.924786402062409 ], [ 22.459217802878804, 44.925064179840192 ], [ 22.459255260840138, 44.925111482202013 ], [ 22.459480784289354, 44.925341957617967 ], [ 22.459533038617913, 44.925369140280175 ], [ 22.459810816395692, 44.925460750147153 ], [ 22.46008859417347, 44.925576448498546 ], [ 22.460197006664227, 44.925619735395742 ], [ 22.460366371951245, 44.925668697183312 ], [ 22.460644149729024, 44.92581646435444 ], [ 22.460751345083793, 44.925897513173524 ], [ 22.460921927506803, 44.926082738690376 ], [ 22.460988526060895, 44.926175290951299 ], [ 22.461120746875395, 44.926453068729082 ], [ 22.461199705284582, 44.92655307323453 ], [ 22.461335238385146, 44.926730846506857 ], [ 22.461477483062357, 44.92687521463079 ], [ 22.461618468222042, 44.927008624284632 ], [ 22.461755260840135, 44.927125183494311 ], [ 22.461963035896936, 44.927286402062414 ], [ 22.462033038617914, 44.927345089908748 ], [ 22.462300024158566, 44.927564179840189 ], [ 22.462310816395693, 44.927574542845981 ], [ 22.462567366353209, 44.927841957617964 ], [ 22.462588594173468, 44.927861512906659 ], [ 22.462866371951247, 44.928102494787531 ], [ 22.462897170602712, 44.92811973539574 ], [ 22.463144149729025, 44.928322167119624 ], [ 22.463195524775038, 44.928397513173522 ], [ 22.463392370532265, 44.928675290951304 ], [ 22.463421927506804, 44.9287028217258 ], [ 22.463699705284579, 44.928922079517115 ], [ 22.46374293656676, 44.928953068729086 ], [ 22.463977483062358, 44.929154206238586 ], [ 22.464058507766293, 44.929230846506854 ], [ 22.464177231998335, 44.929508624284637 ], [ 22.464255260840137, 44.92972011199214 ], [ 22.464271529965359, 44.929786402062412 ], [ 22.464350311704706, 44.930064179840187 ], [ 22.464393209275244, 44.930341957617969 ], [ 22.464444253195026, 44.930619735395744 ], [ 22.464533038617915, 44.930786958887438 ], [ 22.464608497628316, 44.93089751317352 ], [ 22.464810816395691, 44.931139870044873 ], [ 22.464838472609802, 44.931175290951302 ], [ 22.465088594173469, 44.931392848715809 ], [ 22.465159169405361, 44.931453068729077 ], [ 22.465366371951248, 44.931614571517933 ], [ 22.465493965276114, 44.931730846506859 ], [ 22.465569839333018, 44.932008624284634 ], [ 22.465626159050107, 44.93228640206241 ], [ 22.465644149729023, 44.932314976751528 ], [ 22.465915805297438, 44.932564179840192 ], [ 22.465921927506802, 44.932569358742903 ], [ 22.466139528200717, 44.932841957617967 ], [ 22.466199705284581, 44.932883490661681 ], [ 22.466477483062359, 44.93300125268977 ], [ 22.466747420213871, 44.933119735395742 ], [ 22.466755260840134, 44.933137478419283 ], [ 22.466848296556293, 44.933397513173524 ], [ 22.466755260840134, 44.933517980526382 ], [ 22.466632286321921, 44.9336752909513 ], [ 22.466513332158051, 44.933953068729089 ], [ 22.466626039765387, 44.934230846506857 ], [ 22.466755260840134, 44.934326141102851 ], [ 22.466889405524778, 44.934508624284632 ], [ 22.466999789247343, 44.934786402062414 ], [ 22.467013331059363, 44.93506417984019 ], [ 22.466951132356158, 44.935341957617965 ], [ 22.466831481643997, 44.935619735395747 ], [ 22.466755260840134, 44.935723535971206 ], [ 22.466664452242131, 44.935897513173522 ], [ 22.466755260840134, 44.935988122634548 ], [ 22.46687287164421, 44.936175290951297 ], [ 22.467033038617913, 44.936270821035265 ], [ 22.467310816395692, 44.93640667169133 ], [ 22.467373730628942, 44.93645306872908 ], [ 22.467588594173471, 44.936547550645351 ], [ 22.467866371951246, 44.936727009530223 ], [ 22.467871612466613, 44.936730846506855 ], [ 22.468144149729024, 44.93687629680884 ], [ 22.468348471435682, 44.937008624284637 ], [ 22.468421927506803, 44.937039664526097 ], [ 22.468699705284582, 44.93713580614989 ], [ 22.468977483062357, 44.93717548990044 ], [ 22.469255260840136, 44.937229766235021 ], [ 22.469518637790522, 44.937286402062412 ], [ 22.469533038617914, 44.937290061583866 ], [ 22.469810816395693, 44.937345818666316 ], [ 22.470088594173468, 44.937454632138994 ], [ 22.470208032398425, 44.937564179840187 ], [ 22.470327635600288, 44.93784195761797 ], [ 22.470291332321082, 44.938119735395745 ], [ 22.470184679577113, 44.93839751317352 ], [ 22.470236525652254, 44.938675290951302 ], [ 22.470247034017582, 44.938953068729077 ], [ 22.470235777779738, 44.93923084650686 ], [ 22.470366371951247, 44.93937317647962 ], [ 22.470499557064596, 44.939508624284635 ], [ 22.470644149729026, 44.939643583753451 ], [ 22.470872749462778, 44.93978640206241 ], [ 22.470921927506801, 44.939820699819585 ], [ 22.471115942963348, 44.940064179840192 ], [ 22.47119970528458, 44.940311375371323 ], [ 22.471210891136867, 44.940341957617967 ], [ 22.471341975531335, 44.940619735395742 ], [ 22.471477483062358, 44.940782207907311 ], [ 22.471561843495486, 44.940897513173532 ], [ 22.471755260840137, 44.941136104587557 ], [ 22.471783683969846, 44.9411752909513 ], [ 22.471996096519895, 44.941453068729082 ], [ 22.472033038617912, 44.941502705189272 ], [ 22.472179019134117, 44.941730846506857 ], [ 22.472310816395694, 44.941973629646903 ], [ 22.472330777283219, 44.942008624284632 ], [ 22.472514753482834, 44.942286402062415 ], [ 22.47258859417347, 44.942397452157685 ], [ 22.472684225683569, 44.94256417984019 ], [ 22.472784085004076, 44.942841957617965 ], [ 22.472840366596596, 44.943119735395747 ], [ 22.472836827929971, 44.943397513173522 ], [ 22.472866371951248, 44.94347966850237 ], [ 22.473000953710933, 44.94367529095129 ], [ 22.473144149729023, 44.943746354048756 ], [ 22.473421927506802, 44.943910066961188 ], [ 22.473461439436353, 44.943953068729073 ], [ 22.473669733563476, 44.944230846506855 ], [ 22.473699705284581, 44.944281647020844 ], [ 22.473881098627935, 44.944508624284637 ], [ 22.47397748306236, 44.944643838275979 ], [ 22.474106975201568, 44.944786402062412 ], [ 22.474133763935221, 44.945064179840188 ], [ 22.474255260840135, 44.945274331818148 ], [ 22.474290650582031, 44.94534195761797 ], [ 22.474533038617913, 44.945579669420134 ], [ 22.474574171245472, 44.945619735395752 ], [ 22.474810816395692, 44.945854503363108 ], [ 22.474845141599051, 44.94589751317352 ], [ 22.475018216834385, 44.946175290951302 ], [ 22.475088594173471, 44.946276424358459 ], [ 22.475167449318981, 44.946453068729078 ], [ 22.475289517058016, 44.94673084650686 ], [ 22.475306101382422, 44.947008624284635 ], [ 22.475366371951246, 44.947062434233615 ], [ 22.475644149729025, 44.947277456972117 ], [ 22.47565801948398, 44.94728640206241 ], [ 22.475921927506803, 44.947479686903556 ], [ 22.476199705284582, 44.947543083312723 ], [ 22.476247353900547, 44.947564179840192 ], [ 22.476477483062357, 44.947732483051801 ], [ 22.476644738647856, 44.947841957617968 ], [ 22.476755260840136, 44.947926760116196 ], [ 22.477020119863994, 44.948119735395743 ], [ 22.477033038617915, 44.948133613383284 ], [ 22.477228017274847, 44.948397513173525 ], [ 22.47731081639569, 44.948528995965425 ], [ 22.477387846493166, 44.9486752909513 ], [ 22.477474806031882, 44.948953068729075 ], [ 22.47751077173983, 44.949230846506858 ], [ 22.477546985323055, 44.949508624284633 ], [ 22.477588594173469, 44.949582082233533 ], [ 22.477843234557533, 44.949786402062415 ], [ 22.477866371951247, 44.949795833351899 ], [ 22.478144149729026, 44.949968599203622 ], [ 22.478237979062083, 44.950064179840197 ], [ 22.478421927506801, 44.950217143440511 ], [ 22.478549919536682, 44.950341957617965 ], [ 22.47869970528458, 44.950521173450987 ], [ 22.478789629871983, 44.950619735395748 ], [ 22.478977483062359, 44.950756814551049 ], [ 22.479255260840137, 44.950884083807608 ], [ 22.479318936862953, 44.950897513173523 ], [ 22.479533038617912, 44.950934621142586 ], [ 22.479810816395691, 44.950933300514777 ], [ 22.48008859417347, 44.950946579871193 ], [ 22.480366371951249, 44.950967817525573 ], [ 22.480644149729024, 44.951106807694302 ], [ 22.48069903469775, 44.951175290951298 ], [ 22.480779192859821, 44.95145306872908 ], [ 22.480761662373329, 44.951730846506855 ], [ 22.480651756413558, 44.952008624284638 ], [ 22.480644149729024, 44.952021461105431 ], [ 22.48051638986237, 44.952286402062413 ], [ 22.48052251840927, 44.952564179840188 ], [ 22.480644149729024, 44.952743948811616 ], [ 22.48081489808019, 44.95284195761797 ], [ 22.480921927506802, 44.952885123924844 ], [ 22.481199705284581, 44.952954953707767 ], [ 22.481476471152007, 44.953119735395745 ], [ 22.48147748306236, 44.953141062130754 ], [ 22.481488266195782, 44.95339751317352 ], [ 22.481581723290244, 44.953675290951296 ], [ 22.481599067273361, 44.953953068729078 ], [ 22.481658013256084, 44.954230846506853 ], [ 22.481755260840135, 44.954394029314969 ], [ 22.481823325211284, 44.954508624284635 ], [ 22.482033038617914, 44.954673071208617 ], [ 22.482310816395692, 44.954765646452593 ], [ 22.482499768939302, 44.95478640206241 ], [ 22.482588594173468, 44.95479690446858 ], [ 22.482866371951246, 44.954898365401689 ], [ 22.483144149729021, 44.954987278306831 ], [ 22.483280591791182, 44.955064179840193 ], [ 22.483421927506804, 44.955251424507324 ], [ 22.483466283453378, 44.955341957617968 ], [ 22.483517976185272, 44.955619735395743 ] ] } },
{ "type": "Feature", "properties": { "rank": 1, "lake_id": 1360316, "elevation_m": 600.0 }, "geometry": { "type": "LineString", "coordinates": [ [ 22.454223094897312, 44.955619735395743 ], [ 22.454245509777152, 44.955341957617968 ], [ 22.454255260840135, 44.955150997881908 ], [ 22.454258141397567, 44.955064179840193 ], [ 22.454255260840135, 44.955054364986658 ], [ 22.453977483062356, 44.9548715970176 ], [ 22.453699705284585, 44.954860847131968 ], [ 22.453421927506803, 44.954862026461285 ], [ 22.453144149729024, 44.954889913067078 ], [ 22.452866371951249, 44.954939329845537 ], [ 22.45258859417347, 44.954997058752184 ], [ 22.452312082881157, 44.955064179840186 ], [ 22.452310816395691, 44.955064496359512 ], [ 22.452033038617913, 44.955128079858234 ], [ 22.451755260840137, 44.955161493012561 ], [ 22.451477483062359, 44.955155932253497 ], [ 22.45119970528458, 44.955114082025766 ], [ 22.450921927506801, 44.955111199131849 ], [ 22.450644149729026, 44.955140136521585 ], [ 22.450366371951247, 44.955218844763955 ], [ 22.450088594173469, 44.955294215435629 ], [ 22.44981081639569, 44.955327332461849 ], [ 22.449533038617915, 44.955255116167073 ], [ 22.449380467013334, 44.955064179840193 ], [ 22.449255260840136, 44.954819998603568 ], [ 22.449241625809734, 44.95478640206241 ], [ 22.449255260840136, 44.954666941527002 ], [ 22.449277380379069, 44.954508624284635 ], [ 22.449356491951129, 44.954230846506853 ], [ 22.449396909251433, 44.953953068729071 ], [ 22.449339917489478, 44.953675290951303 ], [ 22.449276912838286, 44.95339751317352 ], [ 22.449290443301681, 44.953119735395745 ], [ 22.449412168499826, 44.95284195761797 ], [ 22.449376683499153, 44.952564179840188 ], [ 22.449257139039364, 44.952286402062413 ], [ 22.449259187393288, 44.952008624284638 ], [ 22.44943393323323, 44.951730846506855 ], [ 22.449533038617911, 44.951684561321429 ], [ 22.44981081639569, 44.951600282573622 ], [ 22.450088594173469, 44.951510836428035 ], [ 22.450324691226282, 44.95145306872908 ], [ 22.450366371951247, 44.951441122033025 ], [ 22.450644149729026, 44.951348201834961 ], [ 22.450759942874104, 44.951175290951298 ], [ 22.450921927506801, 44.950996626740547 ], [ 22.451045596835169, 44.950897513173523 ], [ 22.45119970528458, 44.950805601655539 ], [ 22.451477483062359, 44.950674746705623 ], [ 22.451609067329311, 44.950619735395748 ], [ 22.451755260840137, 44.950562467516463 ], [ 22.452033038617913, 44.950355861263368 ], [ 22.452047376092604, 44.950341957617965 ], [ 22.452310816395691, 44.950124031253715 ], [ 22.452413233280847, 44.95006417984019 ], [ 22.45258859417347, 44.949957059777851 ], [ 22.452763980734233, 44.949786402062415 ], [ 22.45265468324412, 44.949508624284633 ], [ 22.45258859417347, 44.949472857101391 ], [ 22.452310816395691, 44.949400990411064 ], [ 22.452033038617913, 44.949293290565784 ], [ 22.451892444432914, 44.949230846506858 ], [ 22.451755260840137, 44.949175524526026 ], [ 22.451477483062359, 44.949072043490467 ], [ 22.451218605807032, 44.948953068729075 ], [ 22.45119970528458, 44.948937486205651 ], [ 22.450921927506801, 44.948734204598196 ], [ 22.4508513897295, 44.948675290951307 ], [ 22.450778080053105, 44.948397513173525 ], [ 22.450849959622065, 44.948119735395743 ], [ 22.450644149729026, 44.947917845396141 ], [ 22.450366371951251, 44.947906861330665 ], [ 22.450088594173469, 44.947902527264027 ], [ 22.44981081639569, 44.947885380598997 ], [ 22.449533038617915, 44.947855451057002 ], [ 22.449453541046278, 44.94784195761796 ], [ 22.449255260840136, 44.947789148624118 ], [ 22.448977483062357, 44.9476594066887 ], [ 22.448791820257977, 44.947564179840192 ], [ 22.448699705284579, 44.947521687880787 ], [ 22.448421927506804, 44.94740341497878 ], [ 22.448144149729025, 44.947340383816538 ], [ 22.447866371951246, 44.947314572126622 ], [ 22.447588594173471, 44.947302147217528 ], [ 22.447310816395692, 44.947291183596874 ], [ 22.447262208279962, 44.94728640206241 ], [ 22.447033038617914, 44.947248791143096 ], [ 22.446755260840135, 44.947132140933824 ], [ 22.446606056298009, 44.947008624284635 ], [ 22.446683974704893, 44.946730846506867 ], [ 22.446755260840135, 44.946583605633577 ], [ 22.446791628425807, 44.946453068729078 ], [ 22.446930944909909, 44.946175290951295 ], [ 22.447033038617914, 44.946028394503699 ], [ 22.44715144872081, 44.94589751317352 ], [ 22.447310816395692, 44.945638030022977 ], [ 22.44731954663358, 44.945619735395745 ], [ 22.447312641085027, 44.94534195761797 ], [ 22.4473398296787, 44.945064179840188 ], [ 22.447443127574346, 44.944786402062412 ], [ 22.447588594173471, 44.944529317097093 ], [ 22.447604334234946, 44.944508624284637 ], [ 22.447866371951246, 44.944240142987276 ], [ 22.44787796387595, 44.944230846506855 ], [ 22.448010736451764, 44.94395306872908 ], [ 22.447866371951246, 44.94373857757757 ], [ 22.447818336380699, 44.943675290951298 ], [ 22.447588594173467, 44.94344975139937 ], [ 22.447529156581826, 44.943397513173522 ], [ 22.447310816395692, 44.943180074963649 ], [ 22.447039630539813, 44.943119735395747 ], [ 22.447033038617914, 44.943118672621821 ], [ 22.447027369683674, 44.943119735395747 ], [ 22.446755260840135, 44.943170332049469 ], [ 22.44647748306236, 44.943255197992343 ], [ 22.446199705284581, 44.943362570471898 ], [ 22.446150144945626, 44.943397513173522 ], [ 22.445921927506802, 44.943633116543225 ], [ 22.445799192703529, 44.943675290951298 ], [ 22.445644149729024, 44.943706385470684 ], [ 22.445366371951252, 44.943787938544766 ], [ 22.44508859417347, 44.943871920321349 ], [ 22.444810816395691, 44.943936159403208 ], [ 22.444533038617912, 44.943936196460129 ], [ 22.444255260840137, 44.943792168474467 ], [ 22.444123326532171, 44.943675290951298 ], [ 22.443977483062358, 44.943566686008417 ], [ 22.44369970528458, 44.943425193338626 ], [ 22.443630304543372, 44.943397513173522 ], [ 22.443421927506801, 44.943335838838415 ], [ 22.443144149729026, 44.943316065541566 ], [ 22.442866371951247, 44.943296455569325 ], [ 22.442588594173468, 44.943323278588764 ], [ 22.442310816395693, 44.943320032982115 ], [ 22.442033038617915, 44.943307804110887 ], [ 22.441755260840136, 44.943143976884826 ], [ 22.441720524610499, 44.943119735395747 ], [ 22.441477483062357, 44.94297929492614 ], [ 22.441199705284582, 44.942874439481727 ], [ 22.440921927506803, 44.942853846126731 ], [ 22.440644149729025, 44.942844347756122 ], [ 22.440366371951242, 44.942872780177758 ], [ 22.440088594173471, 44.9429398332788 ], [ 22.439810816395692, 44.943062168320118 ], [ 22.439700895564105, 44.943119735395747 ], [ 22.439533038617913, 44.943205564938737 ], [ 22.439255260840135, 44.943304375368186 ], [ 22.43901103162327, 44.943397513173515 ], [ 22.438977483062363, 44.94340767739407 ], [ 22.438699705284581, 44.943469021538107 ], [ 22.438421927506802, 44.943568275808857 ], [ 22.438262260776003, 44.943675290951298 ], [ 22.438144149729023, 44.943752680509071 ], [ 22.437866371951248, 44.943865704350372 ], [ 22.437588594173469, 44.943911689343409 ], [ 22.437310816395691, 44.943913576861974 ], [ 22.437033038617912, 44.94392933291779 ], [ 22.436936999631879, 44.94395306872908 ], [ 22.436755260840137, 44.944101650018624 ], [ 22.436681211436024, 44.944230846506855 ], [ 22.436477483062358, 44.944452023417966 ], [ 22.43640595421866, 44.944508624284637 ], [ 22.436199705284579, 44.94457316992149 ], [ 22.435921927506804, 44.944662157670138 ], [ 22.435644149729026, 44.944714182821301 ], [ 22.435366371951247, 44.944629077404812 ], [ 22.435280285555194, 44.944508624284637 ], [ 22.435088594173468, 44.944235453745854 ], [ 22.435086176865301, 44.944230846506855 ], [ 22.435044868151902, 44.94395306872908 ], [ 22.434972876878298, 44.943675290951298 ], [ 22.43490257468892, 44.943397513173522 ], [ 22.434810816395693, 44.943236231647859 ], [ 22.434633756523318, 44.943119735395747 ], [ 22.434533038617914, 44.943082477920818 ], [ 22.434255260840136, 44.943034781018497 ], [ 22.433977483062357, 44.942988694039485 ] ] } },
{ "type": "Feature", "properties": { "rank": 1, "lake_id": 1360316, "elevation_m": 600.0 }, "geometry": { "type": "LineString", "coordinates": [ [ 22.433977483062357, 44.942302076593457 ], [ 22.433997681139122, 44.942286402062415 ], [ 22.434255260840136, 44.942152844331545 ], [ 22.434533038617914, 44.94204614443457 ], [ 22.434668642282517, 44.942008624284632 ], [ 22.434810816395693, 44.941964375864991 ], [ 22.435088594173468, 44.941885780085613 ], [ 22.435366371951247, 44.941792164747312 ], [ 22.435509706139445, 44.941730846506857 ], [ 22.435644149729026, 44.941541379496243 ], [ 22.435686010468054, 44.941453068729082 ], [ 22.435644149729026, 44.941397030601081 ], [ 22.435476913705301, 44.9411752909513 ], [ 22.435366371951243, 44.940931844545062 ], [ 22.435355067201211, 44.940897513173525 ], [ 22.435327887795111, 44.940619735395742 ], [ 22.435108268014869, 44.940341957617967 ], [ 22.435088594173468, 44.940301733504526 ], [ 22.434979686723977, 44.940064179840192 ], [ 22.435088594173468, 44.939902929769787 ], [ 22.43516652040071, 44.93978640206241 ], [ 22.435366371951247, 44.939537408739611 ], [ 22.435387379511074, 44.939508624284635 ], [ 22.435644149729026, 44.939245306561865 ], [ 22.435660737209229, 44.93923084650686 ], [ 22.435921927506804, 44.939045775344383 ], [ 22.436199705284579, 44.93896902161719 ], [ 22.436477483062358, 44.938984081378955 ], [ 22.436755260840137, 44.939024607929142 ], [ 22.437033038617912, 44.939047001555323 ], [ 22.437310816395691, 44.939042551836984 ], [ 22.437588594173469, 44.939022124666153 ], [ 22.437866371951248, 44.939017993369887 ], [ 22.438096692517057, 44.938953068729077 ], [ 22.438144149729023, 44.938927441947605 ], [ 22.438399252068535, 44.938675290951309 ], [ 22.438421927506802, 44.938652323346105 ], [ 22.438610043718025, 44.93839751317352 ], [ 22.438699705284584, 44.938303422600335 ], [ 22.438903937286153, 44.938119735395745 ], [ 22.438977483062359, 44.938070160415492 ], [ 22.439255260840135, 44.93795664242429 ], [ 22.439533038617913, 44.937864944633631 ], [ 22.439589437506243, 44.93784195761797 ], [ 22.439810816395692, 44.937739556266507 ], [ 22.440088594173471, 44.937617553669448 ], [ 22.44031748677541, 44.937564179840187 ], [ 22.440366371951246, 44.937545632227376 ], [ 22.440644149729025, 44.93745376810223 ], [ 22.440819384683444, 44.937286402062412 ], [ 22.440684478432658, 44.937008624284637 ], [ 22.440644149729025, 44.936966040787091 ], [ 22.440465383549078, 44.936730846506855 ], [ 22.440366371951246, 44.936641199564868 ], [ 22.440142233041446, 44.93645306872908 ], [ 22.440088594173471, 44.936402024747807 ], [ 22.439872333485017, 44.936175290951297 ], [ 22.439810816395692, 44.936125658130784 ], [ 22.439533038617913, 44.935999145627093 ], [ 22.439255260840135, 44.935941372768006 ], [ 22.438977483062359, 44.935941955990792 ], [ 22.438699705284581, 44.935963462311726 ], [ 22.438421927506802, 44.936006218778715 ], [ 22.438144149729023, 44.936070247258421 ], [ 22.437866371951248, 44.936105688353152 ], [ 22.437588594173469, 44.936152951104205 ], [ 22.437407295442682, 44.936175290951297 ], [ 22.437310816395691, 44.936189143005862 ], [ 22.437033038617912, 44.936183757387028 ], [ 22.437003356303865, 44.936175290951304 ], [ 22.436755260840137, 44.936092346691851 ], [ 22.436477483062358, 44.935968163570486 ], [ 22.436354900113493, 44.935897513173522 ], [ 22.436199705284579, 44.935777365328555 ], [ 22.435982984107344, 44.935619735395747 ], [ 22.436167916082546, 44.935341957617965 ], [ 22.436199705284579, 44.935310289577096 ], [ 22.4364155024005, 44.93506417984019 ], [ 22.436477483062358, 44.934952797007121 ], [ 22.43656322600286, 44.934786402062414 ], [ 22.436755260840137, 44.934526003425425 ], [ 22.436770168304776, 44.934508624284632 ], [ 22.436977908379045, 44.934230846506857 ], [ 22.437033038617912, 44.934142920074663 ], [ 22.437143050553971, 44.933953068729082 ], [ 22.437310816395691, 44.933739687545319 ], [ 22.437358221006249, 44.9336752909513 ], [ 22.437588594173469, 44.933421402876029 ], [ 22.437614921110701, 44.933397513173524 ], [ 22.437825776254776, 44.933119735395742 ], [ 22.437866371951248, 44.933052085898076 ], [ 22.437995998320272, 44.932841957617967 ], [ 22.438015062765086, 44.932564179840192 ], [ 22.437866371951248, 44.932389381395012 ], [ 22.437659277758005, 44.93228640206241 ], [ 22.437588594173469, 44.932271679243975 ], [ 22.437310816395691, 44.932217078959972 ], [ 22.437033038617912, 44.932146289901553 ], [ 22.436833252361577, 44.932008624284634 ], [ 22.436755260840137, 44.931861262819041 ], [ 22.436694059333846, 44.931730846506859 ], [ 22.436585101195618, 44.931453068729077 ], [ 22.436533808636231, 44.931175290951302 ], [ 22.436477483062358, 44.931081019162285 ], [ 22.436381661026836, 44.93089751317352 ], [ 22.436275598215808, 44.930619735395744 ], [ 22.436199705284579, 44.930452520283012 ], [ 22.436120089453272, 44.930341957617962 ], [ 22.435921927506801, 44.930199597513891 ], [ 22.435644149729026, 44.930212685721884 ], [ 22.435366371951247, 44.93032028424939 ], [ 22.435355294807458, 44.930341957617969 ], [ 22.43523818977307, 44.930619735395744 ], [ 22.435088594173468, 44.930763861954304 ], [ 22.434987550622282, 44.93089751317352 ], [ 22.434872610808668, 44.931175290951295 ], [ 22.434810816395689, 44.931216853007115 ], [ 22.434533038617914, 44.931397390793265 ], [ 22.43443479081758, 44.931453068729077 ], [ 22.434255260840139, 44.93151635970024 ], [ 22.433977483062357, 44.931619360237839 ] ] } },
{ "type": "Feature", "properties": { "rank": 1, "lake_id": 1360316, "elevation_m": 600.0 }, "geometry": { "type": "LineString", "coordinates": [ [ 22.461416669716833, 44.920064179840189 ], [ 22.461284243019723, 44.920341957617964 ], [ 22.461199705284582, 44.920475576003852 ], [ 22.461118192366012, 44.920619735395746 ], [ 22.460946062624302, 44.920897513173529 ], [ 22.460921927506803, 44.920933139950279 ], [ 22.460728682971197, 44.921175290951304 ], [ 22.460644149729024, 44.921322695033069 ], [ 22.460549542801949, 44.921453068729079 ], [ 22.460366371951245, 44.921707567475629 ], [ 22.460350365437524, 44.921730846506854 ], [ 22.460157379527576, 44.922008624284636 ], [ 22.46008859417347, 44.922111079709531 ], [ 22.459971033331627, 44.922286402062412 ], [ 22.459810816395692, 44.922452007712565 ], [ 22.459696831063852, 44.922564179840187 ], [ 22.459555539945203, 44.922841957617969 ], [ 22.459535622003305, 44.923119735395744 ], [ 22.459544297479027, 44.923397513173526 ], [ 22.459610657054412, 44.923675290951302 ], [ 22.45969918025105, 44.923953068729077 ], [ 22.459810816395692, 44.924170237364471 ], [ 22.459855976061689, 44.924230846506852 ], [ 22.46008859417347, 44.924462786550727 ], [ 22.460150545626867, 44.924508624284634 ], [ 22.460366371951245, 44.924654941498098 ], [ 22.460510145465289, 44.924786402062409 ], [ 22.460644149729024, 44.924935722453704 ], [ 22.460718283659595, 44.925064179840192 ], [ 22.460921927506806, 44.925324032232993 ], [ 22.460934456529777, 44.925341957617967 ], [ 22.461196747247509, 44.925619735395742 ], [ 22.461199705284582, 44.925622375461387 ], [ 22.461477483062357, 44.925883122343961 ], [ 22.461490938391961, 44.925897513173531 ], [ 22.461674119868896, 44.926175290951299 ], [ 22.461755260840135, 44.926309874645426 ], [ 22.46185625445559, 44.926453068729082 ], [ 22.462033038617914, 44.9266590734602 ], [ 22.462109376393304, 44.926730846506857 ], [ 22.462310816395693, 44.926912730491637 ], [ 22.462418774056577, 44.927008624284632 ], [ 22.462588594173468, 44.927145306153427 ], [ 22.462760855315761, 44.927286402062414 ], [ 22.462866371951247, 44.927372069858301 ], [ 22.463129394207694, 44.927564179840189 ], [ 22.463144149729025, 44.927579888973305 ], [ 22.463371154823687, 44.927841957617964 ], [ 22.463421927506804, 44.92790033498185 ], [ 22.463530476510797, 44.928119735395747 ], [ 22.463699705284579, 44.928378417933949 ], [ 22.463728456237764, 44.928397513173522 ], [ 22.463977483062358, 44.928496372505045 ], [ 22.464255260840137, 44.928629516616667 ], [ 22.464353254293592, 44.928675290951304 ], [ 22.464533038617915, 44.928788434643792 ], [ 22.464808293023104, 44.928953068729079 ], [ 22.464810816395691, 44.928957282715736 ], [ 22.464936050052511, 44.929230846506847 ], [ 22.465003545817005, 44.929508624284637 ], [ 22.464983447840943, 44.929786402062412 ], [ 22.465088594173469, 44.929940130901912 ], [ 22.465155849054621, 44.93006417984018 ], [ 22.465223659191977, 44.930341957617969 ], [ 22.465340629942272, 44.930619735395744 ], [ 22.465366371951248, 44.930665045231649 ], [ 22.465489052175137, 44.93089751317352 ], [ 22.465619031315125, 44.931175290951302 ], [ 22.465644149729023, 44.931204801697746 ], [ 22.465818696153583, 44.931453068729077 ], [ 22.465921927506802, 44.931570229318346 ], [ 22.466054767484621, 44.931730846506859 ], [ 22.466199705284581, 44.931991581017378 ], [ 22.466215040182281, 44.932008624284634 ], [ 22.466400302771387, 44.93228640206241 ], [ 22.466477483062359, 44.932379288087908 ], [ 22.466658170758993, 44.932564179840192 ], [ 22.466755260840134, 44.932625870340502 ], [ 22.467033038617913, 44.932789215565009 ], [ 22.467107677528475, 44.932841957617974 ], [ 22.467310816395692, 44.93297269641932 ], [ 22.467518844808119, 44.933119735395742 ], [ 22.467588594173471, 44.933192343508743 ], [ 22.467866371951246, 44.933392822806745 ], [ 22.467871857191785, 44.933397513173517 ], [ 22.467866371951246, 44.933404446576532 ], [ 22.467654921278925, 44.9336752909513 ], [ 22.467627672121225, 44.933953068729082 ], [ 22.467731948213338, 44.934230846506857 ], [ 22.467791344049129, 44.934508624284632 ], [ 22.467866371951246, 44.934703914169674 ], [ 22.467901558443081, 44.934786402062414 ], [ 22.467988336751436, 44.93506417984019 ], [ 22.46805748012784, 44.935341957617965 ], [ 22.468031295619337, 44.935619735395747 ], [ 22.468072859743341, 44.935897513173522 ], [ 22.468144149729021, 44.936169091027601 ], [ 22.468146154058378, 44.936175290951297 ], [ 22.468287071299287, 44.93645306872908 ], [ 22.468421927506803, 44.936550414263287 ], [ 22.468669124821439, 44.936730846506855 ], [ 22.468699705284582, 44.936752873758472 ], [ 22.468977483062357, 44.936892403224164 ], [ 22.469255260840136, 44.936964544473298 ], [ 22.46945037283372, 44.937008624284637 ], [ 22.469533038617914, 44.937017785239739 ], [ 22.469810816395693, 44.937015680228555 ], [ 22.469856292337649, 44.937008624284637 ], [ 22.470088594173468, 44.936956551918705 ], [ 22.470366371951247, 44.936883474916762 ], [ 22.470644149729026, 44.93679172192666 ], [ 22.470921927506801, 44.936786873335009 ], [ 22.471140594111922, 44.937008624284637 ], [ 22.471066572648695, 44.937286402062412 ], [ 22.470941478410026, 44.937564179840187 ], [ 22.470921927506804, 44.937591445932441 ], [ 22.470812931513017, 44.93784195761797 ], [ 22.470705798381307, 44.938119735395745 ], [ 22.470644149729026, 44.938255927563475 ], [ 22.470587689876428, 44.93839751317352 ], [ 22.47058771200366, 44.938675290951302 ], [ 22.470599806815642, 44.938953068729077 ], [ 22.470644149729026, 44.939094017349348 ], [ 22.470758601489283, 44.93923084650686 ], [ 22.470921927506801, 44.939351002110236 ], [ 22.471078259079679, 44.939508624284635 ], [ 22.47119970528458, 44.939600304668801 ], [ 22.471332671479654, 44.93978640206241 ], [ 22.471455277704109, 44.940064179840192 ], [ 22.471477483062358, 44.940124981575451 ], [ 22.471559518335177, 44.940341957617967 ], [ 22.471718804705155, 44.940619735395742 ], [ 22.471755260840137, 44.940669771617884 ], [ 22.471916968462722, 44.940897513173525 ], [ 22.472033038617912, 44.941063933176011 ], [ 22.472105570388063, 44.9411752909513 ], [ 22.472266372304286, 44.941453068729082 ], [ 22.472310816395691, 44.941526007035399 ], [ 22.472425195145863, 44.941730846506857 ], [ 22.47258859417347, 44.942006129724923 ], [ 22.47259047247789, 44.942008624284639 ], [ 22.472817749689384, 44.942286402062415 ], [ 22.472866371951248, 44.942369961559592 ], [ 22.472972454659136, 44.94256417984019 ], [ 22.473080649237016, 44.942841957617965 ], [ 22.473144149729023, 44.943003855960818 ], [ 22.47320387724702, 44.943119735395747 ], [ 22.473421927506799, 44.943378913780265 ], [ 22.473448355112073, 44.943397513173522 ], [ 22.473699705284581, 44.94360167391266 ], [ 22.473760685468466, 44.943675290951298 ], [ 22.473937903094502, 44.94395306872908 ], [ 22.47397748306236, 44.944005491417506 ], [ 22.474190286240585, 44.944230846506855 ], [ 22.474255260840135, 44.94428655311706 ], [ 22.474533038617913, 44.944487602064896 ], [ 22.474576861073807, 44.944508624284637 ], [ 22.474810816395692, 44.94471780599703 ], [ 22.474876364451127, 44.944786402062412 ], [ 22.474866159248027, 44.945064179840188 ], [ 22.474979604495836, 44.94534195761797 ], [ 22.475088594173471, 44.945467819375374 ], [ 22.475199047369166, 44.945619735395745 ], [ 22.475327499727847, 44.94589751317352 ], [ 22.475366371951246, 44.9460352603326 ], [ 22.475403267418034, 44.946175290951302 ], [ 22.475488995065625, 44.946453068729078 ], [ 22.475523474054697, 44.94673084650686 ], [ 22.475644149729025, 44.946956738375938 ], [ 22.475699664947658, 44.947008624284635 ], [ 22.475921927506803, 44.947159032347201 ], [ 22.476199705284582, 44.947221366740457 ], [ 22.476352152679048, 44.94728640206241 ], [ 22.476477483062357, 44.947344146215414 ], [ 22.476755260840136, 44.947527283037779 ], [ 22.476808708240334, 44.947564179840192 ], [ 22.477033038617911, 44.947706920428814 ], [ 22.477291747881853, 44.947841957617968 ], [ 22.47731081639569, 44.947857412970251 ], [ 22.477588594173469, 44.948109688702523 ], [ 22.477600807102881, 44.948119735395743 ], [ 22.477763874087074, 44.948397513173525 ], [ 22.477866371951247, 44.948567907178017 ], [ 22.477960014917933, 44.9486752909513 ], [ 22.478144149729026, 44.948844736449068 ], [ 22.478277920128658, 44.948953068729075 ], [ 22.478421927506801, 44.949117735967647 ], [ 22.478528686986259, 44.949230846506858 ], [ 22.47866816122653, 44.949508624284633 ], [ 22.47869970528458, 44.949564834830966 ], [ 22.47884022638673, 44.949786402062415 ], [ 22.478977483062359, 44.94992851081539 ], [ 22.479090579099303, 44.95006417984019 ], [ 22.479255260840137, 44.950246960007469 ], [ 22.479365003068889, 44.950341957617965 ], [ 22.479533038617912, 44.950442801172187 ], [ 22.479810816395691, 44.950473941347276 ], [ 22.48008859417347, 44.950463248845928 ], [ 22.480366371951249, 44.950429185047568 ], [ 22.480644149729024, 44.950431348770479 ], [ 22.480921927506802, 44.950524488306186 ], [ 22.481041475196228, 44.950619735395748 ], [ 22.481199705284581, 44.950793508100176 ], [ 22.481275893764607, 44.95089751317353 ], [ 22.48147748306236, 44.9511638333001 ], [ 22.481486591200305, 44.951175290951298 ], [ 22.481636329224919, 44.95145306872908 ], [ 22.481588712287682, 44.951730846506855 ], [ 22.48147748306236, 44.951792732222955 ], [ 22.481199705284581, 44.951931696533848 ], [ 22.48114074765228, 44.952008624284638 ], [ 22.481020495257336, 44.952286402062413 ], [ 22.481114959214729, 44.952564179840188 ], [ 22.481199705284581, 44.952592598681626 ], [ 22.48147748306236, 44.952676706543905 ], [ 22.481755260840135, 44.952794405994247 ], [ 22.481816231568402, 44.952841957617977 ], [ 22.482033038617917, 44.953054925429441 ], [ 22.482092399566845, 44.953119735395745 ], [ 22.48220163481724, 44.95339751317352 ], [ 22.48230943653358, 44.953675290951303 ], [ 22.482310816395692, 44.953683324098606 ], [ 22.482368607507091, 44.953953068729078 ], [ 22.482412113699464, 44.954230846506853 ], [ 22.482588594173468, 44.954267080571448 ], [ 22.482866371951246, 44.954342453210586 ], [ 22.483144149729025, 44.954449755920557 ], [ 22.483401903001823, 44.954508624284635 ], [ 22.483421927506804, 44.954512727935239 ], [ 22.483699705284579, 44.954525217351083 ], [ 22.483977483062358, 44.954706424671954 ], [ 22.484039196480538, 44.954786402062403 ], [ 22.484255260840136, 44.95500290767211 ], [ 22.484337945679968, 44.955064179840193 ], [ 22.48428588057843, 44.955341957617968 ], [ 22.484255260840136, 44.955442339743826 ], [ 22.484210544830301, 44.955619735395743 ] ] } },
{ "type": "Feature", "properties": { "rank": 1, "lake_id": 1360316, "elevation_m": 650.0 }, "geometry": { "type": "LineString", "coordinates": [ [ 22.448956510173911, 44.955619735395743 ], [ 22.448862692522265, 44.955341957617968 ], [ 22.448750246574374, 44.955064179840193 ], [ 22.448706663682273, 44.95478640206241 ], [ 22.448699705284579, 44.954759746047557 ], [ 22.448588687417491, 44.954508624284635 ], [ 22.448421927506804, 44.954362006582251 ], [ 22.448144149729025, 44.954287241689158 ], [ 22.447866371951246, 44.954251020008286 ], [ 22.447817075855902, 44.954230846506853 ], [ 22.447799768370725, 44.953953068729078 ], [ 22.447866371951246, 44.953783776370862 ], [ 22.44789987409283, 44.953675290951303 ], [ 22.448022263552748, 44.95339751317352 ], [ 22.448144149729025, 44.953198406153611 ], [ 22.448219002353689, 44.953119735395745 ], [ 22.448421927506804, 44.952932030655901 ], [ 22.448502586382244, 44.95284195761797 ], [ 22.44852251100237, 44.952564179840188 ], [ 22.448506868370206, 44.952286402062413 ], [ 22.448478124972706, 44.952008624284638 ], [ 22.448425219512707, 44.951730846506855 ], [ 22.448421927506804, 44.951673808391597 ], [ 22.448402338097381, 44.95145306872908 ], [ 22.448421927506804, 44.951438445885586 ], [ 22.448699705284579, 44.951316720869208 ], [ 22.448977483062357, 44.951207840889552 ], [ 22.449082162235392, 44.951175290951298 ], [ 22.449255260840136, 44.951122875635548 ], [ 22.449533038617915, 44.951021135568098 ], [ 22.44981081639569, 44.950917123034039 ], [ 22.449867183254455, 44.950897513173523 ], [ 22.450088594173469, 44.9508022432248 ], [ 22.450332067508512, 44.950619735395748 ], [ 22.450366371951247, 44.950587380099108 ], [ 22.450644149729026, 44.950370232696116 ], [ 22.450721745578786, 44.950341957617965 ], [ 22.450921927506801, 44.950274317423329 ], [ 22.45119970528458, 44.950199894087575 ], [ 22.451477483062359, 44.95010793264364 ], [ 22.451550238931681, 44.95006417984019 ], [ 22.451519299613651, 44.949786402062415 ], [ 22.451477483062359, 44.949762104923039 ], [ 22.45119970528458, 44.949620738283365 ], [ 22.450921927506801, 44.949512118311844 ], [ 22.450912075223229, 44.949508624284633 ], [ 22.450644149729026, 44.94938990073269 ], [ 22.450379591184472, 44.949230846506858 ], [ 22.450366371951247, 44.949222764973996 ], [ 22.450101301287678, 44.948953068729075 ], [ 22.450088594173469, 44.948936573692166 ], [ 22.449851808766887, 44.9486752909513 ], [ 22.44981081639569, 44.948623540007517 ], [ 22.449533038617918, 44.948482757587506 ], [ 22.449255260840136, 44.948414290082354 ], [ 22.449146518763804, 44.948397513173525 ], [ 22.448977483062357, 44.948378980843138 ], [ 22.448699705284579, 44.948331881854379 ], [ 22.448421927506804, 44.948168479969581 ], [ 22.448287262847693, 44.948119735395743 ], [ 22.448144149729025, 44.948084128673941 ], [ 22.447866371951246, 44.94807626912251 ], [ 22.447588594173471, 44.94808856080067 ], [ 22.447310816395692, 44.947989990993023 ], [ 22.447033038617914, 44.947910083144642 ], [ 22.446755260840135, 44.947870071861885 ], [ 22.44647748306236, 44.947857213012547 ], [ 22.446199705284577, 44.947866901333754 ], [ 22.445921927506802, 44.947960808903957 ], [ 22.445644149729024, 44.948117016513059 ], [ 22.445638557759299, 44.948119735395743 ], [ 22.445366371951248, 44.948264444495649 ], [ 22.445103589865617, 44.948397513173525 ], [ 22.44508859417347, 44.948405303762499 ], [ 22.445052655856689, 44.948397513173525 ], [ 22.444901204804587, 44.948119735395743 ], [ 22.44493425587455, 44.947841957617968 ], [ 22.444895570439325, 44.947564179840192 ], [ 22.444863682605568, 44.94728640206241 ], [ 22.445019703075673, 44.947008624284635 ], [ 22.44508859417347, 44.946931990550659 ], [ 22.445246505607617, 44.94673084650686 ], [ 22.445366371951248, 44.946623280385111 ], [ 22.445580491861808, 44.946453068729078 ], [ 22.445644149729024, 44.946389522277769 ], [ 22.445889147279956, 44.946175290951302 ], [ 22.445921927506802, 44.946136835233609 ], [ 22.446113635120177, 44.94589751317352 ], [ 22.446199705284585, 44.94579037963522 ], [ 22.446322385172707, 44.945619735395745 ], [ 22.446437879075617, 44.945341957617963 ], [ 22.446469607953734, 44.94506417984018 ], [ 22.446326866555907, 44.944786402062412 ], [ 22.446199705284581, 44.944723489320836 ], [ 22.445921927506802, 44.944645152726451 ], [ 22.445644149729024, 44.944655413510695 ], [ 22.445366371951248, 44.944717369796571 ], [ 22.44508859417347, 44.944767934750402 ], [ 22.444810816395691, 44.944759126544412 ], [ 22.444533038617912, 44.944715908075459 ], [ 22.444255260840137, 44.944669894644953 ], [ 22.443977483062358, 44.944621606175353 ], [ 22.44369970528458, 44.944551187767217 ], [ 22.44359718862443, 44.944508624284637 ], [ 22.443421927506801, 44.944387083847069 ], [ 22.443230080467856, 44.944230846506855 ], [ 22.443144149729026, 44.944173934248205 ], [ 22.442866371951247, 44.944085826657357 ], [ 22.442588594173468, 44.944087053363553 ], [ 22.442310816395693, 44.944118393499544 ], [ 22.442033038617915, 44.94417334540303 ], [ 22.441755260840136, 44.944207409619906 ], [ 22.441477483062357, 44.944099563065038 ], [ 22.441199705284582, 44.943978812807309 ], [ 22.441153127448967, 44.94395306872908 ], [ 22.440921927506803, 44.943828203226317 ], [ 22.440644149729025, 44.943741684203168 ], [ 22.440366371951246, 44.943767204429506 ], [ 22.440088594173471, 44.943818142966968 ], [ 22.439810816395692, 44.943867931170331 ], [ 22.439533038617913, 44.943932218570474 ], [ 22.439482404966494, 44.94395306872908 ], [ 22.439255260840135, 44.944046487061883 ], [ 22.438977483062359, 44.944214813000841 ], [ 22.438931588431402, 44.944230846506855 ], [ 22.438699705284581, 44.944285444469088 ], [ 22.438421927506802, 44.944394608573141 ], [ 22.438144149729023, 44.944471393758285 ], [ 22.437866371951248, 44.944508105624074 ], [ 22.437864323034184, 44.944508624284637 ], [ 22.437588594173469, 44.94459409701102 ], [ 22.437310816395691, 44.944689428724217 ], [ 22.437062394711351, 44.944786402062412 ], [ 22.437033038617912, 44.944807784846873 ], [ 22.436755260840137, 44.945046161353382 ], [ 22.436729866151165, 44.945064179840188 ], [ 22.436477483062358, 44.945282828562746 ], [ 22.436375607331914, 44.94534195761797 ], [ 22.436199705284579, 44.945407179576769 ], [ 22.435921927506804, 44.945484746157092 ], [ 22.435644149729026, 44.94559036298066 ], [ 22.435587540433602, 44.945619735395745 ], [ 22.435366371951247, 44.945721287813704 ], [ 22.435088594173468, 44.945840069202887 ], [ 22.434941173227777, 44.94589751317352 ], [ 22.434810816395693, 44.945984960855775 ], [ 22.434533038617914, 44.946167669169697 ], [ 22.434477390218312, 44.946175290951302 ], [ 22.434255260840136, 44.946199228937658 ], [ 22.434237592897759, 44.946175290951302 ], [ 22.434151170026805, 44.94589751317352 ], [ 22.434167897815446, 44.945619735395745 ], [ 22.434097079903729, 44.94534195761797 ], [ 22.434013815995439, 44.945064179840188 ], [ 22.434049024994088, 44.944786402062412 ], [ 22.4340918087555, 44.944508624284637 ], [ 22.434092478146347, 44.944230846506855 ], [ 22.433986265826974, 44.94395306872908 ], [ 22.433977483062357, 44.943945508741862 ] ] } },
{ "type": "Feature", "properties": { "rank": 1, "lake_id": 1360316, "elevation_m": 650.0 }, "geometry": { "type": "LineString", "coordinates": [ [ 22.453032579242194, 44.955619735395743 ], [ 22.452866371951249, 44.95557966308872 ], [ 22.45258859417347, 44.955593146501535 ], [ 22.452340449075233, 44.955619735395736 ] ] } },
{ "type": "Feature", "properties": { "rank": 1, "lake_id": 1360316, "elevation_m": 650.0 }, "geometry": { "type": "LineString", "coordinates": [ [ 22.43397748306236, 44.941427322831878 ], [ 22.43420636016597, 44.9411752909513 ], [ 22.434238841609165, 44.940897513173525 ], [ 22.434122926349612, 44.940619735395742 ], [ 22.433977483062357, 44.940348739619935 ] ] } },
{ "type": "Feature", "properties": { "rank": 1, "lake_id": 1360316, "elevation_m": 650.0 }, "geometry": { "type": "LineString", "coordinates": [ [ 22.433977483062357, 44.939625065712619 ], [ 22.434137071149259, 44.939508624284635 ], [ 22.434255260840136, 44.939447014198556 ], [ 22.434533038617914, 44.939245059167014 ], [ 22.434544983138423, 44.93923084650686 ], [ 22.434779330805707, 44.938953068729077 ], [ 22.434810816395693, 44.938921628976118 ], [ 22.435049415043572, 44.938675290951302 ], [ 22.435088594173465, 44.938636888221353 ], [ 22.435366371951247, 44.938459604136263 ], [ 22.43556087716458, 44.93839751317352 ], [ 22.435644149729029, 44.938375317004258 ], [ 22.435921927506804, 44.938333707738572 ], [ 22.436199705284579, 44.93832377838411 ], [ 22.436477483062358, 44.938305738805965 ], [ 22.436755260840137, 44.938295123643826 ], [ 22.437033038617912, 44.938277333981631 ], [ 22.437310816395691, 44.938199389559642 ], [ 22.437479771719907, 44.938119735395745 ], [ 22.437588594173469, 44.938059286843597 ], [ 22.437866371951248, 44.937872682257336 ], [ 22.437905786502405, 44.93784195761797 ], [ 22.438144149729023, 44.937642350020226 ], [ 22.438252937830804, 44.937564179840187 ], [ 22.438421927506802, 44.937440858978754 ], [ 22.438659468616986, 44.937286402062412 ], [ 22.438699705284581, 44.937117260021104 ], [ 22.438739706595687, 44.937008624284637 ], [ 22.438699705284581, 44.936980857445576 ], [ 22.438421927506802, 44.936843256284654 ], [ 22.438144149729027, 44.936804379848397 ], [ 22.437866371951252, 44.936798639036454 ], [ 22.437588594173469, 44.93677590957364 ], [ 22.437310816395691, 44.936791600500321 ], [ 22.437033038617912, 44.936780835508713 ], [ 22.436755260840137, 44.936762765585094 ], [ 22.436477483062362, 44.936748014207026 ], [ 22.436199705284579, 44.936733364442382 ], [ 22.436185464213704, 44.936730846506855 ], [ 22.435921927506804, 44.936658149501405 ], [ 22.435678923005252, 44.93645306872908 ], [ 22.435644149729026, 44.936415126864738 ], [ 22.435366371951247, 44.936258229056484 ], [ 22.435088594173468, 44.936178455689848 ], [ 22.435075509399098, 44.936175290951297 ], [ 22.434810816395693, 44.936061790445699 ], [ 22.434689370247671, 44.935897513173522 ], [ 22.434679159594449, 44.935619735395747 ], [ 22.434810816395693, 44.935466458817288 ], [ 22.434954750020921, 44.935341957617972 ], [ 22.435088594173468, 44.935230745009036 ], [ 22.435332515562688, 44.93506417984019 ], [ 22.435366371951247, 44.935035890907322 ], [ 22.43558902215317, 44.934786402062414 ], [ 22.435644149729026, 44.934716177583667 ], [ 22.43578964921209, 44.934508624284632 ], [ 22.435921927506804, 44.934322485484522 ], [ 22.435990296879773, 44.934230846506857 ], [ 22.436165661642558, 44.933953068729082 ], [ 22.436199705284579, 44.933890015052128 ], [ 22.436370099623574, 44.9336752909513 ], [ 22.436477483062358, 44.933521269397261 ], [ 22.436549395228639, 44.933397513173524 ], [ 22.436646863870592, 44.933119735395742 ], [ 22.436551139287165, 44.932841957617967 ], [ 22.436477483062358, 44.932791137656814 ], [ 22.436199705284576, 44.9326289413643 ], [ 22.436099642212529, 44.932564179840192 ], [ 22.435921927506804, 44.932312370689274 ], [ 22.435901228819557, 44.93228640206241 ], [ 22.435644149729026, 44.932012860899142 ], [ 22.43562489312826, 44.932008624284627 ], [ 22.435366371951247, 44.931964757740481 ], [ 22.435088594173468, 44.931970033887133 ], [ 22.434832314767782, 44.932008624284634 ], [ 22.434810816395693, 44.932011477408615 ], [ 22.434533038617914, 44.932059760313834 ], [ 22.434255260840136, 44.932130673307384 ], [ 22.433977483062357, 44.932205094613963 ] ] } },
{ "type": "Feature", "properties": { "rank": 1, "lake_id": 1360316, "elevation_m": 650.0 }, "geometry": { "type": "LineString", "coordinates": [ [ 22.462385900687753, 44.920064179840189 ], [ 22.462310816395693, 44.92014815750624 ], [ 22.462094007063826, 44.920341957617964 ], [ 22.462033038617914, 44.920419102683766 ], [ 22.461886047376094, 44.920619735395739 ], [ 22.461755260840135, 44.920721093194828 ], [ 22.461535056603758, 44.920897513173522 ], [ 22.461477483062357, 44.920961195482548 ], [ 22.461306000758114, 44.921175290951304 ], [ 22.461199705284582, 44.921388530754506 ], [ 22.461167858494132, 44.921453068729079 ], [ 22.461084086203297, 44.921730846506854 ], [ 22.460921927506803, 44.921949693339798 ], [ 22.460864615969253, 44.922008624284636 ], [ 22.460644149729024, 44.92223253405664 ], [ 22.46059873715371, 44.922286402062412 ], [ 22.460467476663585, 44.922564179840187 ], [ 22.460410359162729, 44.922841957617969 ], [ 22.460366371951245, 44.923097664122167 ], [ 22.460362705407896, 44.923119735395744 ], [ 22.460315792226993, 44.923397513173526 ], [ 22.460361500599223, 44.923675290951302 ], [ 22.460366371951245, 44.923681138737116 ], [ 22.460620666259551, 44.923953068729077 ], [ 22.460644149729024, 44.923976258048839 ], [ 22.460891873725384, 44.924230846506859 ], [ 22.460921927506803, 44.924267317497282 ], [ 22.461056770483463, 44.924508624284634 ], [ 22.461175668123349, 44.924786402062409 ], [ 22.461199705284582, 44.924828501477151 ], [ 22.461347071418231, 44.925064179840192 ], [ 22.461477483062357, 44.925264361407208 ], [ 22.461520743001966, 44.925341957617967 ], [ 22.461716125295471, 44.925619735395742 ], [ 22.461755260840135, 44.925661505381385 ], [ 22.461925105323772, 44.925897513173524 ], [ 22.462033038617914, 44.926054730494769 ], [ 22.462130098268016, 44.926175290951292 ], [ 22.462310816395693, 44.926339008058463 ], [ 22.462493182860925, 44.926453068729082 ], [ 22.462588594173468, 44.926523311803884 ], [ 22.462866371951247, 44.926695756642999 ], [ 22.462923311786767, 44.926730846506857 ], [ 22.463144149729025, 44.926900514173163 ], [ 22.463299966766439, 44.927008624284632 ], [ 22.463421927506804, 44.927100098760903 ], [ 22.463678125635795, 44.927286402062414 ], [ 22.463699705284579, 44.927304101697615 ], [ 22.463977483062358, 44.92750249443997 ], [ 22.46406084615716, 44.927564179840189 ], [ 22.464255260840137, 44.927753537867481 ], [ 22.464362306402972, 44.927841957617964 ], [ 22.464434993240239, 44.928119735395747 ], [ 22.464533038617915, 44.928165906065622 ], [ 22.464810816395691, 44.928314483682236 ], [ 22.464942483324577, 44.928397513173522 ], [ 22.465088594173469, 44.928466291952887 ], [ 22.465366371951248, 44.928639838847374 ], [ 22.465414202114591, 44.928675290951304 ], [ 22.465641083625044, 44.928953068729079 ], [ 22.465644149729023, 44.928970787826948 ], [ 22.465691266235975, 44.929230846506861 ], [ 22.465768866298916, 44.929508624284637 ], [ 22.465823686667981, 44.929786402062412 ], [ 22.465921927506802, 44.930027045988361 ], [ 22.465947136989424, 44.930064179840187 ], [ 22.466163595365966, 44.930341957617969 ], [ 22.466199705284581, 44.9304264924385 ], [ 22.466271504271916, 44.930619735395744 ], [ 22.46640319964877, 44.93089751317352 ], [ 22.466477483062359, 44.931019638371879 ], [ 22.466576970422228, 44.931175290951302 ], [ 22.466755260840134, 44.931380147784836 ], [ 22.46682573404275, 44.931453068729084 ], [ 22.467033038617913, 44.931597934466929 ], [ 22.467174477750543, 44.931730846506859 ], [ 22.46730233560702, 44.932008624284634 ], [ 22.467310816395692, 44.93203573163067 ], [ 22.467380320547377, 44.93228640206241 ], [ 22.467545423313187, 44.932564179840192 ], [ 22.467588594173471, 44.932605179697816 ], [ 22.467803501257812, 44.932841957617967 ], [ 22.467866371951246, 44.932881985414248 ], [ 22.468144149729024, 44.932979594807222 ], [ 22.468414779760344, 44.933119735395742 ], [ 22.468421927506803, 44.933127045723801 ], [ 22.468641933830067, 44.933397513173524 ], [ 22.46848904193876, 44.9336752909513 ], [ 22.468421927506803, 44.933812280338586 ], [ 22.468358460570698, 44.933953068729082 ], [ 22.4684219275068, 44.934156018711043 ], [ 22.46845718847122, 44.93423084650685 ], [ 22.468661083937217, 44.934508624284632 ], [ 22.468699705284582, 44.934599750777885 ], [ 22.468795531319586, 44.934786402062414 ], [ 22.468945436741443, 44.93506417984019 ], [ 22.468977483062357, 44.935154262724545 ], [ 22.469064747769934, 44.935341957617965 ], [ 22.469214110705074, 44.935619735395747 ], [ 22.469255260840136, 44.935678319517365 ], [ 22.469418576948769, 44.935897513173522 ], [ 22.469533038617914, 44.936067211033674 ], [ 22.469632464295511, 44.936175290951297 ], [ 22.469810816395693, 44.936344710889387 ], [ 22.470088594173468, 44.936400962364289 ], [ 22.470366371951247, 44.936299289439155 ], [ 22.470644149729026, 44.936214456253296 ], [ 22.470897336325493, 44.936175290951297 ], [ 22.470921927506801, 44.936170067014125 ], [ 22.47119970528458, 44.936161705258222 ], [ 22.471387702852418, 44.936175290951297 ], [ 22.471477483062358, 44.936182136938072 ], [ 22.471755260840137, 44.936239250857263 ], [ 22.472033038617912, 44.936333992864292 ], [ 22.472310816395691, 44.936432146414369 ], [ 22.472383136975669, 44.93645306872908 ], [ 22.47258859417347, 44.936584639016317 ], [ 22.472757725864383, 44.936730846506855 ], [ 22.47258859417347, 44.936983398709195 ], [ 22.472565924377964, 44.937008624284637 ], [ 22.472310816395694, 44.937111120683959 ], [ 22.472033038617912, 44.937250691133372 ], [ 22.471995896533706, 44.937286402062412 ], [ 22.471782041198001, 44.937564179840187 ], [ 22.471755260840137, 44.937624888872911 ], [ 22.471673591823681, 44.93784195761797 ], [ 22.471477483062358, 44.938073802785127 ], [ 22.471438017920253, 44.938119735395745 ], [ 22.47138454907039, 44.93839751317352 ], [ 22.471477483062358, 44.938524367016946 ], [ 22.471592806378528, 44.938675290951302 ], [ 22.471755260840137, 44.93894179259938 ], [ 22.471761741455119, 44.93895306872907 ], [ 22.471823412323314, 44.93923084650686 ], [ 22.471827415838696, 44.939508624284635 ], [ 22.471840653443653, 44.93978640206241 ], [ 22.471865238549025, 44.940064179840192 ], [ 22.471974240052013, 44.940341957617967 ], [ 22.472033038617912, 44.940438427973717 ], [ 22.472137339736957, 44.940619735395742 ], [ 22.47230201973052, 44.940897513173525 ], [ 22.472310816395691, 44.94091281303028 ], [ 22.472454457994523, 44.9411752909513 ], [ 22.472580165280355, 44.941453068729082 ], [ 22.47258859417347, 44.941473194402292 ], [ 22.472713821732672, 44.941730846506857 ], [ 22.472866371951245, 44.941947977200066 ], [ 22.472912512028032, 44.942008624284632 ], [ 22.473121004782705, 44.942286402062415 ], [ 22.473144149729023, 44.942333312275693 ], [ 22.473259178535383, 44.94256417984019 ], [ 22.473389169254052, 44.942841957617965 ], [ 22.473421927506802, 44.942897695513985 ], [ 22.473621774167146, 44.943119735395747 ], [ 22.473699705284581, 44.943178564302919 ], [ 22.473955760412579, 44.943397513173522 ], [ 22.47397748306236, 44.943423804232353 ], [ 22.474161503986902, 44.943675290951298 ], [ 22.474255260840135, 44.943819210615445 ], [ 22.474366957899932, 44.94395306872908 ], [ 22.474533038617913, 44.944093670576592 ], [ 22.474803017049449, 44.944230846506855 ], [ 22.474810816395692, 44.944234579500787 ], [ 22.475088594173471, 44.944362951194691 ], [ 22.475258926668037, 44.944508624284637 ], [ 22.475366371951246, 44.944662017480269 ], [ 22.47546400064164, 44.944786402062412 ], [ 22.475547918802349, 44.945064179840188 ], [ 22.475644149729025, 44.945275338133811 ], [ 22.475681547646758, 44.94534195761797 ], [ 22.4757765441292, 44.945619735395745 ], [ 22.475821099183737, 44.94589751317352 ], [ 22.475871236002831, 44.946175290951302 ], [ 22.475861038261097, 44.946453068729078 ], [ 22.475808151133748, 44.94673084650686 ], [ 22.475921927506803, 44.946837643295531 ], [ 22.476199705284582, 44.946890252210075 ], [ 22.476473175622971, 44.947008624284635 ], [ 22.476477483062357, 44.947010106801969 ], [ 22.476755260840136, 44.947177043497256 ], [ 22.476878374653424, 44.94728640206241 ], [ 22.477033038617915, 44.947393884829118 ], [ 22.477262716759476, 44.947564179840192 ], [ 22.47731081639569, 44.947592656579019 ], [ 22.477588594173469, 44.947712139613358 ], [ 22.477866371951251, 44.947815843624355 ], [ 22.477915241554101, 44.947841957617975 ], [ 22.478144149729026, 44.948019182266634 ], [ 22.478284572952415, 44.948119735395743 ], [ 22.478421927506801, 44.948277538087098 ], [ 22.478580583192276, 44.948397513173525 ], [ 22.47869970528458, 44.94848800336468 ], [ 22.478966658862898, 44.9486752909513 ], [ 22.478977483062359, 44.948682590224387 ], [ 22.479254751150322, 44.948953068729075 ], [ 22.479255260840137, 44.94895377432843 ], [ 22.479461258779175, 44.949230846506858 ], [ 22.479533038617916, 44.949377220438976 ], [ 22.479587887143861, 44.949508624284633 ], [ 22.479710721106827, 44.949786402062415 ], [ 22.479810816395691, 44.949880402666821 ], [ 22.48008859417347, 44.949985505987819 ], [ 22.480366371951249, 44.949932303512767 ], [ 22.480644149729024, 44.949921118800397 ], [ 22.480921927506799, 44.949995468766978 ], [ 22.481109564932435, 44.95006417984019 ], [ 22.481199705284581, 44.950113515249107 ], [ 22.48147748306236, 44.95032372466131 ], [ 22.48150610787307, 44.950341957617965 ], [ 22.481755260840135, 44.95061434864315 ], [ 22.481759854974879, 44.950619735395748 ], [ 22.481954869000088, 44.950897513173523 ], [ 22.482033038617914, 44.951014325156535 ], [ 22.482127288359241, 44.951175290951298 ], [ 22.482257656100511, 44.95145306872908 ], [ 22.482310816395692, 44.951688674468919 ], [ 22.482320834170455, 44.951730846506848 ], [ 22.482325396365958, 44.952008624284638 ], [ 22.482310816395692, 44.952024763417334 ], [ 22.482064479103336, 44.952286402062413 ], [ 22.482104620195685, 44.952564179840188 ], [ 22.482310816395692, 44.952807530740593 ], [ 22.482345281393137, 44.952841957617963 ], [ 22.482588594173471, 44.953112513150955 ], [ 22.482594233079098, 44.953119735395745 ], [ 22.482697768646737, 44.95339751317352 ], [ 22.482851002448612, 44.953675290951303 ], [ 22.482866371951246, 44.953693612746555 ], [ 22.483144149729029, 44.953885743399901 ], [ 22.483382828220844, 44.953953068729078 ], [ 22.483421927506804, 44.953964582885824 ], [ 22.483699705284579, 44.954029571443627 ], [ 22.483977483062358, 44.954055745061467 ], [ 22.484255260840136, 44.954071303960212 ], [ 22.484533038617915, 44.954104735527544 ] ] } },
{ "type": "Feature", "properties": { "rank": 1, "lake_id": 1360316, "elevation_m": 700.0 }, "geometry": { "type": "LineString", "coordinates": [ [ 22.448056645313201, 44.955619735395743 ], [ 22.447961252610099, 44.955341957617968 ], [ 22.447866371951246, 44.955264900886064 ], [ 22.447588594173471, 44.955206793217819 ], [ 22.447310816395692, 44.95521654733539 ], [ 22.447033038617914, 44.955260225770992 ], [ 22.446755260840135, 44.95528312531885 ], [ 22.446477483062356, 44.955174974686635 ], [ 22.446429723686467, 44.955064179840193 ], [ 22.446266961173833, 44.95478640206241 ], [ 22.446217628399978, 44.954508624284635 ], [ 22.446283243887986, 44.954230846506853 ], [ 22.44647748306236, 44.954040728078098 ], [ 22.446576802105547, 44.953953068729078 ], [ 22.446755260840135, 44.953832982174944 ], [ 22.44688158336222, 44.953675290951303 ], [ 22.447033038617914, 44.953447087954252 ], [ 22.447073315407749, 44.95339751317352 ], [ 22.447301062756395, 44.953119735395745 ], [ 22.447310816395692, 44.953078780508193 ], [ 22.447381435540699, 44.95284195761797 ], [ 22.447588594173471, 44.952580085787631 ], [ 22.44759920041059, 44.952564179840188 ], [ 22.447750912233097, 44.952286402062413 ], [ 22.447731866345265, 44.952008624284638 ], [ 22.447604872378292, 44.951730846506855 ], [ 22.447588594173471, 44.951680244892088 ], [ 22.447512632807651, 44.951453068729073 ], [ 22.447561790410798, 44.951175290951298 ], [ 22.447588594173467, 44.951154702952188 ], [ 22.447866371951246, 44.951005230415639 ], [ 22.448144149729025, 44.950914366095809 ], [ 22.448201922760365, 44.950897513173523 ], [ 22.448421927506804, 44.950811339489178 ], [ 22.448699705284579, 44.950661047157567 ], [ 22.448792653330749, 44.950619735395748 ], [ 22.448977483062357, 44.950535296494884 ], [ 22.449255260840136, 44.950397618154732 ], [ 22.449338394519309, 44.950341957617965 ], [ 22.449533038617915, 44.950139400371221 ], [ 22.449614316809893, 44.95006417984019 ], [ 22.449554472708176, 44.949786402062415 ], [ 22.449533038617915, 44.949770287036777 ], [ 22.449255260840133, 44.949568558102193 ], [ 22.449190518606983, 44.949508624284633 ], [ 22.448977483062357, 44.949337669742754 ], [ 22.448699705284579, 44.949252487915743 ], [ 22.448620604117863, 44.949230846506858 ], [ 22.448421927506804, 44.949177151453497 ], [ 22.448144149729025, 44.949074845615776 ], [ 22.447945439092987, 44.948953068729075 ], [ 22.447866371951246, 44.948918842765202 ], [ 22.447588594173471, 44.948844982705332 ], [ 22.447310816395696, 44.948785276117931 ], [ 22.447033038617917, 44.948725849849666 ], [ 22.446755260840135, 44.948690912215589 ], [ 22.44647748306236, 44.948683287610017 ], [ 22.446199705284577, 44.948813689270082 ], [ 22.445983184187842, 44.948953068729075 ], [ 22.445921927506802, 44.948984607136033 ], [ 22.445644149729024, 44.949195262068976 ], [ 22.445604110940312, 44.949230846506858 ], [ 22.445366371951248, 44.949380486821333 ], [ 22.44511352869878, 44.949508624284633 ], [ 22.44508859417347, 44.949516125404813 ], [ 22.444810816395691, 44.949558491240268 ], [ 22.444533038617912, 44.949593924778242 ], [ 22.444255260840137, 44.949625138877394 ], [ 22.443977483062358, 44.949646340204659 ], [ 22.44369970528458, 44.949635080318004 ], [ 22.443421927506801, 44.949588381346594 ], [ 22.443208215059904, 44.949508624284633 ], [ 22.44320547838625, 44.949230846506858 ], [ 22.443421927506801, 44.948994853877878 ], [ 22.443447334834524, 44.948953068729075 ], [ 22.443523060298666, 44.9486752909513 ], [ 22.443561091294107, 44.948397513173525 ], [ 22.443611565200435, 44.948119735395743 ], [ 22.443665857141649, 44.947841957617968 ], [ 22.443678342060611, 44.947564179840192 ], [ 22.443669356746959, 44.94728640206241 ], [ 22.44369970528458, 44.947207851798339 ], [ 22.443807341018392, 44.947008624284635 ], [ 22.44397429573598, 44.94673084650686 ], [ 22.443977483062358, 44.946726147246494 ], [ 22.444255260840137, 44.946459133531619 ], [ 22.444262567834482, 44.946453068729078 ], [ 22.444533038617912, 44.946179772615551 ], [ 22.444536971326809, 44.946175290951302 ], [ 22.444703914578724, 44.94589751317352 ], [ 22.44473562161637, 44.945619735395745 ], [ 22.444570001807939, 44.94534195761797 ], [ 22.444533038617912, 44.945328663528358 ], [ 22.444255260840137, 44.945255905877673 ], [ 22.443977483062358, 44.945184741892717 ], [ 22.44369970528458, 44.945107729031257 ], [ 22.44357378160592, 44.945064179840188 ], [ 22.443421927506801, 44.945028676596152 ], [ 22.443144149729026, 44.944932590563475 ], [ 22.442866371951251, 44.944805220692857 ], [ 22.442795564825339, 44.944786402062412 ], [ 22.442588594173468, 44.944741532029688 ], [ 22.442310816395693, 44.94473391065933 ], [ 22.442033038617915, 44.944749519131996 ], [ 22.441755260840136, 44.944770926342116 ], [ 22.441654143314224, 44.944786402062412 ], [ 22.441477483062357, 44.944822206184362 ], [ 22.441199705284582, 44.944817372344076 ], [ 22.441045545971498, 44.944786402062412 ], [ 22.440921927506803, 44.944749087325526 ], [ 22.440644149729025, 44.944628787824954 ], [ 22.440366371951242, 44.944585756423663 ], [ 22.440088594173471, 44.944593659247417 ], [ 22.439810816395692, 44.944700352841423 ], [ 22.439698790314544, 44.944786402062412 ], [ 22.439533038617913, 44.944866996376952 ], [ 22.439255260840135, 44.944947909025998 ], [ 22.438993567899729, 44.945064179840188 ], [ 22.438977483062359, 44.945068501768532 ], [ 22.438699705284581, 44.945110623322755 ], [ 22.438421927506802, 44.945134765677039 ], [ 22.438144149729023, 44.945172947433662 ], [ 22.437866371951248, 44.945271913398408 ], [ 22.437731772276518, 44.94534195761797 ], [ 22.437588594173469, 44.945443936977931 ], [ 22.437401286802071, 44.945619735395745 ], [ 22.437310816395691, 44.945714057246931 ], [ 22.437153690794883, 44.94589751317352 ], [ 22.437033038617912, 44.946005447673521 ], [ 22.436755260840137, 44.946110362712076 ], [ 22.436477483062358, 44.946164315742969 ], [ 22.436373501051985, 44.946175290951302 ], [ 22.436199705284579, 44.946191734760738 ], [ 22.435921927506804, 44.946290193559037 ], [ 22.435645165689309, 44.946453068729078 ], [ 22.435644149729022, 44.946453642191642 ], [ 22.435366371951247, 44.946601239967933 ], [ 22.435196353572344, 44.94673084650686 ], [ 22.435088594173468, 44.946839719210381 ], [ 22.43495185689795, 44.947008624284635 ], [ 22.434938712363483, 44.94728640206241 ], [ 22.43491727324157, 44.947564179840192 ], [ 22.434810816395693, 44.947666856464835 ], [ 22.434533038617914, 44.947718418023079 ], [ 22.434255260840136, 44.94766160775994 ], [ 22.434024758165009, 44.947564179840192 ], [ 22.433977483062357, 44.947541334210989 ] ] } },
{ "type": "Feature", "properties": { "rank": 1, "lake_id": 1360316, "elevation_m": 700.0 }, "geometry": { "type": "LineString", "coordinates": [ [ 22.433977483062357, 44.938664238506817 ], [ 22.434254828635719, 44.93839751317352 ], [ 22.434255260840132, 44.938396906928155 ], [ 22.434514466944048, 44.938119735395745 ], [ 22.434533038617914, 44.938099112073132 ], [ 22.434810816395693, 44.937890296287286 ], [ 22.434899714991435, 44.93784195761797 ], [ 22.435088594173468, 44.93774074031824 ], [ 22.435366371951247, 44.93763266821135 ], [ 22.435630422503742, 44.937564179840187 ], [ 22.435644149729026, 44.937535257282299 ], [ 22.435784719124044, 44.937286402062412 ], [ 22.435644149729026, 44.937257229346244 ], [ 22.435366371951247, 44.937167106161077 ], [ 22.435088594173468, 44.937009425304815 ], [ 22.435087024070548, 44.937008624284637 ], [ 22.434810816395693, 44.936901403452062 ], [ 22.434533038617914, 44.936804138709569 ], [ 22.434296070878951, 44.936730846506855 ], [ 22.434255260840136, 44.936717711668699 ], [ 22.433977483062357, 44.93660242722305 ] ] } },
{ "type": "Feature", "properties": { "rank": 1, "lake_id": 1360316, "elevation_m": 700.0 }, "geometry": { "type": "LineString", "coordinates": [ [ 22.433977483062357, 44.935325196446556 ], [ 22.434255199738988, 44.935064179840197 ], [ 22.434255260840136, 44.935064123815003 ], [ 22.434533038617914, 44.934797406259037 ], [ 22.434543107818964, 44.934786402062414 ], [ 22.434762512053997, 44.934508624284632 ], [ 22.434810816395693, 44.93446960950719 ], [ 22.435088594173468, 44.934239101969247 ], [ 22.435095946326687, 44.934230846506857 ], [ 22.435366371951247, 44.933985237367366 ], [ 22.435393385440317, 44.933953068729082 ], [ 22.435644149729026, 44.933677098418215 ], [ 22.435645462416574, 44.9336752909513 ], [ 22.435785282472537, 44.933397513173524 ], [ 22.435787823743379, 44.933119735395742 ], [ 22.435644149729026, 44.932989992979898 ], [ 22.435391772408479, 44.932841957617967 ], [ 22.435366371951247, 44.93282254153015 ], [ 22.435088594173468, 44.932709152342838 ], [ 22.434810816395693, 44.93267783617808 ], [ 22.434533038617914, 44.932679290975386 ], [ 22.434255260840136, 44.932713214776733 ], [ 22.433977483062357, 44.93279486963911 ] ] } },
{ "type": "Feature", "properties": { "rank": 1, "lake_id": 1360316, "elevation_m": 700.0 }, "geometry": { "type": "LineString", "coordinates": [ [ 22.462808054310599, 44.920064179840189 ], [ 22.462588594173468, 44.920302195615946 ], [ 22.462551642101726, 44.920341957617964 ], [ 22.462367321980807, 44.920619735395746 ], [ 22.462310816395693, 44.920702382712555 ], [ 22.462107492467286, 44.920897513173522 ], [ 22.462033038617914, 44.920995825148658 ], [ 22.461869216336812, 44.921175290951304 ], [ 22.461755260840135, 44.921390020759468 ], [ 22.461718765621075, 44.921453068729079 ], [ 22.461660716490705, 44.921730846506854 ], [ 22.461614375508184, 44.922008624284636 ], [ 22.461511208800697, 44.922286402062412 ], [ 22.461477483062357, 44.922355672109539 ], [ 22.461357671103528, 44.922564179840187 ], [ 22.461199705284582, 44.922726678778751 ], [ 22.461121898310154, 44.922841957617969 ], [ 22.460988005659015, 44.923119735395751 ], [ 22.460985819680396, 44.923397513173526 ], [ 22.46119128548581, 44.923675290951302 ], [ 22.461199705284582, 44.923680736371956 ], [ 22.461477483062357, 44.923886007869001 ], [ 22.461541228008461, 44.923953068729077 ], [ 22.461593652549041, 44.924230846506866 ], [ 22.461620456571588, 44.924508624284634 ], [ 22.461730303679676, 44.924786402062409 ], [ 22.461755260840135, 44.924828975560317 ], [ 22.461870281101483, 44.925064179840199 ], [ 22.461994585153057, 44.925341957617967 ], [ 22.462033038617914, 44.925407942188215 ], [ 22.462144545876392, 44.925619735395742 ], [ 22.462299614987231, 44.925897513173524 ], [ 22.462310816395693, 44.925911027760534 ], [ 22.462588594173468, 44.926162874029465 ], [ 22.462607579761269, 44.926175290951299 ], [ 22.462866371951247, 44.926310163238753 ], [ 22.463144149729025, 44.926445248648719 ], [ 22.463158248352549, 44.926453068729082 ], [ 22.463421927506804, 44.926625211988515 ], [ 22.46357621195892, 44.926730846506857 ], [ 22.463699705284579, 44.92681631646758 ], [ 22.463977483062358, 44.927000362188906 ], [ 22.463988977017284, 44.927008624284632 ], [ 22.464255260840137, 44.927203197743673 ], [ 22.464374457474438, 44.927286402062414 ], [ 22.464533038617915, 44.92739544920866 ], [ 22.464810816395691, 44.927533921257627 ], [ 22.464866508396337, 44.927564179840189 ], [ 22.465088594173469, 44.927739143283624 ], [ 22.465235579040417, 44.927841957617964 ], [ 22.465366371951248, 44.927963680629318 ], [ 22.465538352002469, 44.928119735395747 ], [ 22.465644149729023, 44.928217647569596 ], [ 22.465789587148112, 44.928397513173522 ], [ 22.465921927506802, 44.928512453507132 ], [ 22.466126449241699, 44.928675290951304 ], [ 22.466199705284581, 44.928752585987262 ], [ 22.466428171200487, 44.928953068729079 ], [ 22.466477483062359, 44.929046495173026 ], [ 22.466594830598101, 44.929230846506847 ], [ 22.466706433964902, 44.929508624284637 ], [ 22.466706528112137, 44.929786402062412 ], [ 22.466755260840134, 44.92986409531651 ], [ 22.46687289238071, 44.930064179840187 ], [ 22.46702880017229, 44.930341957617969 ], [ 22.467033038617913, 44.930358541002796 ], [ 22.467104212440741, 44.930619735395744 ], [ 22.467310816395692, 44.930890362389675 ], [ 22.467316282846223, 44.930897513173512 ], [ 22.467534839216295, 44.931175290951302 ], [ 22.467588594173471, 44.93122363433811 ], [ 22.467866371951246, 44.931448602138559 ], [ 22.467871569629789, 44.931453068729084 ], [ 22.468097296650491, 44.931730846506859 ], [ 22.468144149729024, 44.931891199676869 ], [ 22.468177435717628, 44.932008624284627 ], [ 22.468276964768432, 44.93228640206241 ], [ 22.468421927506803, 44.932520031293826 ], [ 22.468447383729856, 44.932564179840185 ], [ 22.468699705284582, 44.932734004879876 ], [ 22.468820180141986, 44.932841957617974 ], [ 22.468977483062357, 44.932969730360497 ], [ 22.469113000800984, 44.933119735395742 ], [ 22.469213804739148, 44.933397513173524 ], [ 22.469255260840136, 44.933580004358191 ], [ 22.469288321764687, 44.9336752909513 ], [ 22.469330342807528, 44.933953068729082 ], [ 22.469533038617914, 44.934209084512588 ], [ 22.469548687503586, 44.93423084650685 ], [ 22.46975991007811, 44.934508624284632 ], [ 22.469810816395693, 44.93460111274765 ], [ 22.469928621609387, 44.934786402062414 ], [ 22.470088594173468, 44.934995620519963 ], [ 22.470147191594357, 44.93506417984019 ], [ 22.470366371951247, 44.935298747379782 ], [ 22.470430669918763, 44.935341957617965 ], [ 22.470644149729026, 44.935425512071049 ], [ 22.470921927506801, 44.935425026086129 ], [ 22.47119970528458, 44.935422944365001 ], [ 22.471477483062358, 44.935496105990445 ], [ 22.471750341318174, 44.935619735395747 ], [ 22.471755260840137, 44.935621721677968 ], [ 22.472033038617912, 44.935739027361905 ], [ 22.472310816395691, 44.935854543673045 ], [ 22.472407301002853, 44.935897513173522 ], [ 22.47258859417347, 44.935970383377644 ], [ 22.472866371951245, 44.93608040788709 ], [ 22.473144149729023, 44.936174117260961 ], [ 22.473148840795901, 44.936175290951297 ], [ 22.473421927506802, 44.936247838976705 ], [ 22.473699705284581, 44.936337861688145 ], [ 22.473964091585596, 44.93645306872908 ], [ 22.47397748306236, 44.936481617119782 ], [ 22.474111531766447, 44.936730846506862 ], [ 22.47397748306236, 44.936820285581 ], [ 22.473801462903054, 44.937008624284637 ], [ 22.473699705284581, 44.937110076737774 ], [ 22.473479516174269, 44.937286402062412 ], [ 22.473421927506802, 44.937327879026931 ], [ 22.473144149729023, 44.937557434014799 ], [ 22.473134095041861, 44.937564179840187 ], [ 22.472866371951248, 44.937750510528211 ], [ 22.472739970142904, 44.93784195761797 ], [ 22.47258859417347, 44.938039350086441 ], [ 22.472538924442759, 44.938119735395745 ], [ 22.47258859417347, 44.938254564133231 ], [ 22.47263632407261, 44.93839751317352 ], [ 22.472713646329403, 44.938675290951302 ], [ 22.472829258469059, 44.938953068729077 ], [ 22.472741891603555, 44.93923084650686 ], [ 22.472725719785277, 44.939508624284635 ], [ 22.472720055588987, 44.939786402062403 ], [ 22.472643248822408, 44.940064179840199 ], [ 22.472645487978564, 44.940341957617967 ], [ 22.472695997717647, 44.940619735395742 ], [ 22.472796417588285, 44.940897513173525 ], [ 22.472866371951248, 44.941078601346476 ], [ 22.472915800544143, 44.9411752909513 ], [ 22.47311628808551, 44.941453068729082 ], [ 22.473144149729023, 44.941511456795688 ], [ 22.473278790041594, 44.941730846506857 ], [ 22.473340790177186, 44.942008624284632 ], [ 22.473421927506802, 44.942182317699299 ], [ 22.473466533580542, 44.942286402062415 ], [ 22.473607667438372, 44.94256417984019 ], [ 22.473699705284581, 44.942706725107655 ], [ 22.473802871142382, 44.942841957617965 ], [ 22.47397748306236, 44.943039077271422 ], [ 22.474042033085976, 44.943119735395747 ], [ 22.474255260840135, 44.94331403522721 ], [ 22.47435912682149, 44.943397513173522 ], [ 22.474533038617913, 44.94358879160113 ], [ 22.474641915964209, 44.943675290951298 ], [ 22.474810816395692, 44.943808209399577 ], [ 22.47504264950145, 44.94395306872908 ], [ 22.475088594173471, 44.943973638481864 ], [ 22.475366371951246, 44.944142683918706 ], [ 22.475476769585214, 44.944230846506855 ], [ 22.475644149729025, 44.944377421695364 ], [ 22.475791645415978, 44.944508624284637 ], [ 22.475921927506803, 44.944642314856317 ], [ 22.476089086532102, 44.944786402062412 ], [ 22.476199705284582, 44.944894569963914 ], [ 22.476376774113064, 44.945064179840188 ], [ 22.476477483062357, 44.945254612060857 ], [ 22.476522687470379, 44.94534195761797 ], [ 22.476552400220886, 44.945619735395745 ], [ 22.476616511013141, 44.94589751317352 ], [ 22.47668964286682, 44.946175290951302 ], [ 22.476755260840136, 44.946364385447993 ], [ 22.476795487876554, 44.946453068729078 ], [ 22.477011674017877, 44.94673084650686 ], [ 22.477033038617915, 44.946772108280058 ], [ 22.477128121883613, 44.947008624284635 ], [ 22.477310816395693, 44.947211294884731 ], [ 22.47742221313948, 44.94728640206241 ], [ 22.477588594173469, 44.947349343743326 ], [ 22.477866371951247, 44.947388308327298 ], [ 22.47811469645637, 44.947564179840192 ], [ 22.478144149729026, 44.947579469763525 ], [ 22.478421927506801, 44.947710150586097 ], [ 22.478699705284583, 44.947830582598904 ], [ 22.478732310796122, 44.947841957617968 ], [ 22.478977483062359, 44.947950038886432 ], [ 22.479218258083623, 44.948119735395743 ], [ 22.479255260840137, 44.948159658297229 ], [ 22.479417311563029, 44.948397513173525 ], [ 22.479533038617912, 44.948514155451683 ], [ 22.479702983682596, 44.9486752909513 ], [ 22.479810816395691, 44.948767370645776 ], [ 22.480057525619024, 44.948953068729075 ], [ 22.48008859417347, 44.94899008924245 ], [ 22.48029809826954, 44.949230846506858 ], [ 22.480366371951249, 44.94930696556365 ], [ 22.48064414972902, 44.949502240145009 ], [ 22.480652357452676, 44.949508624284633 ], [ 22.480921927506802, 44.949625766403443 ], [ 22.481199705284581, 44.949740948188989 ], [ 22.481337625451825, 44.949786402062408 ], [ 22.48147748306236, 44.949833385163529 ], [ 22.481755260840135, 44.949934255725296 ], [ 22.482033038617914, 44.950032358620305 ], [ 22.482140269728308, 44.95006417984019 ], [ 22.482310816395692, 44.950149103662184 ], [ 22.482552411703036, 44.950341957617965 ], [ 22.482578569847835, 44.950619735395748 ], [ 22.482588594173468, 44.950671605023942 ], [ 22.482634574597245, 44.950897513173523 ], [ 22.482703304853537, 44.951175290951298 ], [ 22.482777237783484, 44.95145306872908 ], [ 22.482866287710781, 44.951730846506855 ], [ 22.482866371951246, 44.951731318479169 ], [ 22.482915518676148, 44.952008624284638 ], [ 22.482958021009754, 44.952286402062413 ], [ 22.483056667403922, 44.952564179840188 ], [ 22.483131962823464, 44.95284195761797 ], [ 22.483144149729025, 44.952871581873829 ], [ 22.483252857124398, 44.953119735395752 ], [ 22.483310681269835, 44.95339751317352 ], [ 22.483421927506804, 44.953512927223152 ], [ 22.483699705284579, 44.953656289804961 ], [ 22.483977483062358, 44.953618630615757 ], [ 22.484255260840133, 44.953588030931662 ], [ 22.484533038617915, 44.953558635382365 ] ] } },
{ "type": "Feature", "properties": { "rank": 1, "lake_id": 1360316, "elevation_m": 750.0 }, "geometry": { "type": "LineString", "coordinates": [ [ 22.445163059686088, 44.955619735395743 ], [ 22.445267129892407, 44.955341957617968 ], [ 22.445366371951248, 44.955084974994648 ], [ 22.445379153186067, 44.955064179840193 ], [ 22.445403478992787, 44.95478640206241 ], [ 22.445366371951248, 44.954720212427389 ], [ 22.445234896536743, 44.954508624284635 ], [ 22.44508859417347, 44.954256155119147 ], [ 22.445074351471575, 44.95423084650686 ], [ 22.44508859417347, 44.954211261665797 ], [ 22.445271815513355, 44.953953068729078 ], [ 22.445366371951248, 44.953888314311946 ], [ 22.445644149729024, 44.953692585911519 ], [ 22.445670898400181, 44.953675290951303 ], [ 22.445921927506802, 44.953508249543525 ], [ 22.446098511674844, 44.953397513173527 ], [ 22.446199705284581, 44.953329917082883 ], [ 22.4464141899665, 44.953119735395752 ], [ 22.44647748306236, 44.952971523056711 ], [ 22.446537685340783, 44.95284195761797 ], [ 22.446658523790386, 44.952564179840188 ], [ 22.44673436024669, 44.952286402062413 ], [ 22.446755260840135, 44.95218764877297 ], [ 22.446811963632438, 44.952008624284638 ], [ 22.446863882421695, 44.951730846506855 ], [ 22.44680315214524, 44.95145306872908 ], [ 22.446755260840135, 44.9511897380116 ], [ 22.446752297426251, 44.951175290951298 ], [ 22.446755260840135, 44.951159946896205 ], [ 22.446808270493776, 44.950897513173523 ], [ 22.447010579431719, 44.950619735395748 ], [ 22.447033038617914, 44.950603340881379 ], [ 22.447310816395692, 44.950483872706236 ], [ 22.447588594173471, 44.950376140794923 ], [ 22.447644536741613, 44.950341957617965 ], [ 22.447756320196913, 44.95006417984019 ], [ 22.447588594173471, 44.949900734773585 ], [ 22.447343965094703, 44.949786402062415 ], [ 22.447310816395692, 44.949777474263854 ], [ 22.447033038617914, 44.949721721195267 ], [ 22.446755260840135, 44.949721816155076 ], [ 22.44647748306236, 44.949759446989013 ], [ 22.446400730750959, 44.949786402062415 ], [ 22.446199705284581, 44.949858982156684 ], [ 22.445921927506802, 44.949944695894509 ], [ 22.445647140546569, 44.95006417984019 ], [ 22.445644149729024, 44.95006614229942 ], [ 22.445366371951248, 44.950207240748121 ], [ 22.44508859417347, 44.950253707419151 ], [ 22.444810816395691, 44.950301170074979 ], [ 22.44465821188923, 44.950341957617972 ], [ 22.444533038617912, 44.950364792984459 ], [ 22.444255260840137, 44.950391919828476 ], [ 22.443977483062358, 44.950387486624891 ], [ 22.443699705284583, 44.950370146265655 ], [ 22.443421927506801, 44.950361225641664 ], [ 22.443144149729029, 44.950368791711583 ], [ 22.442866371951247, 44.950405412897183 ], [ 22.442588594173468, 44.950460220743295 ], [ 22.442310816395693, 44.950494563643815 ], [ 22.442033038617915, 44.950493257967985 ], [ 22.441867766353951, 44.950341957617965 ], [ 22.441859026986087, 44.95006417984019 ], [ 22.441965746183023, 44.949786402062422 ], [ 22.442033038617915, 44.949615296342515 ], [ 22.442075077649875, 44.949508624284633 ], [ 22.442205104718806, 44.949230846506858 ], [ 22.442310816395693, 44.949034949996474 ], [ 22.442344040297719, 44.948953068729075 ], [ 22.442487872597031, 44.9486752909513 ], [ 22.442586689747078, 44.948397513173525 ], [ 22.442588594173468, 44.948377173186863 ], [ 22.442619654162026, 44.948119735395743 ], [ 22.442588594173468, 44.947944043079239 ], [ 22.442572733411016, 44.947841957617968 ], [ 22.442588594173468, 44.947787222681271 ], [ 22.442653455334813, 44.947564179840192 ], [ 22.442729757951078, 44.94728640206241 ], [ 22.442800893985016, 44.947008624284635 ], [ 22.442866371951247, 44.946806983311852 ], [ 22.442892226284332, 44.94673084650686 ], [ 22.442960150824131, 44.946453068729078 ], [ 22.442946773035985, 44.946175290951302 ], [ 22.442867791243053, 44.94589751317352 ], [ 22.442866371951247, 44.945895407539233 ], [ 22.442588594173468, 44.945646254505959 ], [ 22.442547729028785, 44.945619735395752 ], [ 22.442310816395693, 44.945546928262573 ], [ 22.442033038617915, 44.94548910317117 ], [ 22.441755260840132, 44.945464403227852 ], [ 22.441477483062357, 44.945458717443337 ], [ 22.441199705284582, 44.945452918343761 ], [ 22.440921927506803, 44.945421754874374 ], [ 22.440644149729025, 44.945423336216642 ], [ 22.440366371951246, 44.945452655853416 ], [ 22.440088594173471, 44.945507599041896 ], [ 22.439810816395692, 44.945540762433225 ], [ 22.439533038617913, 44.94556429503703 ], [ 22.439255260840135, 44.945617038695133 ], [ 22.439244846106131, 44.945619735395745 ], [ 22.438977483062359, 44.94568671092042 ], [ 22.438699705284581, 44.945742205328273 ], [ 22.438421927506802, 44.945839284342334 ], [ 22.438318441404753, 44.94589751317352 ], [ 22.438144149729023, 44.946072857926353 ], [ 22.438087422143742, 44.946175290951302 ], [ 22.437967815483866, 44.946453068729078 ], [ 22.437866371951248, 44.94654598836987 ], [ 22.437588594173469, 44.946665058099626 ], [ 22.437310816395691, 44.946686521415074 ], [ 22.437033038617912, 44.946699734743625 ], [ 22.436829465919391, 44.94673084650686 ], [ 22.436755260840137, 44.946742645090019 ], [ 22.436477483062358, 44.946796431560941 ], [ 22.436199705284579, 44.946888403809808 ], [ 22.435936989703002, 44.947008624284635 ], [ 22.435921927506804, 44.947025919333882 ], [ 22.435809804211782, 44.94728640206241 ], [ 22.435911759062432, 44.947564179840192 ], [ 22.435921927506804, 44.947582627324472 ], [ 22.436069636157814, 44.947841957617968 ], [ 22.43619716807213, 44.948119735395743 ], [ 22.436199705284579, 44.948125655182629 ], [ 22.43628643235725, 44.948397513173525 ], [ 22.436317915724707, 44.9486752909513 ], [ 22.436199705284579, 44.948732229058862 ], [ 22.435921927506801, 44.94878365732189 ], [ 22.435644149729026, 44.948800783503835 ], [ 22.435366371951247, 44.948812707684759 ], [ 22.435088594173468, 44.94882344677989 ], [ 22.434810816395697, 44.94878443790153 ], [ 22.434533038617914, 44.948715415529598 ], [ 22.434357926597375, 44.9486752909513 ], [ 22.434255260840136, 44.948650642780485 ], [ 22.433977483062357, 44.948545905811358 ] ] } },
{ "type": "Feature", "properties": { "rank": 1, "lake_id": 1360316, "elevation_m": 750.0 }, "geometry": { "type": "LineString", "coordinates": [ [ 22.463105652648878, 44.920064179840189 ], [ 22.462866371951247, 44.920281884183744 ], [ 22.462809563125742, 44.920341957617964 ], [ 22.462646480453525, 44.920619735395746 ], [ 22.462588594173468, 44.920720875506547 ], [ 22.462466963897725, 44.920897513173522 ], [ 22.462328590229458, 44.921175290951304 ], [ 22.462310816395693, 44.921240569328191 ], [ 22.462229144038929, 44.921453068729079 ], [ 22.462152405484527, 44.921730846506854 ], [ 22.462105954117952, 44.922008624284636 ], [ 22.462083733075517, 44.922286402062404 ], [ 22.462084891599307, 44.922564179840187 ], [ 22.462033038617914, 44.922808804410558 ], [ 22.462014575139573, 44.922841957617969 ], [ 22.461759401654099, 44.923119735395744 ], [ 22.461819897538685, 44.923397513173526 ], [ 22.462031368866711, 44.923675290951302 ], [ 22.462033038617914, 44.923678468472431 ], [ 22.462127456404836, 44.923953068729077 ], [ 22.462116413281986, 44.924230846506859 ], [ 22.462204694658137, 44.924508624284634 ], [ 22.462310816395693, 44.924720475797017 ], [ 22.46234270850649, 44.924786402062409 ], [ 22.462373195357785, 44.925064179840184 ], [ 22.462458853742735, 44.925341957617967 ], [ 22.462577773165293, 44.925619735395742 ], [ 22.462588594173468, 44.925637217980416 ], [ 22.462790838657277, 44.925897513173524 ], [ 22.462866371951247, 44.925949204836492 ], [ 22.463144149729029, 44.92607735063882 ], [ 22.463360041127373, 44.926175290951299 ], [ 22.463421927506804, 44.926207184638479 ], [ 22.463699705284579, 44.926383101754098 ], [ 22.463805602703594, 44.926453068729089 ], [ 22.463977483062358, 44.926581878566751 ], [ 22.464163535384895, 44.926730846506857 ], [ 22.464255260840137, 44.926798561152609 ], [ 22.46453154008827, 44.927008624284632 ], [ 22.464533038617915, 44.92700972314374 ], [ 22.464810816395691, 44.927187673451961 ], [ 22.464964905162979, 44.927286402062414 ], [ 22.465088594173469, 44.92735861534117 ], [ 22.465366371951248, 44.927546747512004 ], [ 22.465389945294373, 44.927564179840189 ], [ 22.46564414972902, 44.927746428994155 ], [ 22.465787650274716, 44.927841957617964 ], [ 22.465921927506802, 44.927976669662804 ], [ 22.466103162909373, 44.928119735395747 ], [ 22.466199705284581, 44.92822021433151 ], [ 22.466404371913285, 44.928397513173522 ], [ 22.466477483062359, 44.9284550933723 ], [ 22.466680918270953, 44.928675290951304 ], [ 22.466755260840134, 44.928734679819584 ], [ 22.46700175539976, 44.928953068729079 ], [ 22.467033038617913, 44.928987650771816 ], [ 22.467310816395688, 44.929190713300585 ], [ 22.467414851468156, 44.929230846506854 ], [ 22.467588594173471, 44.929347705989947 ], [ 22.467768383165705, 44.929508624284637 ], [ 22.467866371951246, 44.929628325121882 ], [ 22.468001056598091, 44.929786402062412 ], [ 22.467903608701324, 44.930064179840187 ], [ 22.467917463769687, 44.930341957617962 ], [ 22.468034201015005, 44.930619735395744 ], [ 22.468144149729024, 44.930743050729788 ], [ 22.468249626264448, 44.93089751317352 ], [ 22.468421927506803, 44.931066009745926 ], [ 22.468528121090142, 44.931175290951302 ], [ 22.468699705284582, 44.93138151967667 ], [ 22.468752252317575, 44.931453068729077 ], [ 22.468977483062357, 44.931711127268805 ], [ 22.468997603576124, 44.931730846506859 ], [ 22.469213139854666, 44.932008624284634 ], [ 22.469255260840136, 44.932093693180505 ], [ 22.469356054363217, 44.93228640206241 ], [ 22.469514533087331, 44.932564179840192 ], [ 22.469533038617914, 44.93258632815742 ], [ 22.469769191802062, 44.932841957617967 ], [ 22.469810816395693, 44.932986304736005 ], [ 22.469871950363242, 44.933119735395742 ], [ 22.470018541680197, 44.933397513173524 ], [ 22.470088594173468, 44.933498578782185 ], [ 22.470226367036783, 44.9336752909513 ], [ 22.470366371951247, 44.933812113383084 ], [ 22.470502630647953, 44.933953068729075 ], [ 22.470644149729026, 44.93408516710744 ], [ 22.470804483632101, 44.934230846506857 ], [ 22.470921927506801, 44.934333166788726 ], [ 22.47119970528458, 44.934467935486175 ], [ 22.471293135187729, 44.934508624284632 ], [ 22.471477483062358, 44.93459356955249 ], [ 22.471755260840137, 44.934730876795037 ], [ 22.47189903761657, 44.934786402062414 ], [ 22.472033038617912, 44.934856497108228 ], [ 22.472197956627827, 44.93506417984019 ], [ 22.472310816395691, 44.935146114430125 ], [ 22.47258859417347, 44.935328005380846 ], [ 22.472611863778518, 44.935341957617965 ], [ 22.472866371951248, 44.935466462052069 ], [ 22.473144149729023, 44.935572490809598 ], [ 22.473373258682571, 44.935619735395747 ], [ 22.473421927506802, 44.935628079998004 ], [ 22.473699705284581, 44.935661218607066 ], [ 22.47397748306236, 44.935679391990753 ], [ 22.474255260840135, 44.93570598648963 ], [ 22.474533038617913, 44.93574005475508 ], [ 22.474810816395692, 44.935774457048197 ], [ 22.475088594173471, 44.935800950044936 ], [ 22.475366371951246, 44.935813086571599 ], [ 22.475644149729025, 44.935806409970972 ], [ 22.4759219275068, 44.935782969650027 ], [ 22.476199705284579, 44.93577798205736 ], [ 22.476474963128553, 44.935897513173522 ], [ 22.476477483062357, 44.935914483791557 ], [ 22.476492320356463, 44.936175290951297 ], [ 22.476477483062357, 44.936192870214484 ], [ 22.476273301026033, 44.93645306872908 ], [ 22.476199705284582, 44.936525965214301 ], [ 22.475993974401394, 44.936730846506855 ], [ 22.475921927506803, 44.936787485206835 ], [ 22.475644149729025, 44.936946280280601 ], [ 22.475525104186836, 44.937008624284637 ], [ 22.475366371951246, 44.937094417743637 ], [ 22.475088594173471, 44.937232539935728 ], [ 22.474969599673713, 44.937286402062412 ], [ 22.474810816395696, 44.937353091062519 ], [ 22.474533038617913, 44.937508747283765 ], [ 22.47445263839737, 44.937564179840187 ], [ 22.474255260840135, 44.937707736359769 ], [ 22.474085443085738, 44.93784195761797 ], [ 22.47397748306236, 44.937934740954972 ], [ 22.473767148425935, 44.938119735395745 ], [ 22.473737833315912, 44.93839751317352 ], [ 22.473754470075932, 44.938675290951302 ], [ 22.473757354463043, 44.938953068729077 ], [ 22.473753617327819, 44.93923084650686 ], [ 22.473747392472031, 44.939508624284628 ], [ 22.473767438873782, 44.93978640206241 ], [ 22.473701086512261, 44.940064179840192 ], [ 22.473699705284584, 44.940074607281879 ], [ 22.473665808333944, 44.940341957617967 ], [ 22.473634475707829, 44.940619735395742 ], [ 22.473699705284581, 44.940757739469419 ], [ 22.473787579085148, 44.940897513173525 ], [ 22.47397748306236, 44.941073793886595 ], [ 22.474070528483637, 44.941175290951293 ], [ 22.474214910776752, 44.941453068729082 ], [ 22.474178932461808, 44.941730846506857 ], [ 22.474047858118926, 44.942008624284625 ], [ 22.47403924353927, 44.942286402062415 ], [ 22.474236400791415, 44.94256417984019 ], [ 22.474255260840135, 44.942602247781558 ], [ 22.474357595315119, 44.942841957617965 ], [ 22.474533038617917, 44.943082248048995 ], [ 22.474562621528168, 44.94311973539574 ], [ 22.474810816395692, 44.943284658005602 ], [ 22.474989741145375, 44.943397513173522 ], [ 22.475088594173471, 44.943461630563078 ], [ 22.475366371951246, 44.94365988784665 ], [ 22.475381625294613, 44.943675290951298 ], [ 22.475644149729025, 44.94390881563902 ], [ 22.475687871142988, 44.94395306872908 ], [ 22.475921927506807, 44.944157799425504 ], [ 22.476010311103078, 44.944230846506855 ], [ 22.476199705284582, 44.94439776008867 ], [ 22.476345704098897, 44.944508624284637 ], [ 22.476477483062357, 44.944605520906343 ], [ 22.476755260840136, 44.944777992000915 ], [ 22.476780582019916, 44.944786402062412 ], [ 22.477033038617915, 44.944965409527732 ], [ 22.477117032530899, 44.945064179840188 ], [ 22.477254065605305, 44.94534195761797 ], [ 22.47731081639569, 44.945412072806398 ], [ 22.477474256241006, 44.945619735395745 ], [ 22.477588594173469, 44.945797445352795 ], [ 22.477661319558877, 44.945897513173527 ], [ 22.477685776456724, 44.946175290951302 ], [ 22.477866371951247, 44.946444546590989 ], [ 22.477870340476333, 44.946453068729078 ], [ 22.478033027414469, 44.94673084650686 ], [ 22.478144149729026, 44.946884518366417 ], [ 22.478246704410601, 44.947008624284635 ], [ 22.478421927506801, 44.94712618822787 ], [ 22.47869970528458, 44.94727595967381 ], [ 22.478722288172335, 44.94728640206241 ], [ 22.478977483062359, 44.947382254694439 ], [ 22.479255260840141, 44.947484190025463 ], [ 22.479492433964552, 44.947564179840192 ], [ 22.479533038617912, 44.947582537137322 ], [ 22.479810816395691, 44.947762952908647 ], [ 22.479878664503087, 44.947841957617968 ], [ 22.48001670851475, 44.948119735395743 ], [ 22.48008859417347, 44.948225130918246 ], [ 22.48025691795478, 44.948397513173525 ], [ 22.480366371951249, 44.948473881308352 ], [ 22.480630281283609, 44.9486752909513 ], [ 22.480644149729024, 44.948686465819094 ], [ 22.480900405709768, 44.948953068729075 ], [ 22.480921927506802, 44.948979229562077 ], [ 22.481110549627193, 44.949230846506858 ], [ 22.481199705284581, 44.949297145271167 ], [ 22.481477483062356, 44.949461918597059 ], [ 22.481560321461885, 44.949508624284633 ], [ 22.481755260840135, 44.949584020282593 ], [ 22.482033038617914, 44.949686898303383 ], [ 22.482310816395692, 44.94975059226379 ], [ 22.482588594173468, 44.949783044683997 ], [ 22.482602618707375, 44.949786402062408 ], [ 22.482866371951246, 44.949894447252348 ], [ 22.483010349679127, 44.95006417984019 ], [ 22.483105708074284, 44.950341957617965 ], [ 22.483144149729025, 44.95046119643267 ], [ 22.483197947805976, 44.950619735395748 ], [ 22.483278440033988, 44.950897513173523 ], [ 22.483245054547584, 44.951175290951298 ], [ 22.483230764974618, 44.95145306872908 ], [ 22.48327656864177, 44.951730846506855 ], [ 22.483421927506804, 44.951992645363035 ], [ 22.483435913479408, 44.952008624284638 ], [ 22.483699705284579, 44.952246804416092 ], [ 22.483757313908981, 44.952286402062413 ], [ 22.483977483062358, 44.952495644143404 ], [ 22.484059158123895, 44.952564179840188 ], [ 22.484241584147011, 44.95284195761797 ], [ 22.484255260840136, 44.952846136461027 ], [ 22.484533038617915, 44.952929409570231 ] ] } },
{ "type": "Feature", "properties": { "rank": 1, "lake_id": 1360316, "elevation_m": 800.0 }, "geometry": { "type": "LineString", "coordinates": [ [ 22.444013407648587, 44.955619735395743 ], [ 22.444255260840137, 44.955412744545391 ], [ 22.444322438467101, 44.955341957617968 ], [ 22.44447160577143, 44.955064179840193 ], [ 22.444321096011446, 44.95478640206241 ], [ 22.444255260840137, 44.95470166575447 ], [ 22.44409931396676, 44.954508624284635 ], [ 22.443977483062358, 44.954367598240999 ], [ 22.443866449293136, 44.954230846506853 ], [ 22.44391680706968, 44.953953068729085 ], [ 22.443977483062358, 44.953901029662568 ], [ 22.444255260840137, 44.953686522539321 ], [ 22.444274558159481, 44.953675290951303 ], [ 22.444533038617912, 44.953512208614448 ], [ 22.444718003457442, 44.953397513173527 ], [ 22.444810816395691, 44.953345981605324 ], [ 22.44508859417347, 44.953206833131659 ], [ 22.445261498605642, 44.953119735395745 ], [ 22.445366371951248, 44.953059237223947 ], [ 22.445644149729024, 44.952860694711383 ], [ 22.445662419720168, 44.95284195761797 ], [ 22.445870484244239, 44.952564179840188 ], [ 22.445921927506799, 44.952485090525677 ], [ 22.446025298819478, 44.952286402062413 ], [ 22.446160798598434, 44.95200862428463 ], [ 22.446167624284055, 44.951730846506855 ], [ 22.446134805218321, 44.95145306872908 ], [ 22.446050834668384, 44.951175290951298 ], [ 22.445921927506802, 44.951004092556893 ], [ 22.445664974391082, 44.950897513173523 ], [ 22.445644149729024, 44.950890601159713 ], [ 22.445366371951248, 44.950863003437711 ], [ 22.44508859417347, 44.950848237035977 ], [ 22.444810816395691, 44.950859257019097 ], [ 22.444533038617912, 44.950896581033327 ], [ 22.444527140275799, 44.950897513173523 ], [ 22.444255260840141, 44.950958120778566 ], [ 22.443977483062358, 44.951011804851454 ], [ 22.44369970528458, 44.951051068753145 ], [ 22.443421927506801, 44.951084942613925 ], [ 22.443144149729026, 44.951126257526745 ], [ 22.44293742843718, 44.951175290951291 ], [ 22.442866371951247, 44.951190770105228 ], [ 22.442588594173468, 44.95124476029499 ], [ 22.442310816395693, 44.95132302676253 ], [ 22.442040246398285, 44.95145306872908 ], [ 22.442033038617915, 44.951456687044931 ], [ 22.441755260840136, 44.951608235833419 ], [ 22.441477483062357, 44.951698399885494 ], [ 22.441199705284582, 44.951693697485915 ], [ 22.440921927506803, 44.95153375641074 ], [ 22.44084380228399, 44.95145306872908 ], [ 22.440737381046944, 44.951175290951298 ], [ 22.440717849245019, 44.950897513173523 ], [ 22.440648911183104, 44.950619735395748 ], [ 22.440644149729025, 44.95059383202647 ], [ 22.440616315730527, 44.950341957617965 ], [ 22.440644149729025, 44.950226221806112 ], [ 22.440713249473443, 44.95006417984019 ], [ 22.440860965629913, 44.949786402062415 ], [ 22.440921927506803, 44.949633345570376 ], [ 22.44101789065871, 44.949508624284633 ], [ 22.441184346092886, 44.949230846506858 ], [ 22.441199705284582, 44.94920631533364 ], [ 22.441328846599923, 44.948953068729075 ], [ 22.441477483062357, 44.94872708569914 ], [ 22.441509853113825, 44.9486752909513 ], [ 22.441670377115326, 44.948397513173525 ], [ 22.441755260840136, 44.948156865235212 ], [ 22.441769997718296, 44.948119735395743 ], [ 22.441847052774364, 44.947841957617968 ], [ 22.441813198286134, 44.947564179840192 ], [ 22.441755260840139, 44.947389937831694 ], [ 22.441719183932079, 44.94728640206241 ], [ 22.441695926421115, 44.947008624284635 ], [ 22.441755260840136, 44.946896950223902 ], [ 22.441867008828631, 44.94673084650686 ], [ 22.441937158540089, 44.946453068729078 ], [ 22.441755260840136, 44.946247382946282 ], [ 22.441631209304283, 44.946175290951302 ], [ 22.441477483062357, 44.946105028228317 ], [ 22.441199705284582, 44.946027766936517 ], [ 22.440921927506803, 44.946000254964289 ], [ 22.440644149729025, 44.945992939610605 ], [ 22.440366371951246, 44.946018879674547 ], [ 22.440088594173471, 44.946069519106956 ], [ 22.439810816395692, 44.946152338473453 ], [ 22.439732909285766, 44.946175290951302 ], [ 22.439533038617913, 44.946252704218239 ], [ 22.439255260840135, 44.946324057253904 ], [ 22.439068966458862, 44.946453068729078 ], [ 22.438977483062359, 44.946517291772132 ], [ 22.438699705284581, 44.946688288412275 ], [ 22.43867290745025, 44.94673084650686 ], [ 22.43856147086289, 44.947008624284635 ], [ 22.438421927506802, 44.947144885201105 ], [ 22.438144149729023, 44.947267778054787 ], [ 22.438059415951116, 44.94728640206241 ], [ 22.437866371951248, 44.947318594028395 ], [ 22.437588594173473, 44.947324993228747 ], [ 22.437310816395691, 44.947319986199744 ], [ 22.437033038617912, 44.947330013943407 ], [ 22.436755260840137, 44.947392420706649 ], [ 22.436564083549094, 44.947564179840192 ], [ 22.436755260840137, 44.947745544076838 ], [ 22.436813169758071, 44.947841957617968 ], [ 22.437001826607865, 44.948119735395743 ], [ 22.437033038617912, 44.948201752754699 ], [ 22.437108262844305, 44.948397513173525 ], [ 22.437210330921562, 44.9486752909513 ], [ 22.437231318075074, 44.948953068729075 ], [ 22.43729671736245, 44.949230846506858 ], [ 22.437033038617912, 44.949388528557776 ], [ 22.436755260840137, 44.949455931151761 ], [ 22.436477483062358, 44.949484852481348 ], [ 22.436329846037204, 44.949508624284633 ], [ 22.436199705284579, 44.949529571598958 ], [ 22.435921927506804, 44.94956388844431 ], [ 22.435644149729029, 44.949612081816106 ], [ 22.435366371951247, 44.949636920654328 ], [ 22.435088594173468, 44.949672450537726 ], [ 22.434810816395693, 44.949675028297982 ], [ 22.434533038617914, 44.949619123612933 ], [ 22.434255260840136, 44.94952559252426 ], [ 22.434214532912815, 44.949508624284633 ], [ 22.433977483062357, 44.949416793813342 ] ] } },
{ "type": "Feature", "properties": { "rank": 1, "lake_id": 1360316, "elevation_m": 800.0 }, "geometry": { "type": "LineString", "coordinates": [ [ 22.463358090780631, 44.920064179840189 ], [ 22.463144149729025, 44.920273738444251 ], [ 22.463069696157284, 44.920341957617964 ], [ 22.462891098101391, 44.920619735395746 ], [ 22.462866371951243, 44.920669526715074 ], [ 22.46275866696686, 44.920897513173522 ], [ 22.462658435528333, 44.921175290951304 ], [ 22.462622547560844, 44.921453068729079 ], [ 22.462588594173464, 44.921583994728394 ], [ 22.462545617547626, 44.921730846506854 ], [ 22.462469890997614, 44.922008624284636 ], [ 22.46244396976854, 44.922286402062412 ], [ 22.462445519595107, 44.922564179840187 ], [ 22.462460077499497, 44.922841957617969 ], [ 22.462493446417145, 44.923119735395744 ], [ 22.462552618444775, 44.923397513173526 ], [ 22.462588594173468, 44.923648947795421 ], [ 22.462592214348334, 44.923675290951302 ], [ 22.462628341300842, 44.92395306872907 ], [ 22.462737054675568, 44.924230846506859 ], [ 22.462842461297523, 44.924508624284634 ], [ 22.462866371951247, 44.924613807057483 ], [ 22.462891057802601, 44.924786402062409 ], [ 22.462908962308898, 44.925064179840192 ], [ 22.462934549744944, 44.925341957617967 ], [ 22.46303520896144, 44.925619735395742 ], [ 22.463144149729025, 44.925711040791519 ], [ 22.463421927506804, 44.925868840258374 ], [ 22.463467251603308, 44.925897513173524 ], [ 22.463699705284579, 44.926047758647336 ], [ 22.463891001792337, 44.926175290951299 ], [ 22.463977483062358, 44.926237190907869 ], [ 22.464255260840133, 44.926417198455781 ], [ 22.464315542143083, 44.926453068729082 ], [ 22.464533038617915, 44.9266151292437 ], [ 22.464699932569971, 44.926730846506857 ], [ 22.464810816395691, 44.92680884516561 ], [ 22.465088594173466, 44.927007245386271 ], [ 22.465090190745929, 44.927008624284639 ], [ 22.465366371951248, 44.92720202291752 ], [ 22.465479528875033, 44.927286402062414 ], [ 22.465644149729023, 44.927401993656275 ], [ 22.465907023944599, 44.927564179840189 ], [ 22.465921927506802, 44.927573273166168 ], [ 22.466199705284581, 44.927718557577109 ], [ 22.466414611552953, 44.927841957617964 ], [ 22.466477483062359, 44.927881285180717 ], [ 22.466755260840134, 44.928073414622489 ], [ 22.466821307875502, 44.92811973539574 ], [ 22.467011006899693, 44.928397513173522 ], [ 22.467033038617913, 44.928433198967362 ], [ 22.467217660130544, 44.928675290951304 ], [ 22.467310816395692, 44.928736276077835 ], [ 22.467588594173471, 44.928759240562961 ], [ 22.467866371951246, 44.928824907476468 ], [ 22.468136371048164, 44.928953068729079 ], [ 22.468144149729024, 44.92895968290668 ], [ 22.468331257674944, 44.929230846506854 ], [ 22.468421927506803, 44.929332790659309 ], [ 22.468565003792044, 44.929508624284637 ], [ 22.468661525519565, 44.929786402062412 ], [ 22.468699705284582, 44.929847557275096 ], [ 22.46888725825729, 44.930064179840187 ], [ 22.468944884125218, 44.930341957617969 ], [ 22.468971350062308, 44.930619735395744 ], [ 22.468977483062357, 44.930626429614563 ], [ 22.469255260840136, 44.930860895052774 ], [ 22.469293564143747, 44.93089751317352 ], [ 22.469533038617914, 44.931164613249848 ], [ 22.469542977556394, 44.931175290951302 ], [ 22.469758726773875, 44.931453068729077 ], [ 22.469810816395693, 44.931532304747186 ], [ 22.469952608686686, 44.931730846506859 ], [ 22.470088594173468, 44.931921828856531 ], [ 22.470160235333072, 44.932008624284634 ], [ 22.470334446401701, 44.93228640206241 ], [ 22.470366371951247, 44.932327508296112 ], [ 22.470575265949318, 44.932564179840192 ], [ 22.470644149729026, 44.932618702628012 ], [ 22.470921927506801, 44.932825647411597 ], [ 22.470941600671999, 44.932841957617967 ], [ 22.471199705284583, 44.933061830453994 ], [ 22.47128257640081, 44.933119735395742 ], [ 22.471477483062358, 44.933288594790717 ], [ 22.471658697764649, 44.933397513173524 ], [ 22.471755260840137, 44.93346198999788 ], [ 22.472033038617912, 44.933583691459887 ], [ 22.472289282310378, 44.9336752909513 ], [ 22.472310816395691, 44.933685096933317 ], [ 22.47258859417347, 44.933818826530228 ], [ 22.472866371951248, 44.933896887398618 ], [ 22.473005395913212, 44.933953068729082 ], [ 22.473144149729023, 44.934190307348423 ], [ 22.473153834267258, 44.934230846506857 ], [ 22.473339432389867, 44.934508624284632 ], [ 22.473421927506802, 44.93463332311596 ], [ 22.473554575402602, 44.934786402062414 ], [ 22.473699705284581, 44.934860328779408 ], [ 22.47397748306236, 44.934936359675682 ], [ 22.474255260840135, 44.934982118868497 ], [ 22.474533038617913, 44.935014575012524 ], [ 22.474810816395692, 44.93505545608334 ], [ 22.474873484304688, 44.93506417984019 ], [ 22.475088594173471, 44.935091087094854 ], [ 22.475365651905161, 44.93506417984019 ], [ 22.475366371951242, 44.935064050242723 ], [ 22.475644149729025, 44.934924474586154 ], [ 22.475853625385888, 44.934786402062414 ], [ 22.475921927506803, 44.93474336334635 ], [ 22.476199705284582, 44.934644776793142 ], [ 22.476477483062357, 44.934605358064964 ], [ 22.476755260840136, 44.934582432452991 ], [ 22.477033038617915, 44.934595573625778 ], [ 22.47731081639569, 44.934632107847101 ], [ 22.477588594173469, 44.934663717467252 ], [ 22.477866371951247, 44.9347057804085 ], [ 22.478144149729026, 44.934752773043208 ], [ 22.478264237192409, 44.934786402062414 ], [ 22.478421927506801, 44.934839057255964 ], [ 22.47869970528458, 44.934912368412164 ], [ 22.478977483062359, 44.934967670944587 ], [ 22.479255260840137, 44.935042871024827 ], [ 22.479323471133416, 44.93506417984019 ], [ 22.479424772049672, 44.935341957617965 ], [ 22.479255260840137, 44.935463917491965 ], [ 22.47908342899375, 44.935619735395747 ], [ 22.478977483062355, 44.935664073906715 ], [ 22.47869970528458, 44.935698545986433 ], [ 22.478421927506801, 44.935765449320606 ], [ 22.478219834942884, 44.935897513173522 ], [ 22.478144149729026, 44.935951034069952 ], [ 22.477866371951247, 44.936145511170032 ], [ 22.477824782455968, 44.936175290951297 ], [ 22.477588594173469, 44.936311535490923 ], [ 22.477414483732932, 44.93645306872908 ], [ 22.47731081639569, 44.936534169430118 ], [ 22.477082924554757, 44.936730846506855 ], [ 22.477033038617915, 44.936780353688377 ], [ 22.476840248501091, 44.937008624284637 ], [ 22.476755260840132, 44.937093630597339 ], [ 22.476488051079482, 44.937286402062412 ], [ 22.476477483062357, 44.937292311468745 ], [ 22.476199705284582, 44.937457022526615 ], [ 22.476043695662714, 44.937564179840187 ], [ 22.475921927506803, 44.93764686122551 ], [ 22.475644149729025, 44.937814421382626 ], [ 22.475556102930138, 44.93784195761797 ], [ 22.475366371951246, 44.937892543049536 ], [ 22.475088594173471, 44.937992206676512 ], [ 22.474924303531459, 44.938119735395745 ], [ 22.474810816395692, 44.938306029058865 ], [ 22.474758947156175, 44.93839751317352 ], [ 22.474740880113131, 44.938675290951302 ], [ 22.474731865613798, 44.938953068729077 ], [ 22.474745010559538, 44.93923084650686 ], [ 22.474734826170312, 44.939508624284635 ], [ 22.474766033330173, 44.93978640206241 ], [ 22.474729245089577, 44.940064179840192 ], [ 22.474778821799401, 44.940341957617967 ], [ 22.474808009577607, 44.940619735395742 ], [ 22.474810816395692, 44.940623526609301 ], [ 22.474995451473955, 44.940897513173525 ], [ 22.475088594173471, 44.941068487455709 ], [ 22.475138302255779, 44.941175290951293 ], [ 22.47525721206355, 44.941453068729082 ], [ 22.475200377433701, 44.941730846506857 ], [ 22.47512427417265, 44.942008624284632 ], [ 22.475127657771704, 44.942286402062408 ], [ 22.475173497697121, 44.94256417984019 ], [ 22.475276220584764, 44.942841957617965 ], [ 22.475366371951246, 44.942940709579133 ], [ 22.475495284665314, 44.943119735395747 ], [ 22.475644149729025, 44.943272799175382 ], [ 22.475729132394122, 44.943397513173522 ], [ 22.475921927506803, 44.943656400784747 ], [ 22.475935852430016, 44.943675290951298 ], [ 22.476199705284582, 44.943913956048775 ], [ 22.47624107954638, 44.94395306872908 ], [ 22.476477483062357, 44.944150594316582 ], [ 22.476609961447807, 44.944230846506855 ], [ 22.476755260840136, 44.944308704433766 ], [ 22.477033038617915, 44.944352876685684 ], [ 22.47731081639569, 44.94438824599137 ], [ 22.477588594173469, 44.944449799048321 ], [ 22.477796489614136, 44.944508624284637 ], [ 22.477866371951247, 44.944563849513187 ], [ 22.478014863642411, 44.944786402062412 ], [ 22.478014685549851, 44.945064179840188 ], [ 22.478144149729026, 44.945322522889931 ], [ 22.478160313267427, 44.945341957617963 ], [ 22.478421927506801, 44.945498803342666 ], [ 22.47860710780483, 44.945619735395745 ], [ 22.478648969358456, 44.94589751317352 ], [ 22.478658976514257, 44.946175290951302 ], [ 22.47869970528458, 44.94629896906963 ], [ 22.478748838596204, 44.946453068729078 ], [ 22.478977483062359, 44.946691774566958 ], [ 22.479013952751519, 44.94673084650686 ], [ 22.479255260840137, 44.946899088780299 ], [ 22.479469472536497, 44.947008624284635 ], [ 22.479533038617912, 44.947035257671601 ], [ 22.479810816395691, 44.947119394095743 ], [ 22.48008859417347, 44.947210165951823 ], [ 22.480265931852649, 44.94728640206241 ], [ 22.480366371951249, 44.947363547947404 ], [ 22.480559915870348, 44.947564179840192 ], [ 22.480644149729024, 44.947683285501824 ], [ 22.480784498596527, 44.947841957617968 ], [ 22.480921927506802, 44.947994509752725 ], [ 22.481026718308581, 44.948119735395736 ], [ 22.481199705284581, 44.94831614696146 ], [ 22.481248901617651, 44.948397513173525 ], [ 22.481389405509695, 44.9486752909513 ], [ 22.48147748306236, 44.948800165034896 ], [ 22.481592479559424, 44.948953068729075 ], [ 22.481755260840135, 44.949101170437672 ], [ 22.481945783090936, 44.949230846506858 ], [ 22.482033038617914, 44.949275038215184 ], [ 22.482310816395692, 44.949356458593847 ], [ 22.482588594173468, 44.949356033782429 ], [ 22.482866371951246, 44.949348620334369 ], [ 22.483144149729025, 44.949453624616432 ], [ 22.483273809607688, 44.94950862428464 ], [ 22.483421927506804, 44.949593411238531 ], [ 22.483594240413041, 44.949786402062415 ], [ 22.483663836484567, 44.95006417984019 ], [ 22.483699705284579, 44.950231740926768 ], [ 22.483720712803699, 44.950341957617965 ], [ 22.483736590616875, 44.950619735395755 ], [ 22.483745265533315, 44.950897513173523 ], [ 22.483738082191763, 44.951175290951305 ], [ 22.483699705284579, 44.951385490326004 ], [ 22.483687157643121, 44.95145306872908 ], [ 22.483699705284579, 44.951493227201347 ], [ 22.483830703002013, 44.951730846506855 ], [ 22.483977483062358, 44.951840033746713 ], [ 22.484159872506556, 44.952008624284638 ], [ 22.484255260840136, 44.952087319398125 ], [ 22.484438208342588, 44.952286402062413 ], [ 22.484533038617915, 44.952369804842192 ] ] } },
{ "type": "Feature", "properties": { "rank": 1, "lake_id": 1360316, "elevation_m": 850.0 }, "geometry": { "type": "LineString", "coordinates": [ [ 22.443206736709339, 44.955619735395743 ], [ 22.443342964666378, 44.955341957617968 ], [ 22.443415274183305, 44.955064179840193 ], [ 22.443247250644514, 44.95478640206241 ], [ 22.443144149729026, 44.95466896758488 ], [ 22.442959558776192, 44.954508624284635 ], [ 22.442962597878356, 44.954230846506853 ], [ 22.442923125284331, 44.953953068729078 ], [ 22.442982490833231, 44.953675290951303 ], [ 22.443144149729026, 44.953445763777275 ], [ 22.44319039087387, 44.95339751317352 ], [ 22.443421927506801, 44.953243572715955 ], [ 22.443544334665312, 44.953119735395745 ], [ 22.44369970528458, 44.952993677210721 ], [ 22.443977483062358, 44.95286342605128 ], [ 22.444036627975169, 44.95284195761797 ], [ 22.444255260840137, 44.952736480475608 ], [ 22.444533038617912, 44.952571269536442 ], [ 22.444541384040409, 44.952564179840188 ], [ 22.44480481401401, 44.952286402062413 ], [ 22.444810816395691, 44.952278340138207 ], [ 22.445071025286992, 44.952008624284638 ], [ 22.445088594173473, 44.951962686206507 ], [ 22.445185141842288, 44.951730846506855 ], [ 22.44508859417347, 44.951673982372199 ], [ 22.444810816395691, 44.951651154443482 ], [ 22.444533038617912, 44.95167348125981 ], [ 22.444255260840137, 44.951701008259853 ], [ 22.443977483062358, 44.951716452820357 ], [ 22.443772807262203, 44.951730846506855 ], [ 22.443699705284576, 44.951736717942929 ], [ 22.443421927506805, 44.951785804566811 ], [ 22.443144149729026, 44.951839202429774 ], [ 22.442866371951247, 44.951934218482521 ], [ 22.442724757042964, 44.952008624284638 ], [ 22.442588594173468, 44.952063566407212 ], [ 22.442310816395693, 44.952158958478115 ], [ 22.442033038617915, 44.952266759860329 ], [ 22.441984841104645, 44.952286402062413 ], [ 22.441755260840136, 44.952360637298462 ], [ 22.441477483062357, 44.952423429145561 ], [ 22.441199705284582, 44.952504187351721 ], [ 22.44092753061696, 44.952564179840188 ], [ 22.440921927506803, 44.952565745469563 ], [ 22.440644149729025, 44.952581073835901 ], [ 22.440593890362813, 44.952564179840195 ], [ 22.440371194558065, 44.952286402062413 ], [ 22.440366371951246, 44.952282820686968 ], [ 22.440088594173471, 44.952090035727913 ], [ 22.43999695219896, 44.952008624284638 ], [ 22.44000111939495, 44.951730846506862 ], [ 22.440088594173471, 44.951506095077001 ], [ 22.440100880105671, 44.95145306872908 ], [ 22.440115410073737, 44.951175290951298 ], [ 22.440088594173471, 44.950950597882454 ], [ 22.440076720995709, 44.950897513173523 ], [ 22.440088594173471, 44.950842468227805 ], [ 22.44010773459107, 44.950619735395748 ], [ 22.44013442919665, 44.950341957617965 ], [ 22.440197839689233, 44.95006417984019 ], [ 22.440333089050476, 44.949786402062415 ], [ 22.440366371951246, 44.949716381153905 ], [ 22.44044581156826, 44.949508624284633 ], [ 22.440501468593542, 44.949230846506858 ], [ 22.440554872268926, 44.948953068729075 ], [ 22.440615489738281, 44.9486752909513 ], [ 22.440644149729025, 44.948563354585865 ], [ 22.440697438107065, 44.948397513173525 ], [ 22.440781761497831, 44.948119735395743 ], [ 22.440783195888706, 44.947841957617968 ], [ 22.440831159820632, 44.947564179840185 ], [ 22.440871566169857, 44.94728640206241 ], [ 22.440766703906871, 44.947008624284635 ], [ 22.440644149729025, 44.946904074228279 ], [ 22.440366371951242, 44.946854329467428 ], [ 22.440088594173471, 44.946928921977047 ], [ 22.439891047339319, 44.947008624284642 ], [ 22.439810816395692, 44.947049513184581 ], [ 22.439545138657827, 44.94728640206241 ], [ 22.439533038617913, 44.947292570292618 ], [ 22.439255260840135, 44.947504054982538 ], [ 22.439160464552604, 44.947564179840192 ], [ 22.438977483062359, 44.947658063486458 ], [ 22.438699705284581, 44.947814020983522 ], [ 22.438613197421159, 44.947841957617968 ], [ 22.438421927506802, 44.94788769865805 ], [ 22.438144149729023, 44.947930024442122 ], [ 22.437866371951248, 44.948049230584623 ], [ 22.437818576703002, 44.948119735395743 ], [ 22.437866371951252, 44.948284795294761 ], [ 22.437892770225336, 44.948397513173525 ], [ 22.437953513502887, 44.9486752909513 ], [ 22.438144149729023, 44.948904208467823 ], [ 22.438193851883057, 44.948953068729075 ], [ 22.438266066533217, 44.949230846506858 ], [ 22.438195053592096, 44.949508624284633 ], [ 22.438144149729023, 44.949590457004575 ], [ 22.437950749638581, 44.949786402062415 ], [ 22.437866371951245, 44.949857436336416 ], [ 22.43761309254619, 44.95006417984019 ], [ 22.437588594173469, 44.950080384904851 ], [ 22.437310816395691, 44.950213658721765 ], [ 22.437033038617912, 44.950275278121097 ], [ 22.436755260840137, 44.950288289890118 ], [ 22.436477483062358, 44.950237830486472 ], [ 22.436199705284583, 44.950191508470802 ], [ 22.435921927506804, 44.950208439361589 ], [ 22.435644149729026, 44.950274233534373 ], [ 22.435499445578998, 44.950341957617965 ], [ 22.435366371951247, 44.950392323901234 ], [ 22.435088594173468, 44.950466710894588 ], [ 22.434810816395693, 44.950475055400112 ], [ 22.434533038617914, 44.950427355599523 ], [ 22.434259836995849, 44.950341957617965 ], [ 22.434255260840136, 44.950340091283969 ], [ 22.433977483062357, 44.950241733192982 ] ] } },
{ "type": "Feature", "properties": { "rank": 1, "lake_id": 1360316, "elevation_m": 850.0 }, "geometry": { "type": "LineString", "coordinates": [ [ 22.463608855513655, 44.920064179840189 ], [ 22.463421927506804, 44.920251904978734 ], [ 22.463329904053548, 44.920341957617964 ], [ 22.463216724634474, 44.920619735395739 ], [ 22.463144149729025, 44.920827998371372 ], [ 22.463119715642584, 44.920897513173522 ], [ 22.463009989741195, 44.921175290951304 ], [ 22.462953446318298, 44.921453068729079 ], [ 22.462880783717413, 44.921730846506854 ], [ 22.462866371951247, 44.92177326770372 ], [ 22.462784957023345, 44.922008624284636 ], [ 22.462739832715211, 44.922286402062412 ], [ 22.462756400226677, 44.922564179840187 ], [ 22.46281724102737, 44.922841957617969 ], [ 22.46286637195125, 44.922989772180344 ], [ 22.462913630846696, 44.923119735395744 ], [ 22.463020357869457, 44.923397513173526 ], [ 22.463095028858913, 44.923675290951302 ], [ 22.463144149729025, 44.923873800373968 ], [ 22.463161509566262, 44.923953068729077 ], [ 22.463190439464451, 44.924230846506859 ], [ 22.46321362121083, 44.924508624284634 ], [ 22.463246208611544, 44.924786402062409 ], [ 22.463279062950694, 44.925064179840192 ], [ 22.463317116961711, 44.925341957617967 ], [ 22.463421927506804, 44.925539207625413 ], [ 22.463474214933893, 44.925619735395742 ], [ 22.463699705284576, 44.92576446733834 ], [ 22.463894925474783, 44.925897513173524 ], [ 22.463977483062358, 44.925953802100324 ], [ 22.464255260840137, 44.926094592252952 ], [ 22.46447221672776, 44.926175290951299 ], [ 22.464533038617915, 44.926204970607436 ], [ 22.464810816395691, 44.926330450357277 ], [ 22.465088594173469, 44.926452608513245 ], [ 22.465089054113839, 44.926453068729082 ], [ 22.465363281487694, 44.926730846506857 ], [ 22.465366371951248, 44.926733483039492 ], [ 22.465644149729023, 44.926976889360617 ], [ 22.46570440963572, 44.927008624284632 ], [ 22.465921927506802, 44.9271043494116 ], [ 22.466199705284581, 44.927192523591643 ], [ 22.466422682726801, 44.927286402062414 ], [ 22.466477483062359, 44.927310552747301 ], [ 22.466755260840134, 44.927442133411702 ], [ 22.467033038617913, 44.927521315497948 ], [ 22.467188025322734, 44.927564179840189 ], [ 22.467310816395692, 44.927596591899096 ], [ 22.467588594173471, 44.927722833328517 ], [ 22.467768812601015, 44.927841957617964 ], [ 22.467866371951246, 44.927940522615607 ], [ 22.468144149729024, 44.928016471087162 ], [ 22.468421927506803, 44.928085990775251 ], [ 22.4685747446375, 44.928119735395747 ], [ 22.468699705284582, 44.928162871994978 ], [ 22.468977483062361, 44.928376317094553 ], [ 22.46899410798035, 44.928397513173515 ], [ 22.469128322147345, 44.928675290951304 ], [ 22.469115676559415, 44.928953068729079 ], [ 22.469255260840136, 44.929119485414091 ], [ 22.469343827905746, 44.929230846506854 ], [ 22.469533038617914, 44.929473075155201 ], [ 22.469571408415661, 44.929508624284637 ], [ 22.46981081639569, 44.92975741138531 ], [ 22.46983249715711, 44.929786402062412 ], [ 22.470036156243104, 44.930064179840187 ], [ 22.470088594173468, 44.930115350779872 ], [ 22.470366371951247, 44.930287854122248 ], [ 22.470545059308581, 44.930341957617969 ], [ 22.470644149729026, 44.930385900360839 ], [ 22.470921927506801, 44.930547069196159 ], [ 22.471000871522627, 44.930619735395744 ], [ 22.47119970528458, 44.9307960322664 ], [ 22.471317334198147, 44.93089751317352 ], [ 22.471477483062358, 44.93099706662116 ], [ 22.471755260840137, 44.931136520481424 ], [ 22.471804774730089, 44.931175290951302 ], [ 22.472033038617912, 44.931434872768705 ], [ 22.472055001748849, 44.931453068729077 ], [ 22.472227340476948, 44.931730846506859 ], [ 22.472310816395691, 44.931842857822183 ], [ 22.472486258526118, 44.932008624284634 ], [ 22.47258859417347, 44.932095993282424 ], [ 22.472866371951248, 44.93216315056803 ], [ 22.473144149729023, 44.932187756935157 ], [ 22.473421927506802, 44.932218144072337 ], [ 22.473699705284584, 44.932266315100257 ], [ 22.473771259329318, 44.932286402062402 ], [ 22.47397748306236, 44.932361692026447 ], [ 22.474255260840135, 44.932452743876709 ], [ 22.474495857738141, 44.932564179840192 ], [ 22.474533038617913, 44.932583305119998 ], [ 22.474810508535583, 44.932841957617967 ], [ 22.474810816395692, 44.932842378845059 ], [ 22.474886010393597, 44.933119735395742 ], [ 22.474915201309813, 44.933397513173524 ], [ 22.475064722322472, 44.9336752909513 ], [ 22.475088594173471, 44.933690914643584 ], [ 22.475366371951246, 44.933792529401593 ], [ 22.475644149729025, 44.933833457569854 ], [ 22.475921927506803, 44.933849932796072 ], [ 22.476199705284582, 44.933859116342134 ], [ 22.476477483062357, 44.933848724198839 ], [ 22.476755260840136, 44.93384682391877 ], [ 22.477033038617915, 44.933867581310167 ], [ 22.477310816395686, 44.933906965886486 ], [ 22.477588594173469, 44.933951190297655 ], [ 22.477605346557482, 44.933953068729082 ], [ 22.477866371951247, 44.933993116803535 ], [ 22.478144149729026, 44.934021088803156 ], [ 22.478421927506801, 44.93404665413118 ], [ 22.47869970528458, 44.934077271093756 ], [ 22.478977483062359, 44.934087281854374 ], [ 22.479255260840137, 44.93409631012868 ], [ 22.479533038617912, 44.934130879562503 ], [ 22.479810816395688, 44.934157134701408 ], [ 22.48008859417347, 44.934193807968185 ], [ 22.480230951890523, 44.934230846506857 ], [ 22.480366371951249, 44.934271312184933 ], [ 22.480644149729024, 44.93434635416957 ], [ 22.480921927506802, 44.934424295311757 ], [ 22.481199705284581, 44.93449029962553 ], [ 22.481283117649522, 44.934508624284632 ], [ 22.48147748306236, 44.93455815995442 ], [ 22.481755260840135, 44.934605112522952 ], [ 22.482033038617914, 44.934653192756329 ], [ 22.482310816395696, 44.934720917939721 ], [ 22.482567022506682, 44.934786402062414 ], [ 22.482588594173468, 44.934801360079 ], [ 22.482829523764433, 44.93506417984019 ], [ 22.482866371951246, 44.935153071970362 ], [ 22.483144149729025, 44.9353026262512 ], [ 22.483168687240749, 44.935341957617965 ], [ 22.483144149729025, 44.935349735849478 ], [ 22.482866371951246, 44.935415577133611 ], [ 22.482588594173468, 44.935539108625498 ], [ 22.482430314350637, 44.935619735395747 ], [ 22.482310816395692, 44.935670393581582 ], [ 22.482033038617914, 44.935786128863448 ], [ 22.481818959816685, 44.935897513173522 ], [ 22.481755260840135, 44.935912594635695 ], [ 22.48147748306236, 44.935965551644003 ], [ 22.481199705284581, 44.936005097049254 ], [ 22.480921927506802, 44.936031742563486 ], [ 22.480644149729024, 44.936091499407702 ], [ 22.480384397483885, 44.936175290951297 ], [ 22.480366371951249, 44.936180160504563 ], [ 22.48008859417347, 44.936294546241655 ], [ 22.479890742437735, 44.93645306872908 ], [ 22.479810816395691, 44.936520545360402 ], [ 22.479533038617912, 44.936671915151678 ], [ 22.47932154812062, 44.936730846506855 ], [ 22.479255260840137, 44.936755799929777 ], [ 22.478977483062359, 44.936830359160766 ], [ 22.47869970528458, 44.936853858430155 ], [ 22.478421927506801, 44.936890285514501 ], [ 22.478144149729026, 44.936956017732747 ], [ 22.478032730862033, 44.937008624284637 ], [ 22.477866371951247, 44.937110961086852 ], [ 22.477675296471496, 44.937286402062412 ], [ 22.477588594173472, 44.93734631703537 ], [ 22.477323767520033, 44.937564179840187 ], [ 22.477310816395686, 44.937577569084425 ], [ 22.477033038617915, 44.937798346769149 ], [ 22.476950884981047, 44.93784195761797 ], [ 22.476755260840136, 44.937926806485116 ], [ 22.476477483062357, 44.938034739344403 ], [ 22.47632277577312, 44.938119735395745 ], [ 22.476199705284582, 44.938209935349285 ], [ 22.475933873277892, 44.93839751317352 ], [ 22.475921927506803, 44.938406726073474 ], [ 22.475662649347981, 44.938675290951302 ], [ 22.475644149729025, 44.938800475612837 ], [ 22.475625158465533, 44.938953068729077 ], [ 22.475644149729025, 44.939041887983393 ], [ 22.475695165898291, 44.93923084650686 ], [ 22.475714641231299, 44.939508624284635 ], [ 22.475806284361653, 44.93978640206241 ], [ 22.475838710913639, 44.940064179840192 ], [ 22.475871900236115, 44.940341957617967 ], [ 22.475921927506803, 44.940455140187808 ], [ 22.476002795219912, 44.940619735395742 ], [ 22.476021082970025, 44.940897513173525 ], [ 22.476199705284582, 44.941102948482516 ], [ 22.476239696347349, 44.941175290951293 ], [ 22.476326195900594, 44.941453068729082 ], [ 22.476301548521935, 44.941730846506857 ], [ 22.476305370973762, 44.942008624284632 ], [ 22.476254202860375, 44.942286402062415 ], [ 22.476307806075283, 44.942564179840197 ], [ 22.476412832899644, 44.942841957617965 ], [ 22.476381927276154, 44.943119735395747 ], [ 22.476401901133702, 44.943397513173522 ], [ 22.476477483062357, 44.943529937125057 ], [ 22.476572779358019, 44.943675290951298 ], [ 22.476755260840136, 44.943821656483394 ], [ 22.477014079496108, 44.94395306872908 ], [ 22.477033038617915, 44.943957833191725 ], [ 22.47731081639569, 44.943968624305896 ], [ 22.477588594173469, 44.943994117407676 ], [ 22.477866371951247, 44.944022105082453 ], [ 22.478144149729026, 44.944065640098785 ], [ 22.478421927506805, 44.944160887433981 ], [ 22.478557887791084, 44.944230846506855 ], [ 22.47869970528458, 44.944369329015736 ], [ 22.478814822459061, 44.944508624284637 ], [ 22.478938543324933, 44.944786402062412 ], [ 22.478977483062359, 44.944861148304767 ], [ 22.479072190765997, 44.945064179840188 ], [ 22.479255260840137, 44.945258564484313 ], [ 22.479383198540042, 44.94534195761797 ], [ 22.47949989355681, 44.945619735395745 ], [ 22.479533038617909, 44.945770437511939 ], [ 22.479583731839639, 44.94589751317352 ], [ 22.479533038617912, 44.946138217052322 ], [ 22.479527821951187, 44.946175290951302 ], [ 22.479533038617912, 44.946186503569635 ], [ 22.479726961765209, 44.946453068729078 ], [ 22.479810816395691, 44.946497167751708 ], [ 22.48008859417347, 44.946617015347691 ], [ 22.480366371951245, 44.946725977880554 ], [ 22.480376882730386, 44.94673084650686 ], [ 22.480644149729024, 44.94687784196384 ], [ 22.4808397867507, 44.947008624284635 ], [ 22.480921927506802, 44.947062860945614 ], [ 22.481199705284581, 44.947269319361304 ], [ 22.481213293491567, 44.947286402062417 ], [ 22.48139129801984, 44.947564179840192 ], [ 22.48147748306236, 44.947672283306879 ], [ 22.481627736450662, 44.947841957617968 ], [ 22.481755260840135, 44.948043668863491 ], [ 22.481805780687907, 44.948119735395743 ], [ 22.481920249791141, 44.948397513173525 ], [ 22.482033038617914, 44.948558365582734 ], [ 22.48216709464635, 44.9486752909513 ], [ 22.482310816395692, 44.948764299837492 ], [ 22.482588594173468, 44.948858941242065 ], [ 22.482866371951246, 44.948904304495734 ], [ 22.483094702432474, 44.948953068729075 ], [ 22.483144149729025, 44.948965825685448 ], [ 22.483421927506804, 44.948954831967313 ], [ 22.483441166351948, 44.948953068729075 ], [ 22.483699705284579, 44.948933237381759 ], [ 22.483756227130154, 44.948953068729075 ], [ 22.483977483062358, 44.949120693225169 ], [ 22.48407163626689, 44.94923084650685 ], [ 22.484200402368501, 44.949508624284633 ], [ 22.484255260840136, 44.949672642118671 ], [ 22.484291258806802, 44.949786402062415 ], [ 22.484361794021485, 44.95006417984019 ], [ 22.484330342449709, 44.950341957617965 ], [ 22.484307132853743, 44.950619735395755 ], [ 22.48425584129096, 44.950897513173516 ], [ 22.484285716318119, 44.951175290951305 ], [ 22.48441264942949, 44.95145306872908 ], [ 22.484533038617919, 44.951721187935085 ] ] } },
{ "type": "Feature", "properties": { "rank": 1, "lake_id": 1360316, "elevation_m": 900.0 }, "geometry": { "type": "LineString", "coordinates": [ [ 22.441900870715475, 44.955619735395743 ], [ 22.442033038617915, 44.955405086144545 ], [ 22.442094002825353, 44.955341957617968 ], [ 22.44204837726722, 44.955064179840193 ], [ 22.442033038617915, 44.955041878735933 ], [ 22.441908080523877, 44.95478640206241 ], [ 22.44183935565902, 44.954508624284635 ], [ 22.44190794981666, 44.954230846506853 ], [ 22.441887592475947, 44.953953068729078 ], [ 22.441755260840132, 44.953695350055533 ], [ 22.441713774028145, 44.953675290951303 ], [ 22.441477483062357, 44.953572806643905 ], [ 22.441199705284582, 44.953548293184973 ], [ 22.440921927506803, 44.953530524715497 ], [ 22.440644149729025, 44.953481827200783 ], [ 22.440366371951246, 44.953425160363537 ], [ 22.44016300606642, 44.95339751317352 ], [ 22.440088594173471, 44.953379524990488 ], [ 22.439810816395692, 44.953172148521475 ], [ 22.439767234051445, 44.953119735395745 ], [ 22.439591387219959, 44.95284195761797 ], [ 22.439533038617913, 44.952771959954433 ], [ 22.439308818139846, 44.952564179840188 ], [ 22.439255260840135, 44.952526760402328 ], [ 22.438977483062359, 44.952344993229282 ], [ 22.43889910245208, 44.95228640206242 ], [ 22.438699705284581, 44.952024980442367 ], [ 22.438690232877981, 44.952008624284638 ], [ 22.438699705284581, 44.951970197121177 ], [ 22.438785230793265, 44.951730846506855 ], [ 22.438825478496575, 44.95145306872908 ], [ 22.438896032686873, 44.951175290951298 ], [ 22.438769054487572, 44.950897513173523 ], [ 22.438714478907954, 44.950619735395748 ], [ 22.438699705284581, 44.950601254399189 ], [ 22.438421927506802, 44.950486080544366 ], [ 22.438144149729023, 44.950510843836106 ], [ 22.437866371951248, 44.950609649422013 ], [ 22.437845173762586, 44.950619735395748 ], [ 22.437588594173469, 44.95074883337908 ], [ 22.437310816395691, 44.950830481973441 ], [ 22.437033038617912, 44.950859802589584 ], [ 22.436755260840137, 44.950847799650163 ], [ 22.436477483062358, 44.950814070019398 ], [ 22.436199705284579, 44.950803948714331 ], [ 22.435921927506804, 44.950849825464765 ], [ 22.435823599492494, 44.950897513173523 ], [ 22.435644149729026, 44.950991914339838 ], [ 22.435387223063351, 44.951175290951291 ], [ 22.435366371951247, 44.951189520709839 ], [ 22.435302640256388, 44.951175290951298 ], [ 22.435088594173468, 44.951136136701223 ], [ 22.434810816395693, 44.951102520330117 ], [ 22.434533038617914, 44.951057611415081 ], [ 22.434255260840136, 44.951029206825496 ], [ 22.433977483062357, 44.950968080537294 ] ] } },
{ "type": "Feature", "properties": { "rank": 1, "lake_id": 1360316, "elevation_m": 900.0 }, "geometry": { "type": "LineString", "coordinates": [ [ 22.442160848378577, 44.95284195761797 ], [ 22.442310816395693, 44.953032784390729 ], [ 22.442588594173468, 44.953048714546256 ], [ 22.442866371951247, 44.952934706647369 ], [ 22.443144149729026, 44.952855218258364 ], [ 22.443161192835333, 44.95284195761797 ], [ 22.443144149729026, 44.95278642417518 ], [ 22.442866371951247, 44.952651258918841 ], [ 22.442588594173468, 44.95263836293244 ], [ 22.442310816395693, 44.952727328843025 ], [ 22.442160848378577, 44.95284195761797 ] ] } },
{ "type": "Feature", "properties": { "rank": 1, "lake_id": 1360316, "elevation_m": 900.0 }, "geometry": { "type": "LineString", "coordinates": [ [ 22.439484644178101, 44.949230846506858 ], [ 22.439533038617913, 44.949284415714871 ], [ 22.439810816395692, 44.949251011955425 ], [ 22.439824647334696, 44.949230846506858 ], [ 22.439957039180896, 44.948953068729075 ], [ 22.439924390806194, 44.9486752909513 ], [ 22.439810816395692, 44.948468823333812 ], [ 22.439723531551834, 44.948397513173525 ], [ 22.439533038617913, 44.948297124494133 ], [ 22.439255260840135, 44.948274165852908 ], [ 22.438977483062359, 44.948367141028662 ], [ 22.438924237762308, 44.948397513173525 ], [ 22.438977483062359, 44.948477771761404 ], [ 22.439088382025705, 44.9486752909513 ], [ 22.439255260840135, 44.948916274075131 ], [ 22.439292045490209, 44.948953068729075 ], [ 22.439484644178101, 44.949230846506858 ] ] } },
{ "type": "Feature", "properties": { "rank": 1, "lake_id": 1360316, "elevation_m": 900.0 }, "geometry": { "type": "LineString", "coordinates": [ [ 22.484533038617915, 44.937022046571215 ], [ 22.484255260840133, 44.937099562822887 ], [ 22.483977483062358, 44.937089918705333 ], [ 22.483802740938916, 44.937008624284637 ], [ 22.483699705284579, 44.936976016031934 ], [ 22.483421927506804, 44.936909140026032 ], [ 22.483144149729025, 44.936844075560117 ], [ 22.482866371951246, 44.936768735239475 ], [ 22.482747490258021, 44.936730846506855 ], [ 22.482588594173468, 44.936684548573503 ], [ 22.482310816395692, 44.936668973274408 ], [ 22.482033038617914, 44.936697110921045 ], [ 22.481755260840135, 44.936717625523649 ], [ 22.48147748306236, 44.936716196464204 ], [ 22.481318547336386, 44.936730846506855 ], [ 22.481199705284581, 44.936742201504181 ], [ 22.480921927506802, 44.936829676426314 ], [ 22.480644149729024, 44.936986421475481 ], [ 22.480618840639178, 44.937008624284637 ], [ 22.480366371951249, 44.937280509872728 ], [ 22.480358012620293, 44.937286402062412 ], [ 22.48008859417347, 44.937453288139167 ], [ 22.47997281567611, 44.937564179840187 ], [ 22.479810816395691, 44.93775525226075 ], [ 22.479533038617912, 44.937833769302173 ], [ 22.479255260840137, 44.93781036629656 ], [ 22.478977483062359, 44.937760074898669 ], [ 22.47869970528458, 44.937712080356789 ], [ 22.478421927506801, 44.937698986923571 ], [ 22.478144149729026, 44.937810841261047 ], [ 22.478098327131551, 44.93784195761797 ], [ 22.477866371951247, 44.937984720079839 ], [ 22.477639441470341, 44.938119735395745 ], [ 22.477588594173469, 44.93816721124432 ], [ 22.477356786823719, 44.93839751317352 ], [ 22.47731081639569, 44.938420466609401 ], [ 22.477033038617915, 44.938490304861077 ], [ 22.476755260840136, 44.938539191185441 ], [ 22.476484880139985, 44.938675290951302 ], [ 22.476504803537789, 44.93895306872907 ], [ 22.476545002920062, 44.93923084650686 ], [ 22.476618991440283, 44.939508624284635 ], [ 22.476750862782129, 44.93978640206241 ], [ 22.476755260840136, 44.939799172502362 ], [ 22.476830984883932, 44.940064179840192 ], [ 22.4768802983508, 44.940341957617967 ], [ 22.477015636651501, 44.940619735395742 ], [ 22.477033038617915, 44.940676810563623 ], [ 22.477092712373249, 44.940897513173525 ], [ 22.47731081639569, 44.941159560395498 ], [ 22.477322342825548, 44.9411752909513 ], [ 22.477377629289983, 44.941453068729082 ], [ 22.477430390787553, 44.94173084650685 ], [ 22.477456587297521, 44.942008624284632 ], [ 22.477390579738262, 44.942286402062415 ], [ 22.477349910837908, 44.94256417984019 ], [ 22.477317218891336, 44.942841957617958 ], [ 22.477424548842478, 44.943119735395747 ], [ 22.477588594173469, 44.943342410097742 ], [ 22.477636314290301, 44.943397513173522 ], [ 22.477866371951247, 44.943513728687179 ], [ 22.478144149729026, 44.94358395090412 ], [ 22.478421927506805, 44.943628464735852 ], [ 22.478615164789186, 44.943675290951298 ], [ 22.47869970528458, 44.943697173484189 ], [ 22.478977483062359, 44.943827913911711 ], [ 22.479191077010185, 44.94395306872908 ], [ 22.479255260840137, 44.944012344401926 ], [ 22.479452673367806, 44.944230846506855 ], [ 22.479533038617912, 44.944382194088327 ], [ 22.479606467975195, 44.944508624284637 ], [ 22.479801987551763, 44.944786402062412 ], [ 22.479810816395691, 44.944799429505736 ], [ 22.479979332267558, 44.945064179840188 ], [ 22.48008859417347, 44.945152425412161 ], [ 22.480265187561336, 44.94534195761797 ], [ 22.480366371951249, 44.945583983502004 ], [ 22.480391179595355, 44.945619735395745 ], [ 22.480590682071981, 44.94589751317352 ], [ 22.480644149729024, 44.946065680725347 ], [ 22.48067376671538, 44.946175290951302 ], [ 22.480913942576066, 44.946453068729078 ], [ 22.480921927506802, 44.946457215210437 ], [ 22.481199705284578, 44.946605733210561 ], [ 22.48139546603068, 44.94673084650686 ], [ 22.48147748306236, 44.946791009010745 ], [ 22.481755260840135, 44.946992659767268 ], [ 22.481773951945033, 44.947008624284635 ], [ 22.481887875976231, 44.94728640206241 ], [ 22.482033038617917, 44.947477004922703 ], [ 22.482117989668303, 44.947564179840192 ], [ 22.482310816395692, 44.947756319902851 ], [ 22.482392460987114, 44.947841957617968 ], [ 22.482588594173468, 44.948005512273994 ], [ 22.482713421037428, 44.948119735395743 ], [ 22.482866371951246, 44.94832256509909 ], [ 22.483000045262944, 44.948397513173525 ], [ 22.483144149729025, 44.948446999883089 ], [ 22.483421927506804, 44.948471551496908 ], [ 22.483699705284579, 44.948458087637654 ], [ 22.483977483062358, 44.948420741004725 ], [ 22.484255260840136, 44.948418397691874 ], [ 22.484533038617915, 44.948476620086232 ] ] } },
{ "type": "Feature", "properties": { "rank": 1, "lake_id": 1360316, "elevation_m": 900.0 }, "geometry": { "type": "LineString", "coordinates": [ [ 22.464724614539094, 44.920064179840189 ], [ 22.464533038617915, 44.920197897644918 ], [ 22.46425526084014, 44.920141647956001 ], [ 22.463977483062358, 44.920074224030351 ], [ 22.463699705284579, 44.920299249013731 ], [ 22.46365725954978, 44.920341957617964 ], [ 22.463665696850143, 44.920619735395746 ], [ 22.463602660150958, 44.920897513173522 ], [ 22.463428958262554, 44.921175290951304 ], [ 22.463421927506804, 44.921186084657627 ], [ 22.463310555563964, 44.921453068729079 ], [ 22.463187361088398, 44.921730846506847 ], [ 22.463144149729025, 44.921815054041545 ], [ 22.463067771822743, 44.922008624284636 ], [ 22.463016515837317, 44.922286402062412 ], [ 22.463106939554265, 44.922564179840187 ], [ 22.463144149729025, 44.922659455656657 ], [ 22.463239420333217, 44.922841957617969 ], [ 22.463324384361357, 44.923119735395744 ], [ 22.463401443589564, 44.923397513173526 ], [ 22.463421927506804, 44.923463399231288 ], [ 22.463482251728806, 44.923675290951302 ], [ 22.463551103415444, 44.923953068729077 ], [ 22.46354603743379, 44.924230846506859 ], [ 22.463551685381489, 44.924508624284634 ], [ 22.463578354635633, 44.924786402062409 ], [ 22.463600985815866, 44.925064179840192 ], [ 22.463681477751209, 44.925341957617967 ], [ 22.463699705284579, 44.92536802828922 ], [ 22.463966924978724, 44.925619735395742 ], [ 22.463977483062358, 44.925626148461212 ], [ 22.464255260840137, 44.92573276017275 ], [ 22.464533038617915, 44.925767186047345 ], [ 22.464810816395691, 44.925810122453285 ], [ 22.465088594173469, 44.925819107966724 ], [ 22.465366371951244, 44.925861786068545 ], [ 22.465436555889841, 44.925897513173524 ], [ 22.465644149729023, 44.926047918330127 ], [ 22.465803703558372, 44.926175290951299 ], [ 22.465921927506802, 44.926289531915828 ], [ 22.466199705284581, 44.926450151968254 ], [ 22.466212974246996, 44.926453068729082 ], [ 22.466477483062359, 44.926504252699068 ], [ 22.466755260840134, 44.926569227118456 ], [ 22.467033038617913, 44.926568847757011 ], [ 22.467310816395692, 44.92656143428578 ], [ 22.467588594173471, 44.926557667947939 ], [ 22.467866371951246, 44.92652535522484 ], [ 22.468144149729024, 44.92656256862427 ], [ 22.468421927506803, 44.926645518892208 ], [ 22.468625506050437, 44.926730846506857 ], [ 22.468699705284582, 44.926761898140541 ], [ 22.468977483062357, 44.926858194012723 ], [ 22.469255260840136, 44.926975729827035 ], [ 22.469318105180783, 44.927008624284632 ], [ 22.469533038617914, 44.927178715417327 ], [ 22.469659026285942, 44.927286402062414 ], [ 22.469810816395693, 44.927400568087769 ], [ 22.470037406869327, 44.927564179840189 ], [ 22.470088594173468, 44.927612637661497 ], [ 22.470360693412985, 44.927841957617964 ], [ 22.470366371951247, 44.927847084916607 ], [ 22.470644149729026, 44.928116005447684 ], [ 22.470647787950757, 44.928119735395747 ], [ 22.470921927506801, 44.928391744425085 ], [ 22.470925982810058, 44.928397513173522 ], [ 22.471082372560595, 44.928675290951304 ], [ 22.47119970528458, 44.928927540415081 ], [ 22.471217503387962, 44.928953068729079 ], [ 22.471477483062358, 44.929189939536762 ], [ 22.471546826857139, 44.929230846506854 ], [ 22.47174896843239, 44.929508624284637 ], [ 22.471755260840137, 44.929512762423229 ], [ 22.472033038617912, 44.92969232013953 ], [ 22.472142001539243, 44.929786402062412 ], [ 22.472310816395691, 44.929907991820293 ], [ 22.47258859417347, 44.930062694245549 ], [ 22.472591439750204, 44.930064179840187 ], [ 22.472866371951248, 44.930223801930474 ], [ 22.472950360683853, 44.930341957617969 ], [ 22.473144149729023, 44.930569578409276 ], [ 22.473169105911278, 44.930619735395744 ], [ 22.473401278239553, 44.93089751317352 ], [ 22.473421927506802, 44.930916580388306 ], [ 22.473699705284581, 44.931103292383796 ], [ 22.473838530407438, 44.931175290951309 ], [ 22.47397748306236, 44.931254551655648 ], [ 22.474255260840135, 44.931397888617838 ], [ 22.474470830007402, 44.931453068729077 ], [ 22.474533038617913, 44.931468680050067 ], [ 22.474810816395692, 44.931471234062165 ], [ 22.475088594173471, 44.931467909657968 ], [ 22.475366371951246, 44.931492481496157 ], [ 22.475644149729025, 44.931529480636421 ], [ 22.475921927506803, 44.931682582956739 ], [ 22.475955119506462, 44.931730846506859 ], [ 22.47595846642724, 44.932008624284634 ], [ 22.475929272351951, 44.93228640206241 ], [ 22.475921927506803, 44.932304918340606 ], [ 22.475841147030234, 44.932564179840192 ], [ 22.475921927506803, 44.9327673949321 ], [ 22.475953378554774, 44.932841957617967 ], [ 22.476000149234096, 44.933119735395742 ], [ 22.476199705284582, 44.933227131185085 ], [ 22.476477483062357, 44.933280386939678 ], [ 22.476755260840136, 44.933293600652114 ], [ 22.477033038617915, 44.9333339323845 ], [ 22.477275097597396, 44.933397513173524 ], [ 22.47731081639569, 44.933405512981963 ], [ 22.477588594173469, 44.933479405314891 ], [ 22.477866371951247, 44.93350632525754 ], [ 22.478144149729026, 44.933528949993551 ], [ 22.478421927506801, 44.933535375377517 ], [ 22.47869970528458, 44.933561171936944 ], [ 22.478977483062359, 44.933582145443523 ], [ 22.479255260840137, 44.933517118934496 ], [ 22.479533038617912, 44.933459142094847 ], [ 22.479810816395691, 44.933453978921634 ], [ 22.48008859417347, 44.933503414424671 ], [ 22.480366371951249, 44.933579165734862 ], [ 22.480644149729024, 44.933629771644291 ], [ 22.480921927506802, 44.933671006688613 ], [ 22.480950987985377, 44.9336752909513 ], [ 22.481199705284581, 44.933719835559955 ], [ 22.48147748306236, 44.933750444445437 ], [ 22.481755260840135, 44.933778777950415 ], [ 22.482033038617914, 44.933783029143889 ], [ 22.482310816395692, 44.933801649369414 ], [ 22.482588594173468, 44.933814382296383 ], [ 22.482866371951246, 44.933817014054732 ], [ 22.483144149729025, 44.933820262248766 ], [ 22.483421927506804, 44.933836256422431 ], [ 22.483699705284575, 44.933869172047132 ], [ 22.483977483062354, 44.933905675497904 ], [ 22.48425526084014, 44.933944968968731 ], [ 22.48430353624606, 44.933953068729089 ], [ 22.484533038617915, 44.933992208450057 ] ] } },
{ "type": "Feature", "properties": { "rank": 1, "lake_id": 1360316, "elevation_m": 950.0 }, "geometry": { "type": "LineString", "coordinates": [ [ 22.440898024507682, 44.955619735395743 ], [ 22.440921927506803, 44.95554914280725 ], [ 22.440997803407551, 44.955341957617968 ], [ 22.441057078547111, 44.955064179840193 ], [ 22.440979385131975, 44.95478640206241 ], [ 22.440928588170248, 44.954508624284635 ], [ 22.440921927506803, 44.954489013143842 ], [ 22.440819701377716, 44.954230846506853 ], [ 22.440644149729025, 44.954036682672282 ], [ 22.440435557889671, 44.953953068729078 ], [ 22.440366371951246, 44.953942345880783 ], [ 22.440088594173471, 44.953920912569103 ], [ 22.439810816395692, 44.953911297349123 ], [ 22.439533038617917, 44.953779261036843 ], [ 22.439381958945098, 44.953675290951303 ], [ 22.439255260840135, 44.953578338011461 ], [ 22.439011834042976, 44.95339751317352 ], [ 22.438977483062359, 44.95335291794526 ], [ 22.438814299609582, 44.953119735395745 ], [ 22.438699705284581, 44.953019926897312 ], [ 22.438461386830241, 44.95284195761797 ], [ 22.438421927506802, 44.95280822485956 ], [ 22.438170907867356, 44.952564179840188 ], [ 22.438144149729023, 44.952528239893077 ], [ 22.438003361187658, 44.952286402062413 ], [ 22.43789854528282, 44.952008624284638 ], [ 22.437866371951248, 44.951932164026495 ], [ 22.437732059184853, 44.951730846506855 ], [ 22.437588594173469, 44.951600088177194 ], [ 22.437310816395691, 44.951548824240291 ], [ 22.437033038617912, 44.95154293042313 ], [ 22.436755260840137, 44.951545449903087 ], [ 22.436477483062358, 44.951509610685022 ], [ 22.436199705284579, 44.951536807175053 ], [ 22.435921927506804, 44.951706680121063 ], [ 22.435883074159758, 44.951730846506855 ], [ 22.435644149729026, 44.951811008356955 ], [ 22.435366371951247, 44.951844932628454 ], [ 22.435088594173472, 44.951802779092183 ], [ 22.434810816395693, 44.95175918942202 ], [ 22.434533038617918, 44.951738500294013 ], [ 22.434255260840136, 44.951744646382508 ], [ 22.433977483062357, 44.951856317608062 ] ] } },
{ "type": "Feature", "properties": { "rank": 1, "lake_id": 1360316, "elevation_m": 950.0 }, "geometry": { "type": "LineString", "coordinates": [ [ 22.433977483062357, 44.955129209390215 ], [ 22.434255260840136, 44.95530120592219 ], [ 22.434311874902235, 44.955341957617968 ], [ 22.434533038617914, 44.955521595321777 ], [ 22.434629406008089, 44.95561973539575 ] ] } },
{ "type": "Feature", "properties": { "rank": 1, "lake_id": 1360316, "elevation_m": 950.0 }, "geometry": { "type": "LineString", "coordinates": [ [ 22.484533038617915, 44.938034362948208 ], [ 22.484255260840136, 44.938069832814875 ], [ 22.483977483062358, 44.938101148262767 ], [ 22.483771747642948, 44.938119735395745 ], [ 22.483699705284579, 44.938128232181505 ], [ 22.483635360302468, 44.938119735395745 ], [ 22.483421927506804, 44.938085617539087 ], [ 22.483144149729025, 44.937898813777153 ], [ 22.483035551242772, 44.937841957617962 ], [ 22.482866371951246, 44.937757379720438 ], [ 22.482588594173468, 44.937664625121307 ], [ 22.482310816395692, 44.937582145636313 ], [ 22.482207328828625, 44.937564179840194 ], [ 22.482033038617914, 44.937538682961097 ], [ 22.481755260840135, 44.937507356508505 ], [ 22.48147748306236, 44.937502446094257 ], [ 22.481297180513074, 44.937564179840187 ], [ 22.481199705284581, 44.937634342008394 ], [ 22.481057650552689, 44.93784195761797 ], [ 22.480921927506802, 44.937978015920116 ], [ 22.480805518470586, 44.938119735395745 ], [ 22.480644149729024, 44.938276699906602 ], [ 22.480486665807351, 44.93839751317352 ], [ 22.480366371951252, 44.938473199340457 ], [ 22.48008859417347, 44.938582628576256 ], [ 22.479810816395691, 44.938616186516732 ], [ 22.479533038617912, 44.938603454377066 ], [ 22.479255260840137, 44.938533425875114 ], [ 22.478977483062359, 44.938415173122813 ], [ 22.478864180586747, 44.93839751317352 ], [ 22.47869970528458, 44.938376186835399 ], [ 22.478585443360679, 44.93839751317352 ], [ 22.478421927506801, 44.938443440308376 ], [ 22.478144149729026, 44.938647485518125 ], [ 22.478110798507384, 44.938675290951302 ], [ 22.477866371951247, 44.938808053247378 ], [ 22.477588594173469, 44.938933007448163 ], [ 22.477522751041629, 44.938953068729077 ], [ 22.47735873510824, 44.93923084650686 ], [ 22.47747498389792, 44.939508624284635 ], [ 22.477588594173469, 44.939711099093302 ], [ 22.477649827963063, 44.93978640206241 ], [ 22.477735843534749, 44.940064179840192 ], [ 22.477821756450293, 44.940341957617967 ], [ 22.477866371951247, 44.940474705649635 ], [ 22.477902782824373, 44.940619735395742 ], [ 22.478070027672434, 44.940897513173525 ], [ 22.478144149729026, 44.941092578120049 ], [ 22.478173093898608, 44.941175290951293 ], [ 22.478281644335226, 44.941453068729082 ], [ 22.478380800912234, 44.941730846506857 ], [ 22.47838856352989, 44.942008624284632 ], [ 22.478308097507018, 44.942286402062415 ], [ 22.47830172936732, 44.94256417984019 ], [ 22.478370161293036, 44.942841957617965 ], [ 22.478421927506801, 44.942924449566746 ], [ 22.478545028150009, 44.943119735395747 ], [ 22.47869970528458, 44.943223032298533 ], [ 22.478882208881529, 44.943397513173522 ], [ 22.478977483062359, 44.943450138847595 ], [ 22.479255260840137, 44.943557162440946 ], [ 22.479533038617912, 44.943645714245434 ], [ 22.479591858135315, 44.943675290951305 ], [ 22.479810816395691, 44.943838902233921 ], [ 22.479945666111842, 44.943953068729087 ], [ 22.48008859417347, 44.944127891073641 ], [ 22.480173269158865, 44.944230846506855 ], [ 22.480366371951249, 44.944484517030688 ], [ 22.480399306379169, 44.944508624284637 ], [ 22.480644149729024, 44.944694166700103 ], [ 22.480725328064185, 44.944786402062412 ], [ 22.480921927506802, 44.944995195545985 ], [ 22.480977198006972, 44.945064179840195 ], [ 22.481199705284581, 44.945330890769512 ], [ 22.481209798966393, 44.945341957617963 ], [ 22.48141017620048, 44.945619735395745 ], [ 22.48147748306236, 44.945734463868149 ], [ 22.481587312514606, 44.945897513173527 ], [ 22.481755260840135, 44.946084089699156 ], [ 22.481839584896498, 44.946175290951302 ], [ 22.482033038617914, 44.946356017769212 ], [ 22.482140398668051, 44.946453068729078 ], [ 22.482310816395692, 44.946601461737501 ], [ 22.482458799317151, 44.94673084650686 ], [ 22.482588594173468, 44.946919280837896 ], [ 22.482638443385216, 44.947008624284635 ], [ 22.482866371951246, 44.94727043488983 ], [ 22.482880930483795, 44.94728640206241 ], [ 22.483118821005309, 44.947564179840192 ], [ 22.483144149729025, 44.94758843555524 ], [ 22.483421927506804, 44.947808602082034 ], [ 22.483502416375302, 44.947841957617968 ], [ 22.483699705284579, 44.947908113089731 ], [ 22.483977483062358, 44.947875505486195 ], [ 22.484175156921538, 44.947841957617968 ], [ 22.484255260840136, 44.947831734528982 ], [ 22.484533038617915, 44.947814691233432 ] ] } },
{ "type": "Feature", "properties": { "rank": 1, "lake_id": 1360316, "elevation_m": 950.0 }, "geometry": { "type": "LineString", "coordinates": [ [ 22.466630334571846, 44.920064179840189 ], [ 22.466477483062359, 44.920149324930065 ], [ 22.466199705284581, 44.920269990186924 ], [ 22.466090275250572, 44.920341957617964 ], [ 22.465921927506802, 44.920508430232459 ], [ 22.465847322179005, 44.920619735395746 ], [ 22.465892211383181, 44.920897513173522 ], [ 22.465921927506802, 44.920937030136763 ], [ 22.466055428351595, 44.921175290951304 ], [ 22.466199705284581, 44.921329370238887 ], [ 22.466281550499851, 44.921453068729079 ], [ 22.466199705284581, 44.921598085085598 ], [ 22.466063779816228, 44.921730846506854 ], [ 22.465921927506805, 44.921833880931729 ], [ 22.465644149729023, 44.921995481959492 ], [ 22.465570942715285, 44.922008624284636 ], [ 22.465366371951244, 44.9220347855874 ], [ 22.465088594173469, 44.922049733828615 ], [ 22.464810816395694, 44.922019367559543 ], [ 22.464775029837217, 44.922008624284636 ], [ 22.464533038617915, 44.921941098527171 ], [ 22.464255260840137, 44.921742008919303 ], [ 22.464238730662363, 44.921730846506854 ], [ 22.463977483062358, 44.921546820306403 ], [ 22.463699705284579, 44.921675831177559 ], [ 22.463659747554082, 44.921730846506854 ], [ 22.463421927506804, 44.921967197952021 ], [ 22.463400548714045, 44.922008624284636 ], [ 22.463361558723683, 44.922286402062412 ], [ 22.463421927506804, 44.922376666518225 ], [ 22.463609426341222, 44.922564179840187 ], [ 22.463699705284579, 44.922755450653575 ], [ 22.463731474266332, 44.922841957617969 ], [ 22.463757375224866, 44.923119735395744 ], [ 22.4637675471593, 44.923397513173526 ], [ 22.463836554377661, 44.923675290951302 ], [ 22.463915473829502, 44.923953068729077 ], [ 22.463961506891572, 44.924230846506859 ], [ 22.463977483062358, 44.924352882854564 ], [ 22.464026229673106, 44.924508624284634 ], [ 22.464157663380739, 44.924786402062409 ], [ 22.464255260840137, 44.924907938197656 ], [ 22.464533038617915, 44.924894920032514 ], [ 22.464810816395691, 44.924807033062343 ], [ 22.46491657608162, 44.924786402062409 ], [ 22.465088594173469, 44.924758255314629 ], [ 22.465261728737282, 44.924786402062409 ], [ 22.465366371951248, 44.924803679549647 ], [ 22.465644149729023, 44.924866811103705 ], [ 22.465921927506802, 44.924925316339113 ], [ 22.466199705284581, 44.924983676993058 ], [ 22.466477483062359, 44.925014638206584 ], [ 22.466755260840134, 44.925037271914448 ], [ 22.467033038617913, 44.925030940333009 ], [ 22.467310816395692, 44.925033275109243 ], [ 22.46753273955737, 44.925064179840192 ], [ 22.467588594173471, 44.925070384318204 ], [ 22.467866371951246, 44.925081987241214 ], [ 22.468144149729024, 44.92511063789653 ], [ 22.468421927506803, 44.925235582158543 ], [ 22.468580474415248, 44.925341957617967 ], [ 22.468699705284582, 44.925410889742366 ], [ 22.468977483062357, 44.925509963185689 ], [ 22.469148475353762, 44.925619735395742 ], [ 22.469255260840136, 44.925684253103128 ], [ 22.469533038617918, 44.925819453849485 ], [ 22.469757857819634, 44.925897513173524 ], [ 22.469810816395693, 44.925915462093528 ], [ 22.470088594173468, 44.926046167539127 ], [ 22.470323860176737, 44.926175290951299 ], [ 22.470366371951247, 44.926216460579873 ], [ 22.470587174645978, 44.926453068729082 ], [ 22.470644149729026, 44.92650299039245 ], [ 22.470921927506801, 44.926666428662926 ], [ 22.471011096965217, 44.926730846506857 ], [ 22.47119970528458, 44.926877597063992 ], [ 22.471404367530905, 44.927008624284632 ], [ 22.471477483062358, 44.927052371147937 ], [ 22.471755260840137, 44.927203752648673 ], [ 22.47189945905329, 44.927286402062414 ], [ 22.472033038617912, 44.927510367008537 ], [ 22.472074523330644, 44.927564179840189 ], [ 22.472310816395691, 44.9276984710433 ], [ 22.472472981049375, 44.927841957617964 ], [ 22.47258859417347, 44.927934558280157 ], [ 22.472748690255539, 44.928119735395747 ], [ 22.472866371951248, 44.928259824359046 ], [ 22.473001758581788, 44.928397513173522 ], [ 22.473144149729023, 44.928525683103842 ], [ 22.473262133838784, 44.928675290951304 ], [ 22.473421927506802, 44.928891626785791 ], [ 22.473457773936286, 44.928953068729079 ], [ 22.473561967954733, 44.929230846506854 ], [ 22.473670285941409, 44.929508624284637 ], [ 22.473654338287865, 44.929786402062412 ], [ 22.473699705284581, 44.929927716556008 ], [ 22.473747416943144, 44.930064179840187 ], [ 22.473958797914591, 44.930341957617969 ], [ 22.47397748306236, 44.930367650713499 ], [ 22.474196056719535, 44.930619735395744 ], [ 22.474255260840135, 44.930657142011327 ], [ 22.474533038617913, 44.930694683257869 ], [ 22.474810816395692, 44.93068599213408 ], [ 22.475088594173471, 44.930689432140134 ], [ 22.475366371951246, 44.930673492506045 ], [ 22.475644149729025, 44.930632330017609 ], [ 22.475699480155978, 44.930619735395744 ], [ 22.475921927506803, 44.930561658749959 ], [ 22.476199705284582, 44.930471785485103 ], [ 22.476477483062357, 44.930390632610425 ], [ 22.47659114340442, 44.930341957617969 ], [ 22.476755260840136, 44.930265135725826 ], [ 22.477033038617915, 44.930112979461477 ], [ 22.477101761642032, 44.930064179840187 ], [ 22.47731081639569, 44.929790647129906 ], [ 22.477317983497151, 44.929786402062412 ], [ 22.477588594173469, 44.929669604214581 ], [ 22.477866371951247, 44.929641241515512 ], [ 22.478144149729026, 44.929699677581318 ], [ 22.478374716830668, 44.929786402062412 ], [ 22.478421927506801, 44.92981412444859 ], [ 22.47869970528458, 44.930021635943213 ], [ 22.478757390077455, 44.930064179840187 ], [ 22.478977483062359, 44.930205501303547 ], [ 22.47919456484578, 44.930341957617969 ], [ 22.479255260840137, 44.930380366869805 ], [ 22.479533038617912, 44.930591816652509 ], [ 22.479573220571503, 44.930619735395744 ], [ 22.479810816395691, 44.930891182954682 ], [ 22.479817837416444, 44.93089751317352 ], [ 22.479810816395688, 44.930943414987254 ], [ 22.479732907802244, 44.931175290951302 ], [ 22.479533038617912, 44.931263249916363 ], [ 22.479255260840137, 44.931398852365824 ], [ 22.478977483062359, 44.931439104697965 ], [ 22.478932130781217, 44.931453068729077 ], [ 22.478699705284583, 44.931536445196492 ], [ 22.478521447781919, 44.931730846506859 ], [ 22.478421927506801, 44.932003295829546 ], [ 22.478419378398989, 44.932008624284634 ], [ 22.478144149729026, 44.932203912150584 ], [ 22.478023213092253, 44.93228640206241 ], [ 22.477866371951247, 44.932462003183289 ], [ 22.477799171818429, 44.932564179840192 ], [ 22.477866371951247, 44.932680272335375 ], [ 22.478144149729026, 44.932814443552267 ], [ 22.478421927506801, 44.932812550342376 ], [ 22.47869970528458, 44.932821814310095 ], [ 22.478977483062359, 44.932796227906437 ], [ 22.479255260840137, 44.932729325501157 ], [ 22.479533038617912, 44.93267787472189 ], [ 22.479810816395691, 44.932657012406743 ], [ 22.48008859417347, 44.932647355867495 ], [ 22.480366371951249, 44.932700781252656 ], [ 22.480639478831037, 44.932841957617967 ], [ 22.480644149729024, 44.932844084904907 ], [ 22.480921927506802, 44.932987225610354 ], [ 22.481199705284581, 44.933102948563715 ], [ 22.481283157936918, 44.933119735395742 ], [ 22.48147748306236, 44.933142835641945 ], [ 22.481755260840135, 44.933168488670304 ], [ 22.482033038617914, 44.933177656135783 ], [ 22.482310816395692, 44.933179716756548 ], [ 22.482588594173468, 44.933183875943527 ], [ 22.482866371951246, 44.933138952726281 ], [ 22.483004073692786, 44.933119735395742 ], [ 22.483144149729025, 44.933097372915135 ], [ 22.483421927506804, 44.933082490094236 ], [ 22.483699705284579, 44.93306012627778 ], [ 22.483977483062358, 44.933057171447601 ], [ 22.484255260840136, 44.933059707147159 ], [ 22.484533038617915, 44.93305640745222 ] ] } },
{ "type": "Feature", "properties": { "rank": 1, "lake_id": 1360316, "elevation_m": 950.0 }, "geometry": { "type": "LineString", "coordinates": [ [ 22.472656469092641, 44.920064179840182 ], [ 22.47258859417347, 44.920212230020454 ], [ 22.472480677585786, 44.920341957617964 ], [ 22.472310816395691, 44.920473992619669 ], [ 22.472062802642739, 44.920619735395746 ], [ 22.472033038617912, 44.920651226825854 ], [ 22.471859041692007, 44.920897513173522 ], [ 22.471755260840137, 44.921000612210101 ], [ 22.471477483062358, 44.921013684271145 ], [ 22.47119970528458, 44.920939533392776 ], [ 22.471098836216747, 44.920897513173514 ], [ 22.470921927506801, 44.920815028386521 ], [ 22.470644149729026, 44.920699056084921 ], [ 22.470406566595646, 44.920619735395746 ], [ 22.470366371951247, 44.92060039076658 ], [ 22.470088594173468, 44.920413022655012 ], [ 22.46984434221163, 44.920341957617964 ], [ 22.470088594173468, 44.920178802028502 ], [ 22.470202954600882, 44.920064179840189 ] ] } },
{ "type": "Feature", "properties": { "rank": 1, "lake_id": 1360316, "elevation_m": 1000.0 }, "geometry": { "type": "LineString", "coordinates": [ [ 22.439882871847256, 44.955619735395743 ], [ 22.440006424377291, 44.955341957617968 ], [ 22.440088594173471, 44.955101559458519 ], [ 22.440098250637842, 44.955064179840193 ], [ 22.440114169063076, 44.95478640206241 ], [ 22.440088594173471, 44.954753450832271 ], [ 22.439810816395692, 44.95456851424585 ], [ 22.439619362615634, 44.954508624284635 ], [ 22.439533038617913, 44.954491856607412 ], [ 22.439255260840135, 44.954425110230225 ], [ 22.438977483062359, 44.95429692388759 ], [ 22.43887089409769, 44.954230846506853 ], [ 22.438699705284581, 44.953974288117486 ], [ 22.438682645011948, 44.953953068729078 ], [ 22.438421927506802, 44.953787988025766 ], [ 22.438300153811763, 44.953675290951303 ], [ 22.438144149729023, 44.953481951304838 ], [ 22.438065730038794, 44.953397513173513 ], [ 22.437866371951248, 44.953194033837264 ], [ 22.437787775414442, 44.953119735395745 ], [ 22.437588594173469, 44.952890238659201 ], [ 22.437540590109009, 44.95284195761797 ], [ 22.437310816395691, 44.952631956141637 ], [ 22.437250098981909, 44.952564179840188 ], [ 22.437069931064439, 44.952286402062413 ], [ 22.437033038617912, 44.952247311777832 ], [ 22.436755260840137, 44.952118059875517 ], [ 22.436477483062355, 44.952118105829399 ], [ 22.436199705284579, 44.95216468716891 ], [ 22.435921927506804, 44.952254521416044 ], [ 22.435845100923338, 44.952286402062413 ], [ 22.435644149729026, 44.952357902462495 ], [ 22.435366371951247, 44.95244209792051 ], [ 22.435132090015298, 44.952564179840188 ], [ 22.435088594173468, 44.952614178602182 ], [ 22.434910100020186, 44.95284195761797 ], [ 22.434810816395693, 44.952990894876628 ], [ 22.434689691942857, 44.953119735395745 ], [ 22.434533038617914, 44.953221825149456 ], [ 22.434255260840136, 44.953367874114655 ], [ 22.434177703446643, 44.95339751317352 ], [ 22.433977483062357, 44.953484005914078 ] ] } },
{ "type": "Feature", "properties": { "rank": 1, "lake_id": 1360316, "elevation_m": 1000.0 }, "geometry": { "type": "LineString", "coordinates": [ [ 22.433977483062357, 44.954145429240072 ], [ 22.434076238884856, 44.954230846506846 ], [ 22.434255260840136, 44.954356466232646 ], [ 22.434413989649013, 44.954508624284635 ], [ 22.434533038617914, 44.954637885255522 ], [ 22.434687146247338, 44.95478640206241 ], [ 22.434810816395693, 44.954883012510294 ], [ 22.435058097474428, 44.955064179840193 ], [ 22.435088594173468, 44.955086192677754 ], [ 22.435366371951247, 44.955306931789849 ], [ 22.435401790408918, 44.955341957617968 ], [ 22.435625497625033, 44.955619735395743 ] ] } },
{ "type": "Feature", "properties": { "rank": 1, "lake_id": 1360316, "elevation_m": 1000.0 }, "geometry": { "type": "LineString", "coordinates": [ [ 22.484533038617915, 44.941054521038829 ], [ 22.484255260840136, 44.94099474775755 ], [ 22.484160026499701, 44.940897513173525 ], [ 22.483984984521332, 44.940619735395742 ], [ 22.483977483062358, 44.9406080914558 ], [ 22.483781226702426, 44.940341957617967 ], [ 22.483699705284579, 44.940242683992793 ], [ 22.483553719489187, 44.940064179840192 ], [ 22.483421927506804, 44.939978361276388 ], [ 22.483144149729025, 44.939799158367876 ], [ 22.483121886957754, 44.939786402062403 ], [ 22.482866371951246, 44.939563344756507 ], [ 22.482780972300414, 44.939508624284635 ], [ 22.482588594173468, 44.939429196647524 ], [ 22.482310816395696, 44.939234544906583 ], [ 22.482305005034085, 44.93923084650686 ], [ 22.482033038617914, 44.939095312862143 ], [ 22.481799669607142, 44.938953068729077 ], [ 22.481755260840135, 44.938924833909546 ], [ 22.48147748306236, 44.938838574073657 ], [ 22.481199705284581, 44.938841401735424 ], [ 22.480921927506802, 44.93894616505348 ], [ 22.480907840540223, 44.938953068729077 ], [ 22.480644149729024, 44.939066485425805 ], [ 22.480366371951249, 44.939174570811147 ], [ 22.480215283086743, 44.939230846506867 ], [ 22.48008859417347, 44.939285547136613 ], [ 22.479810816395691, 44.939310560028794 ], [ 22.479533038617916, 44.939277768785118 ], [ 22.479355979750768, 44.93923084650686 ], [ 22.479255260840137, 44.939204515586333 ], [ 22.478977483062359, 44.939153372218016 ], [ 22.47869970528458, 44.939145107882041 ], [ 22.478465299665725, 44.93923084650686 ], [ 22.478421927506801, 44.939316859624803 ], [ 22.478373932802384, 44.939508624284635 ], [ 22.478421927506801, 44.939579572900421 ], [ 22.478565437293106, 44.93978640206241 ], [ 22.478688027239698, 44.940064179840192 ], [ 22.47869970528458, 44.940128157900041 ], [ 22.478734820456175, 44.940341957617967 ], [ 22.478850553839088, 44.940619735395742 ], [ 22.478968193666457, 44.940897513173525 ], [ 22.478977483062359, 44.94092293663244 ], [ 22.479113150897923, 44.941175290951307 ], [ 22.479198937742652, 44.941453068729082 ], [ 22.479252317153563, 44.941730846506857 ], [ 22.479255260840137, 44.941741095881213 ], [ 22.47934741140924, 44.942008624284639 ], [ 22.479290188033332, 44.942286402062415 ], [ 22.479255260840134, 44.942368214088269 ], [ 22.479183760585663, 44.94256417984019 ], [ 22.479171325572821, 44.942841957617965 ], [ 22.479255260840141, 44.94305379373948 ], [ 22.479292029233541, 44.943119735395747 ], [ 22.479533038617912, 44.943189388754405 ], [ 22.479810816395691, 44.943264159373214 ], [ 22.480088594173466, 44.94334826210342 ], [ 22.480204970803076, 44.943397513173522 ], [ 22.480366371951249, 44.943518417417408 ], [ 22.480483506528181, 44.943675290951298 ], [ 22.480644149729024, 44.94388490389057 ], [ 22.48069901978679, 44.94395306872908 ], [ 22.480921927506802, 44.944140280981912 ], [ 22.481169110140993, 44.944230846506855 ], [ 22.481199705284581, 44.944251340316512 ], [ 22.481366502550891, 44.944508624284637 ], [ 22.48147748306236, 44.94471688146055 ], [ 22.481514011614376, 44.944786402062412 ], [ 22.481730088535095, 44.945064179840188 ], [ 22.481755260840135, 44.945084619969727 ], [ 22.482033038617914, 44.945230760673574 ], [ 22.482200080426452, 44.94534195761797 ], [ 22.482310816395692, 44.945465516054128 ], [ 22.482445340160478, 44.945619735395745 ], [ 22.482588594173468, 44.945748255575005 ], [ 22.482777189543647, 44.94589751317352 ], [ 22.482866371951246, 44.945981691529525 ], [ 22.483144149729029, 44.946154202667678 ], [ 22.483174424330514, 44.946175290951302 ], [ 22.483421927506804, 44.946402210102278 ], [ 22.483478807308625, 44.946453068729078 ], [ 22.483669594669699, 44.94673084650686 ], [ 22.483699705284579, 44.946787891542961 ], [ 22.483826036528178, 44.947008624284635 ], [ 22.483977483062361, 44.947181220120612 ], [ 22.484117702316553, 44.94728640206241 ], [ 22.484255260840136, 44.947319947439567 ], [ 22.484533038617915, 44.947344652412433 ] ] } },
{ "type": "Feature", "properties": { "rank": 1, "lake_id": 1360316, "elevation_m": 1000.0 }, "geometry": { "type": "LineString", "coordinates": [ [ 22.484533038617915, 44.930732497469002 ], [ 22.484255260840136, 44.930856002580477 ], [ 22.484188008148951, 44.93089751317352 ], [ 22.483977483062358, 44.93112828407061 ], [ 22.483948260693229, 44.931175290951302 ], [ 22.483846784486563, 44.931453068729077 ], [ 22.483699705284579, 44.93172491173771 ], [ 22.483695649753187, 44.931730846506859 ], [ 22.483699705284579, 44.931755219519928 ], [ 22.483735360441528, 44.932008624284634 ], [ 22.48392826122922, 44.93228640206241 ], [ 22.483977483062358, 44.932307768006226 ], [ 22.484255260840136, 44.932388910799013 ], [ 22.484533038617915, 44.93245204692974 ] ] } },
{ "type": "Feature", "properties": { "rank": 1, "lake_id": 1360316, "elevation_m": 1000.0 }, "geometry": { "type": "LineString", "coordinates": [ [ 22.464768563670166, 44.923119735395744 ], [ 22.464810816395691, 44.923131254181527 ], [ 22.464834840188239, 44.923119735395744 ], [ 22.464810816395691, 44.923110473866501 ], [ 22.464768563670166, 44.923119735395744 ] ] } },
{ "type": "Feature", "properties": { "rank": 1, "lake_id": 1360316, "elevation_m": 1000.0 }, "geometry": { "type": "LineString", "coordinates": [ [ 22.474031687389157, 44.920064179840189 ], [ 22.47397748306236, 44.920077013309744 ], [ 22.473783078225505, 44.920341957617964 ], [ 22.473699705284581, 44.920437960846328 ], [ 22.473559914758273, 44.920619735395746 ], [ 22.473421927506806, 44.920753293888978 ], [ 22.473294846052884, 44.920897513173522 ], [ 22.473144149729023, 44.921123322759293 ], [ 22.473116729929213, 44.921175290951304 ], [ 22.472866371951248, 44.921432988208167 ], [ 22.472844749583331, 44.921453068729079 ], [ 22.472840620279815, 44.921730846506854 ], [ 22.472696081516059, 44.922008624284636 ], [ 22.47258859417347, 44.922062301095352 ], [ 22.472310816395691, 44.922080720820624 ], [ 22.472033038617912, 44.92202566082149 ], [ 22.471909837583201, 44.922008624284636 ], [ 22.471755260840137, 44.921992973933619 ], [ 22.471477483062358, 44.921912518701923 ], [ 22.47119970528458, 44.921782318089868 ], [ 22.470921927506801, 44.921745185616246 ], [ 22.470855603837542, 44.921730846506854 ], [ 22.470644149729026, 44.921688849584754 ], [ 22.470366371951247, 44.921626618638236 ], [ 22.470088594173468, 44.921565884273875 ], [ 22.469810816395693, 44.92151462682849 ], [ 22.469533038617914, 44.921481367030708 ], [ 22.469440708852851, 44.921453068729079 ], [ 22.469255260840136, 44.921398544118233 ], [ 22.468977483062357, 44.921371159115296 ], [ 22.468699705284582, 44.921319210140673 ], [ 22.4684219275068, 44.921284733490069 ], [ 22.468144149729021, 44.921298661623148 ], [ 22.467866371951246, 44.921329796743017 ], [ 22.467639630699718, 44.921453068729079 ], [ 22.467588594173471, 44.921473325254077 ], [ 22.467310816395692, 44.92169374716957 ], [ 22.467284222300972, 44.921730846506854 ], [ 22.467063855043595, 44.922008624284636 ], [ 22.467033038617913, 44.922058117868765 ], [ 22.466880747411906, 44.922286402062412 ], [ 22.466755260840134, 44.922422674771667 ], [ 22.466642803224346, 44.922564179840187 ], [ 22.466477483062359, 44.922807143416655 ], [ 22.466420139874188, 44.922841957617969 ], [ 22.466199705284581, 44.922988963350903 ], [ 22.465921927506802, 44.923098330742796 ], [ 22.465823757543106, 44.923119735395744 ], [ 22.465921927506802, 44.923167745624127 ], [ 22.466088841727696, 44.923397513173526 ], [ 22.466199705284581, 44.923486995627592 ], [ 22.466461908713335, 44.923675290951302 ], [ 22.466477483062359, 44.923683843434773 ], [ 22.466755260840134, 44.923808894099771 ], [ 22.467033038617913, 44.92388904583148 ], [ 22.467310816395692, 44.923916380633315 ], [ 22.467588594173471, 44.923895383357319 ], [ 22.467866371951246, 44.923892836063359 ], [ 22.468144149729024, 44.923926758205475 ], [ 22.468256521100084, 44.923953068729077 ], [ 22.468421927506803, 44.924001350791805 ], [ 22.468699705284582, 44.92407991517323 ], [ 22.468977483062357, 44.924156901563535 ], [ 22.469202169608142, 44.924230846506859 ], [ 22.469255260840136, 44.924255752835002 ], [ 22.469533038617914, 44.924368532160415 ], [ 22.469810816395693, 44.924438138643659 ], [ 22.470041039366258, 44.924508624284634 ], [ 22.470088594173468, 44.924531306768564 ], [ 22.470366371951247, 44.92470183345894 ], [ 22.470492792428765, 44.924786402062409 ], [ 22.470644149729026, 44.924910514535213 ], [ 22.470921927506801, 44.925056285715343 ], [ 22.470946089445317, 44.925064179840192 ], [ 22.47119970528458, 44.925173501408935 ], [ 22.471459638478255, 44.925341957617967 ], [ 22.471477483062358, 44.925357322492047 ], [ 22.471755260840137, 44.925614530648019 ], [ 22.471764064645065, 44.925619735395735 ], [ 22.472033038617912, 44.925721504083249 ], [ 22.472279302316995, 44.925897513173524 ], [ 22.472310816395691, 44.925927781580484 ], [ 22.472501791198013, 44.926175290951299 ], [ 22.47258859417347, 44.926324121915314 ], [ 22.472665264450132, 44.926453068729082 ], [ 22.472866371951248, 44.926719505182554 ], [ 22.472872573018485, 44.926730846506857 ], [ 22.473018029084834, 44.927008624284632 ], [ 22.473144149729023, 44.927147854643927 ], [ 22.473278670102744, 44.927286402062414 ], [ 22.473421927506802, 44.927440097816252 ], [ 22.473528319261856, 44.927564179840189 ], [ 22.473699705284577, 44.92779675340347 ], [ 22.473734567150487, 44.927841957617964 ], [ 22.473953512340362, 44.928119735395747 ], [ 22.47397748306236, 44.928167636394065 ], [ 22.474108240648757, 44.928397513173522 ], [ 22.474255260840131, 44.928566525910398 ], [ 22.474469659488047, 44.928675290951304 ], [ 22.474533038617913, 44.928701141052272 ], [ 22.474810816395692, 44.928748637430367 ], [ 22.475088594173471, 44.928807284334987 ], [ 22.475366371951246, 44.928910303496558 ], [ 22.475526633952512, 44.928953068729079 ], [ 22.475644149729025, 44.928987574396416 ], [ 22.475819982256315, 44.928953068729079 ], [ 22.475921927506803, 44.928934091987017 ], [ 22.476199705284582, 44.928812087066561 ], [ 22.476383412106205, 44.928675290951304 ], [ 22.476477483062357, 44.928612631771699 ], [ 22.47667817455833, 44.928397513173522 ], [ 22.476755260840136, 44.928308229502619 ], [ 22.476910552273772, 44.928119735395747 ], [ 22.477033038617915, 44.927961752530294 ], [ 22.477133493714124, 44.927841957617964 ], [ 22.47731081639569, 44.927686053483811 ], [ 22.477485345217353, 44.927564179840189 ], [ 22.477588594173469, 44.927501315517304 ], [ 22.477866371951247, 44.927398111856292 ], [ 22.478144149729026, 44.927317562649577 ], [ 22.478262066457393, 44.927286402062414 ], [ 22.478421927506801, 44.927246595953761 ], [ 22.478699705284576, 44.927236516956121 ], [ 22.478844373778692, 44.927286402062414 ], [ 22.478977483062359, 44.92733824075291 ], [ 22.479255260840137, 44.927416329002021 ], [ 22.479533038617912, 44.927479860074037 ], [ 22.479810816395688, 44.927520198042572 ], [ 22.479935545218563, 44.927564179840189 ], [ 22.48008859417347, 44.927729870886402 ], [ 22.480131495026345, 44.927841957617964 ], [ 22.48008859417347, 44.927923440161976 ], [ 22.479957921247021, 44.928119735395747 ], [ 22.479810816395691, 44.928300241927147 ], [ 22.479729392899518, 44.928397513173522 ], [ 22.479666965785743, 44.928675290951304 ], [ 22.479714447544396, 44.928953068729079 ], [ 22.47974279855945, 44.929230846506854 ], [ 22.479810816395691, 44.929318719146508 ], [ 22.479974572562543, 44.929508624284637 ], [ 22.48008859417347, 44.929627789534543 ], [ 22.480265788997592, 44.929786402062412 ], [ 22.480366371951249, 44.929856048286069 ], [ 22.480644149729024, 44.930008638527653 ], [ 22.480767689400537, 44.930064179840187 ], [ 22.480921927506802, 44.930121677167918 ], [ 22.481199705284581, 44.930202491491158 ], [ 22.48147748306236, 44.930263337597474 ], [ 22.481755260840135, 44.93027615369143 ], [ 22.482033038617914, 44.930261947487402 ], [ 22.482310816395692, 44.930235128290718 ], [ 22.482588594173468, 44.930182221347643 ], [ 22.482866371951246, 44.930069390232966 ], [ 22.482875707779055, 44.930064179840187 ], [ 22.483144149729025, 44.929926090567861 ], [ 22.483381013814618, 44.929786402062412 ], [ 22.483421927506804, 44.929763664219529 ], [ 22.483699705284579, 44.929635372291322 ], [ 22.483977483062358, 44.929509904925659 ], [ 22.483979441930256, 44.929508624284637 ], [ 22.484255260840133, 44.929428353500882 ], [ 22.484533038617915, 44.929314462752295 ] ] } },
{ "type": "Feature", "properties": { "rank": 1, "lake_id": 1360316, "elevation_m": 1000.0 }, "geometry": { "type": "LineString", "coordinates": [ [ 22.477724157614006, 44.920064179840182 ], [ 22.477588594173469, 44.920215639672733 ], [ 22.477427319372342, 44.920341957617964 ], [ 22.47731081639569, 44.920510392930062 ], [ 22.477150999315867, 44.920619735395746 ], [ 22.477033038617915, 44.920675008808914 ], [ 22.476755260840136, 44.920743776228363 ], [ 22.476477483062357, 44.920770930679282 ], [ 22.476199705284582, 44.920686993432533 ], [ 22.476007541164122, 44.920619735395746 ], [ 22.475921927506803, 44.920583942472852 ], [ 22.475644149729028, 44.920453170953955 ], [ 22.475385881217036, 44.920341957617964 ], [ 22.475366371951246, 44.920333430054669 ], [ 22.475088594173471, 44.920234048689608 ], [ 22.474810816395689, 44.920143161261095 ], [ 22.474567795785848, 44.920064179840189 ] ] } },
{ "type": "Feature", "properties": { "rank": 1, "lake_id": 1360316, "elevation_m": 1050.0 }, "geometry": { "type": "LineString", "coordinates": [ [ 22.438744968652124, 44.955619735395743 ], [ 22.43883025292546, 44.955341957617968 ], [ 22.438807614521426, 44.955064179840193 ], [ 22.438699705284581, 44.954989541597996 ], [ 22.438458707500423, 44.95478640206241 ], [ 22.438421927506802, 44.954763667627716 ], [ 22.43814414972902, 44.954559567334144 ], [ 22.438075182458068, 44.954508624284635 ], [ 22.437866371951248, 44.954315784667799 ], [ 22.43776306559732, 44.954230846506853 ], [ 22.437588594173469, 44.954039267807687 ], [ 22.437495186743131, 44.953953068729078 ], [ 22.437310816395691, 44.953780577658762 ], [ 22.437184097315164, 44.953675290951303 ], [ 22.437033038617912, 44.953549244119728 ], [ 22.436755260840137, 44.953423070965542 ], [ 22.436665706978719, 44.95339751317352 ], [ 22.436477483062358, 44.953315173602178 ], [ 22.43633936284683, 44.95339751317352 ], [ 22.436199705284579, 44.953500694442489 ], [ 22.436049716782399, 44.953675290951303 ], [ 22.435921927506804, 44.953843615225452 ], [ 22.435827032045403, 44.953953068729078 ], [ 22.435722816175279, 44.954230846506853 ], [ 22.43585640782733, 44.954508624284635 ], [ 22.435921927506804, 44.954617872385235 ], [ 22.436003338585291, 44.95478640206241 ], [ 22.436199705284579, 44.955006516844598 ], [ 22.436250516852937, 44.955064179840193 ], [ 22.436477483062358, 44.955295053786536 ], [ 22.436519563114278, 44.955341957617968 ], [ 22.436727446083204, 44.955619735395743 ] ] } },
{ "type": "Feature", "properties": { "rank": 1, "lake_id": 1360316, "elevation_m": 1050.0 }, "geometry": { "type": "LineString", "coordinates": [ [ 22.483751461744699, 44.945619735395745 ], [ 22.483977483062358, 44.945743548061188 ], [ 22.484255260840136, 44.945852131696135 ], [ 22.484495746134996, 44.945619735395745 ], [ 22.484255260840136, 44.945346990504774 ], [ 22.484251607002815, 44.94534195761797 ], [ 22.484166076007583, 44.945064179840188 ], [ 22.484178893651105, 44.944786402062419 ], [ 22.484184170256722, 44.944508624284637 ], [ 22.484255260840136, 44.944318802234548 ], [ 22.48428338259648, 44.944230846506855 ], [ 22.484445527823386, 44.94395306872908 ], [ 22.484530881433855, 44.943675290951298 ], [ 22.484452761216208, 44.943397513173522 ], [ 22.484483497619511, 44.943119735395747 ], [ 22.484487388787983, 44.942841957617972 ], [ 22.484340951848441, 44.94256417984019 ], [ 22.484255260840136, 44.942417334085988 ], [ 22.484155937819597, 44.942286402062415 ], [ 22.483977483062354, 44.942115402219379 ], [ 22.483869997076877, 44.942008624284632 ], [ 22.483699705284579, 44.941871672950697 ], [ 22.483505702565022, 44.941730846506857 ], [ 22.483421927506804, 44.941676470173213 ], [ 22.483144383638514, 44.941453068729082 ], [ 22.483144149729025, 44.941452790036998 ], [ 22.482866371951246, 44.941289589827576 ], [ 22.482704455268532, 44.9411752909513 ], [ 22.482588594173468, 44.941077097065978 ], [ 22.482478235871152, 44.940897513173525 ], [ 22.482310816395692, 44.940722282950176 ], [ 22.482224267701252, 44.940619735395742 ], [ 22.482033038617914, 44.940381389418327 ], [ 22.481989338399146, 44.940341957617967 ], [ 22.481755260840131, 44.940165030588162 ], [ 22.481549235566085, 44.940064179840192 ], [ 22.48147748306236, 44.940014754004252 ], [ 22.481199705284581, 44.939835805743947 ], [ 22.480932068342732, 44.93978640206241 ], [ 22.480921927506802, 44.939785441460906 ], [ 22.480919206684895, 44.93978640206241 ], [ 22.480644149729024, 44.939878031071999 ], [ 22.480366371951249, 44.93999899928432 ], [ 22.480121481750011, 44.940064179840185 ], [ 22.48008859417347, 44.940077901567513 ], [ 22.479810816395691, 44.940259302067702 ], [ 22.47976664610702, 44.940341957617967 ], [ 22.479810816395691, 44.940507482473159 ], [ 22.479840724364973, 44.940619735395742 ], [ 22.479940856375443, 44.940897513173525 ], [ 22.48008859417347, 44.941064317859819 ], [ 22.480182364218191, 44.9411752909513 ], [ 22.480263811539103, 44.941453068729082 ], [ 22.480263221936873, 44.941730846506857 ], [ 22.48029527883422, 44.942008624284632 ], [ 22.480330176763424, 44.942286402062415 ], [ 22.48020221888083, 44.94256417984019 ], [ 22.480226930504429, 44.942841957617965 ], [ 22.480366371951249, 44.942890414096063 ], [ 22.480644149729024, 44.942980445646484 ], [ 22.480849622226486, 44.943119735395747 ], [ 22.480921927506802, 44.943209018965476 ], [ 22.48108037356161, 44.943397513173522 ], [ 22.481199705284585, 44.943556418473449 ], [ 22.481351917096333, 44.943675290951298 ], [ 22.48147748306236, 44.943734744902116 ], [ 22.481739918872979, 44.94395306872908 ], [ 22.481755260840135, 44.943971212174915 ], [ 22.481994760705046, 44.944230846506855 ], [ 22.482033038617914, 44.94429178841807 ], [ 22.482171155829612, 44.944508624284637 ], [ 22.482310816395692, 44.944655316815449 ], [ 22.482476703974189, 44.944786402062412 ], [ 22.482588594173468, 44.944856799576151 ], [ 22.482833439534293, 44.945064179840188 ], [ 22.482866371951246, 44.945104904418493 ], [ 22.483103026040894, 44.94534195761797 ], [ 22.483144149729025, 44.945369650878277 ], [ 22.483421927506804, 44.945471370260414 ], [ 22.483699705284579, 44.945592981876523 ], [ 22.483751461744699, 44.945619735395745 ] ] } },
{ "type": "Feature", "properties": { "rank": 1, "lake_id": 1360316, "elevation_m": 1050.0 }, "geometry": { "type": "LineString", "coordinates": [ [ 22.484533038617915, 44.921989795954502 ], [ 22.484255260840136, 44.921733333483765 ], [ 22.484252447220818, 44.921730846506854 ], [ 22.483979486484746, 44.921453068729079 ], [ 22.483977483062358, 44.92145070332586 ], [ 22.483734730575108, 44.921175290951304 ], [ 22.483699705284579, 44.921148631570922 ], [ 22.483421927506804, 44.920924028581197 ], [ 22.483385562164017, 44.920897513173514 ], [ 22.483144149729025, 44.920680095928113 ], [ 22.483047310794351, 44.920619735395746 ], [ 22.482866371951246, 44.920499348041751 ], [ 22.48261246509923, 44.920341957617964 ], [ 22.482588594173468, 44.920325055362468 ], [ 22.482310816395692, 44.920151770507211 ], [ 22.482185843219202, 44.920064179840189 ] ] } },
{ "type": "Feature", "properties": { "rank": 1, "lake_id": 1360316, "elevation_m": 1050.0 }, "geometry": { "type": "LineString", "coordinates": [ [ 22.479339118920429, 44.920064179840189 ], [ 22.479255260840137, 44.920134983141637 ], [ 22.479033948263822, 44.920341957617964 ], [ 22.478977483062359, 44.920440182372005 ], [ 22.478924255937713, 44.920619735395746 ], [ 22.478955975491942, 44.920897513173522 ], [ 22.478735256974097, 44.921175290951304 ], [ 22.47869970528458, 44.921244924348208 ], [ 22.47849920367333, 44.921453068729079 ], [ 22.478421927506801, 44.921513408078816 ], [ 22.478144149729026, 44.921616563221122 ], [ 22.477866371951247, 44.921692874203643 ], [ 22.477757126678334, 44.921730846506854 ], [ 22.477588594173469, 44.921810704709692 ], [ 22.47731081639569, 44.921877895207956 ], [ 22.477033038617915, 44.921926730767836 ], [ 22.476755260840136, 44.921917921656259 ], [ 22.476477483062357, 44.921935115164246 ], [ 22.476199705284582, 44.92196488329828 ], [ 22.475921927506803, 44.921945788699901 ], [ 22.475644149729025, 44.921872466742208 ], [ 22.475366371951246, 44.921822171440901 ], [ 22.475088594173471, 44.92185862966457 ], [ 22.474810816395692, 44.921901626733217 ], [ 22.474533038617913, 44.921964537416727 ], [ 22.47441125185011, 44.922008624284636 ], [ 22.474255260840135, 44.922079400767345 ], [ 22.474078740698396, 44.922286402062412 ], [ 22.47397748306236, 44.922373661631411 ], [ 22.473699705284581, 44.922546107052938 ], [ 22.473669085966453, 44.922564179840187 ], [ 22.473421927506802, 44.922734248460948 ], [ 22.473247283141582, 44.922841957617969 ], [ 22.473144149729023, 44.922967411197931 ], [ 22.473039978859209, 44.923119735395744 ], [ 22.472866371951248, 44.923251019246543 ], [ 22.47258859417347, 44.923334624252334 ], [ 22.472310816395691, 44.923352845773856 ], [ 22.472033038617912, 44.923285298139639 ], [ 22.471755260840137, 44.923193428081561 ], [ 22.47153637488325, 44.923119735395744 ], [ 22.471477483062358, 44.923098879184558 ], [ 22.47119970528458, 44.923010316530089 ], [ 22.470921927506801, 44.92294060018861 ], [ 22.470644149729026, 44.922874663061769 ], [ 22.470476552104227, 44.922841957617969 ], [ 22.470366371951247, 44.922824579144262 ], [ 22.470088594173468, 44.922749535261914 ], [ 22.469810816395693, 44.922647171522257 ], [ 22.469615120474678, 44.922564179840187 ], [ 22.469533038617914, 44.922535360822131 ], [ 22.469255260840136, 44.922471749866084 ], [ 22.468977483062357, 44.922423733703653 ], [ 22.468699705284582, 44.922413693527758 ], [ 22.468421927506803, 44.922420196294929 ], [ 22.468144149729024, 44.922454675646279 ], [ 22.467866371951246, 44.922560011219169 ], [ 22.467859615159721, 44.922564179840187 ], [ 22.467806749334439, 44.922841957617969 ], [ 22.467866371951246, 44.922899151128156 ], [ 22.468047934618056, 44.923119735395744 ], [ 22.468144149729024, 44.923187369011089 ], [ 22.468421927506803, 44.923325654838294 ], [ 22.468566178074482, 44.923397513173526 ], [ 22.468699705284582, 44.923463597508523 ], [ 22.468977483062357, 44.923579209832916 ], [ 22.469255260840136, 44.923660866596876 ], [ 22.469309228728285, 44.923675290951309 ], [ 22.469533038617914, 44.923746065575706 ], [ 22.469810816395693, 44.923851855883782 ], [ 22.470046631711369, 44.923953068729077 ], [ 22.470088594173468, 44.923969711297254 ], [ 22.470366371951247, 44.924080266207795 ], [ 22.470644149729026, 44.92420248345627 ], [ 22.470693082993034, 44.924230846506859 ], [ 22.470921927506801, 44.92434313225818 ], [ 22.471199705284576, 44.924446120596038 ], [ 22.471363395932201, 44.924508624284634 ], [ 22.471477483062358, 44.92455773343741 ], [ 22.471755260840137, 44.924652230203371 ], [ 22.472033038617912, 44.924728267233696 ], [ 22.472214100651996, 44.924786402062409 ], [ 22.472310816395691, 44.924839162913266 ], [ 22.47258859417347, 44.925001526113228 ], [ 22.472664408943825, 44.925064179840199 ], [ 22.472866371951252, 44.925256410543277 ], [ 22.472957779063226, 44.925341957617967 ], [ 22.473144149729027, 44.925586615166843 ], [ 22.473171276265724, 44.925619735395749 ], [ 22.47324338843897, 44.925897513173524 ], [ 22.473421927506802, 44.926152735978917 ], [ 22.473439264608064, 44.926175290951299 ], [ 22.473579908416717, 44.926453068729082 ], [ 22.473699705284581, 44.926606720121619 ], [ 22.473818942147464, 44.926730846506857 ], [ 22.47397748306236, 44.926875015238238 ], [ 22.474155356420965, 44.927008624284632 ], [ 22.474255260840135, 44.9270862825881 ], [ 22.474533038617913, 44.927258321513882 ], [ 22.474598495333613, 44.927286402062414 ], [ 22.474810816395692, 44.927398083437367 ], [ 22.475088594173471, 44.927453746623975 ], [ 22.475366371951246, 44.927445335096188 ], [ 22.475644149729025, 44.92741890903946 ], [ 22.475921927506803, 44.927372100194582 ], [ 22.476081836060551, 44.927286402062414 ], [ 22.476199705284582, 44.927202687139932 ], [ 22.476365224305255, 44.927008624284632 ], [ 22.476477483062354, 44.926885957799428 ], [ 22.476660918234927, 44.926730846506857 ], [ 22.476755260840132, 44.926654055336734 ], [ 22.477033038617915, 44.926463625412829 ], [ 22.477047168978086, 44.926453068729082 ], [ 22.47731081639569, 44.926231225232854 ], [ 22.477490009958572, 44.926175290951299 ], [ 22.477588594173472, 44.926142546396584 ], [ 22.477866371951247, 44.926051346264572 ], [ 22.478144149729026, 44.925975734731423 ], [ 22.478412551181528, 44.925897513173517 ], [ 22.478421927506801, 44.925894613642775 ], [ 22.47869970528458, 44.925819480270199 ], [ 22.478977483062355, 44.925800008726803 ], [ 22.479255260840137, 44.925881720227828 ], [ 22.479303192332377, 44.925897513173524 ], [ 22.479533038617912, 44.925967466787995 ], [ 22.479810816395691, 44.926039304636056 ], [ 22.48008859417347, 44.926078757686192 ], [ 22.480366371951249, 44.926100364822133 ], [ 22.480644149729024, 44.926143421647666 ], [ 22.480921927506799, 44.926165370191619 ], [ 22.480957313210979, 44.926175290951299 ], [ 22.481199705284581, 44.92625178777881 ], [ 22.48147748306236, 44.926390553977306 ], [ 22.481622718546426, 44.926453068729082 ], [ 22.481755260840135, 44.926536568390027 ], [ 22.481979162803235, 44.926730846506857 ], [ 22.482033038617914, 44.926782063591602 ], [ 22.482201529626515, 44.927008624284632 ], [ 22.482310816395692, 44.927191728083237 ], [ 22.482381848399132, 44.927286402062414 ], [ 22.482588594173468, 44.92745386393414 ], [ 22.48275452905818, 44.927564179840189 ], [ 22.482866371951246, 44.927722217065231 ], [ 22.482926225010999, 44.927841957617964 ], [ 22.482866371951246, 44.928009674986946 ], [ 22.48282479357459, 44.928119735395747 ], [ 22.482866371951246, 44.928220304715069 ], [ 22.483144149729025, 44.92837585057633 ], [ 22.483421927506804, 44.928310463818178 ], [ 22.483699705284579, 44.928200033532249 ], [ 22.483883273617845, 44.92811973539574 ], [ 22.483977483062361, 44.928049242770243 ], [ 22.484255260840136, 44.927866517396275 ], [ 22.484291806807999, 44.927841957617964 ], [ 22.484533038617915, 44.927573465680631 ] ] } },
{ "type": "Feature", "properties": { "rank": 1, "lake_id": 1360316, "elevation_m": 1100.0 }, "geometry": { "type": "LineString", "coordinates": [ [ 22.482749200335956, 44.943675290951298 ], [ 22.482866371951246, 44.943778629847813 ], [ 22.483144149729025, 44.94370649149284 ], [ 22.483156232843125, 44.943675290951298 ], [ 22.483309704970566, 44.943397513173529 ], [ 22.483345782315137, 44.943119735395747 ], [ 22.48316465064827, 44.942841957617965 ], [ 22.483144149729025, 44.942829899619163 ], [ 22.482866371951246, 44.94272615636001 ], [ 22.482588594173468, 44.942573073472353 ], [ 22.482574536593621, 44.94256417984019 ], [ 22.482310816395692, 44.942395973089134 ], [ 22.48218109018535, 44.942286402062415 ], [ 22.482033038617914, 44.942063523060312 ], [ 22.481755260840135, 44.942178745105352 ], [ 22.481619680188995, 44.942286402062415 ], [ 22.48147748306236, 44.942440247433609 ], [ 22.481406031625706, 44.94256417984019 ], [ 22.48147748306236, 44.942661619763761 ], [ 22.481628731155045, 44.942841957617965 ], [ 22.481755260840135, 44.942923153347557 ], [ 22.482033038617914, 44.943022122762734 ], [ 22.482172222608213, 44.943119735395747 ], [ 22.482310816395692, 44.943219817772004 ], [ 22.482473023578674, 44.943397513173522 ], [ 22.482588594173468, 44.943531017936003 ], [ 22.482749200335956, 44.943675290951298 ] ] } },
{ "type": "Feature", "properties": { "rank": 1, "lake_id": 1360316, "elevation_m": 1100.0 }, "geometry": { "type": "LineString", "coordinates": [ [ 22.474338515151395, 44.925897513173524 ], [ 22.474533038617913, 44.9260420829822 ], [ 22.474810816395692, 44.926089732291807 ], [ 22.475088594173471, 44.925971448402102 ], [ 22.47517650156118, 44.925897513173524 ], [ 22.475366371951246, 44.925703626181118 ], [ 22.475446398814178, 44.925619735395742 ], [ 22.475641358467303, 44.925341957617967 ], [ 22.475644149729025, 44.925337730932362 ], [ 22.475785470785954, 44.925064179840192 ], [ 22.475921927506803, 44.924953541570133 ], [ 22.476199705284582, 44.92485784775068 ], [ 22.476387236734514, 44.924786402062409 ], [ 22.476477483062357, 44.924754684002593 ], [ 22.476755260840136, 44.924703435966862 ], [ 22.477033038617915, 44.924660344311384 ], [ 22.47731081639569, 44.92465917134124 ], [ 22.477588594173469, 44.924598934677554 ], [ 22.477837120219636, 44.924508624284634 ], [ 22.477866371951247, 44.92449345955481 ], [ 22.478144149729026, 44.924368623151835 ], [ 22.478421927506801, 44.924290366105588 ], [ 22.478615976577125, 44.924230846506866 ], [ 22.47869970528458, 44.924191628778047 ], [ 22.478801170617675, 44.924230846506859 ], [ 22.478977483062359, 44.924292029666077 ], [ 22.479255260840137, 44.924344837075409 ], [ 22.479533038617912, 44.924310973271893 ], [ 22.479731266057037, 44.924230846506859 ], [ 22.479810816395695, 44.924175205429393 ], [ 22.48008859417347, 44.92397657038255 ], [ 22.480097443050049, 44.923953068729077 ], [ 22.480114374095461, 44.923675290951302 ], [ 22.480348712323295, 44.923397513173526 ], [ 22.480366371951249, 44.92336855902618 ], [ 22.480508192389678, 44.923119735395744 ], [ 22.480644149729024, 44.92292112864569 ], [ 22.480721330357063, 44.922841957617969 ], [ 22.480921927506802, 44.922706421576734 ], [ 22.481199705284581, 44.922628205961708 ], [ 22.481378224205212, 44.92256417984018 ], [ 22.48147748306236, 44.922528185406811 ], [ 22.481755260840135, 44.922431276013619 ], [ 22.481887296501878, 44.922286402062412 ], [ 22.482005873965203, 44.922008624284629 ], [ 22.481755260840135, 44.92175722748005 ], [ 22.481723056951726, 44.921730846506854 ], [ 22.48147748306236, 44.92158975162868 ], [ 22.481199705284581, 44.921479903337264 ], [ 22.481064696357233, 44.921453068729079 ], [ 22.480921927506802, 44.921434493923272 ], [ 22.480644149729024, 44.92143718310124 ], [ 22.480580336802692, 44.921453068729079 ], [ 22.480516728730045, 44.921730846506854 ], [ 22.480366371951249, 44.921969909858383 ], [ 22.480350927695977, 44.922008624284636 ], [ 22.480215313901226, 44.922286402062419 ], [ 22.48008859417347, 44.92239243627062 ], [ 22.479940195118822, 44.922564179840187 ], [ 22.479810816395691, 44.922731642701883 ], [ 22.479696718290825, 44.922841957617969 ], [ 22.479533038617912, 44.923011501298824 ], [ 22.479328270848491, 44.923119735395744 ], [ 22.479255260840137, 44.923163899825283 ], [ 22.478977483062359, 44.923270799874622 ], [ 22.47869970528458, 44.923277396408018 ], [ 22.478421927506801, 44.923273812528308 ], [ 22.478144149729026, 44.923295959921106 ], [ 22.477866371951247, 44.92330602631958 ], [ 22.477588594173469, 44.923314739370639 ], [ 22.47731081639569, 44.92331828851362 ], [ 22.477033038617915, 44.923320763456154 ], [ 22.476755260840136, 44.923322307138079 ], [ 22.476477483062357, 44.923319210153267 ], [ 22.476199705284582, 44.923282223800001 ], [ 22.475921927506803, 44.923284533980777 ], [ 22.47573255834368, 44.923397513173526 ], [ 22.475644149729025, 44.923462586170295 ], [ 22.475366371951246, 44.923559715216427 ], [ 22.475088594173471, 44.923657692893045 ], [ 22.475066593395283, 44.923675290951302 ], [ 22.474848054290781, 44.92395306872907 ], [ 22.474810816395692, 44.923982099008967 ], [ 22.474533038617913, 44.924227453544241 ], [ 22.474528789172041, 44.924230846506859 ], [ 22.474259781131547, 44.924508624284634 ], [ 22.474255260840135, 44.924513335234224 ], [ 22.47397748306236, 44.924697122519177 ], [ 22.473838001458812, 44.924786402062409 ], [ 22.473804571406717, 44.925064179840184 ], [ 22.47397081836694, 44.925341957617967 ], [ 22.47397748306236, 44.925348606958885 ], [ 22.47423265960467, 44.925619735395742 ], [ 22.474255260840135, 44.925719638641866 ], [ 22.474338515151395, 44.925897513173524 ] ] } },
{ "type": "Feature", "properties": { "rank": 1, "lake_id": 1360316, "elevation_m": 1100.0 }, "geometry": { "type": "LineString", "coordinates": [ [ 22.484533038617915, 44.924360345377778 ], [ 22.484255260840136, 44.924318986317886 ], [ 22.483977483062358, 44.92426303875181 ], [ 22.48385751607951, 44.924230846506859 ], [ 22.483699705284579, 44.924168261201089 ], [ 22.483421927506804, 44.924196338753219 ], [ 22.483371789136104, 44.924230846506859 ], [ 22.483217929683061, 44.924508624284634 ], [ 22.483287562076782, 44.924786402062409 ], [ 22.483364817971559, 44.925064179840192 ], [ 22.483414266757059, 44.925341957617967 ], [ 22.483421927506804, 44.925362715839313 ], [ 22.483661196021504, 44.925619735395742 ], [ 22.483699705284579, 44.925633670289564 ], [ 22.483977483062358, 44.925718351072398 ], [ 22.484255260840136, 44.925718792352299 ], [ 22.484533038617915, 44.925671310311337 ] ] } }
]
}
